v 9.239494195244278 0.056556838891597745 1.450643312969478 0.0 0.15 1.0
v 9.732461216620797 2.592340931763213 1.5728406974672486 0.03197561205025279 0.15 0.9680243879497472
v 10.317651089365867 5.106399551936294 1.7317541058749846 0.06428235310973707 0.15 0.9357176468902629
v 10.985663171036318 7.598192897758508 1.9138162698611072 0.09175470655918416 0.15 0.9082452934408158
v 11.723445142683252 10.069773609922978 2.102596316500142 0.12325875362872489 0.15 0.8767412463712752
v 12.514986386637112 12.52492550002298 2.2883643336352812 0.15548114627796922 0.15 0.8445188537220307
v 13.341842374782123 14.968810826696624 2.4691327861892978 0.18714869522798228 0.15 0.8128513047720177
v 14.184052330319302 17.407911368640658 2.6436451120101045 0.2186463990040295 0.15 0.7813536009959705
v 15.022605088717606 19.8487840591679 2.8108117477502503 0.2512184111355697 0.15 0.7487815888644302
v 15.83715424083014 22.298203832952918 2.97127678175914 0.28353661859938417 0.15 0.7164633814006158
v 16.606882053724064 24.762254088194712 3.128394694358246 0.315943230557206 0.15 0.6840567694427939
v 17.310676953269184 27.246075597396977 3.2824619300138544 0.34755410603011133 0.15 0.6524458939698887
v 17.927741315760137 29.753345593326372 3.4268835574576535 0.37837410072567756 0.15 0.6216258992743224
v 18.437362254329404 32.2855962205989 3.551900986065914 0.4092071660044743 0.15 0.5907928339955257
v 18.81982050799051 34.841305478759764 3.648195944651396 0.43965466310627105 0.15 0.560345336893729
v 19.057950870063195 37.41551171534106 3.7086721323808343 0.4696677853167645 0.15 0.5303322146832354
v 19.1399067235769 40.00004648715072 3.729096282807695 0.5000064891152972 0.15 0.4999935108847028
v 19.05816959822835 42.58457577030663 3.707164666094471 0.5303439167853304 0.15 0.46965608321466956
v 18.82025577388811 45.158766551485016 3.6451986817690374 0.5603494671296587 0.15 0.4396505328703413
v 18.438014365803518 47.714453083907344 3.547451168007784 0.590790428946276 0.15 0.409209571053724
v 17.92860552022847 50.246677176572206 3.4210407602145 0.6216229310766594 0.15 0.37837706892334055
v 17.31174375528959 52.753921050287815 3.275307266535035 0.6524551150191419 0.15 0.3475448849808581
v 16.60813781073013 55.237720132931216 3.120022028596682 0.6840461595375494 0.15 0.31595384046245056
v 15.838580110344177 57.70175300861718 2.961804090580673 0.716472307018588 0.15 0.283527692981412
v 15.024177727265952 60.15115880796897 2.8003848599245464 0.7488002680680046 0.15 0.2511997319319954
v 14.185741863151339 62.59201926077645 2.632455262396889 0.7813713006520305 0.15 0.21862869934796947
v 13.34361253693925 65.03110967150786 2.4574138377068384 0.8129225983765395 0.15 0.18707740162346054
v 12.516799112543332 67.47498796541151 2.2763560333536477 0.8445574809846049 0.15 0.15544251901539508
v 11.725261067986203 69.93013784638798 2.0905481441701 0.876758184025721 0.15 0.12324181597427897
v 10.987435039930588 72.40172473403514 1.9020211007243784 0.9082549483508658 0.15 0.09174505164913416
v 10.319330919114009 74.89353464909121 1.7205254701353334 0.9357737982839048 0.15 0.06422620171609517
v 9.240874877057452 79.94341950843739 1.441350227525446 1.0 0.15 0.0
l 1 2
l 2 3
l 3 4
l 4 5
l 5 6
l 6 7
l 7 8
l 8 9
l 9 10
l 10 11
l 11 12
l 12 13
l 13 14
l 14 15
l 15 16
l 16 17
l 17 18
l 18 19
l 19 20
l 20 21
l 21 22
l 22 23
l 23 24
l 24 25
l 25 26
l 26 27
l 27 28
l 28 29
l 29 30
l 30 31
l 31 32
v 8.567776959665116 0.05797618421176378 3.7887814816450804 0.0 0.15 1.0
v 9.06063593431138 2.5945364207185686 3.9133735956319327 0.031150971210850295 0.15 0.9688490287891497
v 9.643710076635431 5.1097967211936695 4.074806545745362 0.06230140087289663 0.15 0.9376985991271034
v 10.312797479101869 7.602294781593372 4.255057496604341 0.09351698908279027 0.15 0.9064830109172097
v 11.057106640843775 10.07348080940432 4.434701207342562 0.12478517689874562 0.15 0.8752148231012544
v 11.85605596573241 12.528062712130192 4.607595459380141 0.1544916327495436 0.15 0.8455083672504564
v 12.690983690214091 14.970671128965579 4.780477113784769 0.18874756059752015 0.15 0.8112524394024798
v 13.540862959017785 17.408140776515346 4.953141256071868 0.2185632962480907 0.15 0.7814367037519093
v 14.38846752762649 19.84697238570907 5.11748738231107 0.24351771093618715 0.15 0.7564822890638129
v 15.213664507818907 22.294176134375892 5.270733320614999 0.28214746909559923 0.15 0.7178525309044008
v 15.98947266165483 24.75701116400469 5.430249627858912 0.31327533757026504 0.15 0.686724662429735
v 16.691459574399065 27.24096906938285 5.602831690881324 0.3445180848142513 0.15 0.6554819151857487
v 17.301380879870308 29.749119506210622 5.774578391620457 0.3755360604546266 0.15 0.6244639395453734
v 17.802058340315767 32.28246982247884 5.927659412421165 0.407091093048599 0.15 0.5929089069514011
v 18.176608277351388 34.8392317101741 6.0469659407413445 0.43791866191088813 0.15 0.5620813380891119
v 18.409388820898812 37.414373885700385 6.1226897459347045 0.4689825189104413 0.15 0.5310174810895587
v 18.48951175911331 39.999767487450896 6.148532255495385 0.5000037258691942 0.15 0.49999627413080583
v 18.409926810335307 42.585162947821196 6.121262941709456 0.5310201727056469 0.15 0.46897982729435306
v 18.177681862578297 45.160312327408775 6.044140110635863 0.5620744000642339 0.15 0.4379255999357661
v 17.80364419756578 47.71708581300336 5.923474443540256 0.5929177236573809 0.15 0.40708227634261906
v 17.303448428534093 50.25045355307256 5.769109196898341 0.6244360955731015 0.15 0.37556390442689846
v 16.693969369469066 52.75862985398008 5.596174954612509 0.6554828372054158 0.15 0.3445171627945842
v 15.992395238548655 55.2426259997674 5.422469559996588 0.6866958677893344 0.15 0.31330413221066555
v 15.216980737660048 57.70551374510028 5.2618624896064485 0.7178460036205008 0.15 0.28215399637949923
v 14.392123772476275 60.15277288323688 5.107673284799632 0.7431358578935637 0.15 0.25686414210643627
v 13.54478416797593 62.59164839573032 4.942613091754697 0.7814410929414314 0.15 0.21855890705856862
v 12.695101583428078 65.02915144545891 4.76945259589795 0.8112556577640018 0.15 0.18874434223599823
v 11.860303015276996 67.47178374131428 4.596284933005169 0.8455673932787314 0.15 0.15443260672126857
v 11.061400396843197 69.92637871837985 4.423357645490917 0.8753625140473805 0.15 0.12463748595261948
v 10.317718843948972 72.39779351141578 4.244187394131531 0.9064181810566297 0.15 0.09358181894337025
v 9.648433560939633 74.89028192741675 4.064534823766667 0.9376438088527368 0.15 0.06235619114726321
v 8.571826860029041 79.94206625823675 3.7804132950787857 1.0 0.15 0.0
l 33 34
l 34 35
l 35 36
l 36 37
l 37 38
l 38 39
l 39 40
l 40 41
l 41 42
l 42 43
l 43 44
l 44 45
l 45 46
l 46 47
l 47 48
l 48 49
l 49 50
l 50 51
l 51 52
l 52 53
l 53 54
l 54 55
l 55 56
l 56 57
l 57 58
l 58 59
l 59 60
l 60 61
l 61 62
l 62 63
l 63 64
v 7.330767279409605 0.06556553164350137 5.874400271746634 0.0 0.15 1.0
v 7.837763150528654 2.605326060749093 6.012494429395625 0.031428945575895643 0.15 0.9685710544241044
v 8.432612273363283 5.122944335623078 6.197468837340881 0.06222499777990488 0.15 0.9377750022200951
v 9.11901069201953 7.615487320620539 6.40377409186474 0.0937932098196274 0.15 0.9062067901803726
v 9.903868317400331 10.08013300211746 6.593352418189627 0.1207589110945752 0.15 0.8792410889054247
v 10.758131373200927 12.523551513984724 6.758172664239829 0.15171753781966651 0.15 0.8482824621803335
v 11.635196377639373 14.958448744450747 6.929403647770898 0.18387973182760536 0.15 0.8161202681723947
v 12.520489139817315 17.389268389018017 7.115711382580115 0.21683150758881733 0.15 0.7831684924111827
v 13.404507761386832 19.821183472560733 7.293361713695296 0.24730482908699936 0.15 0.7526951709130006
v 14.274395949092256 22.261134712487472 7.423056424796525 0.2805752080499249 0.15 0.7194247919500751
v 15.073327051563194 24.7235879708375 7.578040372957523 0.3109518597993145 0.15 0.6890481402006855
v 15.77673382914176 27.21117132901994 7.785405667521608 0.3449207170248987 0.15 0.6550792829751013
v 16.379978858474338 29.72433231564236 8.000384980803275 0.3811837297350172 0.15 0.6188162702649829
v 16.872661195611283 32.26326926566011 8.192319465022607 0.41292352330882 0.15 0.58707647669118
v 17.240211451456997 34.82608723517812 8.341904036089526 0.4443740793329895 0.15 0.5556259206670104
v 17.468567435815956 37.407602723427 8.436611985548602 0.47575596031299366 0.15 0.5242440396870063
v 17.545764369322058 39.999570413047735 8.468337373400805 0.49446452646960304 0.15 0.505535473530397
v 17.469307833735698 42.591543381793024 8.43526324673889 0.5242504353312978 0.15 0.4757495646687022
v 17.24166691802797 45.173073233840135 8.339227172473342 0.55565699083363 0.15 0.44434300916637004
v 16.87480098197735 47.7359142117256 8.188365961967348 0.5871388222372216 0.15 0.4128611777627784
v 16.382757093157707 50.27488343667082 7.995235474302198 0.6189061113645299 0.15 0.3810938886354701
v 15.780097597897706 52.788088494248925 7.779148462180152 0.6551452611152823 0.15 0.34485473888471774
v 15.07724779913996 55.27573853786762 7.5707025753804 0.6891003655576994 0.15 0.3108996344423006
v 14.278864238968318 57.73829954635907 7.414604977719272 0.7194776080297454 0.15 0.28052239197025464
v 13.410004350037163 60.17857858866919 7.2841686238723975 0.7527760322987853 0.15 0.2472239677012147
v 12.526315680040872 62.61057376509186 7.10596966276743 0.7832070591493009 0.15 0.2167929408506991
v 11.64130398509012 65.04146249412351 6.919229018050508 0.8161117890854153 0.15 0.18388821091458474
v 10.764449320710975 67.4764146498905 6.74770658942983 0.84838671336162 0.15 0.15161328663838003
v 9.911000413719341 69.92013433209739 6.583063008440851 0.8791959368015154 0.15 0.12080406319848458
v 9.126020829944643 72.38476877133512 6.3938201752516655 0.9062107635820809 0.15 0.09378923641791914
v 8.439265741870406 74.87727141550737 6.188209938067245 0.9374931392429071 0.15 0.06250686075709289
v 7.336429935958417 79.93455369199921 5.867014208745994 1.0 0.15 0.0
l 65 66
l 66 67
l 67 68
l 68 69
l 69 70
l 70 71
l 71 72
l 72 73
l 73 74
l 74 75
l 75 76
l 76 77
l 77 78
l 78 79
l 79 80
l 80 81
l 81 82
l 82 83
l 83 84
l 84 85
l 85 86
l 86 87
l 87 88
l 88 89
l 89 90
l 90 91
l 91 92
l 92 93
l 93 94
l 94 95
l 95 96
v 5.615218813335584 0.08037375320188248 7.618889908028288 0.0 0.15 1.0
v 6.143785400681232 2.6286235985532747 7.785376314671003 0.031116289244200335 0.15 0.9688837107557997
v 6.748172849947096 5.154609418533783 8.019588389489035 0.061247094153660496 0.15 0.9387529058463395
v 7.435828428570262 7.654879428548286 8.295821533172626 0.08768662612624976 0.15 0.9123133738737502
v 8.248922593907821 10.118921072390824 8.550705795593203 0.11826749852713234 0.15 0.8817325014728676
v 9.242403629724807 12.525836830205082 8.6869346785634 0.14628215437273012 0.15 0.8537178456272698
v 10.203582855871808 14.943607894236703 8.864250921553657 0.18120169695261773 0.15 0.8187983030473822
v 11.145275990824057 17.365248745469955 9.088825987613367 0.2110745814696195 0.15 0.7889254185303805
v 12.040821517368345 19.801821048538006 9.338227113425312 0.2422952852841329 0.15 0.7577047147158671
v 13.023475160874852 22.203375004223123 9.38396571825642 0.2704373366551934 0.15 0.7295626633448066
v 13.896394564564378 24.6477367639664 9.521957747423235 0.30929972542066414 0.15 0.6907002745793358
v 14.593987673318527 27.14503755924073 9.798665433490624 0.344855401784222 0.15 0.655144598215778
v 15.183989223168865 29.6699782976831 10.076056599398356 0.37800366913527467 0.15 0.6219963308647254
v 15.665020996984028 32.22143688196895 10.318255331632365 0.40996525129739647 0.15 0.5900347487026035
v 16.02381884310122 34.79749108872587 10.504957334660716 0.44070314325859755 0.15 0.5592968567414025
v 16.24680341524717 37.39285250606527 10.622649374101016 0.47116689984567023 0.15 0.5288331001543298
v 16.32251387818801 39.99902595304061 10.66211465954804 0.5000193652460221 0.15 0.4999806347539779
v 16.24780362605294 42.60521010180954 10.621432544946078 0.5288821054497607 0.15 0.47111789455023934
v 16.025766658808937 45.200598761645516 10.502535381125046 0.5592979927157267 0.15 0.44070200728427333
v 15.667869527739505 47.776694066379974 10.31467538704718 0.5900097453942342 0.15 0.40999025460576577
v 15.18767648625898 50.328205835908726 10.071387687479644 0.62196925139199 0.15 0.37803074860801
v 14.598420782107869 52.8532119411942 9.79301531553804 0.6551154077330036 0.15 0.3448845922669964
v 13.901749596852081 55.35071894331982 9.515844083895718 0.6907486270224522 0.15 0.3092513729775478
v 13.030433829790207 57.795879285073205 9.375258660056765 0.7294364949596289 0.15 0.2705635050403711
v 12.047729468728804 60.197554331083644 9.329622812583759 0.7577681765438096 0.15 0.24223182345619043
v 11.152965054800976 62.63442355743209 9.080315140479131 0.7889858502406055 0.15 0.21101414975939448
v 10.211669864691471 65.05618029826782 8.85532596520655 0.818849180965865 0.15 0.181150819034135
v 9.250853156039918 67.47407024785316 8.677675650734322 0.8538587160670371 0.15 0.14614128393296288
v 8.258637735554412 69.88152108663918 8.54130433796007 0.8817693276820869 0.15 0.11823067231791307
v 7.444981732476366 72.34545590201152 8.287167356628732 0.9123669921476011 0.15 0.08763300785239891
v 6.7567183365641545 74.84564663144185 8.011741446244152 0.9388813473400099 0.15 0.06111865265999006
v 5.622758307687105 79.91984386752328 7.613337005872062 1.0 0.15 0.0
l 97 98
l 98 99
l 99 100
l 100 101
l 101 102
l 102 103
l 103 104
l 104 105
l 105 106
l 106 107
l 107 108
l 108 109
l 109 110
l 110 111
l 111 112
l 112 113
l 113 114
l 114 115
l 115 116
l 116 117
l 117 118
l 118 119
l 119 120
l 120 121
l 121 122
l 122 123
l 123 124
l 124 125
l 125 126
l 126 127
l 127 128
v 12.098799774346414 22.88705737915138 10.563948274647181 0.2840709264760326 0.15 0.7159290735239674
v 12.899053970810455 25.413243252651135 11.16615308820393 0.32182761784591174 0.15 0.6781723821540883
v 13.613924581402939 27.980922797222746 11.698236885432033 0.3537446698074004 0.15 0.6462553301925996
v 14.216243253116371 30.59163987979043 12.154270112969101 0.3887791728061073 0.15 0.6112208271938927
v 14.688968546265468 33.24327065232564 12.516778831571362 0.4224127161904925 0.15 0.5775872838095075
v 15.016295186629176 35.929259682832935 12.769536796628563 0.4548453625848621 0.15 0.5451546374151379
v 15.184949747324124 38.63850355516575 12.900083218462278 0.4857332218878385 0.15 0.5142667781121615
v 15.185685835747321 41.356159015121996 12.899668745406164 0.514311536251652 0.15 0.48568846374834795
v 15.01840926878528 44.06544659134154 12.768209618089907 0.5451160124346653 0.15 0.45488398756533466
v 14.69237992579306 46.75151002721313 12.514559421045776 0.577524601627333 0.15 0.422475398372667
v 14.220829642295563 49.40323408086063 12.151211854932296 0.611155938947292 0.15 0.38884406105270797
v 13.619513493633653 52.01405220854949 11.694430997373434 0.6461933405854912 0.15 0.35380665941450884
v 12.905391613658866 54.58182462143406 11.161772542885661 0.6782079177323836 0.15 0.32179208226761635
v 12.105668013776679 57.10808548331491 10.55912443481467 0.7160049978948132 0.15 0.2839950021051868
l 129 130
l 130 131
l 131 132
l 132 133
l 133 134
l 134 135
l 135 136
l 136 137
l 137 138
l 138 139
l 139 140
l 140 141
l 141 142
v 6.731493977295662 12.255548435189848 9.841690127885954 0.1340836664043789 0.15 0.865916333595621
v 7.807593904089265 14.58066098825026 10.259323022342944 0.16482160055300038 0.15 0.8351783994469997
v 8.8494175016136 16.926479735278324 10.699696708337395 0.19705003809897412 0.15 0.8029499619010259
v 9.823654363393613 19.299575186943052 11.1428609984651 0.2309509218014529 0.15 0.7690490781985471
v 10.551834327084382 21.715942715364676 11.775878031362748 0.2656987817910709 0.15 0.734301218208929
v 11.146200167410232 24.15783956745434 12.458378759561132 0.3041987594757547 0.15 0.6958012405242453
v 11.741400911657145 26.626178435197236 13.038085302194057 0.3398515780693144 0.15 0.6601484219306857
v 12.275572200374041 29.124818202858062 13.542189462187205 0.3732300040911912 0.15 0.6267699959088088
v 12.722150809220071 31.65545924956417 13.964788176536258 0.4047887854695097 0.15 0.5952112145304903
v 13.06445574782118 34.216235644873 14.291532783201104 0.43497120912696036 0.15 0.5650287908730396
v 13.28915129798258 36.80144985443402 14.508398600148835 0.4644375309853162 0.15 0.5355624690146839
v 13.386288471366441 39.40177064513176 14.604877596411516 0.49409183725269146 0.15 0.5059081627473085
v 13.351293654867062 42.005286884787786 14.57599218912431 0.5214483510568929 0.15 0.4785516489431071
v 13.185709104132517 44.599456458744356 14.42259600353033 0.5503762960294631 0.15 0.44962370397053686
v 12.897248516780229 47.17328815412144 14.15169239820669 0.5800287851570254 0.15 0.4199712148429746
v 12.497684645631017 49.71891082776029 13.774783454603385 0.6108469489051738 0.15 0.38915305109482623
v 12.002131355774761 52.232252246130926 13.305726535857005 0.6432579212286548 0.15 0.35674207877134523
v 11.43074018171091 54.71289125302644 12.755455103668092 0.6777287751713224 0.15 0.32227122482867765
v 10.827194764268906 57.16352830682855 12.113113918691932 0.7144009661964688 0.15 0.28559903380353124
v 10.204239749796587 59.58764530118695 11.395344509516372 0.7521102673867451 0.15 0.24788973261325487
v 9.33100698299165 61.97613380962759 10.845101699929554 0.7854592112779443 0.15 0.21454078872205573
v 8.294878211447775 64.32253714889414 10.39404562771264 0.8172066236529435 0.15 0.1827933763470565
v 7.274968567815084 66.66219014543202 9.876658484647576 0.8538343320922754 0.15 0.14616566790772456
l 143 144
l 144 145
l 145 146
l 146 147
l 147 148
l 148 149
l 149 150
l 150 151
l 151 152
l 152 153
l 153 154
l 154 155
l 155 156
l 156 157
l 157 158
l 158 159
l 159 160
l 160 161
l 161 162
l 162 163
l 163 164
l 164 165
v 7.594796431857983 17.773732187871712 11.767551593719205 0.19623704911737871 0.15 0.8037629508826213
v 8.461730883067396 20.105996988916353 12.431812847755861 0.23919817856547118 0.15 0.7608018214345288
v 9.080316396100852 22.486274537907548 13.206098622431004 0.27707746176576553 0.15 0.7229225382342345
v 9.626059270075498 24.894366541390774 13.948855695952174 0.3135233524523985 0.15 0.6864766475476015
v 10.125681993879049 27.334599902788053 14.614994158535843 0.3484357356572472 0.15 0.6515642643427528
v 10.564700290167899 29.809352789504874 15.189886772619575 0.381298586389603 0.15 0.618701413610397
v 10.926553636240834 32.31842752911778 15.659778061420038 0.41198152110024444 0.15 0.5880184788997556
v 11.19718425447156 34.858332930190016 16.009795818179654 0.44215802035489976 0.15 0.5578419796451002
v 11.365132772475473 37.42187056204893 16.225818633513917 0.4714257115208078 0.15 0.5285742884791922
v 11.422498998748598 39.99826745515608 16.29860947762341 0.500030843798207 0.15 0.49996915620179305
v 11.366529736023269 42.57467547942932 16.225110510729824 0.5286361417431986 0.15 0.4713638582568014
v 11.199931305362403 45.138244187338 16.008396919339376 0.5578966045651801 0.15 0.4421033954348199
v 10.930549609622577 47.67819133688032 15.657712578455602 0.5880683580970334 0.15 0.4119316419029666
v 10.569806622963862 50.187313861147544 15.187225627878801 0.618765586577012 0.15 0.381234413422988
v 10.13173178909481 52.66211642719305 14.611826926564317 0.6516224407872302 0.15 0.3483775592127698
v 9.63284919151937 55.10239332347895 13.94529643566042 0.6865299714988179 0.15 0.3134700285011821
v 9.087712877503495 57.510518501882856 13.20220329647039 0.722991830862311 0.15 0.277008169137689
v 8.46965061212624 59.89083191848427 12.427619841007573 0.7608765413534924 0.15 0.23912345864650764
v 7.601250015991112 62.222957446175336 11.765060297813715 0.8038761596893867 0.15 0.19612384031061325
l 166 167
l 167 168
l 168 169
l 169 170
l 170 171
l 171 172
l 172 173
l 173 174
l 174 175
l 175 176
l 176 177
l 177 178
l 178 179
l 179 180
l 180 181
l 181 182
l 182 183
l 183 184
v 3.95870604917001 0.058301529455328176 8.472986637303368 0.0 0.15 1.0
v 4.2203780287240225 2.5958574828221783 8.908569799687903 0.03047760468354511 0.15 0.9695223953164549
v 4.548979313895725 5.111433942260462 9.419727082127215 0.060504182922528064 0.15 0.939495817077472
v 4.940138045628405 7.6039351132855195 9.995890469834178 0.08955156556030625 0.15 0.9104484344396937
v 5.373716921111014 10.075423889386455 10.629272983149626 0.11127329725988107 0.15 0.8887267027401189
v 5.654527755973954 12.529440764683635 11.392770762286299 0.13960015812322696 0.15 0.8603998418767731
v 6.097673740921578 14.970038508544304 12.116127374052848 0.16621658222540192 0.15 0.8337834177745981
v 6.659608952908977 17.3962113088978 12.794636809270594 0.1932878501202166 0.15 0.8067121498797833
v 6.9698997830697405 19.835540343413765 13.591433443911395 0.23741950119262215 0.15 0.7625804988073779
v 7.386356155411243 22.286047479426486 14.312188057562938 0.27644538628624366 0.15 0.7235546137137563
v 7.768610157862039 24.751574714674792 14.999881583220068 0.3127469776696079 0.15 0.6872530223303921
v 8.118648429152168 27.237047524023463 15.630354787494678 0.34707465157909473 0.15 0.6529253484209052
v 8.428631993002062 29.7460990214641 16.183342428425412 0.37928529888947565 0.15 0.6207147011105243
v 8.68703081165107 32.280181651900136 16.639937628597362 0.4108803780063041 0.15 0.5891196219936958
v 8.882299721296704 34.837718249999334 16.982407552264657 0.44132911486454157 0.15 0.5586708851354585
v 9.004512219393616 37.41372287891422 17.195465474085974 0.470643425364655 0.15 0.529356574635345
v 9.047062479831439 40.00004722138735 17.268484696698646 0.500033402235273 0.15 0.49996659776472696
v 9.005875794810319 42.58637500933497 17.194807238030897 0.5294263333655025 0.15 0.4705736666344975
v 8.884996269497984 45.162389151502744 16.981107208105417 0.5587490883977668 0.15 0.4412509116022332
v 8.691001139774274 47.719940059642795 16.63802101567147 0.5892029678472792 0.15 0.4107970321527208
v 8.433782910945352 50.25403982975992 16.18085281846798 0.6207992402397491 0.15 0.3792007597602509
v 8.124844000210983 52.76310880876034 15.62735670160105 0.6530014259965989 0.15 0.34699857400340106
v 7.775695876296016 55.24859792956944 14.99644979196645 0.6873446469854599 0.15 0.31265535301454006
v 7.394117755893038 57.71413952943747 14.308426973707501 0.7236343640688883 0.15 0.27636563593111174
v 6.978124251303488 60.16466181168796 13.587446497294364 0.762657862522526 0.15 0.237342137477474
v 6.6696457440698556 62.60393552385994 12.789820152739676 0.8067742827682316 0.15 0.1932257172317684
v 6.109327495863178 65.03023248886275 12.110497530243178 0.8338728588585805 0.15 0.16612714114141947
v 5.666183158512848 67.47080141564352 11.387161094418063 0.8604838166632292 0.15 0.13951618333677085
v 5.386264275034486 69.92474749918873 10.62327584932098 0.8887837957815208 0.15 0.11121620421847922
v 4.951651814647544 72.3961889934066 9.990405036163368 0.9104528320318959 0.15 0.08954716796810414
v 4.559529375588978 74.88864836620724 9.414713668933087 0.9395160698054407 0.15 0.06048393019455933
v 3.9673094160171214 79.9417287391568 8.468910798713107 1.0 0.15 0.0
l 185 186
l 186 187
l 187 188
l 188 189
l 189 190
l 190 191
l 191 192
l 192 193
l 193 194
l 194 195
l 195 196
l 196 197
l 197 198
l 198 199
l 199 200
l 200 201
l 201 202
l 202 203
l 203 204
l 204 205
l 205 206
l 206 207
l 207 208
l 208 209
l 209 210
l 210 211
l 211 212
l 212 213
l 213 214
l 214 215
l 215 216
v 4.544638625962528 16.851171193894654 12.853369831796536 0.18216371478871854 0.15 0.8178362852112815
v 4.976247325987382 19.306528915363558 13.850358548541935 0.22474553706274913 0.15 0.7752544629372509
v 5.362077804098115 21.783694422555914 14.81540626542417 0.2676438815667806 0.15 0.7323561184332195
v 5.722240431640916 24.28784662820817 15.718573116799533 0.30463821248407486 0.15 0.6953617875159251
v 6.0499304276257595 26.82470959697851 16.538733749375776 0.3399207941443749 0.15 0.6600792058556251
v 6.3365916938521165 29.397810605609983 17.254390642511485 0.37426815054837986 0.15 0.6257318494516202
v 6.574671515747456 32.00770998895373 17.84279008829923 0.40607695321919085 0.15 0.5939230467808092
v 6.753830130826084 34.65122321468996 18.282954086133394 0.4396357093342869 0.15 0.5603642906657131
v 6.865784976484303 37.32076292368286 18.55639015384774 0.4733818183830903 0.15 0.5266181816169098
v 6.904230962763966 40.00473353788696 18.648751150613908 0.5054138202355041 0.15 0.4945861797644959
v 6.866877434003227 42.6886723760138 18.555093334632073 0.526973705929013 0.15 0.47302629407098695
v 6.756035605468975 45.35813967291503 18.280530995364916 0.5606673736452782 0.15 0.4393326263547218
v 6.577924922707614 48.00155343427927 17.839342765753848 0.5940351400037123 0.15 0.40596485999628773
v 6.340876174389724 50.611343726158985 17.25002996830886 0.625872784126832 0.15 0.374127215873168
v 6.055176415185484 53.18433802484028 16.533607174864255 0.660159819908871 0.15 0.33984018009112904
v 5.728428640701963 55.72112329831929 15.712816990479187 0.6954436195509511 0.15 0.30455638044904887
v 5.368829738083594 58.225229972868895 14.809295155230352 0.7324352639103519 0.15 0.26756473608964815
v 4.9833107726216035 60.70239803424728 13.844126038577471 0.7756295201411797 0.15 0.2243704798588203
v 4.554749586955889 63.15748077412895 12.846299176322336 0.8179221119517713 0.15 0.18207788804822866
l 217 218
l 218 219
l 219 220
l 220 221
l 221 222
l 222 223
l 223 224
l 224 225
l 225 226
l 226 227
l 227 228
l 228 229
l 229 230
l 230 231
l 231 232
l 232 233
l 233 234
l 234 235
v 1.8212464749551072 0.05662538773566733 9.18493075994235 0.0 0.15 1.0
v 1.9564767936942664 2.592822265696872 9.672244547092044 0.029860312976529815 0.15 0.9701396870234702
v 2.1343401438273304 5.107620280677874 10.248638672783086 0.05876070717685784 0.15 0.9412392928231421
v 2.3455531859928045 7.600238646923142 10.904772363651073 0.08561508815533835 0.15 0.9143849118446616
v 2.5701313852823686 10.072571702818928 11.629778816921425 0.11175680087723222 0.15 0.8882431991227677
v 2.789686201174934 12.528403308112738 12.410394504850837 0.14143406847984757 0.15 0.8585659315201524
v 3.0319376846696215 14.972495436199294 13.220436065900753 0.16576146255225993 0.15 0.8342385374477401
v 3.1160416978797185 17.405752327480496 14.082235714678228 0.19602326143170723 0.15 0.8039767385682928
v 3.321743910319959 19.846925770428506 14.911117027949587 0.23717463639814684 0.15 0.7628253636018532
v 3.5272726680527415 22.29657944708259 15.714600120359924 0.276634710481408 0.15 0.723365289518592
v 3.7207388827519274 24.76090175287727 16.47494768175639 0.30909931825167936 0.15 0.6909006817483206
v 3.8990304171700156 27.24510486406677 17.171468800618538 0.3433334085426012 0.15 0.6566665914573988
v 4.056084055040184 29.752825183124965 17.783422431362094 0.3760099924258486 0.15 0.6239900075741514
v 4.1881274125189725 32.28547200807512 18.289095034061585 0.4079245833694465 0.15 0.5920754166305535
v 4.288224063909777 34.841436646677955 18.668673399041914 0.4390813006659115 0.15 0.5609186993340884
v 4.35150907156249 37.415736777436294 18.904819438110685 0.46970640862269897 0.15 0.530293591377301
v 4.373832077579518 40.00026695039083 18.98585771711655 0.5000541105264555 0.15 0.49994588947354446
v 4.352951880373145 42.58479649355051 18.904413791082582 0.5304077191831331 0.15 0.4695922808168669
v 4.291070645954614 45.159091483300465 18.667849130897704 0.561046706367147 0.15 0.43895329363285296
v 4.192330066129401 47.715050925348976 18.28788688714856 0.5922214750048911 0.15 0.4077785249951089
v 4.061511012975486 50.24769187776304 17.78187084694557 0.6241530822023076 0.15 0.3758469177976924
v 3.905586767473279 52.75540538709455 17.169606499797084 0.6567941662961796 0.15 0.3432058337038204
v 3.7282460793571572 55.239602743991874 16.472827664150028 0.691074370262586 0.15 0.308925629737414
v 3.5355032366036716 57.7039200600502 15.71228948447183 0.7234606193076062 0.15 0.2765393806923938
v 3.3305403915294125 60.15357158460983 14.908663938649147 0.762922839237613 0.15 0.23707716076238705
v 3.1255493276084523 62.59474360276766 14.079615366765692 0.8040734735571287 0.15 0.19592652644287134
v 3.0453547347970913 65.0275417073664 13.217025690075896 0.8343448895649321 0.15 0.16565511043506786
v 2.802935383928949 67.4716293552462 12.407030542926185 0.8586869649421204 0.15 0.14131303505787962
v 2.583134297361692 69.9274595818537 11.626481958600547 0.8883296805797929 0.15 0.11167031942020711
v 2.3578160589740818 72.39978159547444 10.901671229776216 0.9145885251053999 0.15 0.0854114748946001
v 2.145684976400087 74.89238501211848 10.24578051358373 0.9413665040143168 0.15 0.05863349598568324
v 1.830533335523079 79.94336646577966 9.182618562156005 1.0 0.15 0.0
l 236 237
l 237 238
l 238 239
l 239 240
l 240 241
l 241 242
l 242 243
l 243 244
l 244 245
l 245 246
l 246 247
l 247 248
l 248 249
l 249 250
l 250 251
l 251 252
l 252 253
l 253 254
l 254 255
l 255 256
l 256 257
l 257 258
l 258 259
l 259 260
l 260 261
l 261 262
l 262 263
l 263 264
l 264 265
l 265 266
l 266 267
v 1.3399041393684372 19.910422334003464 14.809941153217641 0.23706502488771128 0.15 0.7629349751122887
v 1.4696494505681679 22.382994159563328 15.872010832510929 0.27552655311942253 0.15 0.7244734468805775
v 1.589137736465379 24.88877144554323 16.854346353247934 0.3126780601895585 0.15 0.6873219398104415
v 1.6971556083396813 27.43234474234822 17.73548363134759 0.34841261412143104 0.15 0.651587385878569
v 1.7903359374138432 30.016219908905153 18.49204789819865 0.38164280588037547 0.15 0.6183571941196245
v 1.8668668790899878 32.63954911418402 19.099553237921274 0.414287323329413 0.15 0.585712676670587
v 1.9228688290504243 35.297077170305386 19.535933946749044 0.44323580105207655 0.15 0.5567641989479235
v 1.9553371366091892 37.97913252373236 19.782483816844397 0.4770070017673592 0.15 0.5229929982326408
v 1.9622219994779795 40.67219991397486 19.829374842895255 0.5077901945508696 0.15 0.4922098054491304
v 1.9431103167811734 43.361216864410366 19.674907963789305 0.5386512915672537 0.15 0.46134870843274634
v 1.8994699198461111 46.03193787172422 19.3269799282955 0.5691062910352959 0.15 0.43089370896470414
v 1.8340528652659078 48.6730250280325 18.8007124128872 0.6020008430693379 0.15 0.3979991569306621
v 1.750469213143093 51.278098771123524 18.11960494636828 0.6353145992312829 0.15 0.36468540076871714
v 1.6516991180604856 53.844536537260495 17.306292269427708 0.6693580070005012 0.15 0.3306419929994988
v 1.5402045045466757 56.374538928865974 16.387159140380426 0.7060128175292075 0.15 0.2939871824707925
v 1.418597388526169 58.8723991653863 15.384987521073601 0.7440206814998958 0.15 0.25597931850010425
v 1.2869168257234556 61.34443165463928 14.321814918464739 0.7837339877871516 0.15 0.21626601221284836
l 268 269
l 269 270
l 270 271
l 271 272
l 272 273
l 273 274
l 274 275
l 275 276
l 276 277
l 277 278
l 278 279
l 279 280
l 280 281
l 281 282
l 282 283
l 283 284
v -0.42760718410183807 0.05706242385657797 9.342432512443557 0.0 0.15 1.0
v -0.4268601405010363 2.5935370973458234 9.848675877731706 0.029872387105018383 0.15 0.9701276128949816
v -0.4076210128029346 5.108437771925547 10.452756961553506 0.0594015544723064 0.15 0.9405984455276936
v -0.3763495028312204 7.600988776078619 11.142983230283294 0.0882680245538658 0.15 0.9117319754461342
v -0.3400985222456492 10.072974803379648 11.903512096799574 0.11170470577055899 0.15 0.888295294229441
v -0.3017981037934295 12.528117181965275 12.716764423523342 0.13813595037994011 0.15 0.8618640496200599
v -0.27588716728947243 14.971999050499296 13.563619286629667 0.1627255124443957 0.15 0.8372744875556043
v -0.5187838135273479 17.403201944530032 14.408288411704207 0.1960196140476927 0.15 0.8039803859523074
v -0.537777671329059 19.84464439905175 15.262452153832669 0.23653237746144642 0.15 0.7634676225385536
v -0.5464895591937017 22.294479817190137 16.092410363580186 0.2743389063035787 0.15 0.7256610936964213
v -0.5548484442112647 24.75899888409784 16.87758399025982 0.3099686382181335 0.15 0.6900313617818665
v -0.5623323959397127 27.2434167364642 17.59714328248914 0.34386875255143506 0.15 0.656131247448565
v -0.5676024394553272 29.751372397173686 18.229523291831974 0.37643990204698763 0.15 0.6235600979530124
v -0.5713073743666988 32.284292502024826 18.752683537719726 0.4080525883472376 0.15 0.5919474116527623
v -0.5729410628610752 34.840565570111835 19.145703626142925 0.43902612787721557 0.15 0.5609738721227844
v -0.5733788726737062 37.41521072742103 19.390517993545913 0.469623142629681 0.15 0.5303768573703189
v -0.5730072454994848 40.00011225434962 19.47471241731315 0.5000484912172757 0.15 0.4999515087827243
v -0.5718820683658377 42.58501560671898 19.39057749565243 0.530468836959076 0.15 0.469531163040924
v -0.5699817700782092 45.159664632133726 19.145812559662083 0.5610556383031465 0.15 0.43894436169685347
v -0.5669456847208094 47.715944320960965 18.752843892399724 0.5920167508762172 0.15 0.4079832491237828
v -0.561965882473886 50.248872283161894 18.229729189308863 0.623619659366467 0.15 0.376380340633533
v -0.5555336373560675 52.75683649255772 17.597390339373877 0.6561885097557056 0.15 0.34381149024429436
v -0.5471135894819144 55.24126268402963 16.87786297128117 0.6900972477804634 0.15 0.30990275221953656
v -0.5379856517798784 57.70578885885705 16.092716472006842 0.7257485053706713 0.15 0.27425149462932874
v -0.5286627841361047 60.15563275560632 15.262780705965902 0.7635858288463158 0.15 0.23641417115368424
v -0.5088415495749825 62.59708058619956 14.40865608763693 0.8041149377118003 0.15 0.19588506228819969
v -0.2624684747965626 65.0280598031943 13.564241726071415 0.8373544368554118 0.15 0.16264556314458822
v -0.28800093177279057 67.4719468545972 12.717405098355655 0.8619514824009503 0.15 0.13804851759904968
v -0.3267921052759414 69.92707801733205 11.904135555941886 0.8883932050410763 0.15 0.11160679495892367
v -0.36378132394156465 72.39904610178682 11.14358047669268 0.9117852531649194 0.15 0.08821474683508057
v -0.3959749070299503 74.89157644794567 10.453320846271732 0.940645298268608 0.15 0.05935470173139201
v -0.41804125579871976 79.9429266256559 9.342921307154914 1.0 0.15 0.0
l 285 286
l 286 287
l 287 288
l 288 289
l 289 290
l 290 291
l 291 292
l 292 293
l 293 294
l 294 295
l 295 296
l 296 297
l 297 298
l 298 299
l 299 300
l 300 301
l 301 302
l 302 303
l 303 304
l 304 305
l 305 306
l 306 307
l 307 308
l 308 309
l 309 310
l 310 311
l 311 312
l 312 313
l 313 314
l 314 315
l 315 316
v -2.345580362589711 17.816366636369672 13.678061727890743 0.2050102116852358 0.15 0.7949897883147642
v -2.4778770965318095 20.14766993275495 14.808247066779371 0.24403519461200587 0.15 0.7559648053879942
v -2.608990626766299 22.51361393056347 15.864055544446762 0.28139504611115745 0.15 0.7186049538888426
v -2.7300859622142033 24.91877594366531 16.828379803125248 0.3169066084200318 0.15 0.6830933915799682
v -2.8378674388153815 27.365842401156137 17.68236909142582 0.3508338744500874 0.15 0.6491661255499126
v -2.929393866505858 29.85503749435538 18.4063296269901 0.3887459876982375 0.15 0.6112540123017625
v -3.0020705983226694 32.38363731724215 18.980009949467938 0.41995601667605886 0.15 0.5800439833239411
v -3.0539310582526142 34.94512392358194 19.384917606327857 0.449653704465105 0.15 0.550346295534895
v -3.0837813844085873 37.52926648400853 19.60622850667807 0.47858753365066653 0.15 0.5214124663493335
v -3.091104404533727 40.12283622394557 19.634642393703896 0.5047963134117014 0.15 0.4952036865882986
v -3.0768785126979794 42.71156485576128 19.47463736242637 0.5359044238252149 0.15 0.46409557617478514
v -3.042417935957326 45.283176106836315 19.138200122257096 0.5648984327043799 0.15 0.4351015672956201
v -2.9898589176928767 47.82921275360203 18.645235627357028 0.5954083196501175 0.15 0.40459168034988247
v -2.9210883777725942 50.34588296641234 18.020384213971266 0.6272908602057253 0.15 0.37270913979427467
v -2.8408474650671254 52.833818767443894 17.290224333657214 0.6603678220714269 0.15 0.33963217792857314
v -2.7522667910270573 55.29712396042099 16.481482527610634 0.6957853960094258 0.15 0.3042146039905742
v -2.6592000708846033 57.74235813490352 15.619933526866141 0.7335702255864759 0.15 0.2664297744135241
v -2.5663898614591574 60.177491774114735 14.730158556340148 0.7738287723111801 0.15 0.22617122768881992
v -2.50310001836052 62.610083822076895 13.832865636334297 0.817049767885362 0.15 0.182950232114638
v -3.1288579981524602 64.80958972739836 12.895168563191266 0.8373311790511438 0.15 0.16266882094885615
v -3.0145428554116838 67.26364707813973 12.064761804884169 0.8604321348724274 0.15 0.13956786512757258
v -2.9521830204806743 69.73926630345635 11.292103160027676 0.8844399142720291 0.15 0.11556008572797094
v -2.910882668413035 72.242274636101 10.612123420956738 0.915011152825852 0.15 0.08498884717414801
v -2.892817670927113 74.77487644991722 10.051619534713542 0.9429738269632334 0.15 0.0570261730367666
v -2.8984559564520804 77.33524855713384 9.636222854335152 0.9706651136063699 0.15 0.029334886393630133
v -2.926071985516953 79.91698568372713 9.387483522649317 1.0 0.15 0.0
l 317 318
l 318 319
l 319 320
l 320 321
l 321 322
l 322 323
l 323 324
l 324 325
l 325 326
l 326 327
l 327 328
l 328 329
l 329 330
l 330 331
l 331 332
l 332 333
l 333 334
l 334 335
l 335 336
l 336 337
l 337 338
l 338 339
l 339 340
l 340 341
l 341 342
v -2.8020012223307464 0.08157317973451796 9.407246115604664 0.0 0.15 1.0
v -2.8403937718786794 2.6862830765994437 9.648357666689614 0.029746271493598854 0.15 0.9702537285064011
v -2.905946019739059 5.269511291535436 10.056806692801233 0.05835531153895308 0.15 0.9416446884610469
v -2.9991335807112613 7.824703555335923 10.61088302404444 0.0862845191024766 0.15 0.9137154808975234
v -3.118672871024032 10.349965096515712 11.284711994811808 0.11673048926352012 0.15 0.8832695107364799
v -3.2598647332206334 12.84759820318323 12.051302779670664 0.14209596178415165 0.15 0.8579040382158484
v -3.475142637809204 15.321757010681509 12.869001961887065 0.1650247964974734 0.15 0.8349752035025266
v -3.96175149468891 17.423693531590242 13.513642484752385 0.1813238161110215 0.15 0.8186761838889784
v -4.240688492129342 19.87915540592534 14.372164084686203 0.22508325521300537 0.15 0.7749167447869947
v -4.486734595517283 22.336858200008084 15.235740224265875 0.26512045550316427 0.15 0.7348795444968357
v -4.7262437150619405 24.80474768951818 16.07155957165028 0.3025069742412811 0.15 0.6974930257587189
v -4.951851984645869 27.291013726293844 16.854938776164907 0.3378432798129557 0.15 0.6621567201870443
v -5.155771409877231 29.802298932522508 17.560269875902033 0.37155398082860136 0.15 0.6284460191713986
v -5.330246632798614 32.342726089440646 18.160944935687205 0.40401659872923584 0.15 0.5959834012707641
v -5.467928684097116 34.91271731854534 18.6306020484518 0.4355759849961977 0.15 0.5644240150038022
v -5.562212440383563 37.508173326505826 18.944838062909064 0.4665449962397381 0.15 0.5334550037602619
v -5.6080764545423785 40.12016872033678 19.08340844531592 0.4972056579261915 0.15 0.5027943420738086
v -5.602363701146032 42.735734097675554 19.03411402448507 0.5278188824516921 0.15 0.47218111754830794
v -5.544039673106839 45.3403320714576 18.797213760385674 0.5573239396849444 0.15 0.4426760603150556
v -5.434327850845311 47.92083686962188 18.381793595043234 0.5879626234743772 0.15 0.4120373765256228
v -5.2764805285440675 50.46723806756834 17.803035548350277 0.6198861913061219 0.15 0.3801138086938781
v -5.0751587979796255 52.97352361406644 17.080138909817826 0.6526566406682084 0.15 0.3473433593317916
v -4.835690163350746 55.43742457014688 16.233385651096597 0.6882629835088634 0.15 0.3117370164911366
v -4.5636752738133435 57.85985567961696 15.282879016123905 0.7251142443289059 0.15 0.2748857556710941
v -4.2642272470295515 60.24391206815945 14.247215161375495 0.7644260042220434 0.15 0.23557399577795657
v -3.9280635928491128 62.59390282540157 13.146945630494786 0.8073714900693838 0.15 0.1926285099306162
l 343 344
l 344 345
l 345 346
l 346 347
l 347 348
l 348 349
l 349 350
l 350 351
l 351 352
l 352 353
l 353 354
l 354 355
l 355 356
l 356 357
l 357 358
l 358 359
l 359 360
l 360 361
l 361 362
l 362 363
l 363 364
l 364 365
l 365 366
l 366 367
l 367 368
v -5.639071543256783 16.718942977708377 12.351047312138094 0.18237846806999422 0.15 0.8176215319300058
v -5.982421445357096 19.078871233722623 13.346533192110382 0.22493400597128047 0.15 0.7750659940287196
v -6.364170053511298 21.459499558702603 14.27898866702118 0.2636870065132778 0.15 0.7363129934867222
v -6.724655728401028 23.864617284194264 15.155262552379167 0.2950874636890801 0.15 0.7049125363109199
v -7.055409776008652 26.2994101369563 15.958150854108734 0.3311504603971284 0.15 0.6688495396028715
v -7.347888049199092 28.76779262364563 16.667700597525574 0.3649417038854822 0.15 0.6350582961145178
v -7.594024283218287 31.27050964499816 17.265559043245027 0.39694938202416585 0.15 0.6030506179758341
v -7.785743982273444 33.80559065406068 17.73231494829359 0.4275411229836572 0.15 0.5724588770163428
v -7.914998140132581 36.36766598894293 18.048282981751562 0.45699348055854466 0.15 0.5430065194414553
v -7.97695456623133 38.94703010438096 18.200904232953423 0.48575640437937606 0.15 0.5142435956206239
v -7.969099740386479 41.53150955654082 18.183148229244072 0.5151352428437334 0.15 0.48486475715626665
v -7.8920936110467155 44.108127036914325 17.99606201932392 0.5454244458444497 0.15 0.4545755541555503
v -7.749089328459693 46.66532815746741 17.648932300829806 0.5757212809929849 0.15 0.4242787190070151
v -7.545538649224708 49.19459795910053 17.156855047201045 0.6065089614696965 0.15 0.39349103853030354
v -7.288698845053372 51.69121724909579 16.53859911480427 0.6383603634472014 0.15 0.3616396365527986
v -6.98671884478919 54.15408922659381 15.814137254112916 0.6709734313958059 0.15 0.3290265686041941
v -6.647948996832047 56.58504183954727 15.003017384689862 0.7125403103958199 0.15 0.2874596896041801
v -6.281108627749768 58.988120518659905 14.123730944114506 0.7493507423907518 0.15 0.25064925760924817
v -5.895566189608754 61.36893205879767 13.193250010067937 0.7877475053037712 0.15 0.21225249469622876
v -5.5031212411965535 63.73008647292685 12.227755574502641 0.828978481123878 0.15 0.17102151887612205
l 369 370
l 370 371
l 371 372
l 372 373
l 373 374
l 374 375
l 375 376
l 376 377
l 377 378
l 378 379
l 379 380
l 380 381
l 381 382
l 382 383
l 383 384
l 384 385
l 385 386
l 386 387
l 387 388
v -4.725162786085824 0.05972728958965796 8.07085583573504 0.0 0.15 1.0
v -4.9816038645815786 2.5986266739134174 8.506832681504868 0.029420612244403854 0.15 0.9705793877555962
v -5.264559538953349 5.115993909358329 9.040375630991305 0.05871046794792312 0.15 0.9412895320520769
v -5.573202428810536 7.610930344096569 9.658530942809053 0.0877403390897889 0.15 0.9122596609102112
v -5.9049559515897965 10.085042376884099 10.344850984878086 0.11067678461512234 0.15 0.8893232153848777
v -6.254871677918861 12.542130234819417 11.08157457098839 0.13666136002282603 0.15 0.863338639977174
v -6.63544793593279 14.987587592411456 11.839162382609603 0.159510223441314 0.15 0.8404897765586861
v -7.453578219255121 17.382668743244395 12.330126355994224 0.19505626801651987 0.15 0.8049437319834801
v -7.899853584593578 19.826363016521217 13.058798055174874 0.23548731064058942 0.15 0.7645126893594105
v -8.322614557381351 22.278577890774493 13.77329329143332 0.28066427263879506 0.15 0.7193357273612049
v -8.72225631640793 24.7454037331183 14.449672178618862 0.3158642336795516 0.15 0.6841357663204484
v -9.087884696747661 27.232061178609566 15.070144058179784 0.3494667524186458 0.15 0.6505332475813542
v -9.408287119304793 29.74227448232723 15.615985808476145 0.38205416206134735 0.15 0.6179458379386527
v -9.672479043222147 32.27742014177395 16.068224437809633 0.41389423423677496 0.15 0.586105765763225
v -9.870112350748666 34.83597094134288 16.408385076911102 0.4452236986598468 0.15 0.5547763013401532
v -9.992669887450097 37.4129244380419 16.620664778523082 0.47624095633586966 0.15 0.5237590436641304
v -10.033506395376463 40.00017189429764 16.69256599130701 0.4943598859666954 0.15 0.5056401140333047
v -9.99136779209577 42.587417545220106 16.621376714591836 0.5239250502711501 0.15 0.4760749497288499
v -9.867559141762124 45.16437057916983 16.409826112114896 0.5549517591808357 0.15 0.4450482408191643
v -9.668727125275856 47.722918930111724 16.070346266717877 0.5863185421241058 0.15 0.41368145787589417
v -9.403431312894222 50.25806107856587 15.61873760352169 0.6181984122615093 0.15 0.3818015877384907
v -9.082052511526818 52.76826992866491 15.073453682655595 0.6508195031568844 0.15 0.3491804968431156
v -8.715606357202207 55.25492295574022 14.453452984742032 0.6844421772458347 0.15 0.31555782275416533
v -8.315315619692951 57.72174463829974 13.777450660752937 0.7196486207977589 0.15 0.28035137920224107
v -7.8920553883380675 60.17395603658225 13.063252884453723 0.7647574823190243 0.15 0.2352425176809757
v -7.445410832833298 62.61765360885931 12.334804685321274 0.8051988302070981 0.15 0.19480116979290185
v -6.625414969414359 65.01249702059012 11.84507208038187 0.8405472120358394 0.15 0.15945278796416062
v -6.243014198960752 67.45784517342129 11.088637078904393 0.8634934025754405 0.15 0.1365065974245595
v -5.893562244690184 69.91491913738703 10.351641622258215 0.8894939065997889 0.15 0.11050609340021111
v -5.562458651460343 72.38901463896455 9.664944690145575 0.9123629172658001 0.15 0.0876370827341999
v -5.254601488318866 74.88393710750148 9.046339652885065 0.9413876993119273 0.15 0.05861230068807266
v -4.716979284897355 79.94020192590709 8.07582649606451 1.0 0.15 0.0
l 389 390
l 390 391
l 391 392
l 392 393
l 393 394
l 394 395
l 395 396
l 396 397
l 397 398
l 398 399
l 399 400
l 400 401
l 401 402
l 402 403
l 403 404
l 404 405
l 405 406
l 406 407
l 407 408
l 408 409
l 409 410
l 410 411
l 411 412
l 412 413
l 413 414
l 414 415
l 415 416
l 416 417
l 417 418
l 418 419
l 419 420
v -6.699005748102472 0.06272508620139895 6.554964390882634 0.0 0.15 1.0
v -6.963345068973671 2.6021041402259137 6.995792507356118 0.028460536597218845 0.15 0.9715394634027812
v -7.279141688880719 5.1193444989257415 7.521556330232492 0.05613183236288489 0.15 0.9438681676371151
v -7.642791687039239 7.613852057589825 8.119926743881313 0.08224895718435526 0.15 0.9177510428156448
v -8.050438940693912 10.087647061783562 8.773571490450882 0.11281858763101611 0.15 0.8871814123689838
v -8.495333463182677 12.54481594211444 9.464688757292333 0.13738224158861667 0.15 0.8626177584113833
v -8.957731467995673 14.990085933089798 10.185524711002781 0.1606999785242053 0.15 0.8393000214757946
v -9.106276642607247 17.366743631456632 11.16510023753867 0.1949274872238629 0.15 0.8050725127761371
v -9.589887685170178 19.811387985548546 11.873757681971645 0.2362849122439701 0.15 0.7637150877560299
v -10.076065938937809 22.26481034473977 12.550233489861283 0.2762208735617372 0.15 0.7237791264382628
v -10.538184217932413 24.73294456345029 13.188866665793867 0.31199239350626196 0.15 0.688007606493738
v -10.962691229447795 27.22103579632852 13.77366858827042 0.34696057586232626 0.15 0.6530394241376738
v -11.336281481084201 29.73282456604788 14.287266350489224 0.37943400863483756 0.15 0.6205659913651624
v -11.645406783977979 32.26969643856175 14.712333238795255 0.41174218886044184 0.15 0.5882578111395582
v -11.8771269506201 34.830120659837554 15.032031464189284 0.4415023888251498 0.15 0.5584976111748502
v -12.021209548968383 37.40906449471677 15.231510123726022 0.4714015650447563 0.15 0.5285984349552437
v -12.06938699774017 39.99837086355846 15.299369247354905 0.500045390596931 0.15 0.499954609403069
v -12.020230516206748 42.58769402239427 15.232765893158637 0.5286904108188527 0.15 0.4713095891811473
v -11.875110344467247 45.166667630409904 15.034386149579305 0.5585124962983246 0.15 0.44148750370167544
v -11.642432161164619 47.727135089048375 14.715732038974824 0.5881659045786256 0.15 0.4118340954213744
v -11.332374270446605 50.26405505063051 14.291635608747189 0.6206179193090798 0.15 0.37938208069092016
v -10.957957880681384 52.7758925777286 13.77887386539081 0.6529698438376192 0.15 0.34703015616238075
v -10.532738126184077 55.26402171853571 13.194758994673277 0.6880906904161206 0.15 0.3119093095838794
v -10.070044993110521 57.732182096907174 12.556649843249852 0.7238137995990398 0.15 0.2761862004009602
v -9.583348435282316 60.185612710540305 11.88058807081487 0.7638532075129075 0.15 0.23614679248709247
v -9.098590756294977 62.630295453333446 11.17273831989482 0.8052625960891915 0.15 0.19473740391080852
v -8.946036401837985 65.01031273573732 10.195896750132682 0.8395530881164074 0.15 0.1604469118835926
v -8.484857966000945 67.45547956234375 9.47403652020924 0.8628655038007969 0.15 0.13713449619920315
v -8.040399144235918 69.91262812846607 8.78256856799057 0.8874483292566743 0.15 0.11255167074332573
v -7.63337617561566 72.38638939027392 8.128408057730569 0.9179894414501639 0.15 0.08201055854983608
v -7.270469277624089 74.8808541038278 7.529410214773757 0.9441445736125186 0.15 0.05585542638748142
v -6.692041421456098 79.9373865093306 6.561340056018185 1.0 0.15 0.0
l 421 422
l 422 423
l 423 424
l 424 425
l 425 426
l 426 427
l 427 428
l 428 429
l 429 430
l 430 431
l 431 432
l 432 433
l 433 434
l 434 435
l 435 436
l 436 437
l 437 438
l 438 439
l 439 440
l 440 441
l 441 442
l 442 443
l 443 444
l 444 445
l 445 446
l 446 447
l 447 448
l 448 449
l 449 450
l 450 451
l 451 452
v -10.298992025791563 18.54944270418248 9.952873914305435 0.21625495924236302 0.15 0.783745040757637
v -11.04345953569145 20.95771657754085 10.697965476278505 0.2546488393655611 0.15 0.745351160634439
v -11.744644252874952 23.3913005806556 11.401537028356515 0.2923674587774424 0.15 0.7076325412225576
v -12.389391570093526 25.856015204019563 12.048196140870717 0.32763948281241057 0.15 0.6723605171875895
v -12.962310762283108 28.35582445521643 12.623479880736367 0.3614094838059783 0.15 0.6385905161940217
v -13.447630676167533 30.8923142931199 13.111779746062751 0.3939041080856603 0.15 0.6060958919143398
v -13.829694335219882 33.463829097157294 13.497214782799595 0.4255459764557371 0.15 0.5744540235442629
v -14.094351975359503 36.06481104340685 13.76483638349242 0.4558993861228151 0.15 0.5441006138771849
v -14.230287855844788 38.68572054164178 13.902860239556427 0.4853575543190952 0.15 0.5146424456809048
v -14.229790974483388 41.31378767093854 13.903445454748763 0.5147268778656895 0.15 0.4852731221343105
v -14.092864320533007 43.934705649862 13.766567023920713 0.5441852452402307 0.15 0.4558147547597693
v -13.827254503990773 46.53570354472652 13.50004119868566 0.5745450946063684 0.15 0.4254549053936316
v -13.444304847448187 49.107238727780924 13.115619499829009 0.6061969490709961 0.15 0.3938030509290039
v -12.958199546209594 51.64375035229638 12.628211759252581 0.6387067891875656 0.15 0.3612932108124344
v -12.384629810526452 54.14358030722706 12.05366176822045 0.672497754800252 0.15 0.327502245199748
v -11.739396617211273 56.60831181555936 11.40754646251561 0.7077974102270213 0.15 0.29220258977297875
v -11.037896518349722 59.041908054620265 10.704323385381567 0.7455468895751396 0.15 0.2544531104248604
v -10.293331712150326 61.450187540508985 9.959333788156792 0.7839769336624098 0.15 0.21602306633759016
l 453 454
l 454 455
l 455 456
l 456 457
l 457 458
l 458 459
l 459 460
l 460 461
l 461 462
l 462 463
l 463 464
l 464 465
l 465 466
l 466 467
l 467 468
l 468 469
l 469 470
v -8.076953480626496 0.06032333873363975 4.734419895934474 0.0 0.15 1.0
v -8.445304331505534 2.5977327568418622 5.093005129915455 0.02823709749780404 0.15 0.971762902502196
v -8.879991934617872 5.1122694560051825 5.529889692702065 0.05669878279063426 0.15 0.9433012172093658
v -9.37513707708069 7.603282261056556 6.032536187091313 0.08110855173263903 0.15 0.9188914482673609
v -9.926846552101948 10.073525959639882 6.577265969500883 0.10917181387479406 0.15 0.890828186125206
v -10.527103488248903 12.527580941092195 7.143597010631183 0.13561084331762957 0.15 0.8643891566823705
v -11.136910965867061 14.97140054127228 7.741832420969049 0.15913110139109984 0.15 0.8408688986089001
v -11.606597315379641 17.38333124816712 8.534468062574804 0.195863866705637 0.15 0.8041361332943631
v -12.262997708911023 19.8264413541048 9.085601465645512 0.2440998875639363 0.15 0.7559001124360637
v -12.906951202434035 22.27823743042333 9.612382191373433 0.28174667943299353 0.15 0.7182533205670065
v -13.517535812174623 24.744775839953395 10.109035278232607 0.31621885497040264 0.15 0.6837811450295974
v -14.077874633821713 27.231282046384802 10.563236457039316 0.34938518715892597 0.15 0.650614812841074
v -14.570671789314732 29.741424378775037 10.961921019716403 0.3816439529438305 0.15 0.6183560470561695
v -14.97845364582204 32.276618367642904 11.291630891984966 0.41332323583826824 0.15 0.5866767641617318
v -15.284696922716567 34.8352426068883 11.539426915162933 0.4445906254284255 0.15 0.5554093745715745
v -15.47528078631466 37.4123047306067 11.69401542857715 0.47564774109926944 0.15 0.5243522589007306
v -15.54055297713795 39.99966632642583 11.74756059885172 0.5071634719979101 0.15 0.4928365280020899
v -15.47442646134073 42.587031248056164 11.695257026977849 0.5244093309775185 0.15 0.4755906690224815
v -15.282999752224317 45.164103929099994 11.541874404112908 0.5554243382380406 0.15 0.4445756617619594
v -14.975955047422408 47.722743891215444 11.295225894794072 0.5866696284851133 0.15 0.4133303715148867
v -14.567433113924395 50.25795659222967 10.96657259815911 0.6183327627486416 0.15 0.3816672372513584
v -14.073981243344585 52.76811907901245 10.568821881454689 0.6505923383757948 0.15 0.3494076616242052
v -13.513094139179888 55.25464661590577 10.115405115759005 0.6837856197566916 0.15 0.3162143802433084
v -12.902075272117106 57.72120514712224 9.619376703756634 0.7183168128167312 0.15 0.2816831871832688
v -12.25778501387942 60.173018795539534 9.093085987414065 0.7560402301362585 0.15 0.24395976986374146
v -11.600978677558368 62.616149834180035 8.54252726358812 0.8044041124440764 0.15 0.1955958875559236
v -11.128957282453033 65.02855106986169 7.752796395333615 0.8412893483005999 0.15 0.15871065169940013
v -10.518948421898731 67.47245166146634 7.155029552396712 0.8642195122216038 0.15 0.13578048777839624
v -9.919735699507429 69.9267359778727 6.588576275768285 0.891059244047402 0.15 0.108940755952598
v -9.36849373793724 72.39694252034982 6.0432034637379335 0.9192080436808292 0.15 0.0807919563191708
v -8.873921121662114 74.88790716437127 5.539753584972402 0.9435291141130518 0.15 0.05647088588694815
v -8.072157279787643 79.93977365839844 4.742494087583983 1.0 0.15 0.0
l 471 472
l 472 473
l 473 474
l 474 475
l 475 476
l 476 477
l 477 478
l 478 479
l 479 480
l 480 481
l 481 482
l 482 483
l 483 484
l 484 485
l 485 486
l 486 487
l 487 488
l 488 489
l 489 490
l 490 491
l 491 492
l 492 493
l 493 494
l 494 495
l 495 496
l 496 497
l 497 498
l 498 499
l 499 500
l 500 501
l 501 502
v -12.545759576659766 18.762922509153633 7.080799147020395 0.21609261797300577 0.15 0.7839073820269942
v -13.444432687949066 21.147323193422004 7.6038037985532565 0.25691988804570126 0.15 0.7430801119542987
v -14.29067777659304 23.557230685936638 8.096275102773198 0.290617358465277 0.15 0.7093826415347231
v -15.067504968149388 25.998122236092858 8.548651722706516 0.32555738650123134 0.15 0.6744426134987687
v -15.75704483695851 28.47371291714402 8.950681530810126 0.35878543490289755 0.15 0.6412145650971024
v -16.340586255734188 30.985320560204887 9.292020740485343 0.3917349796075328 0.15 0.6082650203924672
v -16.799996114401363 33.53115438578416 9.561086209514952 0.4228646598861745 0.15 0.5771353401138255
v -17.11777294410313 36.10570915630454 9.748156575745877 0.45395802721874673 0.15 0.5460419727812533
v -17.280869824699923 38.699605275204945 9.844775965147589 0.48471317801781433 0.15 0.5152868219821857
v -17.280480671717235 41.300425037549736 9.845422043568275 0.5153542149403686 0.15 0.4846457850596314
v -17.116617251228995 43.894319999673584 9.750077497405016 0.5461234822324195 0.15 0.45387651776758053
v -16.798106195326675 46.46887237294788 9.564229122092804 0.5772388703345297 0.15 0.4227611296654703
v -16.33800986332749 49.01470241493486 9.296307632823313 0.6083691975537435 0.15 0.3916308024462565
v -15.753859244225913 51.526305783597024 8.955984998303926 0.64137111829563 0.15 0.35862888170437
v -15.063822149630978 54.00189122427653 8.554786826665573 0.6746159330507193 0.15 0.3253840669492807
v -14.286592118764753 56.44277767120289 8.103085279320402 0.709590555677704 0.15 0.290409444322296
v -13.440071318942847 58.85268005449919 7.6110776340698525 0.7432930255427952 0.15 0.2567069744572048
v -12.541167572238518 61.23707656980525 7.088460916968939 0.7841999899425447 0.15 0.2158000100574553
l 503 504
l 504 505
l 505 506
l 506 507
l 507 508
l 508 509
l 509 510
l 510 511
l 511 512
l 512 513
l 513 514
l 514 515
l 515 516
l 516 517
l 517 518
l 518 519
l 519 520
v -8.998585235905061 0.05874724005137976 2.5952881730473307 0.0 0.15 1.0
v -9.44647712633723 2.5950602225905763 2.853033298056979 0.026936531221538877 0.15 0.9730634687784612
v -9.966384399822545 5.107952309654425 3.1922001632384975 0.05284357756388464 0.15 0.9471564224361153
v -10.549637814669031 7.5963752091205725 3.6019901421406595 0.08184503412444905 0.15 0.918154965875551
v -11.204029422754427 10.06560802099855 4.020503893133857 0.1083438700446503 0.15 0.8916561299553497
v -11.9211681888194 12.52031798322408 4.421440914727252 0.13552884530640075 0.15 0.8644711546935993
v -12.668596541694578 14.962984234499697 4.838133679906908 0.15865615440033096 0.15 0.841343845599669
v -13.388328935750003 17.38894990163098 5.360455586963778 0.19471678232852632 0.15 0.8052832176714737
v -14.166316184451416 19.831257568941197 5.722049133623219 0.23652632339438398 0.15 0.763473676605616
v -14.925171011178001 22.282320252616817 6.064502889464893 0.275442066861703 0.15 0.724557933138297
v -15.64389196209273 24.74816823762346 6.38654203360795 0.31122804279962035 0.15 0.6887719572003796
v -16.303007735084837 27.23402128977194 6.680631937339639 0.34561613977099553 0.15 0.6543838602290044
v -16.88248391887779 29.74354214231105 6.938527558900087 0.37831799970624197 0.15 0.621682000293758
v -17.361973557528678 32.278150355648435 7.151695887779345 0.4098904690301087 0.15 0.5901095309698914
v -17.722162378819412 34.83622488467049 7.311892931772687 0.44050410636119747 0.15 0.5594958936388026
v -17.946460700295386 37.412762845984474 7.411886449978505 0.47027832767706695 0.15 0.529721672322933
v -18.02344222477968 39.99961360986239 7.446736388723408 0.5000283698740557 0.15 0.49997163012594426
v -17.946013419328814 42.586469757026926 7.4133422932164 0.5297702245225874 0.15 0.4702297754774126
v -17.721258075360552 45.1630239284258 7.314768508541834 0.559543526237107 0.15 0.440456473762893
v -17.360630792804447 47.721121939965165 7.155925493699556 0.5901729945668635 0.15 0.40982700543313655
v -16.880728532272087 50.2557575019349 6.944008564274476 0.6217610778145437 0.15 0.3782389221854563
v -16.300880472116816 52.76530648823056 6.687222413314926 0.6544929622102775 0.15 0.34550703778972247
v -15.6414465984498 55.2511864482221 6.394068055722287 0.688914646689645 0.15 0.31108535331035503
v -14.922469163142381 57.717057071352656 6.072770556581123 0.7247411662239287 0.15 0.2752588337760713
v -14.163408797557688 60.168138684125765 5.730898373724157 0.7637260983891612 0.15 0.23627390161083883
v -13.385250498553313 62.61046111312252 5.3697707456351536 0.8056650599337412 0.15 0.19433494006625884
v -12.6638238211495 65.03717491478547 4.851373831025806 0.8418043715452331 0.15 0.15819562845476687
v -11.91641016069819 67.47986551720062 4.434690863344724 0.8648975123619915 0.15 0.13510248763800847
v -11.1994801358938 69.9345581068348 4.033270238372032 0.892059122599377 0.15 0.10794087740062297
v -10.545422996026614 72.40374352469676 3.6139574117750564 0.9187083213050348 0.15 0.08129167869496523
v -9.962653061631588 74.892080878317 3.202961016374579 0.9476515895593748 0.15 0.052348410440625215
v -8.99621871853361 79.9413214203484 2.6040751623382636 1.0 0.15 0.0
l 521 522
l 522 523
l 523 524
l 524 525
l 525 526
l 526 527
l 527 528
l 528 529
l 529 530
l 530 531
l 531 532
l 532 533
l 533 534
l 534 535
l 535 536
l 536 537
l 537 538
l 538 539
l 539 540
l 540 541
l 541 542
l 542 543
l 543 544
l 544 545
l 545 546
l 546 547
l 547 548
l 548 549
l 549 550
l 550 551
l 551 552
v -13.131951341235421 16.720705005880664 3.469249518062671 0.18265133832107006 0.15 0.8173486616789299
v -14.181423806687407 19.190589025029087 3.7670670803222555 0.2252977180652226 0.15 0.7747022819347774
v -15.189643729902508 21.680721913354795 4.043883486385088 0.26590677760624293 0.15 0.7340932223937571
v -16.133815231162394 24.197716161560137 4.3024864953934365 0.30423732595828756 0.15 0.6957626740417124
v -16.991913351853 26.747446221481255 4.538525333305988 0.3394828936840399 0.15 0.6605171063159601
v -17.741305319868577 29.333637755105922 4.7450020622902 0.3729820439293418 0.15 0.6270179560706581
v -18.358550005595873 31.956972746014586 4.915622249683362 0.40469604265537906 0.15 0.5953039573446209
v -18.82101858234197 34.614244786893 5.043542791209451 0.43608095906409 0.15 0.56391904093591
v -19.108981005162835 37.29783791071665 5.123252001147699 0.4678941627954839 0.15 0.5321058372045161
v -19.208522255037668 39.99607772765905 5.151208964729328 0.49995048354438587 0.15 0.5000495164556141
v -19.109271969751337 42.69434570779037 5.1249324403586725 0.531992534562275 0.15 0.468007465437725
v -18.821493039034024 45.37801293142355 5.046865877523423 0.5639033214815327 0.15 0.43609667851846734
v -18.359153785742688 48.03538491612553 4.920492245086046 0.5952390250679972 0.15 0.4047609749320028
v -17.74199741875165 50.65883090318577 4.751241585771497 0.6270705833151294 0.15 0.37292941668487056
v -16.99264499628823 53.24512678216269 4.5459400127693135 0.6605806556582016 0.15 0.33941934434179843
v -16.13455256493072 55.79494292242453 4.3107912018623145 0.6958582414980916 0.15 0.3041417585019084
v -15.1903528941324 58.31198956135027 4.0527782039549995 0.7342252166957831 0.15 0.2657747833042169
v -14.182076592177738 60.802130851366734 3.7762207159727676 0.7749747900450223 0.15 0.22502520995497766
v -13.132363890725166 63.27203944768125 3.4788472229707406 0.8179286514124541 0.15 0.18207134858754592
l 553 554
l 554 555
l 555 556
l 556 557
l 557 558
l 558 559
l 559 560
l 560 561
l 561 562
l 562 563
l 563 564
l 564 565
l 565 566
l 566 567
l 567 568
l 568 569
l 569 570
l 570 571
v -9.357726994743402 0.05831421688462615 0.0891433379771526 0.0 0.15 1.0
v -9.856452162911369 2.603913753309624 0.20610180311076556 0.025695057576373765 0.15 0.9743049424236262
v -10.450735270632736 5.121855624852308 0.37558711696026387 0.05113596581561599 0.15 0.948864034184384
v -11.087937047983853 7.499032054452193 0.9973651190291906 0.07321204062483681 0.15 0.9267879593751632
v -11.811683798241049 9.97698842552823 1.273753757735134 0.10408309689242108 0.15 0.8959169031075789
v -12.604104757557925 12.44253398308503 1.4633095056132128 0.1315063667479893 0.15 0.8684936332520107
v -13.433706299436688 14.89659569957547 1.6437458244848024 0.15742023376890804 0.15 0.842579766231092
v -14.277734313401847 17.34417714544847 1.8298624737791598 0.1927131485738694 0.15 0.8072868514261307
v -15.124073827519561 19.79486487178881 1.975451316500708 0.2335895801603594 0.15 0.7664104198396406
v -15.946896894185574 22.253915237793674 2.114215361509836 0.2721653925209535 0.15 0.7278346074790465
v -16.725908710895595 24.727666126617663 2.2436026922881407 0.30860010254541526 0.15 0.6913998974545847
v -17.440053974519635 27.221440521156698 2.361214693487499 0.3432645575047136 0.15 0.6567354424952865
v -18.06763530235426 29.738999640673494 2.4634413015738006 0.376499365358375 0.15 0.623500634641625
v -18.586532011205414 32.28175390210459 2.547811593138048 0.40861896916670826 0.15 0.5913810308332917
v -18.97571405338461 34.848093924626134 2.6109821954365553 0.44477650116136813 0.15 0.5552234988386319
v -19.217235104482487 37.43296821605696 2.6504205054758665 0.4771843576403333 0.15 0.5228156423596667
v -19.296573438531677 40.028135381069546 2.66390046695214 0.49572775114565243 0.15 0.5042722488543476
v -19.210785298642993 42.623072123289106 2.650964090821229 0.5276183287259948 0.15 0.4723816712740052
v -18.964597645577204 45.207475531571035 2.612296208179804 0.5599076049371496 0.15 0.44009239506285036
v -18.571266473335132 47.77319459398375 2.5498749649052033 0.593904657505023 0.15 0.40609534249497703
v -18.048813742798508 50.31525495749354 2.4668122005474418 0.6255725714240566 0.15 0.37442742857594336
v -17.418699572636044 52.83217077545858 2.364781977796751 0.6593440026121498 0.15 0.34065599738785024
v -16.702664309184133 55.32546573551278 2.2485221539049243 0.6940494078833571 0.15 0.3059505921166429
v -15.922873727174398 57.79896800045209 2.119194906266628 0.730905157532496 0.15 0.26909484246750404
v -15.100049080778241 60.25804230203875 1.980907662180919 0.7699081692619459 0.15 0.23009183073805406
v -14.254437918343704 62.709076165812895 1.8369692003589662 0.8113575475946969 0.15 0.18864245240530308
v -13.411830822313362 65.15683829411559 1.6539235309048588 0.8462789753019476 0.15 0.15372102469805238
v -12.584945618306033 67.61176152504264 1.4729091044230191 0.8715819816758784 0.15 0.12841801832412159
v -11.796190564573536 70.07832071136903 1.2814186193698607 0.8962795046511448 0.15 0.10372049534885519
v -11.077110568477753 72.55675576513377 0.9987180868574581 0.9293021373506196 0.15 0.07069786264938038
v -10.448779573890587 74.87814597764128 0.3829225970649451 0.9490552998054401 0.15 0.05094470019455988
v -9.355578624922583 79.94159525743436 0.09710244018569023 1.0 0.15 0.0
l 572 573
l 573 574
l 574 575
l 575 576
l 576 577
l 577 578
l 578 579
l 579 580
l 580 581
l 581 582
l 582 583
l 583 584
l 584 585
l 585 586
l 586 587
l 587 588
l 588 589
l 589 590
l 590 591
l 591 592
l 592 593
l 593 594
l 594 595
l 595 596
l 596 597
l 597 598
l 598 599
l 599 600
l 600 601
l 601 602
l 602 603
v -13.388453403456555 16.16118147494723 0.010951650519388973 0.1702391244642459 0.15 0.8297608755357541
v -14.463431479155933 18.623836470522672 0.07165434645793271 0.2144085627959853 0.15 0.7855914372040147
v -15.50552059682037 21.105796627068305 0.0828743467683375 0.25520429032106545 0.15 0.7447957096789346
v -16.49022685073152 23.611048125340925 0.09208101727192856 0.2944142595927158 0.15 0.7055857404072843
v -17.39525825878404 26.14611697079519 0.10047657924574131 0.33032434468072075 0.15 0.6696756553192793
v -18.19671640523575 28.715734964290835 0.10791169094647765 0.3646005971189656 0.15 0.6353994028810344
v -18.871047744438187 31.32151605674474 0.11353537912674681 0.39747829430746334 0.15 0.6025217056925367
v -19.391453403975746 33.962237008080436 0.1179264128125458 0.42917495579634335 0.15 0.5708250442036567
v -19.736935616160498 36.631322836091655 0.1204261056558817 0.46074102100129355 0.15 0.5392589789987065
v -19.89120489608413 39.31811975033024 0.12153042644262929 0.4919093544750835 0.15 0.5080906455249166
v -19.846123303054725 42.00892555141547 0.12131196343727625 0.5229962249299445 0.15 0.47700377507005554
v -19.603374410994537 44.68921237667358 0.11987073667693396 0.5543251267329182 0.15 0.4456748732670818
v -19.17395614020728 47.346142030290096 0.11734498988286389 0.5862218158377722 0.15 0.4137781841622278
v -18.575450773339885 49.97030297005772 0.11304319122136293 0.6181372037304808 0.15 0.38186279626951924
v -17.831617265734387 52.55712489221263 0.1087296389503533 0.6522443486097117 0.15 0.3477556513902883
v -16.96618666016756 55.105934470211736 0.1030250497925226 0.6868688742580565 0.15 0.31313112574194346
v -16.002436549154694 57.6192868213808 0.09828954259927482 0.7242998082407663 0.15 0.27570019175923366
v -14.962917218110704 60.10230662068069 0.09315756356312663 0.7645053523970181 0.15 0.2354946476029819
v -13.868359880966828 62.561546874531416 0.08428842435379888 0.805905804254424 0.15 0.19409419574557596
l 604 605
l 605 606
l 606 607
l 607 608
l 608 609
l 609 610
l 610 611
l 611 612
l 612 613
l 613 614
l 614 615
l 615 616
l 616 617
l 617 618
l 618 619
l 619 620
l 620 621
l 621 622
v -10.391882732982111 7.235811869656863 -0.798206014967774 0.07270819092764191 0.15 0.9272918090723581
v -11.247778690958492 9.699768276001311 -1.0723250886050828 0.10039628406458867 0.15 0.8996037159354113
v -12.15442101869875 12.156593599562148 -1.244189220042303 0.12884166575352782 0.15 0.8711583342464722
v -13.088191950919231 14.603423513856978 -1.4133811676653851 0.1542925753467666 0.15 0.8457074246532335
v -14.018843572357998 17.043995757485693 -1.650843513411787 0.19154566854828187 0.15 0.8084543314517181
v -14.953728470908576 19.49226962896835 -1.7900639258848965 0.23359233593999343 0.15 0.7664076640600066
v -15.8588649701121 21.95239188693091 -1.9170698260093504 0.27175912359103904 0.15 0.728240876408961
v -16.713154158854707 24.431016780209198 -2.035320708464519 0.3081069451785968 0.15 0.6918930548214032
v -17.495333112948828 26.933771931758784 -2.142324102028829 0.34266676021636516 0.15 0.6573332397836349
v -18.183213851527995 29.464526903215088 -2.2354121470456088 0.37599398986458266 0.15 0.6240060101354173
v -18.7540125633355 32.024687318726414 -2.311877046776047 0.4084304554122517 0.15 0.5915695445877482
v -19.185802593928415 34.61232756234339 -2.369148351651657 0.4402652699656464 0.15 0.5597347300343536
v -19.459375261520492 37.22175511080016 -2.4051675126578114 0.47018194345474745 0.15 0.5298180565452526
v -19.56137671083083 39.843714021904624 -2.417893891435526 0.4999925080992157 0.15 0.5000074919007843
v -19.48494803201969 42.46659157653482 -2.40626155059543 0.5286428666583336 0.15 0.4713571333416664
v -19.23495521645911 45.07848244325473 -2.3708642751640947 0.5577345880064046 0.15 0.44226541199359537
v -18.82294520884971 47.669409731913255 -2.313333797415906 0.5876961498295935 0.15 0.4123038501704065
v -18.268885392927306 50.23327355362325 -2.2369283151323405 0.6193423233625125 0.15 0.3806576766374875
v -17.594301787852164 52.767638715408204 -2.1440507821194115 0.6518130640765151 0.15 0.34818693592348493
v -16.821667736986914 55.27338669410291 -2.0376592826484954 0.6870540413991928 0.15 0.3129459586008072
v -15.973069514723537 57.75401465212439 -1.9203491531460917 0.7238080303479613 0.15 0.27619196965203874
v -15.06954185561115 60.214827994961766 -1.795351607735934 0.7634521036219026 0.15 0.23654789637809737
v -14.131672051549714 62.662370428249616 -1.662203179704656 0.8056232532024716 0.15 0.19437674679752837
v -13.194788627471006 65.10079436025599 -1.4243055265431919 0.842389990124499 0.15 0.157610009875501
v -12.251167439295626 67.54378020829064 -1.2541956927940052 0.8682609434616708 0.15 0.13173905653832918
v -11.328752164209947 69.9953314345977 -1.0903339272366404 0.8948795717983473 0.15 0.10512042820165268
v -10.449057724884746 72.45701977802916 -0.8624542588433834 0.9259982276469192 0.15 0.07400177235308081
l 623 624
l 624 625
l 625 626
l 626 627
l 627 628
l 628 629
l 629 630
l 630 631
l 631 632
l 632 633
l 633 634
l 634 635
l 635 636
l 636 637
l 637 638
l 638 639
l 639 640
l 640 641
l 641 642
l 642 643
l 643 644
l 644 645
l 645 646
l 646 647
l 647 648
l 648 649
v -13.212965139186327 16.852304663816476 -3.360252039648003 0.18207083557746662 0.15 0.8179291644225334
v -14.265730737397297 19.30944868970297 -3.6215134327944427 0.22495194580610195 0.15 0.775048054193898
v -15.271135983579159 21.786509719177804 -3.882211568381963 0.26725128820525157 0.15 0.7327487117947484
v -16.21180225357731 24.29054086079886 -4.125727799812643 0.3041411402746368 0.15 0.6958588597253632
v -17.066026428951556 26.827267016508767 -4.3475023519186 0.34010370228401576 0.15 0.6598962977159842
v -17.811747991475404 29.40019935060392 -4.540453168039659 0.37470773653883993 0.15 0.6252922634611601
v -18.425480886310766 32.00990441723645 -4.699769086388459 0.4073496789924054 0.15 0.5926503210075946
v -18.885006082647628 34.653165556513315 -4.818563322119471 0.440872610356381 0.15 0.5591273896436191
v -19.170691047555955 37.322399551773096 -4.892174604617801 0.47410787516348185 0.15 0.5258921248365181
v -19.267432636294533 40.00602621542217 -4.916580201413334 0.49447883988285374 0.15 0.5055211601171463
v -19.1700232223949 42.689609330592106 -4.890411031574738 0.5261872983609954 0.15 0.4738127016390046
v -18.88386235507395 45.358741744023085 -4.8151297787863285 0.559449170403666 0.15 0.44055082959633396
v -18.423928392695302 48.00186220142567 -4.69478960043575 0.5930563984470583 0.15 0.40694360155294174
v -17.809896049843577 50.6114072059725 -4.534010961120623 0.6254512812595752 0.15 0.37454871874042484
v -17.063981013661216 53.18418505765355 -4.339771179113226 0.6602516629387072 0.15 0.3397483370612928
v -16.209631587149996 55.720787245053984 -4.117074228053677 0.6957620557807308 0.15 0.3042379442192692
v -15.268906049077218 58.22474435450346 -3.873033913417955 0.7328123794728371 0.15 0.26718762052716294
v -14.26355607728417 60.701795500986606 -3.61203937245689 0.775827545644366 0.15 0.22417245435563404
v -13.211155033991842 63.15893707149421 -3.350033909044747 0.817348148634186 0.15 0.18265185136581397
l 650 651
l 651 652
l 652 653
l 653 654
l 654 655
l 655 656
l 656 657
l 657 658
l 658 659
l 659 660
l 660 661
l 661 662
l 662 663
l 663 664
l 664 665
l 665 666
l 666 667
l 667 668
v -9.0590981719084 0.059439752654473016 -2.362761886362687 0.0 0.15 1.0
v -9.507349597952624 2.59651201854965 -2.6222521203136027 0.027722523440286508 0.15 0.9722774765597135
v -10.033592438889047 5.1080266206847105 -2.968818467660033 0.0522474787705852 0.15 0.9477525212294148
v -10.622898759007102 7.594989065655342 -3.385273363201094 0.0792335263352132 0.15 0.9207664736647868
v -11.27907090667436 10.065125653436377 -3.801733381518397 0.10959778250486175 0.15 0.8904022174951383
v -12.000491421373058 12.52102000055194 -4.1939511361961035 0.13472151488826986 0.15 0.8652784851117301
v -12.753030913693678 14.96489881819347 -4.599783701728893 0.15849728729134566 0.15 0.8415027127086543
v -13.444777085076822 17.381060392579904 -5.1907073791335705 0.1943009608186728 0.15 0.8056990391813272
v -14.225334449323645 19.824316074069685 -5.547240670787076 0.23650038552977204 0.15 0.763499614470228
v -14.987260495935042 22.27632596210507 -5.883354186039226 0.27569815075686854 0.15 0.7243018492431315
v -15.70931703344369 24.743126748416923 -6.19830005392667 0.31279075326740097 0.15 0.687209246732599
v -16.371548541448988 27.229932808323564 -6.485784782943865 0.346859218736268 0.15 0.653140781263732
v -16.953989461582005 29.740420435607273 -6.737266476581255 0.3797160419565097 0.15 0.6202839580434902
v -17.436028341440622 32.27600531099916 -6.944855624938596 0.41096229844984644 0.15 0.5890377015501536
v -17.798337491960158 34.83506584621679 -7.1002635854112865 0.4422316745983147 0.15 0.5577683254016853
v -18.024247779640497 37.412597563354225 -7.196401331298389 0.47103457224274536 0.15 0.5289654277572546
v -18.102085261574665 40.000438919753016 -7.22893274610407 0.49997163407401346 0.15 0.5000283659259865
v -18.024682954923765 42.58827525625054 -7.194945530708517 0.5289309722826318 0.15 0.47106902771736825
v -17.79922000360824 45.16579163836245 -7.09738778369303 0.5577489598510087 0.15 0.4422510401489913
v -17.437337353420347 47.72482900089817 -6.940629414773225 0.5889835606039309 0.15 0.41101643939606913
v -16.95570056561242 50.26038671381111 -6.731789884745703 0.6202478408427989 0.15 0.37975215915720106
v -16.373619401255816 52.77084636574216 -6.4792059924233065 0.6530540151783409 0.15 0.34694598482165906
v -15.711693002274938 55.25762480361783 -6.190796460849555 0.6871274686229263 0.15 0.3128725313770737
v -14.989864926053988 57.72440251506784 -5.875164110647253 0.7241352509907277 0.15 0.27586474900927227
v -14.228134454262097 60.17639248362358 -5.538475681703315 0.7632401909169764 0.15 0.23675980908302363
v -13.447753043783646 62.61962997344205 -5.181447831257669 0.8053200884716482 0.15 0.19467991152835185
v -12.75771945572997 65.03497496897883 -4.586606618687934 0.8409078295635013 0.15 0.1590921704364987
v -12.00519094164273 67.4788222040486 -4.180673944068761 0.8648518880084849 0.15 0.1351481119915151
v -11.283558297421 69.93472879434299 -3.788912781921779 0.8899642513331557 0.15 0.11003574866684429
v -10.627031752965774 72.4049107874414 -3.3732739318063394 0.9200818239921416 0.15 0.07991817600785844
v -10.036589978229076 74.8917554147299 -2.9577545367463562 0.9473921567110365 0.15 0.05260784328896351
v -9.061318777910225 79.94047409546381 -2.3540368458205707 1.0 0.15 0.0
l 669 670
l 670 671
l 671 672
l 672 673
l 673 674
l 674 675
l 675 676
l 676 677
l 677 678
l 678 679
l 679 680
l 680 681
l 681 682
l 682 683
l 683 684
l 684 685
l 685 686
l 686 687
l 687 688
l 688 689
l 689 690
l 690 691
l 691 692
l 692 693
l 693 694
l 694 695
l 695 696
l 696 697
l 697 698
l 698 699
l 699 700
v -12.579784059628192 18.61736733483929 -6.909884073345311 0.2157994730364726 0.15 0.7842005269635274
v -13.49192812537293 21.01801497980687 -7.426645026847203 0.25482564587672096 0.15 0.745174354123279
v -14.352126695940928 23.444017627861882 -7.912957080958132 0.2929418979215164 0.15 0.7070581020784836
v -15.142584495958799 25.901043949560574 -8.359968013820135 0.3281734808728159 0.15 0.6718265191271842
v -15.845126093671546 28.39301960867297 -8.757061863934641 0.3620930729270347 0.15 0.6379069270729654
v -16.440621437095434 30.921391248602934 -9.093784852437139 0.3946199093992056 0.15 0.6053800906007945
v -16.909676895292534 33.48453362150923 -9.359341365104646 0.42566967352404256 0.15 0.5743303264759574
v -17.234924884913806 36.07686997389542 -9.5434715520142 0.45630620981258696 0.15 0.543693790187413
v -17.401600005972906 38.68896817917531 -9.63776727575372 0.4856712234073836 0.15 0.5143287765926163
v -17.402104146011066 41.3080680042893 -9.637179549933895 0.5142637627410906 0.15 0.48573623725890935
v -17.23640885414912 43.92018735046455 -9.541713045391496 0.5436170161336112 0.15 0.45638298386638876
v -16.912080326573548 46.51255858638436 -9.356436434945174 0.5742243043690342 0.15 0.42577569563096584
v -16.443866872033123 49.07574435532418 -9.089809000662083 0.6052467160000018 0.15 0.3947532839999982
v -15.849101628863403 51.60416244283428 -8.752136881908251 0.6377602279650384 0.15 0.3622397720349616
v -15.147152842896618 54.0961804621465 -8.354252225999753 0.6716632893341848 0.15 0.32833671066581516
v -14.357129787124414 56.553239218301385 -7.9066406032485945 0.7068631720835659 0.15 0.29313682791643414
v -13.497209792928157 58.97926008170802 -7.419913735473121 0.7449375831778465 0.15 0.25506241682215347
v -12.585133971842744 61.379907276274736 -6.903013662616079 0.7839068450060096 0.15 0.2160931549939904
l 701 702
l 702 703
l 703 704
l 704 705
l 705 706
l 706 707
l 707 708
l 708 709
l 709 710
l 710 711
l 711 712
l 712 713
l 713 714
l 714 715
l 715 716
l 716 717
l 717 718
v -8.193091066378654 0.06193930600047881 -4.536395240192587 0.0 0.15 1.0
v -8.561679572442653 2.601134520036592 -4.896664767041992 0.0283466693452791 0.15 0.9716533306547209
v -8.997752379366027 5.117420914316727 -5.334051897505383 0.05566939265525629 0.15 0.9443306073447437
v -9.495213536140314 7.610198570300317 -5.836066742776845 0.08356351487913792 0.15 0.9164364851208621
v -10.051264453936689 10.08230643543222 -6.37751058505315 0.11147746433560692 0.15 0.8885225356643931
v -10.658693208094482 12.53838826649693 -6.9364568092935786 0.1344311040554455 0.15 0.8655688959445544
v -11.293086470828925 14.982415505865186 -7.516382895503036 0.1583596005704286 0.15 0.8416403994295714
v -11.70684101984036 17.36790819462378 -8.383123931940277 0.1942501408837899 0.15 0.8057498591162101
v -12.367156007799347 19.812825740457953 -8.930681633264875 0.23500785171975144 0.15 0.7649921482802485
v -13.016762773327272 22.26643229723246 -9.451927537967011 0.27333343447722613 0.15 0.7266665655227739
v -13.633055694035196 24.734758159048837 -9.943128207669629 0.31487275989196606 0.15 0.6851272401080339
v -14.198961822677257 27.223038208221826 -10.392172331823245 0.34850418882771117 0.15 0.6514958111722888
v -14.69685668428141 29.735011082585423 -10.786075795420862 0.3811881766318485 0.15 0.6188118233681514
v -15.109143499983599 32.272056925508636 -11.111647748904145 0.41318998401318485 0.15 0.5868100159868151
v -15.41896639568548 34.83264006315737 -11.355962382423572 0.44473581032924764 0.15 0.5552641896707524
v -15.612153940405362 37.41172338421158 -11.507951346889698 0.476025558899969 0.15 0.523974441100031
v -15.677507541305314 40.001155104325704 -11.558761525087673 0.5056215311785243 0.15 0.49437846882147574
v -15.61271852805968 42.5905686052454 -11.506490337549996 0.5242267264892498 0.15 0.47577327351075016
v -15.420243875330419 45.169624160730784 -11.353195796254607 0.5554237460210434 0.15 0.4445762539789566
v -15.11106390416998 47.73016399189148 -11.10761373353676 0.5869385232522685 0.15 0.4130614767477315
v -14.699389171409196 50.26716303465276 -10.780891255875973 0.6189094811039065 0.15 0.38109051889609347
v -14.202049000533266 52.77908740227582 -10.385982735827035 0.6515709351001823 0.15 0.34842906489981773
v -13.636627668818058 55.26733175267448 -9.936115571898549 0.6851944972195543 0.15 0.3148055027804457
v -13.020735579514332 57.73563288857992 -9.444280084899187 0.7266083081222668 0.15 0.27339169187773316
v -12.37147004443914 60.189235086994124 -8.922571613482383 0.7649181479316361 0.15 0.23508185206836385
v -11.711647683422314 62.634151996162316 -8.37441041484441 0.805676557586837 0.15 0.19432344241316302
v -11.301525976811918 65.01711220460004 -7.5025596111885795 0.8412739530249481 0.15 0.15872604697505188
v -10.665952618541166 67.46121675927377 -6.924511890918344 0.865260729987353 0.15 0.13473927001264696
v -10.058209992222238 69.9173246203739 -6.366025653661794 0.8882033121449326 0.15 0.11179668785506736
v -9.501708564027076 72.389480077954 -5.825263583036859 0.9161115491394929 0.15 0.08388845086050711
v -9.003698294973539 74.88232100138787 -5.32410943756014 0.9440257201947656 0.15 0.055974279805234395
v -8.197866314204173 79.93791756393281 -4.528368587709282 1.0 0.15 0.0
l 719 720
l 720 721
l 721 722
l 722 723
l 723 724
l 724 725
l 725 726
l 726 727
l 727 728
l 728 729
l 729 730
l 730 731
l 731 732
l 732 733
l 733 734
l 734 735
l 735 736
l 736 737
l 737 738
l 738 739
l 739 740
l 740 741
l 741 742
l 742 743
l 743 744
l 744 745
l 745 746
l 746 747
l 747 748
l 748 749
l 749 750
v -6.687938601485073 0.05986429775217742 -6.541213876609058 0.0 0.15 1.0
v -7.048325699382462 2.6028821595825242 -6.896198306138581 0.027922701062633566 0.15 0.9720772989373664
v -7.457911809294562 5.123867954615321 -7.343078199352068 0.05639457957775297 0.15 0.943605420422247
v -7.91213066901613 7.622009174387962 -7.8685508721157 0.08509681451603628 0.15 0.9149031854839638
v -8.402301219627851 10.100917552501732 -8.45001178008446 0.11094326926807105 0.15 0.8890567307319289
v -8.92613246636569 12.562894578832378 -9.07269949005002 0.13578467088412652 0.15 0.8642153291158735
v -9.470191391964086 15.012853595591082 -9.722769862851004 0.1611822097789521 0.15 0.8388177902210479
v -10.41964002996069 17.347905124454446 -9.930596580817605 0.19133892005829342 0.15 0.8086610799417066
v -11.045701235091816 19.795608205199272 -10.513349214038815 0.23178803245553922 0.15 0.7682119675444607
v -11.645650389624407 22.251494495123026 -11.089689748517655 0.26984656967105153 0.15 0.7301534303289485
v -12.21344578461937 24.72180669470929 -11.636032777797933 0.30551422571673326 0.15 0.6944857742832667
v -12.734551137851009 27.21193375143484 -12.136786702484494 0.3412347614839958 0.15 0.6587652385160042
v -13.192091316661024 29.725618098556467 -12.578047753842084 0.37295405130389403 0.15 0.627045948696106
v -13.570830460716815 32.26439628030009 -12.94332075054842 0.41168112154592557 0.15 0.5883188784540745
v -13.855087295181477 34.82669046044685 -13.218392246372934 0.44222123810208586 0.15 0.5577787618979142
v -14.032542251562335 37.40754146482607 -13.389515941706298 0.47131011019282854 0.15 0.5286898898071715
v -14.094013507632194 39.998772623707815 -13.44809451819312 0.49995620776182115 0.15 0.5000437922381789
v -14.033821344546624 42.59001173621747 -13.388634612679114 0.5286010398985204 0.15 0.47139896010147964
v -13.857577018858125 45.17088851374546 -13.21659740571236 0.5577334282045051 0.15 0.4422665717954949
v -13.574434422499785 47.73321807475004 -12.940666077367476 0.588679655439734 0.15 0.411320344560266
v -13.196707631393206 50.27203159698891 -12.574581976660488 0.6266521296337774 0.15 0.37334787036622263
v -12.740082065577084 52.785746319615264 -12.132556939025848 0.6585455951058524 0.15 0.3414544048941476
v -12.219657145047647 55.27589747021117 -11.631220695993038 0.6941444723887026 0.15 0.3058555276112974
v -11.652444263302831 57.74621870055116 -11.084321587236445 0.7298945603596513 0.15 0.2701054396403487
v -11.052849381729471 60.20209811555006 -10.507600435339661 0.7677896886487602 0.15 0.23221031135123982
v -10.427414911856637 62.649781013365434 -9.924072181718522 0.8081516202214869 0.15 0.1918483797785131
v -9.481920127062546 64.98739074981025 -9.712020110882406 0.8385149984677231 0.15 0.16148500153227685
v -8.936430690239355 67.43743201759138 -9.063182071497131 0.8638965813930962 0.15 0.13610341860690378
v -8.412173192980394 69.89941039079127 -8.44085581130707 0.8886800567922171 0.15 0.11131994320778293
v -7.921352605470157 72.3782957740908 -7.859839240534216 0.916955063105541 0.15 0.08304493689445902
v -7.465940079130063 74.87624704061632 -7.3345569274421205 0.9434840573218348 0.15 0.056515942678165176
v -6.694331231084771 79.94024073176584 -6.534199112696255 1.0 0.15 0.0
l 751 752
l 752 753
l 753 754
l 754 755
l 755 756
l 756 757
l 757 758
l 758 759
l 759 760
l 760 761
l 761 762
l 762 763
l 763 764
l 764 765
l 765 766
l 766 767
l 767 768
l 768 769
l 769 770
l 770 771
l 771 772
l 772 773
l 773 774
l 774 775
l 775 776
l 776 777
l 777 778
l 778 779
l 779 780
l 780 781
l 781 782
v -9.083567735742365 18.506351936656195 -11.066383659759426 0.2159354125566364 0.15 0.7840645874433636
v -9.726993732731593 20.90565553453364 -11.892304044391055 0.25177157092888774 0.15 0.7482284290711123
v -10.337909569965637 23.329547590034043 -12.669561275641046 0.2895301007970385 0.15 0.7104698992029614
v -10.900767522547394 25.783843627791114 -13.38501282643899 0.3252091870473195 0.15 0.6747908129526805
v -11.402152373577998 28.272642109810636 -14.022403865070922 0.3591463425359528 0.15 0.6408536574640472
v -11.828381902724539 30.797612833646205 -14.564707340184668 0.39168551635136084 0.15 0.6083144836486392
v -12.165668574103659 33.3573458103495 -14.994382281642814 0.42315854614007925 0.15 0.5768414538599207
v -12.4016149199974 35.94653388359292 -15.295254940382332 0.45387978665972706 0.15 0.5461202133402729
v -12.526318804514192 38.55596310867005 -15.454092371224705 0.4839080610535674 0.15 0.5160919389464327
v -12.534239525784898 41.17319831729755 -15.463060296947788 0.5135987124221059 0.15 0.48640128757789414
v -12.424194388680982 43.78431994592877 -15.32050336130027 0.543433635156672 0.15 0.456566364843328
v -12.200792231206815 46.37624428993326 -15.033003133148565 0.5736665432511168 0.15 0.42633345674888323
v -11.874713175010664 48.93942196848017 -14.614951419537132 0.6045066831284541 0.15 0.3954933168715459
v -11.457435758635365 51.46793417116151 -14.08208081216035 0.6369486208847609 0.15 0.3630513791152391
v -10.962675725459771 53.959874473759264 -13.451743566581747 0.6708874654459621 0.15 0.3291125345540379
v -10.404110522611962 56.416465588555795 -12.740781735588703 0.7063023990924153 0.15 0.2936976009075847
v -9.794730090227999 58.84138976765864 -11.96554238532162 0.7441133506640151 0.15 0.25588664933598493
v -9.14855895710511 61.240145878155005 -11.140182309212628 0.7838464138348713 0.15 0.2161535861651287
l 783 784
l 784 785
l 785 786
l 786 787
l 787 788
l 788 789
l 789 790
l 790 791
l 791 792
l 792 793
l 793 794
l 794 795
l 795 796
l 796 797
l 797 798
l 798 799
l 799 800
v -4.91883834059028 0.0586224257763702 -7.954944486230465 0.0 0.15 1.0
v -5.174562513191112 2.596662098746489 -8.39120658212646 0.02951652737823309 0.15 0.9704834726217669
v -5.459019626293141 5.113232552081335 -8.92348178422908 0.05807280074841986 0.15 0.9419271992515801
v -5.771378098293428 7.607430916998715 -9.539092751395092 0.08543711047388161 0.15 0.9145628895261184
v -6.109058043841218 10.080977086616537 -10.221296824548142 0.11274852539607746 0.15 0.8872514746039225
v -6.467100596886991 12.53759782650116 -10.952604069140957 0.1384739319640597 0.15 0.8615260680359403
v -6.854503414264201 14.982620233202198 -11.705904803503277 0.16145680383199595 0.15 0.8385431961680041
v -7.60888326109215 17.38967608725624 -12.240363747556465 0.19545323521618735 0.15 0.8045467647838127
v -8.06112273516259 19.83255559302671 -12.965309375729763 0.2351783453516086 0.15 0.7648216546483915
v -8.490348522431576 22.283916500722018 -13.675616923981682 0.2730667712204351 0.15 0.7269332287795649
v -8.896588817170297 24.74990551866133 -14.34767324996202 0.30901851489508647 0.15 0.6909814851049135
v -9.268142203499727 27.235752120612275 -14.964147648597349 0.3433490874947611 0.15 0.6566509125052389
v -9.594514830690189 29.745132461653547 -15.506052529241128 0.37632807819915814 0.15 0.6236719218008419
v -9.863654076846437 32.27946783901433 -15.95492152130266 0.40821645363992204 0.15 0.591783546360078
v -10.065395139928222 34.83715530719894 -16.2923923990448 0.44356220989934764 0.15 0.5564377901006523
v -10.190970773133664 37.413219204950956 -16.502666428369423 0.47510719376447114 0.15 0.5248928062355289
v -10.234530751804169 39.99954829067123 -16.57477384498369 0.5070506109483239 0.15 0.49294938905167607
v -10.192295387949223 42.585879470555135 -16.501981682802 0.5247642048885175 0.15 0.4752357951114825
v -10.068002446870542 45.16195023760551 -16.2910206494986 0.5562308890203277 0.15 0.4437691109796723
v -9.867490755097085 47.719648690581195 -15.952891860013217 0.5916049326838998 0.15 0.4083950673161002
v -9.599466858652912 50.25399673231626 -15.5034195550144 0.6234668748237353 0.15 0.3765331251762647
v -9.274112417177713 52.763389722381 -14.960955323837277 0.6564217812416691 0.15 0.34357821875833094
v -8.903362689532978 55.249247748373186 -14.34403672883539 0.6907341218747907 0.15 0.30926587812520934
v -8.49780089609276 57.71524604672596 -13.671594748867884 0.726674942976916 0.15 0.27332505702308396
v -8.069063373143333 60.16661297709602 -12.961000508123202 0.7645591998831223 0.15 0.23544080011687774
v -7.617273548991199 62.609493535883786 -12.235774181181279 0.804281441148309 0.15 0.19571855885169098
v -6.866476077838888 65.01738946265388 -11.698787162704635 0.8383560329317439 0.15 0.16164396706825612
v -6.4789547234889 67.46241502045042 -10.945555652195525 0.8613429858889688 0.15 0.13865701411103115
v -6.120470637612156 69.91904680967896 -10.214504741038434 0.8870572506292781 0.15 0.1129427493707219
v -5.782142719234751 72.39260750091394 -9.532674950292131 0.9143864002807337 0.15 0.0856135997192663
v -5.468989056372339 74.88681860398114 -8.917519900694138 0.9417662192838372 0.15 0.05823378071616281
v -4.927013327133556 79.94143039531309 -7.949993291185892 1.0 0.15 0.0
l 801 802
l 802 803
l 803 804
l 804 805
l 805 806
l 806 807
l 807 808
l 808 809
l 809 810
l 810 811
l 811 812
l 812 813
l 813 814
l 814 815
l 815 816
l 816 817
l 817 818
l 818 819
l 819 820
l 820 821
l 821 822
l 822 823
l 823 824
l 824 825
l 825 826
l 826 827
l 827 828
l 828 829
l 829 830
l 830 831
l 831 832
v -5.789358696006277 16.86763898743778 -12.349916992903626 0.18217819361708404 0.15 0.8178218063829159
v -6.1694890299700775 19.32133484214278 -13.368540518913129 0.2253711528374646 0.15 0.7746288471625354
v -6.5776730067098175 21.796905400765606 -14.323620052326614 0.26630940478244264 0.15 0.7336905952175574
v -6.96031153525736 24.299502648577622 -15.216657724152395 0.30410949503725665 0.15 0.6958905049627433
v -7.307756149208599 26.834825680148167 -16.027741875039712 0.33956371555728887 0.15 0.6604362844427112
v -7.610746005567114 29.40637932843998 -16.735726145120317 0.3730396109646252 0.15 0.6269603890353748
v -7.859676778352809 32.01471657976476 -17.318701748092966 0.40510253363274684 0.15 0.5948974663672532
v -8.04572890663833 34.65661622141726 -17.755188727951143 0.4364616828904849 0.15 0.5635383171095151
v -8.161758677865695 37.324495682203235 -18.02627908097812 0.4683154232195337 0.15 0.5316845767804663
v -8.201410015866083 40.00676587041386 -18.11770506240701 0.5000701896176597 0.15 0.4999298103823403
v -8.16267653551765 42.688985708668035 -18.02451531579851 0.5318332243060636 0.15 0.4681667756939364
v -8.047621281131388 45.35674668966636 -17.751891887441243 0.5636968278701947 0.15 0.4363031721298053
v -7.86258845337682 47.99848020822891 -17.313969460382694 0.5948430810688544 0.15 0.4051569189311456
v -7.614568975144861 50.606628496472155 -16.729765239185582 0.6269556026303433 0.15 0.37304439736965667
v -7.312329824522409 53.17799965236535 -16.02080674120027 0.6603103943398135 0.15 0.33968960566018647
v -6.965516915737214 55.713174508314665 -15.208995053638848 0.6957510019948037 0.15 0.30424899800519634
v -6.583270052690924 58.21568135249125 -14.315539655674867 0.7335346268451197 0.15 0.2664653731548803
v -6.1752295324255675 60.691234679292414 -13.360362285851474 0.774486095524894 0.15 0.225513904475106
v -5.795110974899551 63.14502901987818 -12.3419022668669 0.8176210709085706 0.15 0.1823789290914294
l 833 834
l 834 835
l 835 836
l 836 837
l 837 838
l 838 839
l 839 840
l 840 841
l 841 842
l 842 843
l 843 844
l 844 845
l 845 846
l 846 847
l 847 848
l 848 849
l 849 850
l 850 851
v -4.244021159821822 18.55910439100192 -13.539437006150198 0.2150500060526329 0.15 0.7849499939473671
v -4.561636433594262 20.854782614840083 -14.60892771024782 0.2536056659616974 0.15 0.7463943340383026
v -4.854808520091981 23.187249808589346 -15.603012710970209 0.2899107180352455 0.15 0.7100892819647545
v -5.119560757216781 25.559954077109783 -16.5054371640618 0.32441786694819585 0.15 0.6755821330518041
v -5.35059075796077 27.974730320314762 -17.298681633042374 0.35739462308229397 0.15 0.642605376917706
v -5.542486502487361 30.431091524851425 -17.964098187827975 0.3890912443267834 0.15 0.6109087556732167
v -5.690119763543863 32.92545801533499 -18.482938968795626 0.4197610489928608 0.15 0.5802389510071392
v -5.789315547664976 35.45053871566292 -18.838537888510142 0.4496668422483696 0.15 0.5503331577516304
v -5.837465406799326 37.995552764848156 -19.01879711296499 0.4790836082242015 0.15 0.5209163917757985
v -5.833912027542803 40.54737270961029 -19.018624942864673 0.5082974894511672 0.15 0.49170251054883285
v -5.780106182975721 43.09253985539324 -18.841801096322637 0.5376003349004066 0.15 0.4623996650995934
v -5.679478780855979 45.61963809017548 -18.50093030800827 0.5672816132909085 0.15 0.43271838670909146
v -5.537116007397012 48.121084492597916 -18.01538864860688 0.597621738635877 0.15 0.402378261364123
v -5.359355774264532 50.59377513550368 -17.408613843844943 0.6288897866824524 0.15 0.37111021331754757
v -5.153307131090021 53.03876325312639 -16.705702389355533 0.6613457650834142 0.15 0.33865423491658575
v -4.926315143593769 55.46031409007345 -15.931432150504609 0.6952468654922788 0.15 0.30475313450772124
v -4.685718632527374 57.86485311814396 -15.109528941978766 0.7308624093502404 0.15 0.2691375906497596
v -4.438609691490848 60.26008102695018 -14.262694643489006 0.7685404036301766 0.15 0.23145959636982338
v -4.179535514744782 62.654497403218805 -13.41740458460835 0.8091774331198908 0.15 0.19082256688010923
v -3.7040140651411373 65.044679171769 -12.661467212438202 0.8400265233064885 0.15 0.15997347669351147
v -3.5190629141219483 67.46240494670784 -11.864665112446986 0.8638965860388147 0.15 0.1361034139611853
v -3.371031090026517 69.9025399151702 -11.130741002428008 0.8888583191616379 0.15 0.11114168083836207
v -3.2447890479606025 72.36890702646583 -10.486012795105768 0.9157495830286195 0.15 0.08425041697138047
v -3.144076562848717 74.86377667129564 -9.957468412762598 0.9435161747380473 0.15 0.056483825261952725
v -3.0713245656256216 77.3855636752569 -9.571901920994481 0.9716048217588453 0.15 0.028395178241154673
v -3.02723571774854 79.92764081948097 -9.350358962321618 1.0 0.15 0.0
l 852 853
l 853 854
l 854 855
l 855 856
l 856 857
l 857 858
l 858 859
l 859 860
l 860 861
l 861 862
l 862 863
l 863 864
l 864 865
l 865 866
l 866 867
l 867 868
l 868 869
l 869 870
l 870 871
l 871 872
l 872 873
l 873 874
l 874 875
l 875 876
l 876 877
v -3.147414555419614 0.09325337599793859 -9.335948079355532 0.0 0.15 1.0
v -3.1294433014120626 2.646474685268973 -9.56646759797192 0.02837065823408123 0.15 0.9716293417659188
v -3.1351326845845384 5.178815465092672 -9.96615259787763 0.05686497386248376 0.15 0.9431350261375162
v -3.164935840730219 7.683348036300079 -10.513383295890451 0.08550919830651375 0.15 0.9144908016934863
v -3.2176891613207332 10.15892409259956 -11.178627221785817 0.1122735638086704 0.15 0.8877264361913296
v -3.290406760308282 12.60738320984771 -11.936147274569333 0.13643663682052573 0.15 0.8635633631794742
v -3.413768897326845 15.033748074094627 -12.753653723315834 0.16012647485067558 0.15 0.8398735251493245
v -2.8125934182099175 17.04931323433216 -13.636859953895657 0.1719862165296639 0.15 0.828013783470336
v -2.762434205998495 19.43862394639872 -14.537290522212054 0.2153515187740057 0.15 0.7846484812259943
v -2.8592826868328407 21.842887876257436 -15.423179909086217 0.25659526894618157 0.15 0.7434047310538184
v -2.9574193500112353 24.25524282451029 -16.286564156885877 0.2950421738960836 0.15 0.7049578261039164
v -3.0511418596039164 26.683842508984633 -17.103541137454517 0.3310293860175905 0.15 0.6689706139824094
v -3.136956744288997 29.135634094783807 -17.848790698915234 0.365006187072082 0.15 0.634993812927918
v -3.2102309351033913 31.615424657107187 -18.49604950420976 0.3935045397927345 0.15 0.6064954602072655
v -3.2675358456422985 34.12471944576138 -19.018760123346663 0.4249319697092095 0.15 0.5750680302907905
v -3.3059579525972578 36.66079115918474 -19.391854553034133 0.45580230278574857 0.15 0.5441976972142515
v -3.323379005252002 39.21623815476599 -19.594397331688384 0.48632886448219254 0.15 0.5136711355178074
v -3.3182225264078467 41.77959998423577 -19.612849650057637 0.5167653549614236 0.15 0.4832346450385764
v -3.289818174976528 44.33719583725125 -19.442533106098402 0.5471097900469651 0.15 0.45289020995303486
v -3.238441881980937 46.87553397780878 -19.088195747014662 0.5779793792660354 0.15 0.4220206207339646
v -3.1655958426658 49.38353100052008 -18.56230931270356 0.609979192987759 0.15 0.39002080701224096
v -3.0736871307680014 51.85363092148989 -17.882114545550372 0.6420831065863858 0.15 0.3579168934136142
v -2.965719268548681 54.282083384528946 -17.067272285655427 0.6697308666765672 0.15 0.3302691333234328
v -2.8448926881466794 56.66841370818245 -16.137577566801426 0.7052898319882571 0.15 0.2947101680117429
v -2.7133957300832647 59.01454200323055 -15.111780177056872 0.7433499071934233 0.15 0.2566500928065767
v -2.5748551237954165 61.32404538733202 -14.006717082663211 0.7845059952620903 0.15 0.2154940047379097
l 878 879
l 879 880
l 880 881
l 881 882
l 882 883
l 883 884
l 884 885
l 885 886
l 886 887
l 887 888
l 888 889
l 889 890
l 890 891
l 891 892
l 892 893
l 893 894
l 894 895
l 895 896
l 896 897
l 897 898
l 898 899
l 899 900
l 900 901
l 901 902
l 902 903
v 0.27044100686874595 16.38373580435327 -13.586214265774768 0.17325091185794356 0.15 0.8267490881420565
v -0.6527329607719767 0.056732742366647215 -9.331444222234722 0.0 0.15 1.0
v -0.6513669225341493 2.592792584966006 -9.837700365727558 0.030220876822765818 0.15 0.9697791231772341
v -0.6344978217172889 5.10734698435075 -10.441558346319573 0.05929299010411039 0.15 0.9407070098958896
v -0.6083436653562581 7.5996517215153 -11.131377553080933 0.08695322564553348 0.15 0.9130467743544666
v -0.5794537800350908 10.071480745140828 -11.891389809639383 0.1137999615086335 0.15 0.8862000384913665
v -0.5502802275521501 12.526522819268811 -12.704066207546424 0.13978557523161372 0.15 0.8602144247683863
v -0.52938297169256 14.9701855449485 -13.550526998571577 0.16434587270669165 0.15 0.8356541272933083
v -0.7011225711090293 17.405983060954416 -14.400496722535413 0.1872791732323642 0.15 0.8127208267676358
v -0.724763802035865 19.847079750579763 -15.254376931013873 0.22798222190788842 0.15 0.7720177780921116
v -0.741276878650221 22.296631411464443 -16.083866887210927 0.2828790153843691 0.15 0.7171209846156309
v -0.7573792877024168 24.760869178264176 -16.86854609923376 0.31717871141845666 0.15 0.6828212885815433
v -0.7720332564982686 27.244995560610473 -17.58761561947554 0.35034713105911147 0.15 0.6496528689408885
v -0.784377124051296 29.752647259438927 -18.219505957004127 0.3823830744122597 0.15 0.6176169255877403
v -0.7939177552461847 32.28523919189075 -18.742241861564498 0.4138158248169468 0.15 0.5861841751830532
v -0.8005774080479466 34.8411538530662 -19.134899425300468 0.44484966161502054 0.15 0.5551503383849794
v -0.8046378310351925 37.415415309554454 -19.379452399378675 0.47564584932199006 0.15 0.52435415067801
v -0.8064981920023159 39.99991475640127 -19.463527238541047 0.4928127264478269 0.15 0.5071872735521731
v -0.8061473931721035 42.584412747648194 -19.37938956972869 0.5242712306880597 0.15 0.4757287693119403
v -0.803561733397101 45.158670767645916 -19.13477995516699 0.5550825750606038 0.15 0.44491742493939623
v -0.7983061805966131 47.71457997254281 -18.74206644609439 0.5861408256726279 0.15 0.41385917432737207
v -0.7900613789480021 50.24716564805785 -18.219279562594764 0.6175941099722763 0.15 0.38240589002772374
v -0.7788659523228038 52.75481049458747 -17.587344691403544 0.6496372086980036 0.15 0.35036279130199643
v -0.7651799561162834 55.23893059625152 -16.868237953790647 0.6827972264629086 0.15 0.31720277353709136
v -0.7498537115615607 57.70316263491064 -16.083528588221082 0.7170560465544791 0.15 0.2829439534455209
v -0.7339574410126521 60.152710133235374 -15.254013098505933 0.755083024122501 0.15 0.24491697587749905
v -0.7111300164948486 62.593803036682054 -14.400093933263722 0.8036475417591132 0.15 0.19635245824088676
v -0.5429165520544692 65.02974557554722 -13.549896766328732 0.8355096322937916 0.15 0.1644903677062084
v -0.5641166634773553 67.47340396276245 -12.703419585692988 0.8600915151730814 0.15 0.13990848482691864
v -0.5928115991598236 69.92845667555859 -11.890760958113546 0.8860807564968343 0.15 0.11391924350316573
v -0.6209533449961794 72.40030280296946 -11.130776237241022 0.9129461889571376 0.15 0.08705381104286236
v -0.6461670360991351 74.89262739163087 -10.44099331470684 0.940604074722819 0.15 0.05939592527718096
v -0.6622717186949789 79.94326754810835 -9.33096466068905 1.0 0.15 0.0
l 905 906
l 906 907
l 907 908
l 908 909
l 909 910
l 910 911
l 911 912
l 912 913
l 913 914
l 914 915
l 915 916
l 916 917
l 917 918
l 918 919
l 919 920
l 920 921
l 921 922
l 922 923
l 923 924
l 924 925
l 925 926
l 926 927
l 927 928
l 928 929
l 929 930
l 930 931
l 931 932
l 932 933
l 933 934
l 934 935
l 935 936
v 1.1275541645752327 19.01842603087264 -14.44857202822585 0.21626559627024153 0.15 0.7837344037297584
v 1.2467794976576618 21.50514090661478 -15.540590347922697 0.2591938286925135 0.15 0.7408061713074865
v 1.3560665974968278 24.023642859498775 -16.558120342290586 0.29778755773160137 0.15 0.7022124422683986
v 1.4557373435663958 26.57932317167496 -17.479174269646883 0.3349304472191854 0.15 0.6650695527808146
v 1.5440431335040967 29.175331792619737 -18.280513799076694 0.370257087778402 0.15 0.6297429122215981
v 1.618073862467125 31.811713610041277 -18.938198449884815 0.4041537661513294 0.15 0.5958462338486705
v 1.67468926311034 34.48445605374201 -19.429144630166302 0.43698401768799566 0.15 0.5630159823120043
v 1.7106649399045968 37.18506463049244 -19.73361078314799 0.46911122743742095 0.15 0.530888772562579
v 1.7232725199682097 39.90100424765324 -19.837885590802923 0.4994742763654699 0.15 0.5005257236345301
v 1.7117498022528057 42.61706150640359 -19.73518955881109 0.5293820717346136 0.15 0.4706179282653864
v 1.6768413981248163 45.31795037884774 -19.43225701669123 0.5603664605810327 0.15 0.4396335394189673
v 1.6206806038702346 47.99188045497691 -18.94751448319808 0.593073168332759 0.15 0.406926831667241
v 1.5465735220433796 50.63147878413328 -18.302736286522308 0.6267965891058978 0.15 0.37320341089410225
v 1.4574796292081562 53.23398290855509 -17.5227240419783 0.6618917740467452 0.15 0.33810822595325485
v 1.3558663349632547 55.80069580659926 -16.633021129715587 0.6987307667580931 0.15 0.3012692332419069
v 1.2435242122423096 58.33600048093001 -15.658369012449299 0.7377180098797002 0.15 0.26228199012029985
v 1.1210073531352598 60.846430160109385 -14.62233845871061 0.7791235726982613 0.15 0.22087642730173873
v 0.9161771878689892 63.33394701946819 -13.553127420858345 0.818429439672251 0.15 0.181570560327749
l 937 938
l 938 939
l 939 940
l 940 941
l 941 942
l 942 943
l 943 944
l 944 945
l 945 946
l 946 947
l 947 948
l 948 949
l 949 950
l 950 951
l 951 952
l 952 953
l 953 954
v 1.5991142314368805 0.05652529154596535 -9.22018672488624 0.0 0.15 1.0
v 1.734976407454745 2.5922782866725367 -9.709491360737333 0.028964611628899125 0.15 0.9710353883711009
v 1.9104635812297373 5.106112426934851 -10.290685169480025 0.05813619090711042 0.15 0.9418638090928896
v 2.116323952456566 7.59734981230913 -10.953654948239452 0.08661676988639735 0.15 0.9133832301136027
v 2.3345327134127976 10.0684490823646 -11.68476802246112 0.11386112437398332 0.15 0.8861388756260167
v 2.5491881296177037 12.524159434310498 -12.46707371378323 0.13915484379633364 0.15 0.8608451562036663
v 2.780878513777972 14.968269247768575 -13.280234599808692 0.16405026181551385 0.15 0.8359497381844861
v 2.9405946616111107 17.406191135086765 -14.125445353113188 0.19591974084295713 0.15 0.8040802591570428
v 3.141155043691204 19.84718868600556 -14.956059543190866 0.2371550690879254 0.15 0.7628449309120746
v 3.339055935939336 22.29670912667876 -15.7618251872054 0.2759892692561908 0.15 0.7240107307438093
v 3.525895872331305 24.760922541548755 -16.524140865218193 0.3130150297214882 0.15 0.6869849702785118
v 3.6965475514977033 27.245035407921502 -17.22282496484822 0.3471428205897273 0.15 0.6528571794102727
v 3.847294482397717 29.752687628384802 -17.836560102119495 0.3802577582887361 0.15 0.6197422417112639
v 3.9727776371885715 32.28529067675808 -18.344034884228876 0.4112535411421544 0.15 0.5887464588578456
v 4.067682104659897 34.84121787181605 -18.72503251642262 0.44228702897728966 0.15 0.5577129710227103
v 4.127461130875317 37.415489301773135 -18.96214527374139 0.4713431385996601 0.15 0.52865686140034
v 4.147609525326056 39.99999622981248 -19.04378223053569 0.49995910171924673 0.15 0.5000408982807533
v 4.126000502356925 42.58450317965402 -18.962519761991228 0.5285743377023897 0.15 0.4714256622976103
v 4.064794727773749 45.158776343395886 -18.72578595869697 0.5576294770887812 0.15 0.4423705229112188
v 3.968528643783167 47.714705320983654 -18.345138023213817 0.5886543389369486 0.15 0.41134566106305137
v 3.841774136918371 50.247310198759955 -17.83798571422502 0.6196356314295901 0.15 0.3803643685704099
v 3.689904673037999 52.75496374598964 -17.224529546185185 0.6527656342470965 0.15 0.34723436575290345
v 3.5182973052714126 55.23907717147627 -16.526076480442264 0.6868907037581121 0.15 0.3131092962418879
v 3.3307174332344265 57.70328901754624 -15.763930563798926 0.723919914397356 0.15 0.27608008560264397
v 3.1321889911936567 60.152804828073364 -14.958300026527958 0.762715811283503 0.15 0.23728418871649704
v 2.931036765901613 62.593795696771274 -14.127803058594454 0.8039868562608297 0.15 0.19601314373917034
v 2.7673576087565133 65.0319426485044 -13.283458043194736 0.8357795297234506 0.15 0.1642204702765494
v 2.5358410466364547 67.47604653940678 -12.470222265539606 0.8606346761103569 0.15 0.13936532388964307
v 2.3213828440434106 69.9317232117705 -11.687754083057328 0.8875954436689444 0.15 0.11240455633105562
v 2.1037844600186717 72.40259763725258 -10.955720889760919 0.9133961438720679 0.15 0.08660385612793209
v 1.8988955015811062 74.89385440186838 -10.29252654811814 0.9418859716967228 0.15 0.058114028303277165
v 1.589649205344189 79.94346046757504 -9.221506919121705 1.0 0.15 0.0
l 955 956
l 956 957
l 957 958
l 958 959
l 959 960
l 960 961
l 961 962
l 962 963
l 963 964
l 964 965
l 965 966
l 966 967
l 967 968
l 968 969
l 969 970
l 970 971
l 971 972
l 972 973
l 973 974
l 974 975
l 975 976
l 976 977
l 977 978
l 978 979
l 979 980
l 980 981
l 981 982
l 982 983
l 983 984
l 984 985
l 985 986
v 4.44375810016958 16.756032588664166 -12.84960847951221 0.18207753890995343 0.15 0.8179224610900466
v 4.81474385695048 19.21954276277857 -13.872171776860666 0.22564493276298983 0.15 0.7743550672370102
v 5.187174051143612 21.706286647092114 -14.84707119592468 0.2656756369417295 0.15 0.7343243630582705
v 5.535632751838206 24.219887107733992 -15.75983478594658 0.3045810518360542 0.15 0.6954189481639458
v 5.8516338519708775 26.766196698450113 -16.589781805026636 0.33983974426592106 0.15 0.6601602557340789
v 6.127895244463377 29.34888441461091 -17.314462446841695 0.37350432949879037 0.15 0.6264956705012097
v 6.3574762505151226 31.968609871086212 -17.910688148594584 0.40725921323489117 0.15 0.5927407867651089
v 6.53023188048292 34.62216296186452 -18.35710662864116 0.44051200774715915 0.15 0.5594879922528408
v 6.638180424643686 37.301945881669525 -18.634912585284336 0.4738396549980912 0.15 0.5261603450019088
v 6.6750801649867615 39.99631990022795 -18.73115069868848 0.5070029035100044 0.15 0.49299709648999557
v 6.636986041654598 42.69071928798301 -18.636020966428497 0.5259098216631707 0.15 0.4740901783368293
v 6.527854709097933 45.37056558725284 -18.359229467245413 0.5591520523627458 0.15 0.4408479476372542
v 6.353921301800033 48.024200716422364 -17.913736101908565 0.5925042015527512 0.15 0.4074957984472488
v 6.123198062721825 50.644014947679324 -17.31834094406088 0.6261144537523478 0.15 0.37388554624765225
v 5.845954920439716 53.22678745457628 -16.594337830854325 0.6600787697527666 0.15 0.3399212302472334
v 5.529158949664115 55.77316431445195 -15.764898798309359 0.695243036879499 0.15 0.30475696312050105
v 5.180112341246712 58.28680454260734 -14.852459403965515 0.73423716673975 0.15 0.26576283326024996
v 4.80732479594961 60.77355013749828 -13.877690178408733 0.7742623527173151 0.15 0.22573764728268486
v 4.434421119187938 63.23720403562784 -12.855646241438123 0.8178359357531269 0.15 0.18216406424687315
l 987 988
l 988 989
l 989 990
l 990 991
l 991 992
l 992 993
l 993 994
l 994 995
l 995 996
l 996 997
l 997 998
l 998 999
l 999 1000
l 1000 1001
l 1001 1002
l 1002 1003
l 1003 1004
l 1004 1005
v 7.101653415143262 17.74643312763191 -12.185962392974442 0.1980778219821782 0.15 0.8019221780178218
v 3.7555274501912583 0.05863519372805495 -8.569236186949196 0.0 0.15 1.0
v 4.017702227797658 2.596009660181749 -9.004585257277832 0.0311277019126888 0.15 0.9688722980873112
v 4.343721665309849 5.111499618506316 -9.516962387518634 0.060613820114346885 0.15 0.9393861798856531
v 4.72814609577301 7.604133834585557 -10.09633584407352 0.08796015325811976 0.15 0.9120398467418802
v 5.148185248876401 10.076145734570686 -10.73629128392286 0.11353151285390393 0.15 0.886468487146096
v 5.441177163462609 12.531395179460382 -11.494508900320191 0.13985836104146768 0.15 0.8601416389585324
v 5.8839560251227185 14.972785711396844 -12.218439720114542 0.167790221432751 0.15 0.832209778567249
v 6.481546015308491 17.395967795843156 -12.878858736961169 0.19309527714659686 0.15 0.8069047228534032
v 6.801664137239869 19.836044159261565 -13.671349707844067 0.23633275851309307 0.15 0.7636672414869069
v 7.210078797907011 22.28659661521685 -14.395913592363602 0.27367371222415615 0.15 0.7263262877758438
v 7.5862368349944305 24.752089383606478 -15.086442678388163 0.30862547397551515 0.15 0.6913745260244848
v 7.929621852631138 27.23752384284088 -15.720001266689833 0.34807199879985673 0.15 0.6519280012001433
v 8.233385826244469 29.746521336283735 -16.275859185418266 0.38122485929233435 0.15 0.6187751407076656
v 8.48592455759907 32.280534559181135 -16.735153076690633 0.4115783379282146 0.15 0.5884216620717855
v 8.676578802057684 34.83796083174907 -17.079735935960777 0.4423145898284901 0.15 0.5576854101715099
v 8.795108434354574 37.41382639574776 -17.294488110699053 0.4713597693022421 0.15 0.5286402306977579
v 8.8354100536672 39.99998917409216 -17.36855716274445 0.4999660882527535 0.15 0.5000339117472465
v 8.793743387872777 42.5861488796107 -17.29513938736534 0.5285722185193972 0.15 0.4714277814806028
v 8.673880946651998 45.162005728970016 -17.081023153834177 0.557616836478319 0.15 0.44238316352168106
v 8.481949698605472 47.71941867163771 -16.73705196700727 0.5883606847224141 0.15 0.4116393152775859
v 8.228230770063794 50.25341637999885 -16.278325254608525 0.6187044291853179 0.15 0.3812955708146821
v 7.9234324818085975 52.762397880263634 -15.72296603386983 0.6522156100843958 0.15 0.34778438991560423
v 7.579161276344208 55.24781743018381 -15.089835336552005 0.6913452363559682 0.15 0.30865476364403177
v 7.20231702830603 57.71329668871439 -14.399637867509592 0.7262833015782518 0.15 0.2737166984217482
v 6.793460734546734 60.16383432703712 -13.675288719311608 0.7636021560568403 0.15 0.23639784394315966
v 6.471807191397074 62.60396464512707 -12.883497431059663 0.8068392668171058 0.15 0.19316073318289417
v 5.872323405655688 65.02695281298912 -12.224051940418736 0.8321267988410039 0.15 0.16787320115899607
v 5.429506896069316 67.46837365546459 -11.50011787161286 0.8600881788115305 0.15 0.13991182118846945
v 5.135644575390888 69.92368929419898 -10.742279891294595 0.8863952080492816 0.15 0.11360479195071838
v 4.7166358325413515 72.3957444349812 -10.101816381261624 0.9119822795807282 0.15 0.0880177204192718
v 4.333174639307182 74.88841808838535 -9.521972926825383 0.9393069442357942 0.15 0.060693055764205806
v 3.7469246428579472 79.94133334817687 -8.573314566102592 1.0 0.15 0.0
l 1007 1008
l 1008 1009
l 1009 1010
l 1010 1011
l 1011 1012
l 1012 1013
l 1013 1014
l 1014 1015
l 1015 1016
l 1016 1017
l 1017 1018
l 1018 1019
l 1019 1020
l 1020 1021
l 1021 1022
l 1022 1023
l 1023 1024
l 1024 1025
l 1025 1026
l 1026 1027
l 1027 1028
l 1028 1029
l 1029 1030
l 1030 1031
l 1031 1032
l 1032 1033
l 1033 1034
l 1034 1035
l 1035 1036
l 1036 1037
l 1037 1038
v 8.286848243930654 20.003865185132177 -12.409359240460544 0.23839723336175328 0.15 0.7616027666382468
v 8.905887512206872 22.391228999775215 -13.222702993011978 0.27585767816315065 0.15 0.7241423218368493
v 9.44948499667401 24.80830380584937 -14.001715287122977 0.31202169957792397 0.15 0.6879783004220761
v 9.945356443664453 27.25955430395042 -14.701533450723138 0.3462430322066142 0.15 0.6537569677933859
v 10.380376781278068 29.747407734411794 -15.305793042216852 0.3790843950813505 0.15 0.6209156049186495
v 10.738754109834591 32.2714822665362 -15.799676924342094 0.41075551360499374 0.15 0.5892444863950063
v 11.006727853215628 34.82802333373713 -16.16728135779744 0.4411620464946848 0.15 0.5588379535053152
v 11.172914749812085 37.40932466184147 -16.394870623972224 0.47068445846527807 0.15 0.5293155415347219
v 11.229287266051157 40.00419323746253 -16.472792386853357 0.49996884667141966 0.15 0.5000311533285804
v 11.171322306438928 42.59903708102198 -16.39524299381628 0.5293023140428559 0.15 0.4706976859571441
v 11.003602233795043 45.18026490302404 -16.168010682211417 0.5588777087241835 0.15 0.4411222912758165
v 10.734198879812283 47.7367029367746 -15.80076573203927 0.589313587585354 0.15 0.410686412414646
v 10.37454934684294 50.26066859133566 -15.307258520846336 0.6209745860265574 0.15 0.3790254139734426
v 9.93844663196526 52.74841461455936 -14.703338904974224 0.6538437814426952 0.15 0.34615621855730483
v 9.44170204254657 55.19957258793701 -14.003816366320791 0.6880886110261699 0.15 0.3119113889738301
v 8.897281326467755 57.616586171603174 -13.225189104925715 0.724219123091848 0.15 0.275780876908152
v 8.277458870549633 60.00368788208138 -12.41167790568906 0.7615222009969999 0.15 0.23847779900300015
l 1039 1040
l 1040 1041
l 1041 1042
l 1042 1043
l 1043 1044
l 1044 1045
l 1045 1046
l 1046 1047
l 1047 1048
l 1048 1049
l 1049 1050
l 1050 1051
l 1051 1052
l 1052 1053
l 1053 1054
l 1054 1055
v 6.758342435431235 12.4859960840647 -9.901161604383006 0.13398583643151624 0.15 0.8660141635684837
v 7.769077166535129 14.86252390659294 -10.414228112813735 0.17038908510048165 0.15 0.8296109148995183
v 8.833587691232207 17.22680775551718 -10.87331512884641 0.2039199451956201 0.15 0.7960800548043799
v 9.794817410152788 19.629931285275877 -11.351223921578136 0.2341178146164548 0.15 0.7658821853835451
v 10.493070733730605 22.07606166011213 -12.02471549879696 0.26946930144642367 0.15 0.7305306985535763
v 11.09581016102277 24.548147342828578 -12.702755680817194 0.305587194200368 0.15 0.6944128057996319
v 11.682013208790782 27.048732307566254 -13.284308081698438 0.34025047336424535 0.15 0.6597495266357547
v 12.201358265689963 29.58127845781813 -13.78512466230866 0.3747371781460652 0.15 0.6252628218539348
v 12.628782091317648 32.14661270915782 -14.19770531354769 0.40872641258957704 0.15 0.5912735874104229
v 12.94843636471133 34.7418988527381 -14.506991825098305 0.4417502262442863 0.15 0.5582497737557137
v 13.146770226363898 37.360391568171636 -14.699868355789842 0.4743513176349541 0.15 0.5256486823650459
v 13.214749447637432 39.99175711926443 -14.76694718628231 0.5068307670273666 0.15 0.4931692329726334
v 13.146491625484165 42.62317104852427 -14.70195083128031 0.5252798749392245 0.15 0.47472012506077554
v 12.947877255923355 45.241802105402115 -14.511064278249764 0.5575967739562943 0.15 0.44240322604370574
v 12.627874411075394 47.83726295897288 -14.203514094719152 0.5905428640322438 0.15 0.40945713596775624
v 12.200062657756948 50.40278590923205 -13.792481847457479 0.6249550410830899 0.15 0.37504495891691014
v 11.680284608069027 52.935507360062275 -13.293002355808055 0.6594497408152177 0.15 0.3405502591847823
v 11.093848732826402 55.43624345793841 -12.71231801891998 0.6940905209930441 0.15 0.30590947900695586
v 10.490089109004208 57.908435454820946 -12.035562367782635 0.7300051618703681 0.15 0.2699948381296319
v 9.792949228920698 60.35465311523115 -11.361085513654013 0.7654592411790244 0.15 0.23454075882097558
v 8.832282212337507 62.75783657553332 -10.882313324823924 0.7960140152496314 0.15 0.20398598475036855
v 7.7669897110504165 65.12168705226429 -10.422871769743134 0.8318648366463557 0.15 0.1681351633536443
v 6.760268197474742 67.4992129220078 -9.905404774618491 0.8659160862041058 0.15 0.13408391379589424
l 1056 1057
l 1057 1058
l 1058 1059
l 1059 1060
l 1060 1061
l 1061 1062
l 1062 1063
l 1063 1064
l 1064 1065
l 1065 1066
l 1066 1067
l 1067 1068
l 1068 1069
l 1069 1070
l 1070 1071
l 1071 1072
l 1072 1073
l 1073 1074
l 1074 1075
l 1075 1076
l 1076 1077
l 1077 1078
v 12.034325862290123 23.01823633629094 -10.711190703528713 0.2839947206876872 0.15 0.7160052793123128
v 12.803638049690903 25.527361655830795 -11.33112866815231 0.3217015728625178 0.15 0.6782984271374821
v 13.498376669983314 28.077204453940436 -11.869558350083242 0.3568293899470856 0.15 0.6431706100529144
v 14.084377991678146 30.66933331461731 -12.329148196569763 0.3892980667115124 0.15 0.6107019332884875
v 14.543981029350162 33.30160079372047 -12.693958487558701 0.4200728439268028 0.15 0.5799271560731972
v 14.861288406234195 35.96752398410719 -12.948525573344385 0.451886185454272 0.15 0.548113814545728
v 15.02405418283194 38.65613948449882 -13.080295197373303 0.48389513033083786 0.15 0.5161048696691621
v 15.023205963354096 41.35290754614743 -13.080605963489724 0.5162403792192756 0.15 0.48375962078072443
v 14.85883745010525 44.04145484355162 -12.949524192142135 0.5482266614852472 0.15 0.45177333851475276
v 14.54001702864308 46.70726263515967 -12.695708188093386 0.5798816819309963 0.15 0.4201183180690037
v 14.079075268069971 49.33938940790391 -12.33159117510509 0.6107132097822223 0.15 0.3892867902177777
v 13.491910776037308 51.93137184092512 -11.87266327536567 0.6431207603786384 0.15 0.3568792396213616
v 12.796303846802012 54.48108294772296 -11.334748806586083 0.678264800028595 0.15 0.321735199971405
v 12.026305606618713 56.99013123323839 -10.715295230628723 0.7159287916651477 0.15 0.28407120833485233
l 1079 1080
l 1080 1081
l 1081 1082
l 1082 1083
l 1083 1084
l 1084 1085
l 1085 1086
l 1086 1087
l 1087 1088
l 1088 1089
l 1089 1090
l 1090 1091
l 1091 1092
v 5.433469952196968 0.08190241822398915 -7.750357847658174 0.0 0.15 1.0
v 5.964731486472451 2.6321297496147134 -7.919619342933806 0.029688817655329162 0.15 0.9703111823446708
v 6.571158697606047 5.159616369097269 -8.161612008450579 0.05966532225093297 0.15 0.940334677749067
v 7.263683789657683 7.659760794619185 -8.45166747569658 0.08761973821108864 0.15 0.9123802617889114
v 8.074535224761334 10.126353501805532 -8.715610563771174 0.11962158361115637 0.15 0.8803784163888436
v 9.089538600724309 12.527280264814733 -8.843073204879119 0.1447270631217009 0.15 0.8552729368782991
v 10.059463506958107 14.944037031671249 -9.025320345170957 0.17854154605424527 0.15 0.8214584539457548
v 11.004297226082508 17.367228426727838 -9.250864656813636 0.21040208379483966 0.15 0.7895979162051603
v 11.906410693436735 19.802469932715947 -9.516962230196915 0.24228770329114302 0.15 0.757712296708857
v 12.908620391461042 22.18977533793973 -9.529807091043338 0.27097545985286653 0.15 0.7290245401471335
v 13.775260379309952 24.63730980781549 -9.681394353039424 0.3106019535927054 0.15 0.6893980464072946
v 14.472243589405174 27.135996899091637 -9.972171397992865 0.34431253171381493 0.15 0.6556874682861851
v 15.062978931121508 29.662355890712966 -10.259873551532625 0.37701117488918773 0.15 0.6229888251108122
v 15.543944416436387 32.21580822551416 -10.509816718502814 0.40865345397030406 0.15 0.5913465460296959
v 15.90211167546911 34.79419654808936 -10.702390872965843 0.4422569817261951 0.15 0.5577430182738049
v 16.123707775472518 37.39214352406304 -10.823844546576852 0.46989858756590036 0.15 0.5301014124340997
v 16.199616884213658 40.000920502817664 -10.866391728076636 0.4999743833254875 0.15 0.5000256166745125
v 16.122725282001454 42.609688437055794 -10.825063227748963 0.5301000991503755 0.15 0.4698999008496245
v 15.900084314359342 45.20759306409776 -10.704741130684129 0.5601353383057187 0.15 0.4398646616942813
v 15.540863573339045 47.78591390709768 -10.513218866540655 0.5913289779882845 0.15 0.40867102201171546
v 15.058998288348713 50.33929672443887 -10.264303801233053 0.622969237781415 0.15 0.377030762218585
v 14.467476191185094 52.865574559623276 -9.97750681103967 0.6556662959453547 0.15 0.34433370405464525
v 13.76990013804696 55.36417420069568 -9.68740510672802 0.6893956568244234 0.15 0.3106043431755766
v 12.901610021245734 57.81078181200487 -9.53852444845516 0.7289803320128727 0.15 0.2710196679871273
v 11.899396353497357 60.19824104427009 -9.52543027170101 0.7576377543392312 0.15 0.2423622456607688
v 10.99647676267424 62.63317718100284 -9.259260340060056 0.7895440362594778 0.15 0.21045596374052222
v 10.05124002503807 65.05624985569423 -9.034125858617235 0.8214695871911538 0.15 0.17853041280884618
v 9.080558214047612 67.47267524388272 -8.851572086484593 0.852849686296842 0.15 0.147150313703158
v 8.06470046586481 69.87324796356123 -8.724887867021446 0.880333891841686 0.15 0.11966610815831402
v 7.2537412318031835 72.33969869431952 -8.45981113231222 0.9088827537402324 0.15 0.09111724625976758
v 6.562002364205859 74.83995530167385 -8.168842195439023 0.9404275460685138 0.15 0.05957245393148625
v 5.425843257224329 79.91786842480849 -7.755812156993754 1.0 0.15 0.0
l 1093 1094
l 1094 1095
l 1095 1096
l 1096 1097
l 1097 1098
l 1098 1099
l 1099 1100
l 1100 1101
l 1101 1102
l 1102 1103
l 1103 1104
l 1104 1105
l 1105 1106
l 1106 1107
l 1107 1108
l 1108 1109
l 1109 1110
l 1110 1111
l 1111 1112
l 1112 1113
l 1113 1114
l 1114 1115
l 1115 1116
l 1116 1117
l 1117 1118
l 1118 1119
l 1119 1120
l 1120 1121
l 1121 1122
l 1122 1123
l 1123 1124
v 7.196697010092276 0.06636337669998887 -6.050101746531897 0.0 0.15 1.0
v 7.705831629301669 2.6065873700619853 -6.18891981631757 0.030072195973673548 0.15 0.9699278040263265
v 8.30184483457614 5.1247173148316305 -6.375918672936174 0.06384343564415608 0.15 0.9361565643558439
v 8.988707856362057 7.617828787341234 -6.585155799367173 0.09260713747859042 0.15 0.9073928625214096
v 9.775045968243422 10.082839874493265 -6.776071152555693 0.12372953966169482 0.15 0.8762704603383051
v 10.642231463978126 12.522553826317823 -6.942050911787759 0.15020367507680876 0.15 0.8497963249231912
v 11.52419762258597 14.956606252878323 -7.113824830419958 0.18567713620596757 0.15 0.8143228637940324
v 12.410630073922533 17.38790032638872 -7.301199360338611 0.20843665701084046 0.15 0.7915633429891595
v 13.294658537604263 19.8205687714128 -7.481786155730339 0.24573331007672689 0.15 0.7542666899232731
v 14.177793148258313 22.25674381334495 -7.6119757406501805 0.28055654540220365 0.15 0.7194434545977964
v 14.979498649875916 24.719260838688285 -7.766328323331467 0.3143065892696996 0.15 0.6856934107303003
v 15.681763945040231 27.207677533481213 -7.978797522504413 0.34911120600101986 0.15 0.6508887939989801
v 16.283369395371935 29.721664936146123 -8.199521309552392 0.3757564293434228 0.15 0.6242435706565772
v 16.774255796236012 32.261443579309265 -8.397069451977371 0.4073623737096276 0.15 0.5926376262903724
v 17.140414264784177 34.82512403067592 -8.550898942994598 0.43851943675089605 0.15 0.561480563249104
v 17.367630833372928 37.40753396283154 -8.648754460645073 0.4693567182050792 0.15 0.5306432817949208
v 17.443947708796042 40.0004130123384 -8.68244529772106 0.499995024179768 0.15 0.5000049758202321
v 17.366873824311654 42.59328658290789 -8.650096493389976 0.5306290293216241 0.15 0.46937097067837585
v 17.13892566456165 45.17568152161296 -8.553562380671353 0.5614530851603737 0.15 0.43854691483962627
v 16.77206652321159 47.739338012801575 -8.401004702262533 0.592598043458617 0.15 0.407401956541383
v 16.2805199328041 50.27908287375583 -8.20466237334397 0.6242062805291636 0.15 0.3757937194708364
v 15.678314168779812 52.79302427962742 -7.985046152860993 0.6573127423172267 0.15 0.3426872576827733
v 14.975495377595228 55.28137429973343 -7.773622457100014 0.6856604305226484 0.15 0.31433956947735164
v 14.17277119116158 57.743604793974875 -7.620148849846229 0.720115899731238 0.15 0.279884100268762
v 13.28906681105196 60.17962297506734 -7.490935219283163 0.7542407220840404 0.15 0.24575927791595964
v 12.40470607154832 62.61221100106845 -7.310896856398147 0.7915360287233841 0.15 0.20846397127661587
v 11.517993573937567 65.04343640621428 -7.123956215391708 0.8143070931329619 0.15 0.1856929068670381
v 10.635219984761166 67.4771921043851 -6.952106988931332 0.8497503086950706 0.15 0.15024969130492938
v 9.767833328434412 69.91684681625341 -6.786323947435606 0.8762506616538142 0.15 0.12374933834618584
v 8.981633071176446 72.38187418833611 -6.595075507114123 0.9073630111908374 0.15 0.0926369888091626
v 8.295146049787245 74.87503101769606 -6.385151543959819 0.9360514473736425 0.15 0.06394855262635746
v 7.191048688835998 79.93349452370148 -6.057484466819209 1.0 0.15 0.0
l 1125 1126
l 1126 1127
l 1127 1128
l 1128 1129
l 1129 1130
l 1130 1131
l 1131 1132
l 1132 1133
l 1133 1134
l 1134 1135
l 1135 1136
l 1136 1137
l 1137 1138
l 1138 1139
l 1139 1140
l 1140 1141
l 1141 1142
l 1142 1143
l 1143 1144
l 1144 1145
l 1145 1146
l 1146 1147
l 1147 1148
l 1148 1149
l 1149 1150
l 1150 1151
l 1151 1152
l 1152 1153
l 1153 1154
l 1154 1155
l 1155 1156
v 8.473026994937495 0.058457370058770705 -3.9873855916559098 0.0 0.15 1.0
v 8.967227585862334 2.595201954343547 -4.11181649425436 0.03220036137072748 0.15 0.9677996386292725
v 9.551326108459676 5.110635464473308 -4.27371893791695 0.06422782460718074 0.15 0.9357721753928192
v 10.221444909509751 7.603274241470724 -4.4543338488913085 0.09644103234487068 0.15 0.9035589676551293
v 10.96945574108862 10.07378912384822 -4.633746878346505 0.12265141926024989 0.15 0.8773485807397501
v 11.777560011366857 12.525710537980336 -4.808207879399859 0.15533288236605386 0.15 0.8446671176339462
v 12.61534914179174 14.967767770857217 -4.981469868261489 0.18618408632141473 0.15 0.8138159136785853
v 13.465881858329617 17.405440105378055 -5.154485494010685 0.21716520239293088 0.15 0.7828347976070691
v 14.314111296118304 19.844493060336426 -5.31908266045757 0.2494699713532222 0.15 0.7505300286467778
v 15.140259019280816 22.291882754210935 -5.471464142780413 0.28879558163525665 0.15 0.7112044183647434
v 15.916365432117532 24.755008768798817 -5.631873667595363 0.31991963367755294 0.15 0.6800803663224471
v 16.617631735366828 27.239353910860554 -5.808078079021077 0.35061144855892706 0.15 0.6493885514410729
v 17.22635908567669 29.747908279098144 -5.984519116950477 0.3814336337965049 0.15 0.618566366203495
v 17.725835639568587 32.28166409331327 -6.142020066767892 0.41258226126152714 0.15 0.5874177387384729
v 18.099203022872626 34.838840034794224 -6.265388687068984 0.4438744483598833 0.15 0.5561255516401167
v 18.331072014971348 37.4144056637863 -6.344081294635657 0.47515095027411275 0.15 0.5248490497258873
v 18.410521973706764 40.00022822712871 -6.371881111327918 0.49277923431728965 0.15 0.5072207656827104
v 18.33052398510991 42.58604893377471 -6.345504382041976 0.5248437637971117 0.15 0.47515623620288827
v 18.098107766170767 45.16160711832138 -6.268206549832108 0.5561540807198447 0.15 0.44384591928015527
v 17.724220518854146 47.71877132172935 -6.1461857294069535 0.587472734196459 0.15 0.41252726580354104
v 17.224254664956455 50.25250931902186 -5.989959682672348 0.6186441092774297 0.15 0.38135589072257026
v 16.615074045483684 52.76103718114303 -5.814709798379125 0.6494750558687609 0.15 0.35052494413123914
v 15.913383812170366 55.245343077564314 -5.639636791876502 0.6801524749178347 0.15 0.3198475250821653
v 15.136878031050125 57.70841439589867 -5.480317065735086 0.7111557891093575 0.15 0.2888442108906425
v 14.310387651115132 60.15574674516159 -5.328874811711418 0.7505079732525015 0.15 0.24949202674749849
v 13.461891662730716 62.594754898255516 -5.164990213641446 0.7827990481055093 0.15 0.21720095189449073
v 12.611161708557548 65.03239364055825 -4.992472147633226 0.8137179572008753 0.15 0.18628204279912475
v 11.772600774408872 67.47418947774652 -4.819236751795682 0.8434235824050026 0.15 0.1565764175949974
v 10.964421126620968 69.92609134827913 -4.644855285389932 0.8774298139931433 0.15 0.12257018600685665
v 10.21647335974261 72.39660606577083 -4.465184468326918 0.9036253542376548 0.15 0.09637464576234522
v 9.546565008461535 74.8892574330746 -4.2839680643781435 0.9358106116910213 0.15 0.06418938830897869
v 8.46896745159459 79.94147793377475 -3.9957484412889297 1.0 0.15 0.0
l 1157 1158
l 1158 1159
l 1159 1160
l 1160 1161
l 1161 1162
l 1162 1163
l 1163 1164
l 1164 1165
l 1165 1166
l 1166 1167
l 1167 1168
l 1168 1169
l 1169 1170
l 1170 1171
l 1171 1172
l 1172 1173
l 1173 1174
l 1174 1175
l 1175 1176
l 1176 1177
l 1177 1178
l 1178 1179
l 1179 1180
l 1180 1181
l 1181 1182
l 1182 1183
l 1183 1184
l 1184 1185
l 1185 1186
l 1186 1187
l 1187 1188
v 9.207723002119334 0.056575098798495475 -1.6711090161697975 0.0 0.15 1.0
v 9.700365172526205 2.592247166057339 -1.7921990809715937 0.030905021872140864 0.15 0.9690949781278592
v 10.28523292900328 5.106216997348045 -1.9500650243838447 0.062303569629627686 0.15 0.9376964303703723
v 10.952972628304682 7.59794501270989 -2.1308480182570126 0.09397729189993691 0.15 0.9060227081000631
v 11.690121505841324 10.0695916926609 -2.3182149978246147 0.12564664334552006 0.15 0.8743533566544799
v 12.479791460354328 12.525207232184455 -2.5026880149633635 0.15664122142605275 0.15 0.8433587785739473
v 13.305671972782676 14.969235157615014 -2.682792146962724 0.18805486038572258 0.15 0.8119451396142774
v 14.147458695893242 17.40822626074599 -2.8575719124380643 0.21918923519632694 0.15 0.7808107648036731
v 14.986094101795118 19.84880875136357 -3.0251138602582457 0.2513106489789791 0.15 0.7486893510210209
v 15.80079111511685 22.29790163766179 -3.1862203109453846 0.2831019359608722 0.15 0.7168980640391278
v 16.569981643939883 24.761799466449844 -3.344663568481642 0.31472030039334553 0.15 0.6852796996066545
v 17.272132103423097 27.24572471637244 -3.500762574684662 0.34657206124998563 0.15 0.6534279387500144
v 17.886634733249316 29.753235533734298 -3.6478652160276437 0.37801267543637107 0.15 0.6219873245636289
v 18.393353959603896 32.285691503383916 -3.775856141507832 0.40926980179549916 0.15 0.5907301982045008
v 18.773164799729532 34.84145816236292 -3.875092580560743 0.44009397260617994 0.15 0.5599060273938201
v 19.00935565876214 37.415557535284975 -3.9382423379622598 0.4699708841826865 0.15 0.5300291158173135
v 19.090426058262068 39.999884468301346 -3.9606080942572164 0.49999310678412157 0.15 0.5000068932158784
v 19.008997983941384 42.584212634417064 -3.939722272421712 0.5300131263427188 0.15 0.4699868736572812
v 18.772456233244352 45.158315249344255 -3.87803023337974 0.5598813413904064 0.15 0.44011865860959365
v 18.392303743016257 47.714085710168796 -3.7802080957946247 0.5906976112283402 0.15 0.4093023887716598
v 17.88526009101563 50.246544468923105 -3.653564771850547 0.6219498886508944 0.15 0.3780501113491056
v 17.27045616863418 52.75405525382037 -3.50772616292518 0.6533716304707107 0.15 0.3466283695292893
v 16.568028820747298 55.23797622308596 -3.352807488451421 0.6852314793600484 0.15 0.31476852063995164
v 15.798587425579036 57.70186576126056 -3.195456960183049 0.7167927422783036 0.15 0.2832072577216964
v 14.983679751471037 60.150950377514135 -3.0352927030414216 0.7486342473489521 0.15 0.2513657526510479
v 14.144881006297737 62.59152855747164 -2.868507777296931 0.7808992855470405 0.15 0.21910071445295953
v 13.302991371226796 65.03052156235913 -2.694251347552982 0.8119875107887561 0.15 0.18801248921124392
v 12.477064374862355 67.47455565096278 -2.514446120709749 0.843451131082717 0.15 0.15654886891728303
v 11.687413390135124 69.9301816838658 -2.330033817886585 0.874450077828429 0.15 0.12554992217157102
v 10.951050707602553 72.40205987480577 -2.142581828291283 0.9059267157198352 0.15 0.09407328428016482
v 10.283464608964369 74.89379022555825 -1.9612642194016272 0.9376220915097707 0.15 0.062377908490229284
v 9.206437831717214 79.9434319178443 -1.6804296551180309 1.0 0.15 0.0
l 1189 1190
l 1190 1191
l 1191 1192
l 1192 1193
l 1193 1194
l 1194 1195
l 1195 1196
l 1196 1197
l 1197 1198
l 1198 1199
l 1199 1200
l 1200 1201
l 1201 1202
l 1202 1203
l 1203 1204
l 1204 1205
l 1205 1206
l 1206 1207
l 1207 1208
l 1208 1209
l 1209 1210
l 1210 1211
l 1211 1212
l 1212 1213
l 1213 1214
l 1214 1215
l 1215 1216
l 1216 1217
l 1217 1218
l 1218 1219
l 1219 1220
v 12.086186424716422 12.728982489697962 0.038333439487548616 0.15362323268460623 0.15 0.8463767673153938
v 13.099794506418045 15.121250887904056 -0.17850596853087894 0.1862899899229276 0.15 0.8137100100770724
v 14.109254520292778 17.516237592858786 -0.38428573732715715 0.21978918520996035 0.15 0.7802108147900396
v 15.095803600422247 19.92165368366432 -0.5790016896262555 0.2502345406432117 0.15 0.7497654593567883
v 16.040321039313817 22.344592132129854 -0.7642995341397592 0.2883634600594254 0.15 0.7116365399405746
v 16.923237682655483 24.79135732352682 -0.9394078882007326 0.3195810142159316 0.15 0.6804189857840683
v 17.724098037255228 27.266978064216506 -1.1021588483509759 0.34475282966797005 0.15 0.65524717033203
v 18.421650611687166 29.774662822979135 -1.2474106983462419 0.3753674918516706 0.15 0.6246325081483294
v 18.99425979130631 32.31495364985497 -1.3687955873251663 0.406139370363984 0.15 0.593860629636016
v 19.42084151430154 34.884949006261955 -1.460230418562944 0.44049301622662257 0.15 0.5595069837733775
v 19.683335605612907 37.477811776737205 -1.5170028484239253 0.4703570269122422 0.15 0.5296429730877579
v 19.766647177203975 40.08311058700098 -1.53558684369339 0.49999661606522616 0.15 0.5000033839347738
v 19.66897802113581 42.68785105161191 -1.5155556195515032 0.5296361705569237 0.15 0.4703638294430763
v 19.394825510951208 45.27941206007146 -1.4578474647034851 0.560697170341509 0.15 0.439302829658491
v 18.957849047973493 47.84760797063728 -1.365835093383043 0.5977695892278565 0.15 0.4022304107721435
v 18.376392160911237 50.38584870777589 -1.244201343965021 0.627298881216339 0.15 0.37270111878366097
v 17.67179692722508 52.89156596128147 -1.099378853577922 0.6580988319700208 0.15 0.34190116802997916
v 16.865850450325876 55.365569739150445 -0.9372390952646275 0.6847590419238824 0.15 0.31524095807611763
v 15.9799024823132 57.811290473281886 -0.7628719433641714 0.7152863299846945 0.15 0.28471367001530545
v 15.034381927079057 60.23390335223793 -0.5783951329480393 0.7524185973751575 0.15 0.24758140262484252
v 14.04870990503565 62.63968187239725 -0.3836427036170623 0.7839349148949772 0.15 0.21606508510502276
v 13.042234718966295 65.03598295743106 -0.17849734067923384 0.8145047058680898 0.15 0.18549529413191024
v 12.033097044228427 67.43018147423746 0.037872070635529984 0.8463767673153936 0.15 0.15362323268460643
l 1221 1222
l 1222 1223
l 1223 1224
l 1224 1225
l 1225 1226
l 1226 1227
l 1227 1228
l 1228 1229
l 1229 1230
l 1230 1231
l 1231 1232
l 1232 1233
l 1233 1234
l 1234 1235
l 1235 1236
l 1236 1237
l 1237 1238
l 1238 1239
l 1239 1240
l 1240 1241
l 1241 1242
l 1242 1243
v 14.328133848538858 18.564684919115017 0.20372874335946586 0.2338232193060083 0.15 0.7661767806939916
v 15.369956980839602 20.969227130399354 0.40789817298602804 0.26041465073154074 0.15 0.7395853492684592
v 16.35241845269947 23.39955656970822 0.6000646828582293 0.2934738683006207 0.15 0.7065261316993793
v 17.25551176756376 25.86139175648693 0.7792642435181518 0.32916426415405203 0.15 0.670835735845948
v 18.058365810968276 28.358756545883566 0.941901450925695 0.361571417388194 0.15 0.638428582611806
v 18.739147908165386 30.89335481736213 1.0823001766959879 0.3921019941514771 0.15 0.6078980058485228
v 19.275881599474342 33.46360709578335 1.194137846096298 0.42352050110107353 0.15 0.5764794988989265
v 19.64822393474914 36.0639150225887 1.2719236348479452 0.45211654049862804 0.15 0.547883459501372
v 19.839946992832193 38.68457489773159 1.311685135468169 0.4839915731476169 0.15 0.516008426852383
v 19.840129837826137 41.31254687939969 1.3109584556470162 0.5159639362670635 0.15 0.4840360637329365
v 19.648695914057754 43.933205257930084 1.269731125711181 0.5478536538437443 0.15 0.4521463461562557
v 19.27662853752563 46.533511297577085 1.1904919455666174 0.576464462967251 0.15 0.42353553703274904
v 18.740148550506394 49.103755585908964 1.0772297648543896 0.6079353220384376 0.15 0.3920646779615624
v 18.05959210794857 51.63833821588536 0.9354539887145847 0.6385051498488975 0.15 0.3614948501511025
v 17.25692914373969 54.135679140395844 0.7715103607688314 0.670630820403779 0.15 0.32936917959622103
v 16.353986006894853 56.5974812557891 0.5911075292163535 0.706454872871195 0.15 0.293545127128805
v 15.371628288099373 59.02776746726244 0.3978701550877825 0.7395255775126287 0.15 0.2604744224873713
v 14.329858970434623 61.43225395117635 0.1927739546611828 0.7661767806939916 0.15 0.23382321930600836
l 1244 1245
l 1245 1246
l 1246 1247
l 1247 1248
l 1248 1249
l 1249 1250
l 1250 1251
l 1251 1252
l 1252 1253
l 1253 1254
l 1254 1255
l 1255 1256
l 1256 1257
l 1257 1258
l 1258 1259
l 1259 1260
l 1260 1261
