# KnittingStitches from conjugate-height scales + smooth
v 9.275655635469128 0.05616089650813849 0.9349180680337987 0.55 0.55 0.55
v 9.769394965761936 2.5918259582586747 1.062312706430978 0.55 0.55 0.55
v 9.223825600315877 2.5918010686063684 3.4445654516115063 0.55 0.55 0.55
v 8.736134721711336 0.056139748299723055 3.316669945519557 0.55 0.55 0.55
v 8.736134721711336 0.056139748299723055 3.316669945519557 0.55 0.55 0.55
v 9.223825600315877 2.5918010686063684 3.4445654516115063 0.55 0.55 0.55
v 8.130598558907085 2.5999048314263415 5.614680738169221 0.55 0.55 0.55
v 7.630963964471179 0.06156872807324663 5.475964990936931 0.55 0.55 0.55
v 7.630963964471179 0.06156872807324663 5.475964990936931 0.55 0.55 0.55
v 8.130598558907085 2.5999048314263415 5.614680738169221 0.55 0.55 0.55
v 6.503426294703517 2.6196997904311465 7.436358324736203 0.55 0.55 0.55
v 5.983774097452138 0.0750922575631876 7.27181927390779 0.55 0.55 0.55
v 5.983774097452138 0.0750922575631876 7.27181927390779 0.55 0.55 0.55
v 6.503426294703517 2.6196997904311465 7.436358324736203 0.55 0.55 0.55
v 4.743744319791298 2.6310314886377792 8.823826747944729 0.55 0.55 0.55
v 4.624675148698032 0.08161386589524497 8.636866660457855 0.55 0.55 0.55
v 4.624675148698032 0.08161386589524497 8.636866660457855 0.55 0.55 0.55
v 4.743744319791298 2.6310314886377792 8.823826747944729 0.55 0.55 0.55
v 2.4413658757522074 2.597138730007053 9.527713344390031 0.55 0.55 0.55
v 2.311538738733317 0.056945118699244165 9.04051328351848 0.55 0.55 0.55
v 2.311538738733317 0.056945118699244165 9.04051328351848 0.55 0.55 0.55
v 2.4413658757522074 2.597138730007053 9.527713344390031 0.55 0.55 0.55
v 0.07448205003005244 2.6006266855795395 9.867205021663676 0.55 0.55 0.55
v 0.07996207062004501 0.0595785335585373 9.362676149299794 0.55 0.55 0.55
v 0.07996207062004501 0.0595785335585373 9.362676149299794 0.55 0.55 0.55
v 0.07448205003005244 2.6006266855795395 9.867205021663676 0.55 0.55 0.55
v -2.3872358692571236 2.598097203898371 9.554612069068426 0.55 0.55 0.55
v -2.3739006611416213 0.060440417591832815 9.043340871494184 0.55 0.55 0.55
v -2.3739006611416213 0.060440417591832815 9.043340871494184 0.55 0.55 0.55
v -2.3872358692571236 2.598097203898371 9.554612069068426 0.55 0.55 0.55
v -4.618529146915178 2.7011148113518413 8.90386524775835 0.55 0.55 0.55
v -4.525840833551517 0.11304455901773 8.699404102953366 0.55 0.55 0.55
v -4.525840833551517 0.11304455901773 8.699404102953366 0.55 0.55 0.55
v -4.618529146915178 2.7011148113518413 8.90386524775835 0.55 0.55 0.55
v -6.556526539401083 2.5939439125400003 7.331239683215684 0.55 0.55 0.55
v -6.288027640207594 0.05730343235023842 6.89977376412198 0.55 0.55 0.55
v -6.288027640207594 0.05730343235023842 6.89977376412198 0.55 0.55 0.55
v -6.556526539401083 2.5939439125400003 7.331239683215684 0.55 0.55 0.55
v -8.13612734984804 2.592029968153424 5.575353336957152 0.55 0.55 0.55
v -7.767351911650553 0.05606430704908525 5.230460916589228 0.55 0.55 0.55
v -7.767351911650553 0.05606430704908525 5.230460916589228 0.55 0.55 0.55
v -8.13612734984804 2.592029968153424 5.575353336957152 0.55 0.55 0.55
v -9.430240652426196 2.6932148360578507 3.5116623391490513 0.55 0.55 0.55
v -9.265969419108004 0.11605897667535532 3.323505075045046 0.55 0.55 0.55
v -9.265969419108004 0.11605897667535532 3.323505075045046 0.55 0.55 0.55
v -9.430240652426196 2.6932148360578507 3.5116623391490513 0.55 0.55 0.55
v -9.740277071665217 2.5905684198290135 1.357067808303904 0.55 0.55 0.55
v -9.244115303200466 0.05602353915512787 1.2542052270299338 0.55 0.55 0.55
v -9.244115303200466 0.05602353915512787 1.2542052270299338 0.55 0.55 0.55
v -9.740277071665217 2.5905684198290135 1.357067808303904 0.55 0.55 0.55
v -9.811845905096657 2.591156543940167 -0.6309082626469201 0.55 0.55 0.55
v -9.313500576395505 0.05634428425006922 -0.5503579865443015 0.55 0.55 0.55
v -9.313500576395505 0.05634428425006922 -0.5503579865443015 0.55 0.55 0.55
v -9.811845905096657 2.591156543940167 -0.6309082626469201 0.55 0.55 0.55
v -9.455884616815219 2.595643987577679 -2.6795422042165433 0.55 0.55 0.55
v -9.005704146558788 0.057942741122313055 -2.427942158811585 0.55 0.55 0.55
v -9.005704146558788 0.057942741122313055 -2.427942158811585 0.55 0.55 0.55
v -9.455884616815219 2.595643987577679 -2.6795422042165433 0.55 0.55 0.55
v -8.574319190041294 2.5998946752339087 -4.815231584283175 0.55 0.55 0.55
v -8.198924974818274 0.061223200485149794 -4.460138649554913 0.55 0.55 0.55
v -8.198924974818274 0.061223200485149794 -4.460138649554913 0.55 0.55 0.55
v -8.574319190041294 2.5998946752339087 -4.815231584283175 0.55 0.55 0.55
v -7.132219987212725 2.597423192232903 -6.797038597203446 0.55 0.55 0.55
v -6.767320181857101 0.0584389456907186 -6.447350418394841 0.55 0.55 0.55
v -6.767320181857101 0.0584389456907186 -6.447350418394841 0.55 0.55 0.55
v -7.132219987212725 2.597423192232903 -6.797038597203446 0.55 0.55 0.55
v -5.472179365259645 2.717939351745268 -8.443363377706913 0.55 0.55 0.55
v -5.418036907735247 0.10232835109152794 -8.199693871508599 0.55 0.55 0.55
v -5.418036907735247 0.10232835109152794 -8.199693871508599 0.55 0.55 0.55
v -5.472179365259645 2.717939351745268 -8.443363377706913 0.55 0.55 0.55
v -3.2043778459476315 2.6306012214151795 -9.495111220005752 0.55 0.55 0.55
v -3.166417103789245 0.07616048904841631 -9.268832512943183 0.55 0.55 0.55
v -3.166417103789245 0.07616048904841631 -9.268832512943183 0.55 0.55 0.55
v -3.2043778459476315 2.6306012214151795 -9.495111220005752 0.55 0.55 0.55
v -0.8170033061649685 2.592228343953842 -9.793235639780724 0.55 0.55 0.55
v -0.8139550165234724 0.055963659418285364 -9.287255613516855 0.55 0.55 0.55
v -0.8139550165234724 0.055963659418285364 -9.287255613516855 0.55 0.55 0.55
v -0.8170033061649685 2.592228343953842 -9.793235639780724 0.55 0.55 0.55
v 1.678536233759145 2.697116085464459 -9.913297011664785 0.55 0.55 0.55
v 1.6582725699660648 0.11900116485903259 -9.691566888792016 0.55 0.55 0.55
v 1.6582725699660648 0.11900116485903259 -9.691566888792016 0.55 0.55 0.55
v 1.678536233759145 2.697116085464459 -9.913297011664785 0.55 0.55 0.55
v 3.8963799809900013 2.6890002762510186 -9.284195931834414 0.55 0.55 0.55
v 3.715793201641882 0.10510860197644503 -9.11604478211126 0.55 0.55 0.55
v 3.715793201641882 0.10510860197644503 -9.11604478211126 0.55 0.55 0.55
v 3.8963799809900013 2.6890002762510186 -9.284195931834414 0.55 0.55 0.55
v 6.019542701800508 2.6598299141653485 -8.07179665477175 0.55 0.55 0.55
v 5.8097955496094995 0.07773067050984642 -8.017981093278628 0.55 0.55 0.55
v 5.8097955496094995 0.07773067050984642 -8.017981093278628 0.55 0.55 0.55
v 6.019542701800508 2.6598299141653485 -8.07179665477175 0.55 0.55 0.55
v 7.578896628305043 2.6053862333550746 -6.295123282830345 0.55 0.55 0.55
v 7.070817346117144 0.06538458091054725 -6.152941258862563 0.55 0.55 0.55
v 7.070817346117144 0.06538458091054725 -6.152941258862563 0.55 0.55 0.55
v 7.578896628305043 2.6053862333550746 -6.295123282830345 0.55 0.55 0.55
v 8.884902084551168 2.5946329326561735 -4.245979905320893 0.55 0.55 0.55
v 8.391643275421725 0.05813768605222747 -4.118766001798353 0.55 0.55 0.55
v 8.391643275421725 0.05813768605222747 -4.118766001798353 0.55 0.55 0.55
v 8.884902084551168 2.5946329326561735 -4.245979905320893 0.55 0.55 0.55
v 9.678793856360851 2.5914076228359635 -1.9438526930204263 0.55 0.55 0.55
v 9.18863689724069 0.05596913836099334 -1.8215269139432402 0.55 0.55 0.55
v 9.18863689724069 0.05596913836099334 -1.8215269139432402 0.55 0.55 0.55
v 9.678793856360851 2.5914076228359635 -1.9438526930204263 0.55 0.55 0.55
v 9.769394965761936 2.5918259582586747 1.062312706430978 0.55 0.55 0.55
v 9.275655635469128 0.05616089650813849 0.9349180680337987 0.55 0.55 0.55
v 9.769394965761936 2.5918259582586747 1.062312706430978 0.55 0.55 0.55
v 10.355885703725052 5.105487287270568 1.2267551112105715 0.55 0.55 0.55
v 9.80072148819983 5.106511696515638 3.6090152719542536 0.55 0.55 0.55
v 9.223825600315877 2.5918010686063684 3.4445654516115063 0.55 0.55 0.55
v 9.223825600315877 2.5918010686063684 3.4445654516115063 0.55 0.55 0.55
v 9.80072148819983 5.106511696515638 3.6090152719542536 0.55 0.55 0.55
v 8.720735941987483 5.11583718064162 5.798009526961138 0.55 0.55 0.55
v 8.130598558907085 2.5999048314263415 5.614680738169221 0.55 0.55 0.55
v 8.130598558907085 2.5999048314263415 5.614680738169221 0.55 0.55 0.55
v 8.720735941987483 5.11583718064162 5.798009526961138 0.55 0.55 0.55
v 7.103108643953492 5.141546107022664 7.66562529593217 0.55 0.55 0.55
v 6.503426294703517 2.6196997904311465 7.436358324736203 0.55 0.55 0.55
v 6.503426294703517 2.6196997904311465 7.436358324736203 0.55 0.55 0.55
v 7.103108643953492 5.141546107022664 7.66562529593217 0.55 0.55 0.55
v 4.969953164095295 5.160173141500339 9.141040156297027 0.55 0.55 0.55
v 4.743744319791298 2.6310314886377792 8.823826747944729 0.55 0.55 0.55
v 4.743744319791298 2.6310314886377792 8.823826747944729 0.55 0.55 0.55
v 4.969953164095295 5.160173141500339 9.141040156297027 0.55 0.55 0.55
v 2.620834734630366 5.116174114022747 10.101140336255085 0.55 0.55 0.55
v 2.4413658757522074 2.597138730007053 9.527713344390031 0.55 0.55 0.55
v 2.4413658757522074 2.597138730007053 9.527713344390031 0.55 0.55 0.55
v 2.620834734630366 5.116174114022747 10.101140336255085 0.55 0.55 0.55
v 0.09466967492779181 5.120773228775267 10.467012719815628 0.55 0.55 0.55
v 0.07448205003005244 2.6006266855795395 9.867205021663676 0.55 0.55 0.55
v 0.07448205003005244 2.6006266855795395 9.867205021663676 0.55 0.55 0.55
v 0.09466967492779181 5.120773228775267 10.467012719815628 0.55 0.55 0.55
v -2.4079509670957173 5.113658253200885 10.165007368637372 0.55 0.55 0.55
v -2.3872358692571236 2.598097203898371 9.554612069068426 0.55 0.55 0.55
v -2.3872358692571236 2.598097203898371 9.554612069068426 0.55 0.55 0.55
v -2.4079509670957173 5.113658253200885 10.165007368637372 0.55 0.55 0.55
v -4.7738210854274685 5.268239853809842 9.269434541385651 0.55 0.55 0.55
v -4.618529146915178 2.7011148113518413 8.90386524775835 0.55 0.55 0.55
v -4.618529146915178 2.7011148113518413 8.90386524775835 0.55 0.55 0.55
v -4.7738210854274685 5.268239853809842 9.269434541385651 0.55 0.55 0.55
v -6.87152813073134 5.10896036659447 7.849017102476103 0.55 0.55 0.55
v -6.556526539401083 2.5939439125400003 7.331239683215684 0.55 0.55 0.55
v -6.556526539401083 2.5939439125400003 7.331239683215684 0.55 0.55 0.55
v -6.87152813073134 5.10896036659447 7.849017102476103 0.55 0.55 0.55
v -8.566166378274009 5.106608639451367 5.9971204408719645 0.55 0.55 0.55
v -8.13612734984804 2.592029968153424 5.575353336957152 0.55 0.55 0.55
v -8.13612734984804 2.592029968153424 5.575353336957152 0.55 0.55 0.55
v -8.566166378274009 5.106608639451367 5.9971204408719645 0.55 0.55 0.55
v -9.73921263446677 5.247512498090513 3.8013732641356426 0.55 0.55 0.55
v -9.430240652426196 2.6932148360578507 3.5116623391490513 0.55 0.55 0.55
v -9.430240652426196 2.6932148360578507 3.5116623391490513 0.55 0.55 0.55
v -9.73921263446677 5.247512498090513 3.8013732641356426 0.55 0.55 0.55
v -10.328440986164171 5.104446009920271 1.5033469621289046 0.55 0.55 0.55
v -9.740277071665217 2.5905684198290135 1.357067808303904 0.55 0.55 0.55
v -9.740277071665217 2.5905684198290135 1.357067808303904 0.55 0.55 0.55
v -10.328440986164171 5.104446009920271 1.5033469621289046 0.55 0.55 0.55
v -10.40474788709283 5.106128788335314 -0.7309345267223037 0.55 0.55 0.55
v -9.811845905096657 2.591156543940167 -0.6309082626469201 0.55 0.55 0.55
v -9.811845905096657 2.591156543940167 -0.6309082626469201 0.55 0.55 0.55
v -10.40474788709283 5.106128788335314 -0.7309345267223037 0.55 0.55 0.55
v -9.98900738641007 5.110744609960936 -2.989285037654568 0.55 0.55 0.55
v -9.455884616815219 2.595643987577679 -2.6795422042165433 0.55 0.55 0.55
v -9.455884616815219 2.595643987577679 -2.6795422042165433 0.55 0.55 0.55
v -9.98900738641007 5.110744609960936 -2.989285037654568 0.55 0.55 0.55
v -9.021223324140022 5.1157982132254896 -5.2421317972568815 0.55 0.55 0.55
v -8.574319190041294 2.5998946752339087 -4.815231584283175 0.55 0.55 0.55
v -8.574319190041294 2.5998946752339087 -4.815231584283175 0.55 0.55 0.55
v -9.021223324140022 5.1157982132254896 -5.2421317972568815 0.55 0.55 0.55
v -7.5492965289735965 5.114455072902324 -7.2356057100303595 0.55 0.55 0.55
v -7.132219987212725 2.597423192232903 -6.797038597203446 0.55 0.55 0.55
v -7.132219987212725 2.597423192232903 -6.797038597203446 0.55 0.55 0.55
v -7.5492965289735965 5.114455072902324 -7.2356057100303595 0.55 0.55 0.55
v -5.591560939786067 5.311514302961774 -8.846078942699116 0.55 0.55 0.55
v -5.472179365259645 2.717939351745268 -8.443363377706913 0.55 0.55 0.55
v -5.472179365259645 2.717939351745268 -8.443363377706913 0.55 0.55 0.55
v -5.591560939786067 5.311514302961774 -8.846078942699116 0.55 0.55 0.55
v -3.275025726240726 5.164797593329255 -9.88287256023052 0.55 0.55 0.55
v -3.2043778459476315 2.6306012214151795 -9.495111220005752 0.55 0.55 0.55
v -3.2043778459476315 2.6306012214151795 -9.495111220005752 0.55 0.55 0.55
v -3.275025726240726 5.164797593329255 -9.88287256023052 0.55 0.55 0.55
v -0.8073076031241654 5.106938637323983 -10.397108420001976 0.55 0.55 0.55
v -0.8170033061649685 2.592228343953842 -9.793235639780724 0.55 0.55 0.55
v -0.8170033061649685 2.592228343953842 -9.793235639780724 0.55 0.55 0.55
v -0.8073076031241654 5.106938637323983 -10.397108420001976 0.55 0.55 0.55
v 1.743951204133633 5.254540365459359 -10.301887101272095 0.55 0.55 0.55
v 1.678536233759145 2.697116085464459 -9.913297011664785 0.55 0.55 0.55
v 1.678536233759145 2.697116085464459 -9.913297011664785 0.55 0.55 0.55
v 1.743951204133633 5.254540365459359 -10.301887101272095 0.55 0.55 0.55
v 4.179317619879723 5.251126791093263 -9.587804025585735 0.55 0.55 0.55
v 3.8963799809900013 2.6890002762510186 -9.284195931834414 0.55 0.55 0.55
v 3.8963799809900013 2.6890002762510186 -9.284195931834414 0.55 0.55 0.55
v 4.179317619879723 5.251126791093263 -9.587804025585735 0.55 0.55 0.55
v 6.3817898088619565 5.220598823355955 -8.229095316029808 0.55 0.55 0.55
v 6.019542701800508 2.6598299141653485 -8.07179665477175 0.55 0.55 0.55
v 6.019542701800508 2.6598299141653485 -8.07179665477175 0.55 0.55 0.55
v 6.3817898088619565 5.220598823355955 -8.229095316029808 0.55 0.55 0.55
v 8.172617625661234 5.123344070874587 -6.487922986352591 0.55 0.55 0.55
v 7.578896628305043 2.6053862333550746 -6.295123282830345 0.55 0.55 0.55
v 7.578896628305043 2.6053862333550746 -6.295123282830345 0.55 0.55 0.55
v 8.172617625661234 5.123344070874587 -6.487922986352591 0.55 0.55 0.55
v 9.467220893884926 5.109876237067149 -4.412159574712193 0.55 0.55 0.55
v 8.884902084551168 2.5946329326561735 -4.245979905320893 0.55 0.55 0.55
v 8.884902084551168 2.5946329326561735 -4.245979905320893 0.55 0.55 0.55
v 9.467220893884926 5.109876237067149 -4.412159574712193 0.55 0.55 0.55
v 10.257446685077927 5.1060631893532555 -2.1025579823231793 0.55 0.55 0.55
v 9.678793856360851 2.5914076228359635 -1.9438526930204263 0.55 0.55 0.55
v 9.678793856360851 2.5914076228359635 -1.9438526930204263 0.55 0.55 0.55
v 10.257446685077927 5.1060631893532555 -2.1025579823231793 0.55 0.55 0.55
v 10.355885703725052 5.105487287270568 1.2267551112105715 0.55 0.55 0.55
v 9.769394965761936 2.5918259582586747 1.062312706430978 0.55 0.55 0.55
v 10.355885703725052 5.105487287270568 1.2267551112105715 0.55 0.55 0.55
v 11.02485324627579 7.596811368167807 1.4151076483583171 0.55 0.55 0.55
v 10.460451551098977 7.599400735200251 3.7934412304245577 0.55 0.55 0.55
v 9.80072148819983 5.106511696515638 3.6090152719542536 0.55 0.55 0.55
v 9.80072148819983 5.106511696515638 3.6090152719542536 0.55 0.55 0.55
v 10.460451551098977 7.599400735200251 3.7934412304245577 0.55 0.55 0.55
v 9.39389003716936 7.609608500049366 5.997646169844936 0.55 0.55 0.55
v 8.720735941987483 5.11583718064162 5.798009526961138 0.55 0.55 0.55
v 8.720735941987483 5.11583718064162 5.798009526961138 0.55 0.55 0.55
v 9.39389003716936 7.609608500049366 5.997646169844936 0.55 0.55 0.55
v 7.792340723747796 7.636423046086406 7.9348246759548084 0.55 0.55 0.55
v 7.103108643953492 5.141546107022664 7.66562529593217 0.55 0.55 0.55
v 7.103108643953492 5.141546107022664 7.66562529593217 0.55 0.55 0.55
v 7.792340723747796 7.636423046086406 7.9348246759548084 0.55 0.55 0.55
v 5.2965512851421614 7.661926948495619 9.568852662183497 0.55 0.55 0.55
v 4.969953164095295 5.160173141500339 9.141040156297027 0.55 0.55 0.55
v 4.969953164095295 5.160173141500339 9.141040156297027 0.55 0.55 0.55
v 5.2965512851421614 7.661926948495619 9.568852662183497 0.55 0.55 0.55
v 2.840173250466059 7.613234503691789 10.751621644317956 0.55 0.55 0.55
v 2.620834734630366 5.116174114022747 10.101140336255085 0.55 0.55 0.55
v 2.620834734630366 5.116174114022747 10.101140336255085 0.55 0.55 0.55
v 2.840173250466059 7.613234503691789 10.751621644317956 0.55 0.55 0.55
v 0.13370025746792402 7.619110216836232 11.151254210913827 0.55 0.55 0.55
v 0.09466967492779181 5.120773228775267 10.467012719815628 0.55 0.55 0.55
v 0.09466967492779181 5.120773228775267 10.467012719815628 0.55 0.55 0.55
v 0.13370025746792402 7.619110216836232 11.151254210913827 0.55 0.55 0.55
v -2.439033041546186 7.606587751827831 10.861741344703892 0.55 0.55 0.55
v -2.4079509670957173 5.113658253200885 10.165007368637372 0.55 0.55 0.55
v -2.4079509670957173 5.113658253200885 10.165007368637372 0.55 0.55 0.55
v -2.439033041546186 7.606587751827831 10.861741344703892 0.55 0.55 0.55
v -4.988170473912491 7.807483608598888 9.773722268282969 0.55 0.55 0.55
v -4.7738210854274685 5.268239853809842 9.269434541385651 0.55 0.55 0.55
v -4.7738210854274685 5.268239853809842 9.269434541385651 0.55 0.55 0.55
v -4.988170473912491 7.807483608598888 9.773722268282969 0.55 0.55 0.55
v -7.232635285340402 7.601890384706767 8.43861763062091 0.55 0.55 0.55
v -6.87152813073134 5.10896036659447 7.849017102476103 0.55 0.55 0.55
v -6.87152813073134 5.10896036659447 7.849017102476103 0.55 0.55 0.55
v -7.232635285340402 7.601890384706767 8.43861763062091 0.55 0.55 0.55
v -9.057874644922704 7.599351319019358 6.477203201784258 0.55 0.55 0.55
v -8.566166378274009 5.106608639451367 5.9971204408719645 0.55 0.55 0.55
v -8.566166378274009 5.106608639451367 5.9971204408719645 0.55 0.55 0.55
v -9.057874644922704 7.599351319019358 6.477203201784258 0.55 0.55 0.55
v -10.18196877837002 7.773680133691285 4.157071656615205 0.55 0.55 0.55
v -9.73921263446677 5.247512498090513 3.8013732641356426 0.55 0.55 0.55
v -9.73921263446677 5.247512498090513 3.8013732641356426 0.55 0.55 0.55
v -10.18196877837002 7.773680133691285 4.157071656615205 0.55 0.55 0.55
v -11.001026194669969 7.596902644641069 1.656339541586145 0.55 0.55 0.55
v -10.328440986164171 5.104446009920271 1.5033469621289046 0.55 0.55 0.55
v -10.328440986164171 5.104446009920271 1.5033469621289046 0.55 0.55 0.55
v -11.001026194669969 7.596902644641069 1.656339541586145 0.55 0.55 0.55
v -11.082763109272621 7.599729783407446 -0.8324722531439975 0.55 0.55 0.55
v -10.40474788709283 5.106128788335314 -0.7309345267223037 0.55 0.55 0.55
v -10.40474788709283 5.106128788335314 -0.7309345267223037 0.55 0.55 0.55
v -11.082763109272621 7.599729783407446 -0.8324722531439975 0.55 0.55 0.55
v -10.606451420106652 7.604713975610858 -3.313549885218923 0.55 0.55 0.55
v -9.98900738641007 5.110744609960936 -2.989285037654568 0.55 0.55 0.55
v -9.98900738641007 5.110744609960936 -2.989285037654568 0.55 0.55 0.55
v -10.606451420106652 7.604713975610858 -3.313549885218923 0.55 0.55 0.55
v -9.539169974714715 7.609413270715368 -5.716922189025001 0.55 0.55 0.55
v -9.021223324140022 5.1157982132254896 -5.2421317972568815 0.55 0.55 0.55
v -9.021223324140022 5.1157982132254896 -5.2421317972568815 0.55 0.55 0.55
v -9.539169974714715 7.609413270715368 -5.716922189025001 0.55 0.55 0.55
v -8.016794756615917 7.60891080969994 -7.746503988924817 0.55 0.55 0.55
v -7.5492965289735965 5.114455072902324 -7.2356057100303595 0.55 0.55 0.55
v -7.5492965289735965 5.114455072902324 -7.2356057100303595 0.55 0.55 0.55
v -8.016794756615917 7.60891080969994 -7.746503988924817 0.55 0.55 0.55
v -5.773050596680495 7.876635852708819 -9.384968756736454 0.55 0.55 0.55
v -5.591560939786067 5.311514302961774 -8.846078942699116 0.55 0.55 0.55
v -5.591560939786067 5.311514302961774 -8.846078942699116 0.55 0.55 0.55
v -5.773050596680495 7.876635852708819 -9.384968756736454 0.55 0.55 0.55
v -3.378773595026721 7.672410010059002 -10.41088264929957 0.55 0.55 0.55
v -3.275025726240726 5.164797593329255 -9.88287256023052 0.55 0.55 0.55
v -3.275025726240726 5.164797593329255 -9.88287256023052 0.55 0.55 0.55
v -3.378773595026721 7.672410010059002 -10.41088264929957 0.55 0.55 0.55
v -0.7908190685536587 7.599485944638065 -11.086696482402832 0.55 0.55 0.55
v -0.8073076031241654 5.106938637323983 -10.397108420001976 0.55 0.55 0.55
v -0.8073076031241654 5.106938637323983 -10.397108420001976 0.55 0.55 0.55
v -0.7908190685536587 7.599485944638065 -11.086696482402832 0.55 0.55 0.55
v 1.8448020904223024 7.784231970582512 -10.836977977307718 0.55 0.55 0.55
v 1.743951204133633 5.254540365459359 -10.301887101272095 0.55 0.55 0.55
v 1.743951204133633 5.254540365459359 -10.301887101272095 0.55 0.55 0.55
v 1.8448020904223024 7.784231970582512 -10.836977977307718 0.55 0.55 0.55
v 4.550250533360479 7.7849488836563125 -10.010727216732661 0.55 0.55 0.55
v 4.179317619879723 5.251126791093263 -9.587804025585735 0.55 0.55 0.55
v 4.179317619879723 5.251126791093263 -9.587804025585735 0.55 0.55 0.55
v 4.550250533360479 7.7849488836563125 -10.010727216732661 0.55 0.55 0.55
v 6.893763728689479 7.749613029439798 -8.463619038904534 0.55 0.55 0.55
v 6.3817898088619565 5.220598823355955 -8.229095316029808 0.55 0.55 0.55
v 6.3817898088619565 5.220598823355955 -8.229095316029808 0.55 0.55 0.55
v 6.893763728689479 7.749613029439798 -8.463619038904534 0.55 0.55 0.55
v 8.856317418197525 7.616279763845492 -6.706165186058123 0.55 0.55 0.55
v 8.172617625661234 5.123344070874587 -6.487922986352591 0.55 0.55 0.55
v 8.172617625661234 5.123344070874587 -6.487922986352591 0.55 0.55 0.55
v 8.856317418197525 7.616279763845492 -6.706165186058123 0.55 0.55 0.55
v 10.135194110136442 7.602328498497972 -4.598649945978937 0.55 0.55 0.55
v 9.467220893884926 5.109876237067149 -4.412159574712193 0.55 0.55 0.55
v 9.467220893884926 5.109876237067149 -4.412159574712193 0.55 0.55 0.55
v 10.135194110136442 7.602328498497972 -4.598649945978937 0.55 0.55 0.55
v 10.91779884844036 7.598915882030313 -2.2849612083591317 0.55 0.55 0.55
v 10.257446685077927 5.1060631893532555 -2.1025579823231793 0.55 0.55 0.55
v 10.257446685077927 5.1060631893532555 -2.1025579823231793 0.55 0.55 0.55
v 10.91779884844036 7.598915882030313 -2.2849612083591317 0.55 0.55 0.55
v 11.02485324627579 7.596811368167807 1.4151076483583171 0.55 0.55 0.55
v 10.355885703725052 5.105487287270568 1.2267551112105715 0.55 0.55 0.55
v 11.02485324627579 7.596811368167807 1.4151076483583171 0.55 0.55 0.55
v 11.762595741096412 10.068066383936333 1.6113149900079948 0.55 0.55 0.55
v 11.191963063534917 10.072112419902961 3.9794354973090553 0.55 0.55 0.55
v 10.460451551098977 7.599400735200251 3.7934412304245577 0.55 0.55 0.55
v 10.460451551098977 7.599400735200251 3.7934412304245577 0.55 0.55 0.55
v 11.191963063534917 10.072112419902961 3.9794354973090553 0.55 0.55 0.55
v 10.149282421162434 10.080742696572136 6.185041914045662 0.55 0.55 0.55
v 9.39389003716936 7.609608500049366 5.997646169844936 0.55 0.55 0.55
v 9.39389003716936 7.609608500049366 5.997646169844936 0.55 0.55 0.55
v 10.149282421162434 10.080742696572136 6.185041914045662 0.55 0.55 0.55
v 8.61875215337958 10.092002648587123 8.175801382201804 0.55 0.55 0.55
v 7.792340723747796 7.636423046086406 7.9348246759548084 0.55 0.55 0.55
v 7.792340723747796 7.636423046086406 7.9348246759548084 0.0 1.0 0.0
v 8.61875215337958 10.092002648587123 8.175801382201804 0.0 1.0 0.0
v 6.974870356701983 12.08531034615321 9.525953285725624 0.0 1.0 0.0
v 5.71436081752281 10.132838321963831 10.084424129058624 0.0 1.0 0.0
v 5.2965512851421614 7.661926948495619 9.568852662183497 0.0 1.0 0.0
v 5.2965512851421614 7.661926948495619 9.568852662183497 0.55 0.55 0.55
v 5.71436081752281 10.132838321963831 10.084424129058624 0.55 0.55 0.55
v 3.08088167444883 10.090007429583547 11.468780523749153 0.55 0.55 0.55
v 2.840173250466059 7.613234503691789 10.751621644317956 0.55 0.55 0.55
v 2.840173250466059 7.613234503691789 10.751621644317956 0.55 0.55 0.55
v 3.08088167444883 10.090007429583547 11.468780523749153 0.55 0.55 0.55
v 0.18181484710305387 10.097148792445562 11.905266543222401 0.55 0.55 0.55
v 0.13370025746792402 7.619110216836232 11.151254210913827 0.55 0.55 0.55
v 0.13370025746792402 7.619110216836232 11.151254210913827 0.55 0.55 0.55
v 0.18181484710305387 10.097148792445562 11.905266543222401 0.55 0.55 0.55
v -2.48099980943009 10.078839432036535 11.628215038147673 0.55 0.55 0.55
v -2.439033041546186 7.606587751827831 10.861741344703892 0.55 0.55 0.55
v -2.439033041546186 7.606587751827831 10.861741344703892 0.55 0.55 0.55
v -2.48099980943009 10.078839432036535 11.628215038147673 0.55 0.55 0.55
v -5.254093465776759 10.316648694850748 10.391551936797843 0.55 0.55 0.55
v -4.988170473912491 7.807483608598888 9.773722268282969 0.55 0.55 0.55
v -4.988170473912491 7.807483608598888 9.773722268282969 0.55 0.55 0.55
v -5.254093465776759 10.316648694850748 10.391551936797843 0.55 0.55 0.55
v -7.635555132709786 10.074639379530257 9.08363114559701 0.55 0.55 0.55
v -7.232635285340402 7.601890384706767 8.43861763062091 0.55 0.55 0.55
v -7.232635285340402 7.601890384706767 8.43861763062091 0.55 0.55 0.55
v -7.635555132709786 10.074639379530257 9.08363114559701 0.55 0.55 0.55
v -9.606219509242155 10.07210835625099 6.99764251625521 0.55 0.55 0.55
v -9.057874644922704 7.599351319019358 6.477203201784258 0.55 0.55 0.55
v -9.057874644922704 7.599351319019358 6.477203201784258 0.55 0.55 0.55
v -9.606219509242155 10.07210835625099 6.99764251625521 0.55 0.55 0.55
v -10.740080427564536 10.270767450293784 4.554160057517507 0.55 0.55 0.55
v -10.18196877837002 7.773680133691285 4.157071656615205 0.55 0.55 0.55
v -10.18196877837002 7.773680133691285 4.157071656615205 0.55 0.55 0.55
v -10.740080427564536 10.270767450293784 4.554160057517507 0.55 0.55 0.55
v -11.74360195175303 10.069586720142215 1.8075867185352683 0.55 0.55 0.55
v -11.001026194669969 7.596902644641069 1.656339541586145 0.55 0.55 0.55
v -11.001026194669969 7.596902644641069 1.656339541586145 0.55 0.55 0.55
v -11.74360195175303 10.069586720142215 1.8075867185352683 0.55 0.55 0.55
v -11.830994435152808 10.07335836825972 -0.9306053770439592 0.55 0.55 0.55
v -11.082763109272621 7.599729783407446 -0.8324722531439975 0.55 0.55 0.55
v -11.082763109272621 7.599729783407446 -0.8324722531439975 0.55 0.55 0.55
v -11.830994435152808 10.07335836825972 -0.9306053770439592 0.55 0.55 0.55
v -11.296200187680911 10.079291670401496 -3.6409480588213556 0.55 0.55 0.55
v -10.606451420106652 7.604713975610858 -3.313549885218923 0.55 0.55 0.55
v -10.606451420106652 7.604713975610858 -3.313549885218923 0.55 0.55 0.55
v -11.296200187680911 10.079291670401496 -3.6409480588213556 0.55 0.55 0.55
v -10.12107162076784 10.083055277546022 -6.221155914296839 0.55 0.55 0.55
v -9.539169974714715 7.609413270715368 -5.716922189025001 0.55 0.55 0.55
v -9.539169974714715 7.609413270715368 -5.716922189025001 0.55 0.55 0.55
v -10.12107162076784 10.083055277546022 -6.221155914296839 0.55 0.55 0.55
v -8.528178151170378 10.082542264590403 -8.313747289231454 0.55 0.55 0.55
v -8.016794756615917 7.60891080969994 -7.746503988924817 0.55 0.55 0.55
v -8.016794756615917 7.60891080969994 -7.746503988924817 0.55 0.55 0.55
v -8.528178151170378 10.082542264590403 -8.313747289231454 0.55 0.55 0.55
v -6.0102567423377335 10.411609026801377 -10.03399198963351 0.55 0.55 0.55
v -5.773050596680495 7.876635852708819 -9.384968756736454 0.55 0.55 0.55
v -5.773050596680495 7.876635852708819 -9.384968756736454 0.55 0.55 0.55
v -6.0102567423377335 10.411609026801377 -10.03399198963351 0.55 0.55 0.55
v -3.5134586720733223 10.15129265591686 -11.055076959487112 0.55 0.55 0.55
v -3.378773595026721 7.672410010059002 -10.41088264929957 0.55 0.55 0.55
v -3.378773595026721 7.672410010059002 -10.41088264929957 0.55 0.55 0.55
v -3.5134586720733223 10.15129265591686 -11.055076959487112 0.55 0.55 0.55
v -0.7725807582323072 10.071676257986658 -11.846034192672924 0.55 0.55 0.55
v -0.7908190685536587 7.599485944638065 -11.086696482402832 0.55 0.55 0.55
v -0.7908190685536587 7.599485944638065 -11.086696482402832 0.55 0.55 0.55
v -0.7725807582323072 10.071676257986658 -11.846034192672924 0.55 0.55 0.55
v 1.9652439679653626 10.2841219136669 -11.49451802807126 0.55 0.55 0.55
v 1.8448020904223024 7.784231970582512 -10.836977977307718 0.55 0.55 0.55
v 1.8448020904223024 7.784231970582512 -10.836977977307718 0.55 0.55 0.55
v 1.9652439679653626 10.2841219136669 -11.49451802807126 0.55 0.55 0.55
v 4.974530189416653 10.289428727957215 -10.543138537018612 0.55 0.55 0.55
v 4.550250533360479 7.7849488836563125 -10.010727216732661 0.55 0.55 0.55
v 4.550250533360479 7.7849488836563125 -10.010727216732661 0.0 1.0 0.0
v 4.974530189416653 10.289428727957215 -10.543138537018612 0.0 1.0 0.0
v 6.624737363408405 12.095694449860387 -9.804985324302589 0.0 1.0 0.0
v 7.587959128503546 10.232348900571862 -8.709838811758761 0.0 1.0 0.0
v 6.893763728689479 7.749613029439798 -8.463619038904534 0.0 1.0 0.0
v 6.893763728689479 7.749613029439798 -8.463619038904534 0.55 0.55 0.55
v 7.587959128503546 10.232348900571862 -8.709838811758761 0.55 0.55 0.55
v 9.6415931616297 10.080441212544285 -6.908700426794678 0.55 0.55 0.55
v 8.856317418197525 7.616279763845492 -6.706165186058123 0.55 0.55 0.55
v 8.856317418197525 7.616279763845492 -6.706165186058123 0.55 0.55 0.55
v 9.6415931616297 10.080441212544285 -6.908700426794678 0.55 0.55 0.55
v 10.881790812820086 10.072427199177124 -4.784956832531878 0.55 0.55 0.55
v 10.135194110136442 7.602328498497972 -4.598649945978937 0.55 0.55 0.55
v 10.135194110136442 7.602328498497972 -4.598649945978937 0.55 0.55 0.55
v 10.881790812820086 10.072427199177124 -4.784956832531878 0.55 0.55 0.55
v 11.647980116849851 10.07165856094051 -2.475416345328872 0.55 0.55 0.55
v 10.91779884844036 7.598915882030313 -2.2849612083591317 0.55 0.55 0.55
v 10.91779884844036 7.598915882030313 -2.2849612083591317 0.0 1.0 0.0
v 11.647980116849851 10.07165856094051 -2.475416345328872 0.0 1.0 0.0
v 11.418661913805884 10.728624263279901 0.04739728744096409 0.0 1.0 0.0
v 11.762595741096412 10.068066383936333 1.6113149900079948 0.0 1.0 0.0
v 11.02485324627579 7.596811368167807 1.4151076483583171 0.0 1.0 0.0
v 11.762595741096412 10.068066383936333 1.6113149900079948 0.55 0.55 0.55
v 12.553524557026124 12.523004275712358 1.8050304802255697 0.55 0.55 0.55
v 11.97982990901197 12.527865499931748 4.159994166262441 0.55 0.55 0.55
v 11.191963063534917 10.072112419902961 3.9794354973090553 0.55 0.55 0.55
v 11.191963063534917 10.072112419902961 3.9794354973090553 0.55 0.55 0.55
v 11.97982990901197 12.527865499931748 4.159994166262441 0.55 0.55 0.55
v 10.972931036669165 12.531400729003309 6.352906826189782 0.55 0.55 0.55
v 10.149282421162434 10.080742696572136 6.185041914045662 0.55 0.55 0.55
v 10.149282421162434 10.080742696572136 6.185041914045662 0.55 0.55 0.55
v 10.972931036669165 12.531400729003309 6.352906826189782 0.55 0.55 0.55
v 9.53452751555557 12.52356666987524 8.321321153610512 0.55 0.55 0.55
v 8.61875215337958 10.092002648587123 8.175801382201804 0.55 0.55 0.55
v 8.61875215337958 10.092002648587123 8.175801382201804 0.55 0.55 0.55
v 9.53452751555557 12.52356666987524 8.321321153610512 0.55 0.55 0.55
v 8.054629042089573 14.421950421431706 9.933598216278462 0.55 0.55 0.55
v 6.974870356701983 12.08531034615321 9.525953285725624 0.55 0.55 0.55
v 6.974870356701983 12.08531034615321 9.525953285725624 0.55 0.55 0.55
v 8.054629042089573 14.421950421431706 9.933598216278462 0.55 0.55 0.55
v 5.7297286667397636 12.542730123148184 10.909581048833322 0.55 0.55 0.55
v 5.71436081752281 10.132838321963831 10.084424129058624 0.55 0.55 0.55
v 5.71436081752281 10.132838321963831 10.084424129058624 0.0 1.0 0.0
v 5.7297286667397636 12.542730123148184 10.909581048833322 0.0 1.0 0.0
v 4.846598138808828 17.51494528600468 13.00156727139284 0.0 1.0 0.0
v 3.3086774543206987 12.550241558843764 12.244937209577078 0.0 1.0 0.0
v 3.08088167444883 10.090007429583547 11.468780523749153 0.0 1.0 0.0
v 3.08088167444883 10.090007429583547 11.468780523749153 0.55 0.55 0.55
v 3.3086774543206987 12.550241558843764 12.244937209577078 0.55 0.55 0.55
v 0.23622753395678606 12.558463796313813 12.71177498819558 0.55 0.55 0.55
v 0.18181484710305387 10.097148792445562 11.905266543222401 0.55 0.55 0.55
v 0.18181484710305387 10.097148792445562 11.905266543222401 0.55 0.55 0.55
v 0.23622753395678606 12.558463796313813 12.71177498819558 0.55 0.55 0.55
v -2.530823986516392 12.533938881763468 12.447567805831735 0.55 0.55 0.55
v -2.48099980943009 10.078839432036535 11.628215038147673 0.55 0.55 0.55
v -2.48099980943009 10.078839432036535 11.628215038147673 0.55 0.55 0.55
v -2.530823986516392 12.533938881763468 12.447567805831735 0.55 0.55 0.55
v -5.558965537990632 12.797777414155146 11.098434375875325 0.55 0.55 0.55
v -5.254093465776759 10.316648694850748 10.391551936797843 0.55 0.55 0.55
v -5.254093465776759 10.316648694850748 10.391551936797843 0.55 0.55 0.55
v -5.558965537990632 12.797777414155146 11.098434375875325 0.55 0.55 0.55
v -8.071111590966238 12.530713661547924 9.769837034835883 0.55 0.55 0.55
v -7.635555132709786 10.074639379530257 9.08363114559701 0.55 0.55 0.55
v -7.635555132709786 10.074639379530257 9.08363114559701 0.55 0.55 0.55
v -8.071111590966238 12.530713661547924 9.769837034835883 0.55 0.55 0.55
v -10.19931929817245 12.52829621095343 7.546479118454035 0.55 0.55 0.55
v -9.606219509242155 10.07210835625099 6.99764251625521 0.55 0.55 0.55
v -9.606219509242155 10.07210835625099 6.99764251625521 0.55 0.55 0.55
v -10.19931929817245 12.52829621095343 7.546479118454035 0.55 0.55 0.55
v -11.383284410193705 12.742570651921174 4.980238338859005 0.55 0.55 0.55
v -10.740080427564536 10.270767450293784 4.554160057517507 0.55 0.55 0.55
v -10.740080427564536 10.270767450293784 4.554160057517507 0.55 0.55 0.55
v -11.383284410193705 12.742570651921174 4.980238338859005 0.55 0.55 0.55
v -12.53892161785322 12.525687860306514 1.9606195699959195 0.55 0.55 0.55
v -11.74360195175303 10.069586720142215 1.8075867185352683 0.55 0.55 0.55
v -11.74360195175303 10.069586720142215 1.8075867185352683 0.55 0.55 0.55
v -12.53892161785322 12.525687860306514 1.9606195699959195 0.55 0.55 0.55
v -12.632398469181894 12.530375515889247 -1.0263959990466078 0.55 0.55 0.55
v -11.830994435152808 10.07335836825972 -0.9306053770439592 0.55 0.55 0.55
v -11.830994435152808 10.07335836825972 -0.9306053770439592 0.55 0.55 0.55
v -12.632398469181894 12.530375515889247 -1.0263959990466078 0.55 0.55 0.55
v -12.0401834272413 12.537661863274062 -3.9715351745848237 0.55 0.55 0.55
v -11.296200187680911 10.079291670401496 -3.6409480588213556 0.55 0.55 0.55
v -11.296200187680911 10.079291670401496 -3.6409480588213556 0.55 0.55 0.55
v -12.0401834272413 12.537661863274062 -3.9715351745848237 0.55 0.55 0.55
v -10.752516981149947 12.540387232159949 -6.744961723658882 0.55 0.55 0.55
v -10.12107162076784 10.083055277546022 -6.221155914296839 0.55 0.55 0.55
v -10.12107162076784 10.083055277546022 -6.221155914296839 0.55 0.55 0.55
v -10.752516981149947 12.540387232159949 -6.744961723658882 0.55 0.55 0.55
v -9.06985454903128 12.541080184100869 -8.917293413463804 0.55 0.55 0.55
v -8.528178151170378 10.082542264590403 -8.313747289231454 0.55 0.55 0.55
v -8.528178151170378 10.082542264590403 -8.313747289231454 0.55 0.55 0.55
v -9.06985454903128 12.541080184100869 -8.917293413463804 0.55 0.55 0.55
v -6.290769476511625 12.918770662919915 -10.768359475791693 0.55 0.55 0.55
v -6.0102567423377335 10.411609026801377 -10.03399198963351 0.55 0.55 0.55
v -6.0102567423377335 10.411609026801377 -10.03399198963351 0.55 0.55 0.55
v -6.290769476511625 12.918770662919915 -10.768359475791693 0.55 0.55 0.55
v -3.672436634098607 12.603206272938094 -11.790649475300361 0.55 0.55 0.55
v -3.5134586720733223 10.15129265591686 -11.055076959487112 0.55 0.55 0.55
v -3.5134586720733223 10.15129265591686 -11.055076959487112 0.55 0.55 0.55
v -3.672436634098607 12.603206272938094 -11.790649475300361 0.55 0.55 0.55
v -0.7539847595946358 12.527017052030127 -12.658129161686574 0.55 0.55 0.55
v -0.7725807582323072 10.071676257986658 -11.846034192672924 0.55 0.55 0.55
v -0.7725807582323072 10.071676257986658 -11.846034192672924 0.55 0.55 0.55
v -0.7539847595946358 12.527017052030127 -12.658129161686574 0.55 0.55 0.55
v 2.0926324942742047 12.756381802856714 -12.248530857034371 0.55 0.55 0.55
v 1.9652439679653626 10.2841219136669 -11.49451802807126 0.55 0.55 0.55
v 1.9652439679653626 10.2841219136669 -11.49451802807126 0.55 0.55 0.55
v 2.0926324942742047 12.756381802856714 -12.248530857034371 0.55 0.55 0.55
v 5.315139472764091 12.757097832631452 -11.224223922474701 0.55 0.55 0.55
v 4.974530189416653 10.289428727957215 -10.543138537018612 0.55 0.55 0.55
v 4.974530189416653 10.289428727957215 -10.543138537018612 0.55 0.55 0.55
v 5.315139472764091 12.757097832631452 -11.224223922474701 0.55 0.55 0.55
v 7.4846121036182565 14.486210599083174 -10.43176030267825 0.55 0.55 0.55
v 6.624737363408405 12.095694449860387 -9.804985324302589 0.55 0.55 0.55
v 6.624737363408405 12.095694449860387 -9.804985324302589 0.0 1.0 0.0
v 7.4846121036182565 14.486210599083174 -10.43176030267825 0.0 1.0 0.0
v 11.806045721879256 22.999188100846553 -10.757677675462851 0.0 1.0 0.0
v 8.57893230246143 12.622404945939788 -8.814355933380396 0.0 1.0 0.0
v 7.587959128503546 10.232348900571862 -8.709838811758761 0.0 1.0 0.0
v 7.587959128503546 10.232348900571862 -8.709838811758761 0.55 0.55 0.55
v 8.57893230246143 12.622404945939788 -8.814355933380396 0.55 0.55 0.55
v 10.515125823679712 12.517025022395275 -7.081992388455686 0.55 0.55 0.55
v 9.6415931616297 10.080441212544285 -6.908700426794678 0.55 0.55 0.55
v 9.6415931616297 10.080441212544285 -6.908700426794678 0.55 0.55 0.55
v 10.515125823679712 12.517025022395275 -7.081992388455686 0.55 0.55 0.55
v 11.690064088287418 12.523406761048305 -4.966407627420353 0.55 0.55 0.55
v 10.881790812820086 10.072427199177124 -4.784956832531878 0.55 0.55 0.55
v 10.881790812820086 10.072427199177124 -4.784956832531878 0.55 0.55 0.55
v 11.690064088287418 12.523406761048305 -4.966407627420353 0.55 0.55 0.55
v 12.433228332348945 12.527564420692043 -2.664795358860145 0.55 0.55 0.55
v 11.647980116849851 10.07165856094051 -2.475416345328872 0.55 0.55 0.55
v 11.647980116849851 10.07165856094051 -2.475416345328872 0.55 0.55 0.55
v 12.433228332348945 12.527564420692043 -2.664795358860145 0.55 0.55 0.55
v 12.372409320106234 13.11698505031251 -0.1769721690546915 0.55 0.55 0.55
v 11.418661913805884 10.728624263279901 0.04739728744096409 0.55 0.55 0.55
v 11.418661913805884 10.728624263279901 0.04739728744096409 0.55 0.55 0.55
v 12.372409320106234 13.11698505031251 -0.1769721690546915 0.55 0.55 0.55
v 12.553524557026124 12.523004275712358 1.8050304802255697 0.55 0.55 0.55
v 11.762595741096412 10.068066383936333 1.6113149900079948 0.55 0.55 0.55
v 12.553524557026124 12.523004275712358 1.8050304802255697 0.55 0.55 0.55
v 13.379767110094724 14.966710180406627 1.993490860568646 0.55 0.55 0.55
v 12.804345325862258 14.971696271399582 4.338759731523272 0.55 0.55 0.55
v 11.97982990901197 12.527865499931748 4.159994166262441 0.55 0.55 0.55
v 11.97982990901197 12.527865499931748 4.159994166262441 0.55 0.55 0.55
v 12.804345325862258 14.971696271399582 4.338759731523272 0.55 0.55 0.55
v 11.8316053624103 14.96959180792276 6.526966025079249 0.55 0.55 0.55
v 10.972931036669165 12.531400729003309 6.352906826189782 0.55 0.55 0.55
v 10.972931036669165 12.531400729003309 6.352906826189782 0.55 0.55 0.55
v 11.8316053624103 14.96959180792276 6.526966025079249 0.55 0.55 0.55
v 10.46689982228767 14.946881387119435 8.49614324744426 0.55 0.55 0.55
v 9.53452751555557 12.52356666987524 8.321321153610512 0.55 0.55 0.55
v 9.53452751555557 12.52356666987524 8.321321153610512 0.55 0.55 0.55
v 10.46689982228767 14.946881387119435 8.49614324744426 0.55 0.55 0.55
v 9.086083963168926 16.77663008709331 10.381220313403732 0.55 0.55 0.55
v 8.054629042089573 14.421950421431706 9.933598216278462 0.55 0.55 0.55
v 8.054629042089573 14.421950421431706 9.933598216278462 0.0 1.0 0.0
v 9.086083963168926 16.77663008709331 10.381220313403732 0.0 1.0 0.0
v 8.393744930616485 19.53293050953092 11.90816241581484 0.0 1.0 0.0
v 6.292724058705758 14.955987497451671 11.529370692613744 0.0 1.0 0.0
v 5.7297286667397636 12.542730123148184 10.909581048833322 0.0 1.0 0.0
v 5.7297286667397636 12.542730123148184 10.909581048833322 0.55 0.55 0.55
v 6.292724058705758 14.955987497451671 11.529370692613744 0.55 0.55 0.55
v 5.319041234422677 19.89625744173912 13.950069760873522 0.55 0.55 0.55
v 4.846598138808828 17.51494528600468 13.00156727139284 0.55 0.55 0.55
v 4.846598138808828 17.51494528600468 13.00156727139284 0.55 0.55 0.55
v 5.319041234422677 19.89625744173912 13.950069760873522 0.55 0.55 0.55
v 3.5648729030127866 14.998889680097655 13.048255340129803 0.55 0.55 0.55
v 3.3086774543206987 12.550241558843764 12.244937209577078 0.55 0.55 0.55
v 3.3086774543206987 12.550241558843764 12.244937209577078 0.55 0.55 0.55
v 3.5648729030127866 14.998889680097655 13.048255340129803 0.55 0.55 0.55
v 0.30460608300132297 15.008271530662222 13.55139511482617 0.55 0.55 0.55
v 0.23622753395678606 12.558463796313813 12.71177498819558 0.55 0.55 0.55
v 0.23622753395678606 12.558463796313813 12.71177498819558 0.55 0.55 0.55
v 0.30460608300132297 15.008271530662222 13.55139511482617 0.55 0.55 0.55
v -2.577075499935511 14.976426179410886 13.304048447858422 0.55 0.55 0.55
v -2.530823986516392 12.533938881763468 12.447567805831735 0.55 0.55 0.55
v -2.530823986516392 12.533938881763468 12.447567805831735 0.0 1.0 0.0
v -2.577075499935511 14.976426179410886 13.304048447858422 0.0 1.0 0.0
v -4.293759431117811 16.67034893973276 12.821521981622823 0.0 1.0 0.0
v -5.881088611676561 15.255923579354112 11.874937780052683 0.0 1.0 0.0
v -5.558965537990632 12.797777414155146 11.098434375875325 0.0 1.0 0.0
v -5.558965537990632 12.797777414155146 11.098434375875325 0.0 1.0 0.0
v -5.881088611676561 15.255923579354112 11.874937780052683 0.0 1.0 0.0
v -9.049038299659708 16.288983804550313 10.04410548777914 0.0 1.0 0.0
v -8.523696676407964 14.97498718796153 10.48659364679598 0.0 1.0 0.0
v -8.071111590966238 12.530713661547924 9.769837034835883 0.0 1.0 0.0
v -8.071111590966238 12.530713661547924 9.769837034835883 0.0 1.0 0.0
v -8.523696676407964 14.97498718796153 10.48659364679598 0.0 1.0 0.0
v -9.798321626989361 17.401265517384346 9.790178767152353 0.0 1.0 0.0
v -10.820867966340204 14.972898458108894 8.11513118599319 0.0 1.0 0.0
v -10.19931929817245 12.52829621095343 7.546479118454035 0.0 1.0 0.0
v -10.19931929817245 12.52829621095343 7.546479118454035 0.55 0.55 0.55
v -10.820867966340204 14.972898458108894 8.11513118599319 0.55 0.55 0.55
v -12.088977973637508 15.193096067960514 5.4300400023111735 0.55 0.55 0.55
v -11.383284410193705 12.742570651921174 4.980238338859005 0.55 0.55 0.55
v -11.383284410193705 12.742570651921174 4.980238338859005 0.0 1.0 0.0
v -12.088977973637508 15.193096067960514 5.4300400023111735 0.0 1.0 0.0
v -13.108333824243743 16.738087026327932 3.434422820199852 0.0 1.0 0.0
v -13.368342584534977 14.97008236856979 2.1202294183593433 0.0 1.0 0.0
v -12.53892161785322 12.525687860306514 1.9606195699959195 0.0 1.0 0.0
v -12.53892161785322 12.525687860306514 1.9606195699959195 0.0 1.0 0.0
v -13.368342584534977 14.97008236856979 2.1202294183593433 0.0 1.0 0.0
v -13.795387528198866 17.273098822036825 0.254551244064003 0.0 1.0 0.0
v -13.468637037451424 14.9757861582604 -1.1212753623350566 0.0 1.0 0.0
v -12.632398469181894 12.530375515889247 -1.0263959990466078 0.0 1.0 0.0
v -12.632398469181894 12.530375515889247 -1.0263959990466078 0.55 0.55 0.55
v -13.468637037451424 14.9757861582604 -1.1212753623350566 0.55 0.55 0.55
v -12.81831588480313 14.984697206914669 -4.307530244565499 0.55 0.55 0.55
v -12.0401834272413 12.537661863274062 -3.9715351745848237 0.55 0.55 0.55
v -12.0401834272413 12.537661863274062 -3.9715351745848237 0.55 0.55 0.55
v -12.81831588480313 14.984697206914669 -4.307530244565499 0.55 0.55 0.55
v -11.41666310495158 14.98645818954652 -7.280884931280414 0.55 0.55 0.55
v -10.752516981149947 12.540387232159949 -6.744961723658882 0.55 0.55 0.55
v -10.752516981149947 12.540387232159949 -6.744961723658882 0.55 0.55 0.55
v -11.41666310495158 14.98645818954652 -7.280884931280414 0.55 0.55 0.55
v -9.626237448769986 14.989861816411608 -9.546347134860401 0.55 0.55 0.55
v -9.06985454903128 12.541080184100869 -8.917293413463804 0.55 0.55 0.55
v -9.06985454903128 12.541080184100869 -8.917293413463804 0.0 0.0 0.0
v -9.626237448769986 14.989861816411608 -9.546347134860401 0.0 0.0 0.0
v -6.290769476511625 12.918770662919915 -10.768359475791693 0.0 0.0 0.0
v -9.626237448769986 14.989861816411608 -9.546347134860401 0.0 0.0 1.0
v -10.575362151422027 17.38081550238541 -9.740129057065326 0.0 0.0 1.0
v -8.906272095371493 16.70369164565065 -10.195111567314484 0.0 0.0 1.0
v -7.446292391653113 17.44260470185847 -11.522541216043535 0.0 0.0 1.0
v -6.290769476511625 12.918770662919915 -10.768359475791693 0.0 0.0 1.0
v -11.41666310495158 14.98645818954652 -7.280884931280414 0.55 0.55 0.55
v -11.844040396155021 17.367562696639304 -8.166900505268428 0.55 0.55 0.55
v -10.575362151422027 17.38081550238541 -9.740129057065326 0.55 0.55 0.55
v -9.626237448769986 14.989861816411608 -9.546347134860401 0.55 0.55 0.55
v -12.81831588480313 14.984697206914669 -4.307530244565499 0.55 0.55 0.55
v -13.507371197305025 17.38363936271919 -4.929060169473263 0.55 0.55 0.55
v -11.844040396155021 17.367562696639304 -8.166900505268428 0.55 0.55 0.55
v -11.41666310495158 14.98645818954652 -7.280884931280414 0.55 0.55 0.55
v -13.468637037451424 14.9757861582604 -1.1212753623350566 0.0 1.0 0.0
v -14.287581515060582 17.39874064235712 -1.464202326693492 0.0 1.0 0.0
v -13.499299938332678 17.51521385779045 -3.207230007217942 0.0 1.0 0.0
v -13.507371197305025 17.38363936271919 -4.929060169473263 0.0 1.0 0.0
v -12.81831588480313 14.984697206914669 -4.307530244565499 0.0 1.0 0.0
v -13.795387528198866 17.273098822036825 0.254551244064003 0.55 0.55 0.55
v -14.851989856505703 19.685421489351267 0.32035704013923866 0.55 0.55 0.55
v -14.287581515060582 17.39874064235712 -1.464202326693492 0.55 0.55 0.55
v -13.468637037451424 14.9757861582604 -1.1212753623350566 0.55 0.55 0.55
v -13.368342584534977 14.97008236856979 2.1202294183593433 0.55 0.55 0.55
v -14.221391848210557 17.400919790219476 2.146676221090047 0.55 0.55 0.55
v -14.851989856505703 19.685421489351267 0.32035704013923866 0.55 0.55 0.55
v -13.795387528198866 17.273098822036825 0.254551244064003 0.55 0.55 0.55
v -13.108333824243743 16.738087026327932 3.434422820199852 0.55 0.55 0.55
v -14.029989500392023 19.071169807960466 3.9377442637669424 0.55 0.55 0.55
v -14.221391848210557 17.400919790219476 2.146676221090047 0.55 0.55 0.55
v -13.368342584534977 14.97008236856979 2.1202294183593433 0.55 0.55 0.55
v -12.088977973637508 15.193096067960514 5.4300400023111735 0.0 1.0 0.0
v -12.515728095313245 17.392494084078532 6.294866385743207 0.0 1.0 0.0
v -13.656824194579794 19.862149613394628 5.8326077393577656 0.0 1.0 0.0
v -14.029989500392023 19.071169807960466 3.9377442637669424 0.0 1.0 0.0
v -13.108333824243743 16.738087026327932 3.434422820199852 0.0 1.0 0.0
v -10.820867966340204 14.972898458108894 8.11513118599319 0.55 0.55 0.55
v -11.422240329761772 17.40429564950578 8.72511694064315 0.55 0.55 0.55
v -12.515728095313245 17.392494084078532 6.294866385743207 0.55 0.55 0.55
v -12.088977973637508 15.193096067960514 5.4300400023111735 0.55 0.55 0.55
v -9.798321626989361 17.401265517384346 9.790178767152353 0.55 0.55 0.55
v -10.540385931981906 19.776704000218807 10.552368698597869 0.55 0.55 0.55
v -11.422240329761772 17.40429564950578 8.72511694064315 0.55 0.55 0.55
v -10.820867966340204 14.972898458108894 8.11513118599319 0.55 0.55 0.55
v -8.523696676407964 14.97498718796153 10.48659364679598 0.55 0.55 0.55
v -8.846858411480484 17.396525018723107 11.318559842858834 0.55 0.55 0.55
v -10.540385931981906 19.776704000218807 10.552368698597869 0.55 0.55 0.55
v -9.798321626989361 17.401265517384346 9.790178767152353 0.55 0.55 0.55
v -9.049038299659708 16.288983804550313 10.04410548777914 1.0 0.0 0.0
v -5.881088611676561 15.255923579354112 11.874937780052683 1.0 0.0 0.0
v -6.825898277880631 17.27786995677502 12.179502046939007 1.0 0.0 0.0
v -8.846858411480484 17.396525018723107 11.318559842858834 1.0 0.0 0.0
v -8.523696676407964 14.97498718796153 10.48659364679598 1.0 0.0 0.0
v -4.293759431117811 16.67034893973276 12.821521981622823 0.0 1.0 0.0
v -4.0400398484737 18.937905203116646 13.946635187709855 0.0 1.0 0.0
v -5.7747275028673855 19.81456316212309 13.521206293793686 0.0 1.0 0.0
v -6.825898277880631 17.27786995677502 12.179502046939007 0.0 1.0 0.0
v -5.881088611676561 15.255923579354112 11.874937780052683 0.0 1.0 0.0
v -2.577075499935511 14.976426179410886 13.304048447858422 0.55 0.55 0.55
v -2.2662208434413564 17.379576818231513 14.194032870530679 0.55 0.55 0.55
v -4.0400398484737 18.937905203116646 13.946635187709855 0.55 0.55 0.55
v -4.293759431117811 16.67034893973276 12.821521981622823 0.55 0.55 0.55
v 0.30460608300132297 15.008271530662222 13.55139511482617 0.55 0.55 0.55
v -0.2163775723648198 17.369402328804966 14.393218290753081 0.55 0.55 0.55
v -2.2662208434413564 17.379576818231513 14.194032870530679 0.55 0.55 0.55
v -2.577075499935511 14.976426179410886 13.304048447858422 0.55 0.55 0.55
v 3.5648729030127866 14.998889680097655 13.048255340129803 0.0 1.0 0.0
v 3.4390658645915626 17.381101806702954 13.95706714044373 0.0 1.0 0.0
v 1.508714706832621 18.62684940625762 14.218701409072516 0.0 1.0 0.0
v -0.2163775723648198 17.369402328804966 14.393218290753081 0.0 1.0 0.0
v 0.30460608300132297 15.008271530662222 13.55139511482617 0.0 1.0 0.0
v 5.319041234422677 19.89625744173912 13.950069760873522 1.0 1.0 1.0
v 3.4390658645915626 17.381101806702954 13.95706714044373 1.0 1.0 1.0
v 3.5648729030127866 14.998889680097655 13.048255340129803 1.0 1.0 1.0
v 5.319041234422677 19.89625744173912 13.950069760873522 1.0 1.0 1.0
v 3.6241087787470465 19.819680164198573 14.787582787992427 1.0 1.0 1.0
v 3.4390658645915626 17.381101806702954 13.95706714044373 1.0 1.0 1.0
v 3.4390658645915626 17.381101806702954 13.95706714044373 0.55 0.55 0.55
v 3.6241087787470465 19.819680164198573 14.787582787992427 0.55 0.55 0.55
v 1.6796168562160219 21.024516480647875 15.245090894095934 0.55 0.55 0.55
v 1.508714706832621 18.62684940625762 14.218701409072516 0.55 0.55 0.55
v 1.508714706832621 18.62684940625762 14.218701409072516 0.55 0.55 0.55
v 1.6796168562160219 21.024516480647875 15.245090894095934 0.55 0.55 0.55
v -0.2205443938710434 19.81483550234323 15.248567877099138 0.55 0.55 0.55
v -0.2163775723648198 17.369402328804966 14.393218290753081 0.55 0.55 0.55
v -0.2163775723648198 17.369402328804966 14.393218290753081 0.55 0.55 0.55
v -0.2205443938710434 19.81483550234323 15.248567877099138 0.55 0.55 0.55
v -2.287713981028819 19.822926659921144 15.049078843016742 0.55 0.55 0.55
v -2.2662208434413564 17.379576818231513 14.194032870530679 0.55 0.55 0.55
v -2.2662208434413564 17.379576818231513 14.194032870530679 0.55 0.55 0.55
v -2.287713981028819 19.822926659921144 15.049078843016742 0.55 0.55 0.55
v -4.233408140766016 21.317790968187474 14.929607979557469 0.55 0.55 0.55
v -4.0400398484737 18.937905203116646 13.946635187709855 0.55 0.55 0.55
v -4.0400398484737 18.937905203116646 13.946635187709855 0.55 0.55 0.55
v -4.233408140766016 21.317790968187474 14.929607979557469 0.55 0.55 0.55
v -6.166403470966051 22.16546381213633 14.570337526662815 0.55 0.55 0.55
v -5.7747275028673855 19.81456316212309 13.521206293793686 0.55 0.55 0.55
v -5.7747275028673855 19.81456316212309 13.521206293793686 0.55 0.55 0.55
v -6.166403470966051 22.16546381213633 14.570337526662815 0.55 0.55 0.55
v -7.319354648609645 19.395679284346 12.784185334014518 0.55 0.55 0.55
v -6.825898277880631 17.27786995677502 12.179502046939007 0.55 0.55 0.55
v -6.825898277880631 17.27786995677502 12.179502046939007 0.55 0.55 0.55
v -7.319354648609645 19.395679284346 12.784185334014518 0.55 0.55 0.55
v -9.326601396840516 19.83818953301864 12.024914788622464 0.55 0.55 0.55
v -8.846858411480484 17.396525018723107 11.318559842858834 0.55 0.55 0.55
v -8.846858411480484 17.396525018723107 11.318559842858834 0.55 0.55 0.55
v -9.326601396840516 19.83818953301864 12.024914788622464 0.55 0.55 0.55
v -11.232544152300983 22.176571531299945 11.287749299432726 0.55 0.55 0.55
v -10.540385931981906 19.776704000218807 10.552368698597869 0.55 0.55 0.55
v -10.540385931981906 19.776704000218807 10.552368698597869 0.55 0.55 0.55
v -11.232544152300983 22.176571531299945 11.287749299432726 0.55 0.55 0.55
v -12.053345784544064 19.84571386618675 9.29668303595699 0.55 0.55 0.55
v -11.422240329761772 17.40429564950578 8.72511694064315 0.55 0.55 0.55
v -11.422240329761772 17.40429564950578 8.72511694064315 0.55 0.55 0.55
v -12.053345784544064 19.84571386618675 9.29668303595699 0.55 0.55 0.55
v -12.850723232224734 19.50968398492612 7.302477938913915 0.55 0.55 0.55
v -12.515728095313245 17.392494084078532 6.294866385743207 0.55 0.55 0.55
v -12.515728095313245 17.392494084078532 6.294866385743207 0.55 0.55 0.55
v -12.850723232224734 19.50968398492612 7.302477938913915 0.55 0.55 0.55
v -14.594796592628466 22.26779027095121 6.254948845795118 0.55 0.55 0.55
v -13.656824194579794 19.862149613394628 5.8326077393577656 0.55 0.55 0.55
v -13.656824194579794 19.862149613394628 5.8326077393577656 0.55 0.55 0.55
v -14.594796592628466 22.26779027095121 6.254948845795118 0.55 0.55 0.55
v -14.97562372163449 21.443582367439568 4.245967950389773 0.55 0.55 0.55
v -14.029989500392023 19.071169807960466 3.9377442637669424 0.55 0.55 0.55
v -14.029989500392023 19.071169807960466 3.9377442637669424 0.55 0.55 0.55
v -14.97562372163449 21.443582367439568 4.245967950389773 0.55 0.55 0.55
v -15.063017803524321 19.84274151875528 2.2784708681754675 0.55 0.55 0.55
v -14.221391848210557 17.400919790219476 2.146676221090047 0.55 0.55 0.55
v -14.221391848210557 17.400919790219476 2.146676221090047 0.55 0.55 0.55
v -15.063017803524321 19.84274151875528 2.2784708681754675 0.55 0.55 0.55
v -15.86427901639571 22.11957281518225 0.34888601353105064 0.55 0.55 0.55
v -14.851989856505703 19.685421489351267 0.32035704013923866 0.55 0.55 0.55
v -14.851989856505703 19.685421489351267 0.32035704013923866 0.55 0.55 0.55
v -15.86427901639571 22.11957281518225 0.34888601353105064 0.55 0.55 0.55
v -15.133245730087216 19.840735791155943 -1.5548518344993605 0.55 0.55 0.55
v -14.287581515060582 17.39874064235712 -1.464202326693492 0.55 0.55 0.55
v -13.499299938332678 17.51521385779045 -3.207230007217942 1.0 0.0 0.0
v -14.287581515060582 17.39874064235712 -1.464202326693492 1.0 0.0 0.0
v -15.133245730087216 19.840735791155943 -1.5548518344993605 1.0 0.0 0.0
v -14.282721154418045 19.822858627608692 -5.297489344955934 1.0 0.0 0.0
v -13.507371197305025 17.38363936271919 -4.929060169473263 1.0 0.0 0.0
v -13.507371197305025 17.38363936271919 -4.929060169473263 0.0 0.0 1.0
v -14.282721154418045 19.822858627608692 -5.297489344955934 0.0 0.0 1.0
v -12.65718908536687 18.63984302006525 -6.662800541838484 0.0 0.0 1.0
v -11.844040396155021 17.367562696639304 -8.166900505268428 0.0 0.0 1.0
v -12.65718908536687 18.63984302006525 -6.662800541838484 0.0 0.0 0.0
v -13.56199980314774 21.036175138957773 -7.170610820147491 0.0 0.0 0.0
v -11.844040396155021 17.367562696639304 -8.166900505268428 0.0 0.0 0.0
v -14.282721154418045 19.822858627608692 -5.297489344955934 1.0 1.0 1.0
v -13.56199980314774 21.036175138957773 -7.170610820147491 1.0 1.0 1.0
v -12.65718908536687 18.63984302006525 -6.662800541838484 1.0 1.0 1.0
v -14.282721154418045 19.822858627608692 -5.297489344955934 1.0 1.0 1.0
v -14.418835244475616 23.457391455225327 -7.642493181505568 1.0 1.0 1.0
v -13.56199980314774 21.036175138957773 -7.170610820147491 1.0 1.0 1.0
v -13.56199980314774 21.036175138957773 -7.170610820147491 0.55 0.55 0.55
v -14.418835244475616 23.457391455225327 -7.642493181505568 0.55 0.55 0.55
v -12.503285309553357 19.812850471541648 -8.711841719993027 0.55 0.55 0.55
v -11.844040396155021 17.367562696639304 -8.166900505268428 0.55 0.55 0.55
v -11.844040396155021 17.367562696639304 -8.166900505268428 0.55 0.55 0.55
v -12.503285309553357 19.812850471541648 -8.711841719993027 0.55 0.55 0.55
v -11.201045878274941 19.82487646716239 -10.318698551557986 0.55 0.55 0.55
v -10.575362151422027 17.38081550238541 -9.740129057065326 0.55 0.55 0.55
v -10.575362151422027 17.38081550238541 -9.740129057065326 0.55 0.55 0.55
v -11.201045878274941 19.82487646716239 -10.318698551557986 0.55 0.55 0.55
v -9.485621391596817 19.167501772411143 -11.117418971707416 0.55 0.55 0.55
v -8.906272095371493 16.70369164565065 -10.195111567314484 0.55 0.55 0.55
v -8.906272095371493 16.70369164565065 -10.195111567314484 0.55 0.55 0.55
v -9.485621391596817 19.167501772411143 -11.117418971707416 0.55 0.55 0.55
v -8.078128856387915 19.778646228254072 -12.476186283546733 0.55 0.55 0.55
v -7.446292391653113 17.44260470185847 -11.522541216043535 0.55 0.55 0.55
v -7.446292391653113 17.44260470185847 -11.522541216043535 0.0 0.0 0.0
v -8.078128856387915 19.778646228254072 -12.476186283546733 0.0 0.0 0.0
v -6.290769476511625 12.918770662919915 -10.768359475791693 0.0 0.0 0.0
v -8.078128856387915 19.778646228254072 -12.476186283546733 0.0 0.0 0.0
v -8.644207718253186 22.149821871533927 -13.382966901734418 0.0 0.0 0.0
v -6.290769476511625 12.918770662919915 -10.768359475791693 0.0 0.0 0.0
v -9.485621391596817 19.167501772411143 -11.117418971707416 0.55 0.55 0.55
v -10.120987105266344 21.66205466355024 -11.940659500192918 0.55 0.55 0.55
v -8.644207718253186 22.149821871533927 -13.382966901734418 0.55 0.55 0.55
v -8.078128856387915 19.778646228254072 -12.476186283546733 0.55 0.55 0.55
v -11.201045878274941 19.82487646716239 -10.318698551557986 1.0 1.0 1.0
v -10.120987105266344 21.66205466355024 -11.940659500192918 1.0 1.0 1.0
v -9.485621391596817 19.167501772411143 -11.117418971707416 1.0 1.0 1.0
v -11.201045878274941 19.82487646716239 -10.318698551557986 1.0 1.0 1.0
v -10.724183344402846 24.183271813736305 -12.704974407752205 1.0 1.0 1.0
v -10.120987105266344 21.66205466355024 -11.940659500192918 1.0 1.0 1.0
v -10.120987105266344 21.66205466355024 -11.940659500192918 0.55 0.55 0.55
v -10.724183344402846 24.183271813736305 -12.704974407752205 0.55 0.55 0.55
v -9.16386539829614 24.559430705318654 -14.213034267979255 0.55 0.55 0.55
v -8.644207718253186 22.149821871533927 -13.382966901734418 0.55 0.55 0.55
v -8.644207718253186 22.149821871533927 -13.382966901734418 0.55 0.55 0.55
v -9.16386539829614 24.559430705318654 -14.213034267979255 0.55 0.55 0.55
v -6.583526189589897 15.402629820741684 -11.57284134144391 0.55 0.55 0.55
v -6.290769476511625 12.918770662919915 -10.768359475791693 0.55 0.55 0.55
v -6.290769476511625 12.918770662919915 -10.768359475791693 0.55 0.55 0.55
v -6.583526189589897 15.402629820741684 -11.57284134144391 0.55 0.55 0.55
v -3.847815334971184 15.032900805750458 -12.5934458091355 0.55 0.55 0.55
v -3.672436634098607 12.603206272938094 -11.790649475300361 0.55 0.55 0.55
v -3.672436634098607 12.603206272938094 -11.790649475300361 0.0 0.0 0.0
v -3.847815334971184 15.032900805750458 -12.5934458091355 0.0 0.0 0.0
v -0.7539847595946358 12.527017052030127 -12.658129161686574 0.0 0.0 0.0
v -3.847815334971184 15.032900805750458 -12.5934458091355 0.0 0.0 1.0
v -4.324535393996837 17.35688280275919 -13.314691792897468 0.0 0.0 1.0
v -2.7622320478831126 17.51508250129281 -13.634183412776574 0.0 0.0 1.0
v -0.7539847595946358 12.527017052030127 -12.658129161686574 0.0 0.0 1.0
v -6.583526189589897 15.402629820741684 -11.57284134144391 1.0 1.0 1.0
v -4.324535393996837 17.35688280275919 -13.314691792897468 1.0 1.0 1.0
v -3.847815334971184 15.032900805750458 -12.5934458091355 1.0 1.0 1.0
v -6.583526189589897 15.402629820741684 -11.57284134144391 1.0 1.0 1.0
v -4.627490792410374 19.75408708685118 -14.141040746580746 1.0 1.0 1.0
v -4.324535393996837 17.35688280275919 -13.314691792897468 1.0 1.0 1.0
v -4.324535393996837 17.35688280275919 -13.314691792897468 0.55 0.55 0.55
v -4.627490792410374 19.75408708685118 -14.141040746580746 0.55 0.55 0.55
v -2.871163572836302 19.90798486454132 -14.686217389321682 0.55 0.55 0.55
v -2.7622320478831126 17.51508250129281 -13.634183412776574 0.55 0.55 0.55
v -2.7622320478831126 17.51508250129281 -13.634183412776574 0.0 0.0 0.0
v -2.871163572836302 19.90798486454132 -14.686217389321682 0.0 0.0 0.0
v -0.7539847595946358 12.527017052030127 -12.658129161686574 0.0 0.0 0.0
v -2.871163572836302 19.90798486454132 -14.686217389321682 0.0 0.0 0.0
v -3.0230231744197815 22.32454637550713 -15.677088480088724 0.0 0.0 0.0
v -0.7539847595946358 12.527017052030127 -12.658129161686574 0.0 0.0 0.0
v -4.627490792410374 19.75408708685118 -14.141040746580746 1.0 1.0 1.0
v -3.0230231744197815 22.32454637550713 -15.677088480088724 1.0 1.0 1.0
v -2.871163572836302 19.90798486454132 -14.686217389321682 1.0 1.0 1.0
v -4.627490792410374 19.75408708685118 -14.141040746580746 1.0 1.0 1.0
v -3.1684555636117695 24.768549089006545 -16.599211589140197 1.0 1.0 1.0
v -3.0230231744197815 22.32454637550713 -15.677088480088724 1.0 1.0 1.0
v -3.0230231744197815 22.32454637550713 -15.677088480088724 0.55 0.55 0.55
v -3.1684555636117695 24.768549089006545 -16.599211589140197 0.55 0.55 0.55
v -0.7306608980502778 14.970428139879223 -13.505268055442109 0.55 0.55 0.55
v -0.7539847595946358 12.527017052030127 -12.658129161686574 0.55 0.55 0.55
v -0.7539847595946358 12.527017052030127 -12.658129161686574 0.55 0.55 0.55
v -0.7306608980502778 14.970428139879223 -13.505268055442109 0.55 0.55 0.55
v 2.2185475636361134 15.206042762788076 -13.072717816844111 0.55 0.55 0.55
v 2.0926324942742047 12.756381802856714 -12.248530857034371 0.55 0.55 0.55
v 2.0926324942742047 12.756381802856714 -12.248530857034371 0.0 1.0 0.0
v 2.2185475636361134 15.206042762788076 -13.072717816844111 0.0 1.0 0.0
v 4.50230155701057 16.82140093037601 -12.817506128518666 0.0 1.0 0.0
v 5.830767035321717 15.207668185231208 -11.890913613579926 0.0 1.0 0.0
v 5.315139472764091 12.757097832631452 -11.224223922474701 0.0 1.0 0.0
v 5.315139472764091 12.757097832631452 -11.224223922474701 0.0 0.0 0.0
v 5.830767035321717 15.207668185231208 -11.890913613579926 0.0 0.0 0.0
v 7.4846121036182565 14.486210599083174 -10.43176030267825 0.0 0.0 0.0
v 5.830767035321717 15.207668185231208 -11.890913613579926 0.0 0.0 0.0
v 6.75688924936032 17.565126841113138 -12.35171142659324 0.0 0.0 0.0
v 7.4846121036182565 14.486210599083174 -10.43176030267825 0.0 0.0 0.0
v 4.50230155701057 16.82140093037601 -12.817506128518666 0.55 0.55 0.55
v 4.601470363344965 19.141858685624044 -13.858293774973989 0.55 0.55 0.55
v 6.75688924936032 17.565126841113138 -12.35171142659324 0.55 0.55 0.55
v 5.830767035321717 15.207668185231208 -11.890913613579926 0.55 0.55 0.55
v 2.2185475636361134 15.206042762788076 -13.072717816844111 0.55 0.55 0.55
v 1.7614545994336084 17.40716321214374 -13.904606271818347 0.55 0.55 0.55
v 4.601470363344965 19.141858685624044 -13.858293774973989 0.55 0.55 0.55
v 4.50230155701057 16.82140093037601 -12.817506128518666 0.55 0.55 0.55
v -0.7306608980502778 14.970428139879223 -13.505268055442109 1.0 1.0 1.0
v 1.7614545994336084 17.40716321214374 -13.904606271818347 1.0 1.0 1.0
v 2.2185475636361134 15.206042762788076 -13.072717816844111 1.0 1.0 1.0
v -0.7306608980502778 14.970428139879223 -13.505268055442109 1.0 1.0 1.0
v 1.1336931913138417 19.52241168330505 -14.738293708246639 1.0 1.0 1.0
v 1.7614545994336084 17.40716321214374 -13.904606271818347 1.0 1.0 1.0
v 1.7614545994336084 17.40716321214374 -13.904606271818347 0.0 1.0 0.0
v 1.1336931913138417 19.52241168330505 -14.738293708246639 0.0 1.0 0.0
v 2.831099080633498 19.942467640797407 -14.620245254978606 0.0 1.0 0.0
v 4.94366053259576 21.514914683656887 -14.793373771905534 0.0 1.0 0.0
v 4.601470363344965 19.141858685624044 -13.858293774973989 0.0 1.0 0.0
v 4.601470363344965 19.141858685624044 -13.858293774973989 0.0 0.0 1.0
v 4.94366053259576 21.514914683656887 -14.793373771905534 0.0 0.0 1.0
v 6.492951512224894 20.61833565633319 -13.509662340746521 0.0 0.0 1.0
v 6.75688924936032 17.565126841113138 -12.35171142659324 0.0 0.0 1.0
v 6.492951512224894 20.61833565633319 -13.509662340746521 0.0 0.0 0.0
v 7.001333374070317 22.948326343208045 -14.464470280318487 0.0 0.0 0.0
v 6.75688924936032 17.565126841113138 -12.35171142659324 0.0 0.0 0.0
v 4.94366053259576 21.514914683656887 -14.793373771905534 0.55 0.55 0.55
v 5.256313134725386 23.91245158270305 -15.674884138406956 0.55 0.55 0.55
v 7.001333374070317 22.948326343208045 -14.464470280318487 0.55 0.55 0.55
v 6.492951512224894 20.61833565633319 -13.509662340746521 0.55 0.55 0.55
v 2.831099080633498 19.942467640797407 -14.620245254978606 0.55 0.55 0.55
v 3.067627530723706 22.329474477817534 -15.618044353351088 0.55 0.55 0.55
v 5.256313134725386 23.91245158270305 -15.674884138406956 0.55 0.55 0.55
v 4.94366053259576 21.514914683656887 -14.793373771905534 0.55 0.55 0.55
v 1.1336931913138417 19.52241168330505 -14.738293708246639 1.0 1.0 1.0
v 3.067627530723706 22.329474477817534 -15.618044353351088 1.0 1.0 1.0
v 2.831099080633498 19.942467640797407 -14.620245254978606 1.0 1.0 1.0
v 1.1336931913138417 19.52241168330505 -14.738293708246639 1.0 1.0 1.0
v 3.282311187043768 24.746381735235033 -16.54634102011219 1.0 1.0 1.0
v 3.067627530723706 22.329474477817534 -15.618044353351088 1.0 1.0 1.0
v 5.256313134725386 23.91245158270305 -15.674884138406956 1.0 0.0 0.0
v 3.067627530723706 22.329474477817534 -15.618044353351088 1.0 0.0 0.0
v 3.282311187043768 24.746381735235033 -16.54634102011219 1.0 0.0 0.0
v 7.455888305538687 25.32108668367804 -15.337680640249452 1.0 0.0 0.0
v 7.001333374070317 22.948326343208045 -14.464470280318487 1.0 0.0 0.0
v 7.001333374070317 22.948326343208045 -14.464470280318487 0.55 0.55 0.55
v 7.455888305538687 25.32108668367804 -15.337680640249452 0.55 0.55 0.55
v 7.8997177505954825 19.795551724757892 -12.663065758229578 0.55 0.55 0.55
v 6.75688924936032 17.565126841113138 -12.35171142659324 0.55 0.55 0.55
v 6.75688924936032 17.565126841113138 -12.35171142659324 0.55 0.55 0.55
v 7.8997177505954825 19.795551724757892 -12.663065758229578 0.55 0.55 0.55
v 8.520455491820307 16.87104064250982 -10.900017551511933 0.55 0.55 0.55
v 7.4846121036182565 14.486210599083174 -10.43176030267825 0.55 0.55 0.55
v 7.4846121036182565 14.486210599083174 -10.43176030267825 0.55 0.55 0.55
v 8.520455491820307 16.87104064250982 -10.900017551511933 0.55 0.55 0.55
v 12.57241542810694 25.370325036337288 -11.422418136949235 0.55 0.55 0.55
v 11.806045721879256 22.999188100846553 -10.757677675462851 0.55 0.55 0.55
v 11.806045721879256 22.999188100846553 -10.757677675462851 0.55 0.55 0.55
v 12.57241542810694 25.370325036337288 -11.422418136949235 0.55 0.55 0.55
v 9.525783454836125 15.026309868948152 -9.012542381565623 0.55 0.55 0.55
v 8.57893230246143 12.622404945939788 -8.814355933380396 0.55 0.55 0.55
v 8.57893230246143 12.622404945939788 -8.814355933380396 0.55 0.55 0.55
v 9.525783454836125 15.026309868948152 -9.012542381565623 0.55 0.55 0.55
v 11.4041934840803 14.947031038287774 -7.267348222764057 0.55 0.55 0.55
v 10.515125823679712 12.517025022395275 -7.081992388455686 0.55 0.55 0.55
v 10.515125823679712 12.517025022395275 -7.081992388455686 0.55 0.55 0.55
v 11.4041934840803 14.947031038287774 -7.267348222764057 0.55 0.55 0.55
v 12.53554428013991 14.961590927064714 -5.151031409131744 0.55 0.55 0.55
v 11.690064088287418 12.523406761048305 -4.966407627420353 0.55 0.55 0.55
v 11.690064088287418 12.523406761048305 -4.966407627420353 0.55 0.55 0.55
v 12.53554428013991 14.961590927064714 -5.151031409131744 0.55 0.55 0.55
v 13.255549659992587 14.971555586620552 -2.851050870058421 0.55 0.55 0.55
v 12.433228332348945 12.527564420692043 -2.664795358860145 0.55 0.55 0.55
v 12.433228332348945 12.527564420692043 -2.664795358860145 0.55 0.55 0.55
v 13.255549659992587 14.971555586620552 -2.851050870058421 0.55 0.55 0.55
v 13.339252175967724 15.500905367957206 -0.39265876410177686 0.55 0.55 0.55
v 12.372409320106234 13.11698505031251 -0.1769721690546915 0.55 0.55 0.55
v 12.372409320106234 13.11698505031251 -0.1769721690546915 0.0 1.0 0.0
v 13.339252175967724 15.500905367957206 -0.39265876410177686 0.0 1.0 0.0
v 16.80283264501942 24.837242630453115 0.21238619627546845 0.0 1.0 0.0
v 13.379767110094724 14.966710180406627 1.993490860568646 0.0 1.0 0.0
v 12.553524557026124 12.523004275712358 1.8050304802255697 0.0 1.0 0.0
v 13.379767110094724 14.966710180406627 1.993490860568646 0.55 0.55 0.55
v 14.220876579432938 17.405873051467633 2.1748923402540896 0.55 0.55 0.55
v 13.643817983921341 17.41056435683018 4.515655074181641 0.55 0.55 0.55
v 12.804345325862258 14.971696271399582 4.338759731523272 0.55 0.55 0.55
v 12.804345325862258 14.971696271399582 4.338759731523272 0.55 0.55 0.55
v 13.643817983921341 17.41056435683018 4.515655074181641 0.55 0.55 0.55
v 12.700225443393741 17.403464715751515 6.711829295869109 0.55 0.55 0.55
v 11.8316053624103 14.96959180792276 6.526966025079249 0.55 0.55 0.55
v 11.8316053624103 14.96959180792276 6.526966025079249 0.55 0.55 0.55
v 12.700225443393741 17.403464715751515 6.711829295869109 0.55 0.55 0.55
v 11.389207168466736 17.370846709960855 8.711428076898954 0.55 0.55 0.55
v 10.46689982228767 14.946881387119435 8.49614324744426 0.55 0.55 0.55
v 10.46689982228767 14.946881387119435 8.49614324744426 0.55 0.55 0.55
v 11.389207168466736 17.370846709960855 8.711428076898954 0.55 0.55 0.55
v 10.071528773746985 19.147562610617175 10.842745816717239 0.55 0.55 0.55
v 9.086083963168926 16.77663008709331 10.381220313403732 0.55 0.55 0.55
v 9.086083963168926 16.77663008709331 10.381220313403732 0.0 0.0 0.0
v 10.071528773746985 19.147562610617175 10.842745816717239 0.0 0.0 0.0
v 8.393744930616485 19.53293050953092 11.90816241581484 0.0 0.0 0.0
v 10.071528773746985 19.147562610617175 10.842745816717239 0.0 0.0 0.0
v 10.787229831262106 21.563721006012702 11.490952351768357 0.0 0.0 0.0
v 8.393744930616485 19.53293050953092 11.90816241581484 0.0 0.0 0.0
v 11.389207168466736 17.370846709960855 8.711428076898954 0.55 0.55 0.55
v 12.29229471541189 19.8004928449715 8.942739056791181 0.55 0.55 0.55
v 10.787229831262106 21.563721006012702 11.490952351768357 0.55 0.55 0.55
v 10.071528773746985 19.147562610617175 10.842745816717239 0.55 0.55 0.55
v 12.700225443393741 17.403464715751515 6.711829295869109 0.55 0.55 0.55
v 13.565333904993025 19.838835007323947 6.893260442399487 0.55 0.55 0.55
v 12.29229471541189 19.8004928449715 8.942739056791181 0.55 0.55 0.55
v 11.389207168466736 17.370846709960855 8.711428076898954 0.55 0.55 0.55
v 13.643817983921341 17.41056435683018 4.515655074181641 0.55 0.55 0.55
v 14.481074511410469 19.850758689297887 4.6844498540142006 0.55 0.55 0.55
v 13.565333904993025 19.838835007323947 6.893260442399487 0.55 0.55 0.55
v 12.700225443393741 17.403464715751515 6.711829295869109 0.55 0.55 0.55
v 14.220876579432938 17.405873051467633 2.1748923402540896 0.55 0.55 0.55
v 15.058321644865773 19.846858858815953 2.3486360303968565 0.55 0.55 0.55
v 14.481074511410469 19.850758689297887 4.6844498540142006 0.55 0.55 0.55
v 13.643817983921341 17.41056435683018 4.515655074181641 0.55 0.55 0.55
v 16.80283264501942 24.837242630453115 0.21238619627546845 1.0 1.0 1.0
v 14.220876579432938 17.405873051467633 2.1748923402540896 1.0 1.0 1.0
v 13.379767110094724 14.966710180406627 1.993490860568646 1.0 1.0 1.0
v 16.80283264501942 24.837242630453115 0.21238619627546845 1.0 1.0 1.0
v 15.058321644865773 19.846858858815953 2.3486360303968565 1.0 1.0 1.0
v 14.220876579432938 17.405873051467633 2.1748923402540896 1.0 1.0 1.0
v 15.058321644865773 19.846858858815953 2.3486360303968565 0.55 0.55 0.55
v 15.871508363881516 22.296575318382956 2.5145249581270934 0.55 0.55 0.55
v 15.296183406298494 22.299327781601185 4.839585411112929 0.55 0.55 0.55
v 14.481074511410469 19.850758689297887 4.6844498540142006 0.55 0.55 0.55
v 14.481074511410469 19.850758689297887 4.6844498540142006 0.55 0.55 0.55
v 15.296183406298494 22.299327781601185 4.839585411112929 0.55 0.55 0.55
v 14.423373559748656 22.279338566111328 7.031781798147057 0.55 0.55 0.55
v 13.565333904993025 19.838835007323947 6.893260442399487 0.55 0.55 0.55
v 13.565333904993025 19.838835007323947 6.893260442399487 0.55 0.55 0.55
v 14.423373559748656 22.279338566111328 7.031781798147057 0.55 0.55 0.55
v 13.242954677928948 22.21853452661593 9.064267176282454 0.55 0.55 0.55
v 12.29229471541189 19.8004928449715 8.942739056791181 0.55 0.55 0.55
v 12.29229471541189 19.8004928449715 8.942739056791181 0.0 0.0 0.0
v 13.242954677928948 22.21853452661593 9.064267176282454 0.0 0.0 0.0
v 10.787229831262106 21.563721006012702 11.490952351768357 0.0 0.0 0.0
v 13.242954677928948 22.21853452661593 9.064267176282454 0.0 0.0 1.0
v 14.091508573670524 24.673726086832556 9.196797408072786 0.0 0.0 1.0
v 12.471275400598875 23.631952180627216 10.473424949617604 0.0 0.0 1.0
v 10.787229831262106 21.563721006012702 11.490952351768357 0.0 0.0 1.0
v 14.423373559748656 22.279338566111328 7.031781798147057 0.55 0.55 0.55
v 15.221644668416452 24.738714474260547 7.190828523811033 0.55 0.55 0.55
v 14.091508573670524 24.673726086832556 9.196797408072786 0.55 0.55 0.55
v 13.242954677928948 22.21853452661593 9.064267176282454 0.55 0.55 0.55
v 15.296183406298494 22.299327781601185 4.839585411112929 0.55 0.55 0.55
v 16.063633180859824 24.763015775035903 4.997931722639937 0.55 0.55 0.55
v 15.221644668416452 24.738714474260547 7.190828523811033 0.55 0.55 0.55
v 14.423373559748656 22.279338566111328 7.031781798147057 0.55 0.55 0.55
v 15.871508363881516 22.296575318382956 2.5145249581270934 0.55 0.55 0.55
v 16.640047770055958 24.76096228602702 2.6757154372581855 0.55 0.55 0.55
v 16.063633180859824 24.763015775035903 4.997931722639937 0.55 0.55 0.55
v 15.296183406298494 22.299327781601185 4.839585411112929 0.55 0.55 0.55
v 16.80283264501942 24.837242630453115 0.21238619627546845 1.0 1.0 1.0
v 15.871508363881516 22.296575318382956 2.5145249581270934 1.0 1.0 1.0
v 15.058321644865773 19.846858858815953 2.3486360303968565 1.0 1.0 1.0
v 16.80283264501942 24.837242630453115 0.21238619627546845 1.0 1.0 1.0
v 16.640047770055958 24.76096228602702 2.6757154372581855 1.0 1.0 1.0
v 15.871508363881516 22.296575318382956 2.5145249581270934 1.0 1.0 1.0
v 16.640047770055958 24.76096228602702 2.6757154372581855 0.55 0.55 0.55
v 17.343337616597687 27.245076688076136 2.8313108101376883 0.55 0.55 0.55
v 16.759589486426453 27.24705805579327 5.167181616819583 0.55 0.55 0.55
v 16.063633180859824 24.763015775035903 4.997931722639937 0.55 0.55 0.55
v 16.063633180859824 24.763015775035903 4.997931722639937 0.55 0.55 0.55
v 16.759589486426453 27.24705805579327 5.167181616819583 0.55 0.55 0.55
v 15.927419202844561 27.223279787760696 7.388986384294138 0.55 0.55 0.55
v 15.221644668416452 24.738714474260547 7.190828523811033 0.55 0.55 0.55
v 15.221644668416452 24.738714474260547 7.190828523811033 0.55 0.55 0.55
v 15.927419202844561 27.223279787760696 7.388986384294138 0.55 0.55 0.55
v 14.787714271735705 27.168111040303877 9.444873971704395 0.55 0.55 0.55
v 14.091508573670524 24.673726086832556 9.196797408072786 0.55 0.55 0.55
v 14.091508573670524 24.673726086832556 9.196797408072786 0.55 0.55 0.55
v 14.787714271735705 27.168111040303877 9.444873971704395 0.55 0.55 0.55
v 13.253794041545765 26.055597354824187 10.980345659755544 0.55 0.55 0.55
v 12.471275400598875 23.631952180627216 10.473424949617604 0.55 0.55 0.55
v 12.471275400598875 23.631952180627216 10.473424949617604 0.55 0.55 0.55
v 13.253794041545765 26.055597354824187 10.980345659755544 0.55 0.55 0.55
v 11.38885441888276 24.01150914996331 12.164316566707065 0.55 0.55 0.55
v 10.787229831262106 21.563721006012702 11.490952351768357 0.55 0.55 0.55
v 10.787229831262106 21.563721006012702 11.490952351768357 0.55 0.55 0.55
v 11.38885441888276 24.01150914996331 12.164316566707065 0.55 0.55 0.55
v 9.161153705640652 21.898537048697047 12.730032768681815 0.55 0.55 0.55
v 8.393744930616485 19.53293050953092 11.90816241581484 0.55 0.55 0.55
v 8.393744930616485 19.53293050953092 11.90816241581484 0.55 0.55 0.55
v 9.161153705640652 21.898537048697047 12.730032768681815 0.55 0.55 0.55
v 7.176619124943025 17.307090834661796 12.009678887917985 0.55 0.55 0.55
v 6.292724058705758 14.955987497451671 11.529370692613744 0.55 0.55 0.55
v 6.292724058705758 14.955987497451671 11.529370692613744 0.0 0.0 0.0
v 7.176619124943025 17.307090834661796 12.009678887917985 0.0 0.0 0.0
v 5.319041234422677 19.89625744173912 13.950069760873522 0.0 0.0 0.0
v 7.176619124943025 17.307090834661796 12.009678887917985 0.0 0.0 0.0
v 7.023727615424587 19.574958242749034 13.030663788987248 0.0 0.0 0.0
v 5.319041234422677 19.89625744173912 13.950069760873522 0.0 0.0 0.0
v 9.161153705640652 21.898537048697047 12.730032768681815 1.0 1.0 1.0
v 7.023727615424587 19.574958242749034 13.030663788987248 1.0 1.0 1.0
v 7.176619124943025 17.307090834661796 12.009678887917985 1.0 1.0 1.0
v 9.161153705640652 21.898537048697047 12.730032768681815 1.0 1.0 1.0
v 7.495096525198952 21.977338539243437 13.775880443219073 1.0 1.0 1.0
v 7.023727615424587 19.574958242749034 13.030663788987248 1.0 1.0 1.0
v 7.023727615424587 19.574958242749034 13.030663788987248 0.55 0.55 0.55
v 7.495096525198952 21.977338539243437 13.775880443219073 0.55 0.55 0.55
v 5.729126935697992 22.301574702190802 14.867001705526663 0.55 0.55 0.55
v 5.319041234422677 19.89625744173912 13.950069760873522 0.55 0.55 0.55
v 5.319041234422677 19.89625744173912 13.950069760873522 0.55 0.55 0.55
v 5.729126935697992 22.301574702190802 14.867001705526663 0.55 0.55 0.55
v 3.850204836702224 22.273706609307702 15.583170124429138 0.55 0.55 0.55
v 3.6241087787470465 19.819680164198573 14.787582787992427 0.55 0.55 0.55
v 3.6241087787470465 19.819680164198573 14.787582787992427 0.55 0.55 0.55
v 3.850204836702224 22.273706609307702 15.583170124429138 0.55 0.55 0.55
v 1.8292404186259694 23.447240665544406 16.214100627875972 0.55 0.55 0.55
v 1.6796168562160219 21.024516480647875 15.245090894095934 0.55 0.55 0.55
v 1.6796168562160219 21.024516480647875 15.245090894095934 0.55 0.55 0.55
v 1.8292404186259694 23.447240665544406 16.214100627875972 0.55 0.55 0.55
v -0.2096039694554998 22.26817189746716 16.080745230732084 0.55 0.55 0.55
v -0.2205443938710434 19.81483550234323 15.248567877099138 0.55 0.55 0.55
v -0.2205443938710434 19.81483550234323 15.248567877099138 0.55 0.55 0.55
v -0.2096039694554998 22.26817189746716 16.080745230732084 0.55 0.55 0.55
v -2.351513141239446 22.27530669868881 15.875220719564162 0.55 0.55 0.55
v -2.287713981028819 19.822926659921144 15.049078843016742 0.55 0.55 0.55
v -2.287713981028819 19.822926659921144 15.049078843016742 0.55 0.55 0.55
v -2.351513141239446 22.27530669868881 15.875220719564162 0.55 0.55 0.55
v -4.427318101825772 23.721558796653227 15.85253755027767 0.55 0.55 0.55
v -4.233408140766016 21.317790968187474 14.929607979557469 0.55 0.55 0.55
v -4.233408140766016 21.317790968187474 14.929607979557469 0.55 0.55 0.55
v -4.427318101825772 23.721558796653227 15.85253755027767 0.55 0.55 0.55
v -6.527915083367536 24.559424886942676 15.528982189485689 0.55 0.55 0.55
v -6.166403470966051 22.16546381213633 14.570337526662815 0.55 0.55 0.55
v -6.166403470966051 22.16546381213633 14.570337526662815 0.55 0.55 0.55
v -6.527915083367536 24.559424886942676 15.528982189485689 0.55 0.55 0.55
v -7.762193386328434 21.835245977229153 13.559743478375774 0.55 0.55 0.55
v -7.319354648609645 19.395679284346 12.784185334014518 0.55 0.55 0.55
v -7.319354648609645 19.395679284346 12.784185334014518 0.55 0.55 0.55
v -7.762193386328434 21.835245977229153 13.559743478375774 0.55 0.55 0.55
v -9.79646662868501 22.288833141986856 12.707587680904265 0.55 0.55 0.55
v -9.326601396840516 19.83818953301864 12.024914788622464 0.55 0.55 0.55
v -9.326601396840516 19.83818953301864 12.024914788622464 0.55 0.55 0.55
v -9.79646662868501 22.288833141986856 12.707587680904265 0.55 0.55 0.55
v -11.878091989137236 24.605075617186518 11.969412986897131 0.55 0.55 0.55
v -11.232544152300983 22.176571531299945 11.287749299432726 0.55 0.55 0.55
v -11.232544152300983 22.176571531299945 11.287749299432726 0.55 0.55 0.55
v -11.878091989137236 24.605075617186518 11.969412986897131 0.55 0.55 0.55
v -12.684569220818853 22.2959990303902 9.82908652679664 0.55 0.55 0.55
v -12.053345784544064 19.84571386618675 9.29668303595699 0.55 0.55 0.55
v -12.053345784544064 19.84571386618675 9.29668303595699 0.55 0.55 0.55
v -12.684569220818853 22.2959990303902 9.82908652679664 0.55 0.55 0.55
v -13.587419235820889 21.939086526870586 7.812348152911865 0.55 0.55 0.55
v -12.850723232224734 19.50968398492612 7.302477938913915 0.55 0.55 0.55
v -12.850723232224734 19.50968398492612 7.302477938913915 0.55 0.55 0.55
v -13.587419235820889 21.939086526870586 7.812348152911865 0.55 0.55 0.55
v -15.468382009895453 24.702907543550985 6.645047532582574 0.55 0.55 0.55
v -14.594796592628466 22.26779027095121 6.254948845795118 0.55 0.55 0.55
v -14.594796592628466 22.26779027095121 6.254948845795118 0.55 0.55 0.55
v -15.468382009895453 24.702907543550985 6.645047532582574 0.55 0.55 0.55
v -15.867319385850895 23.839878129274787 4.528668221190722 0.55 0.55 0.55
v -14.97562372163449 21.443582367439568 4.245967950389773 0.55 0.55 0.55
v -14.97562372163449 21.443582367439568 4.245967950389773 0.55 0.55 0.55
v -15.867319385850895 23.839878129274787 4.528668221190722 0.55 0.55 0.55
v -15.879489021297852 22.293018821678313 2.412372516028428 0.55 0.55 0.55
v -15.063017803524321 19.84274151875528 2.2784708681754675 0.55 0.55 0.55
v -15.063017803524321 19.84274151875528 2.2784708681754675 0.55 0.55 0.55
v -15.879489021297852 22.293018821678313 2.412372516028428 0.55 0.55 0.55
v -16.80842653645985 24.580940918021945 0.3766640294725908 0.55 0.55 0.55
v -15.86427901639571 22.11957281518225 0.34888601353105064 0.55 0.55 0.55
v -15.86427901639571 22.11957281518225 0.34888601353105064 0.55 0.55 0.55
v -16.80842653645985 24.580940918021945 0.3766640294725908 0.55 0.55 0.55
v -15.953515054080171 22.291577840385163 -1.6523350672303865 0.55 0.55 0.55
v -15.133245730087216 19.840735791155943 -1.5548518344993605 0.55 0.55 0.55
v -15.133245730087216 19.840735791155943 -1.5548518344993605 0.55 0.55 0.55
v -15.953515054080171 22.291577840385163 -1.6523350672303865 0.55 0.55 0.55
v -16.401226074974296 24.739417250883026 -3.8748157386886803 0.55 0.55 0.55
v -13.499299938332678 17.51521385779045 -3.207230007217942 0.55 0.55 0.55
v -13.499299938332678 17.51521385779045 -3.207230007217942 0.55 0.55 0.55
v -16.401226074974296 24.739417250883026 -3.8748157386886803 0.55 0.55 0.55
v -15.049340683016176 22.27561674396049 -5.617581501776099 0.55 0.55 0.55
v -14.282721154418045 19.822858627608692 -5.297489344955934 0.55 0.55 0.55
v -14.282721154418045 19.822858627608692 -5.297489344955934 0.0 0.0 0.0
v -15.049340683016176 22.27561674396049 -5.617581501776099 0.0 0.0 0.0
v -14.418835244475616 23.457391455225327 -7.642493181505568 0.0 0.0 0.0
v -15.049340683016176 22.27561674396049 -5.617581501776099 0.0 0.0 0.0
v -15.77594315765742 24.743192773893394 -5.916095167259176 0.0 0.0 0.0
v -14.418835244475616 23.457391455225327 -7.642493181505568 0.0 0.0 0.0
v -16.401226074974296 24.739417250883026 -3.8748157386886803 0.55 0.55 0.55
v -17.21984812058192 27.20493372423821 -4.070047376820925 0.55 0.55 0.55
v -15.77594315765742 24.743192773893394 -5.916095167259176 0.55 0.55 0.55
v -15.049340683016176 22.27561674396049 -5.617581501776099 0.55 0.55 0.55
v -15.953515054080171 22.291577840385163 -1.6523350672303865 0.55 0.55 0.55
v -16.729459659810036 24.75706675894439 -1.7430048810858019 0.55 0.55 0.55
v -17.21984812058192 27.20493372423821 -4.070047376820925 0.55 0.55 0.55
v -16.401226074974296 24.739417250883026 -3.8748157386886803 0.55 0.55 0.55
v -16.80842653645985 24.580940918021945 0.3766640294725908 0.55 0.55 0.55
v -17.664007547606456 27.074441192776614 0.40148468619724237 0.55 0.55 0.55
v -16.729459659810036 24.75706675894439 -1.7430048810858019 0.55 0.55 0.55
v -15.953515054080171 22.291577840385163 -1.6523350672303865 0.55 0.55 0.55
v -15.879489021297852 22.293018821678313 2.412372516028428 0.55 0.55 0.55
v -16.651814331625026 24.758006309634663 2.5375955568343977 0.55 0.55 0.55
v -17.664007547606456 27.074441192776614 0.40148468619724237 0.55 0.55 0.55
v -16.80842653645985 24.580940918021945 0.3766640294725908 0.55 0.55 0.55
v -15.867319385850895 23.839878129274787 4.528668221190722 0.55 0.55 0.55
v -16.68586265947336 26.265051856021163 4.784007699419793 0.55 0.55 0.55
v -16.651814331625026 24.758006309634663 2.5375955568343977 0.55 0.55 0.55
v -15.879489021297852 22.293018821678313 2.412372516028428 0.55 0.55 0.55
v -15.468382009895453 24.702907543550985 6.645047532582574 0.55 0.55 0.55
v -16.257411427311613 27.172233257352868 6.998198125876667 0.55 0.55 0.55
v -16.68586265947336 26.265051856021163 4.784007699419793 0.55 0.55 0.55
v -15.867319385850895 23.839878129274787 4.528668221190722 0.55 0.55 0.55
v -13.587419235820889 21.939086526870586 7.812348152911865 0.55 0.55 0.55
v -14.307036442128851 24.377494427359526 8.303455115658002 0.55 0.55 0.55
v -16.257411427311613 27.172233257352868 6.998198125876667 0.55 0.55 0.55
v -15.468382009895453 24.702907543550985 6.645047532582574 0.55 0.55 0.55
v -12.684569220818853 22.2959990303902 9.82908652679664 0.55 0.55 0.55
v -13.28394256360983 24.760970122920355 10.329602167855391 0.55 0.55 0.55
v -14.307036442128851 24.377494427359526 8.303455115658002 0.55 0.55 0.55
v -13.587419235820889 21.939086526870586 7.812348152911865 0.55 0.55 0.55
v -11.878091989137236 24.605075617186518 11.969412986897131 0.55 0.55 0.55
v -12.46180177762752 27.06664636164226 12.584734597790131 0.55 0.55 0.55
v -13.28394256360983 24.760970122920355 10.329602167855391 0.55 0.55 0.55
v -12.684569220818853 22.2959990303902 9.82908652679664 0.55 0.55 0.55
v -9.79646662868501 22.288833141986856 12.707587680904265 0.55 0.55 0.55
v -10.245042310603058 24.75430825493251 13.349895818349754 0.55 0.55 0.55
v -12.46180177762752 27.06664636164226 12.584734597790131 0.55 0.55 0.55
v -11.878091989137236 24.605075617186518 11.969412986897131 0.55 0.55 0.55
v -7.762193386328434 21.835245977229153 13.559743478375774 0.55 0.55 0.55
v -8.198097078405095 24.282733106589774 14.314042800217308 0.55 0.55 0.55
v -10.245042310603058 24.75430825493251 13.349895818349754 0.55 0.55 0.55
v -9.79646662868501 22.288833141986856 12.707587680904265 0.55 0.55 0.55
v -6.527915083367536 24.559424886942676 15.528982189485689 0.55 0.55 0.55
v -6.850492925182773 26.998790340259504 16.380858472511736 0.55 0.55 0.55
v -8.198097078405095 24.282733106589774 14.314042800217308 0.55 0.55 0.55
v -7.762193386328434 21.835245977229153 13.559743478375774 0.55 0.55 0.55
v -4.427318101825772 23.721558796653227 15.85253755027767 0.55 0.55 0.55
v -4.611484573104265 26.154218303324246 16.69822899566842 0.55 0.55 0.55
v -6.850492925182773 26.998790340259504 16.380858472511736 0.55 0.55 0.55
v -6.527915083367536 24.559424886942676 15.528982189485689 0.55 0.55 0.55
v -2.351513141239446 22.27530669868881 15.875220719564162 0.55 0.55 0.55
v -2.417858348689708 24.74244352585901 16.656007205069226 0.55 0.55 0.55
v -4.611484573104265 26.154218303324246 16.69822899566842 0.55 0.55 0.55
v -4.427318101825772 23.721558796653227 15.85253755027767 0.55 0.55 0.55
v -0.2096039694554998 22.26817189746716 16.080745230732084 0.55 0.55 0.55
v -0.20293425857552172 24.736326728843746 16.86792338946117 0.55 0.55 0.55
v -2.417858348689708 24.74244352585901 16.656007205069226 0.55 0.55 0.55
v -2.351513141239446 22.27530669868881 15.875220719564162 0.55 0.55 0.55
v 1.8292404186259694 23.447240665544406 16.214100627875972 0.55 0.55 0.55
v 1.9659152479288031 25.900397885415483 17.10498106580784 0.55 0.55 0.55
v -0.20293425857552172 24.736326728843746 16.86792338946117 0.55 0.55 0.55
v -0.2096039694554998 22.26817189746716 16.080745230732084 0.55 0.55 0.55
v 3.850204836702224 22.273706609307702 15.583170124429138 0.55 0.55 0.55
v 4.0585385638275415 24.742274421503218 16.33762179412342 0.55 0.55 0.55
v 1.9659152479288031 25.900397885415483 17.10498106580784 0.55 0.55 0.55
v 1.8292404186259694 23.447240665544406 16.214100627875972 0.55 0.55 0.55
v 5.729126935697992 22.301574702190802 14.867001705526663 0.55 0.55 0.55
v 6.103181228253324 24.734807607016503 15.723734793223786 0.55 0.55 0.55
v 4.0585385638275415 24.742274421503218 16.33762179412342 0.55 0.55 0.55
v 3.850204836702224 22.273706609307702 15.583170124429138 0.55 0.55 0.55
v 7.495096525198952 21.977338539243437 13.775880443219073 0.55 0.55 0.55
v 7.924478440339892 24.389016917469448 14.516646943694505 0.55 0.55 0.55
v 6.103181228253324 24.734807607016503 15.723734793223786 0.55 0.55 0.55
v 5.729126935697992 22.301574702190802 14.867001705526663 0.55 0.55 0.55
v 9.161153705640652 21.898537048697047 12.730032768681815 0.55 0.55 0.55
v 9.794185035932934 24.309648205842883 13.543741543227984 0.55 0.55 0.55
v 7.924478440339892 24.389016917469448 14.516646943694505 0.55 0.55 0.55
v 7.495096525198952 21.977338539243437 13.775880443219073 0.55 0.55 0.55
v 11.38885441888276 24.01150914996331 12.164316566707065 0.55 0.55 0.55
v 11.987863841761348 26.48468527837065 12.739708051092933 0.55 0.55 0.55
v 9.794185035932934 24.309648205842883 13.543741543227984 0.55 0.55 0.55
v 9.161153705640652 21.898537048697047 12.730032768681815 0.55 0.55 0.55
v 13.253794041545765 26.055597354824187 10.980345659755544 0.55 0.55 0.55
v 13.93324020684314 28.519388447811473 11.445535534741037 0.55 0.55 0.55
v 11.987863841761348 26.48468527837065 12.739708051092933 0.55 0.55 0.55
v 11.38885441888276 24.01150914996331 12.164316566707065 0.55 0.55 0.55
v 14.787714271735705 27.168111040303877 9.444873971704395 1.0 1.0 1.0
v 13.93324020684314 28.519388447811473 11.445535534741037 1.0 1.0 1.0
v 13.253794041545765 26.055597354824187 10.980345659755544 1.0 1.0 1.0
v 14.787714271735705 27.168111040303877 9.444873971704395 1.0 1.0 1.0
v 14.500888115581985 31.02249564864642 11.84527339437249 1.0 1.0 1.0
v 13.93324020684314 28.519388447811473 11.445535534741037 1.0 1.0 1.0
v 13.93324020684314 28.519388447811473 11.445535534741037 0.55 0.55 0.55
v 14.500888115581985 31.02249564864642 11.84527339437249 0.55 0.55 0.55
v 12.534065779260715 28.98787057753085 13.231909999330824 0.55 0.55 0.55
v 11.987863841761348 26.48468527837065 12.739708051092933 0.55 0.55 0.55
v 11.987863841761348 26.48468527837065 12.739708051092933 0.55 0.55 0.55
v 12.534065779260715 28.98787057753085 13.231909999330824 0.55 0.55 0.55
v 10.369848593173904 26.76536198446915 14.260182459108135 0.55 0.55 0.55
v 9.794185035932934 24.309648205842883 13.543741543227984 0.55 0.55 0.55
v 9.794185035932934 24.309648205842883 13.543741543227984 0.55 0.55 0.55
v 10.369848593173904 26.76536198446915 14.260182459108135 0.55 0.55 0.55
v 8.328210461820689 26.817128829518808 15.216804908365622 0.55 0.55 0.55
v 7.924478440339892 24.389016917469448 14.516646943694505 0.55 0.55 0.55
v 7.924478440339892 24.389016917469448 14.516646943694505 0.55 0.55 0.55
v 8.328210461820689 26.817128829518808 15.216804908365622 0.55 0.55 0.55
v 6.438333954719866 27.200416503461156 16.500074634358665 0.55 0.55 0.55
v 6.103181228253324 24.734807607016503 15.723734793223786 0.55 0.55 0.55
v 6.103181228253324 24.734807607016503 15.723734793223786 0.55 0.55 0.55
v 6.438333954719866 27.200416503461156 16.500074634358665 0.55 0.55 0.55
v 4.249286285962146 27.230539085778144 17.029258328842836 0.55 0.55 0.55
v 4.0585385638275415 24.742274421503218 16.33762179412342 0.55 0.55 0.55
v 4.0585385638275415 24.742274421503218 16.33762179412342 0.55 0.55 0.55
v 4.249286285962146 27.230539085778144 17.029258328842836 0.55 0.55 0.55
v 2.0871766746087252 28.387954941725447 17.896880500948267 0.55 0.55 0.55
v 1.9659152479288031 25.900397885415483 17.10498106580784 0.55 0.55 0.55
v 1.9659152479288031 25.900397885415483 17.10498106580784 0.55 0.55 0.55
v 2.0871766746087252 28.387954941725447 17.896880500948267 0.55 0.55 0.55
v -0.19761764395371206 27.224397956409028 17.589554235089935 0.55 0.55 0.55
v -0.20293425857552172 24.736326728843746 16.86792338946117 0.55 0.55 0.55
v -0.20293425857552172 24.736326728843746 16.86792338946117 0.55 0.55 0.55
v -0.19761764395371206 27.224397956409028 17.589554235089935 0.55 0.55 0.55
v -2.480539885340853 27.229434702196137 17.371278097787695 0.55 0.55 0.55
v -2.417858348689708 24.74244352585901 16.656007205069226 0.55 0.55 0.55
v -2.417858348689708 24.74244352585901 16.656007205069226 0.55 0.55 0.55
v -2.480539885340853 27.229434702196137 17.371278097787695 0.55 0.55 0.55
v -4.778397649918141 28.61925787834131 17.447777125393266 0.55 0.55 0.55
v -4.611484573104265 26.154218303324246 16.69822899566842 0.55 0.55 0.55
v -4.611484573104265 26.154218303324246 16.69822899566842 0.55 0.55 0.55
v -4.778397649918141 28.61925787834131 17.447777125393266 0.55 0.55 0.55
v -7.125936834060496 29.483769341602866 17.107886824693434 0.55 0.55 0.55
v -6.850492925182773 26.998790340259504 16.380858472511736 0.55 0.55 0.55
v -6.850492925182773 26.998790340259504 16.380858472511736 0.55 0.55 0.55
v -7.125936834060496 29.483769341602866 17.107886824693434 0.55 0.55 0.55
v -8.612842667427453 26.74650101047448 15.02575818440747 0.55 0.55 0.55
v -8.198097078405095 24.282733106589774 14.314042800217308 0.55 0.55 0.55
v -8.198097078405095 24.282733106589774 14.314042800217308 0.55 0.55 0.55
v -8.612842667427453 26.74650101047448 15.02575818440747 0.55 0.55 0.55
v -10.657664659687129 27.239684725628756 13.937180856610441 0.55 0.55 0.55
v -10.245042310603058 24.75430825493251 13.349895818349754 0.55 0.55 0.55
v -10.245042310603058 24.75430825493251 13.349895818349754 0.55 0.55 0.55
v -10.657664659687129 27.239684725628756 13.937180856610441 0.55 0.55 0.55
v -12.968671705684919 29.56365067474464 13.119674006953408 0.55 0.55 0.55
v -12.46180177762752 27.06664636164226 12.584734597790131 0.55 0.55 0.55
v -12.46180177762752 27.06664636164226 12.584734597790131 0.55 0.55 0.55
v -12.968671705684919 29.56365067474464 13.119674006953408 0.55 0.55 0.55
v -13.833753001606695 27.24569722127982 10.787334709010603 0.55 0.55 0.55
v -13.28394256360983 24.760970122920355 10.329602167855391 0.55 0.55 0.55
v -13.28394256360983 24.760970122920355 10.329602167855391 0.55 0.55 0.55
v -13.833753001606695 27.24569722127982 10.787334709010603 0.55 0.55 0.55
v -14.986591361365575 26.83290554673216 8.765596269223765 0.55 0.55 0.55
v -14.307036442128851 24.377494427359526 8.303455115658002 0.55 0.55 0.55
v -14.307036442128851 24.377494427359526 8.303455115658002 0.55 0.55 0.55
v -14.986591361365575 26.83290554673216 8.765596269223765 0.55 0.55 0.55
v -16.94298084182599 29.678290873358165 7.305156141419481 0.55 0.55 0.55
v -16.257411427311613 27.172233257352868 6.998198125876667 0.55 0.55 0.55
v -16.257411427311613 27.172233257352868 6.998198125876667 0.55 0.55 0.55
v -16.94298084182599 29.678290873358165 7.305156141419481 0.55 0.55 0.55
v -17.412066340479157 28.722544457759838 5.006124015455893 0.55 0.55 0.55
v -16.68586265947336 26.265051856021163 4.784007699419793 0.55 0.55 0.55
v -16.68586265947336 26.265051856021163 4.784007699419793 0.55 0.55 0.55
v -17.412066340479157 28.722544457759838 5.006124015455893 0.55 0.55 0.55
v -17.35952706911376 27.242834879882057 2.6518971221657113 0.55 0.55 0.55
v -16.651814331625026 24.758006309634663 2.5375955568343977 0.55 0.55 0.55
v -16.651814331625026 24.758006309634663 2.5375955568343977 0.55 0.55 0.55
v -17.35952706911376 27.242834879882057 2.6518971221657113 0.55 0.55 0.55
v -18.409071407436624 29.603117320098377 0.4242937360346446 0.55 0.55 0.55
v -17.664007547606456 27.074441192776614 0.40148468619724237 0.55 0.55 0.55
v -17.664007547606456 27.074441192776614 0.40148468619724237 0.55 0.55 0.55
v -18.409071407436624 29.603117320098377 0.4242937360346446 0.55 0.55 0.55
v -17.440561834850453 27.242301734807413 -1.8248168479502975 0.55 0.55 0.55
v -16.729459659810036 24.75706675894439 -1.7430048810858019 0.55 0.55 0.55
v -16.729459659810036 24.75706675894439 -1.7430048810858019 0.55 0.55 0.55
v -17.440561834850453 27.242301734807413 -1.8248168479502975 0.55 0.55 0.55
v -17.93207066291147 29.705061478715855 -4.240240645549796 0.55 0.55 0.55
v -17.21984812058192 27.20493372423821 -4.070047376820925 0.55 0.55 0.55
v -17.21984812058192 27.20493372423821 -4.070047376820925 0.55 0.55 0.55
v -17.93207066291147 29.705061478715855 -4.240240645549796 0.55 0.55 0.55
v -16.442743124383448 27.23072149317093 -6.187220115997297 0.55 0.55 0.55
v -15.77594315765742 24.743192773893394 -5.916095167259176 0.55 0.55 0.55
v -15.77594315765742 24.743192773893394 -5.916095167259176 0.55 0.55 0.55
v -16.442743124383448 27.23072149317093 -6.187220115997297 0.55 0.55 0.55
v -15.20810807193994 25.90896445851136 -8.073196816681074 0.55 0.55 0.55
v -14.418835244475616 23.457391455225327 -7.642493181505568 0.55 0.55 0.55
v -14.418835244475616 23.457391455225327 -7.642493181505568 0.55 0.55 0.55
v -15.20810807193994 25.90896445851136 -8.073196816681074 0.55 0.55 0.55
v -13.159545329342492 22.26667170990191 -9.2212977589257 0.55 0.55 0.55
v -12.503285309553357 19.812850471541648 -8.711841719993027 0.55 0.55 0.55
v -12.503285309553357 19.812850471541648 -8.711841719993027 0.55 0.55 0.55
v -13.159545329342492 22.26667170990191 -9.2212977589257 0.55 0.55 0.55
v -11.803822423568436 22.27750622795564 -10.8868128956443 0.55 0.55 0.55
v -11.201045878274941 19.82487646716239 -10.318698551557986 0.55 0.55 0.55
v -11.201045878274941 19.82487646716239 -10.318698551557986 0.0 0.0 0.0
v -11.803822423568436 22.27750622795564 -10.8868128956443 0.0 0.0 0.0
v -10.724183344402846 24.183271813736305 -12.704974407752205 0.0 0.0 0.0
v -11.803822423568436 22.27750622795564 -10.8868128956443 0.0 0.0 0.0
v -12.376160622067855 24.744834157883606 -11.421854471859909 0.0 0.0 0.0
v -10.724183344402846 24.183271813736305 -12.704974407752205 0.0 0.0 0.0
v -13.159545329342492 22.26667170990191 -9.2212977589257 0.55 0.55 0.55
v -13.781802752618134 24.73525450474991 -9.701245902309669 0.55 0.55 0.55
v -12.376160622067855 24.744834157883606 -11.421854471859909 0.55 0.55 0.55
v -11.803822423568436 22.27750622795564 -10.8868128956443 0.55 0.55 0.55
v -15.20810807193994 25.90896445851136 -8.073196816681074 1.0 1.0 1.0
v -13.781802752618134 24.73525450474991 -9.701245902309669 1.0 1.0 1.0
v -13.159545329342492 22.26667170990191 -9.2212977589257 1.0 1.0 1.0
v -15.20810807193994 25.90896445851136 -8.073196816681074 1.0 1.0 1.0
v -14.355023519652313 27.223738058116485 -10.137434434192993 1.0 1.0 1.0
v -13.781802752618134 24.73525450474991 -9.701245902309669 1.0 1.0 1.0
v -13.781802752618134 24.73525450474991 -9.701245902309669 0.55 0.55 0.55
v -14.355023519652313 27.223738058116485 -10.137434434192993 0.55 0.55 0.55
v -12.901861215140165 27.231950622376402 -11.910979860010986 0.55 0.55 0.55
v -12.376160622067855 24.744834157883606 -11.421854471859909 0.55 0.55 0.55
v -12.376160622067855 24.744834157883606 -11.421854471859909 0.55 0.55 0.55
v -12.901861215140165 27.231950622376402 -11.910979860010986 0.55 0.55 0.55
v -11.275272356777544 26.736783847583695 -13.397876244344983 0.55 0.55 0.55
v -10.724183344402846 24.183271813736305 -12.704974407752205 0.55 0.55 0.55
v -10.724183344402846 24.183271813736305 -12.704974407752205 0.55 0.55 0.55
v -11.275272356777544 26.736783847583695 -13.397876244344983 0.55 0.55 0.55
v -9.625795473258464 27.010097903781737 -14.951658594218694 0.55 0.55 0.55
v -9.16386539829614 24.559430705318654 -14.213034267979255 0.55 0.55 0.55
v -9.16386539829614 24.559430705318654 -14.213034267979255 0.55 0.55 0.55
v -9.625795473258464 27.010097903781737 -14.951658594218694 0.55 0.55 0.55
v -6.149850818439195 17.37038505001659 -12.588149414150566 0.55 0.55 0.55
v -6.583526189589897 15.402629820741684 -11.57284134144391 0.55 0.55 0.55
v -6.583526189589897 15.402629820741684 -11.57284134144391 0.0 0.0 0.0
v -6.149850818439195 17.37038505001659 -12.588149414150566 0.0 0.0 0.0
v -4.627490792410374 19.75408708685118 -14.141040746580746 0.0 0.0 0.0
v -6.149850818439195 17.37038505001659 -12.588149414150566 0.0 0.0 0.0
v -6.563556711885755 19.67456500511039 -13.312593168723923 0.0 0.0 0.0
v -4.627490792410374 19.75408708685118 -14.141040746580746 0.0 0.0 0.0
v -9.625795473258464 27.010097903781737 -14.951658594218694 1.0 1.0 1.0
v -6.563556711885755 19.67456500511039 -13.312593168723923 1.0 1.0 1.0
v -6.149850818439195 17.37038505001659 -12.588149414150566 1.0 1.0 1.0
v -9.625795473258464 27.010097903781737 -14.951658594218694 1.0 1.0 1.0
v -6.891288542229416 22.141783070832208 -14.155231270920554 1.0 1.0 1.0
v -6.563556711885755 19.67456500511039 -13.312593168723923 1.0 1.0 1.0
v -6.563556711885755 19.67456500511039 -13.312593168723923 0.55 0.55 0.55
v -6.891288542229416 22.141783070832208 -14.155231270920554 0.55 0.55 0.55
v -4.880375843347335 22.163119118799496 -14.983853548509174 0.55 0.55 0.55
v -4.627490792410374 19.75408708685118 -14.141040746580746 0.55 0.55 0.55
v -4.627490792410374 19.75408708685118 -14.141040746580746 0.0 0.0 0.0
v -4.880375843347335 22.163119118799496 -14.983853548509174 0.0 0.0 0.0
v -3.1684555636117695 24.768549089006545 -16.599211589140197 0.0 0.0 0.0
v -4.880375843347335 22.163119118799496 -14.983853548509174 0.0 0.0 0.0
v -5.131114498451007 24.581699362676694 -15.79967057901171 0.0 0.0 0.0
v -3.1684555636117695 24.768549089006545 -16.599211589140197 0.0 0.0 0.0
v -6.891288542229416 22.141783070832208 -14.155231270920554 0.55 0.55 0.55
v -7.219796671711541 24.618847732635963 -14.968150378016393 0.55 0.55 0.55
v -5.131114498451007 24.581699362676694 -15.79967057901171 0.55 0.55 0.55
v -4.880375843347335 22.163119118799496 -14.983853548509174 0.55 0.55 0.55
v -9.625795473258464 27.010097903781737 -14.951658594218694 1.0 1.0 1.0
v -7.219796671711541 24.618847732635963 -14.968150378016393 1.0 1.0 1.0
v -6.891288542229416 22.141783070832208 -14.155231270920554 1.0 1.0 1.0
v -9.625795473258464 27.010097903781737 -14.951658594218694 1.0 1.0 1.0
v -7.532601303377337 27.113885959845508 -15.73047882038061 1.0 1.0 1.0
v -7.219796671711541 24.618847732635963 -14.968150378016393 1.0 1.0 1.0
v -7.219796671711541 24.618847732635963 -14.968150378016393 0.55 0.55 0.55
v -7.532601303377337 27.113885959845508 -15.73047882038061 0.55 0.55 0.55
v -5.369969890539266 27.017461233723377 -16.56638984487124 0.55 0.55 0.55
v -5.131114498451007 24.581699362676694 -15.79967057901171 0.55 0.55 0.55
v -5.131114498451007 24.581699362676694 -15.79967057901171 0.55 0.55 0.55
v -5.369969890539266 27.017461233723377 -16.56638984487124 0.55 0.55 0.55
v -3.3023305633858993 27.244777533409348 -17.4327791247792 0.55 0.55 0.55
v -3.1684555636117695 24.768549089006545 -16.599211589140197 0.55 0.55 0.55
v -3.1684555636117695 24.768549089006545 -16.599211589140197 0.55 0.55 0.55
v -3.3023305633858993 27.244777533409348 -17.4327791247792 0.55 0.55 0.55
v -0.9324613550887498 17.402784213321898 -14.341664972695469 0.55 0.55 0.55
v -0.7306608980502778 14.970428139879223 -13.505268055442109 0.55 0.55 0.55
v -0.7306608980502778 14.970428139879223 -13.505268055442109 0.0 0.0 0.0
v -0.9324613550887498 17.402784213321898 -14.341664972695469 0.0 0.0 0.0
v 1.1336931913138417 19.52241168330505 -14.738293708246639 0.0 0.0 0.0
v -0.9324613550887498 17.402784213321898 -14.341664972695469 0.0 0.0 0.0
v -0.9585863778541623 19.844438563415746 -15.193738843410085 0.0 0.0 0.0
v 1.1336931913138417 19.52241168330505 -14.738293708246639 0.0 0.0 0.0
v -3.3023305633858993 27.244777533409348 -17.4327791247792 1.0 1.0 1.0
v -0.9585863778541623 19.844438563415746 -15.193738843410085 1.0 1.0 1.0
v -0.9324613550887498 17.402784213321898 -14.341664972695469 1.0 1.0 1.0
v -3.3023305633858993 27.244777533409348 -17.4327791247792 1.0 1.0 1.0
v -0.9779530555964401 22.29449877907468 -16.02143820213037 1.0 1.0 1.0
v -0.9585863778541623 19.844438563415746 -15.193738843410085 1.0 1.0 1.0
v -0.9585863778541623 19.844438563415746 -15.193738843410085 0.55 0.55 0.55
v -0.9779530555964401 22.29449877907468 -16.02143820213037 0.55 0.55 0.55
v 1.197949321847633 21.952114483578153 -15.625857749213182 0.55 0.55 0.55
v 1.1336931913138417 19.52241168330505 -14.738293708246639 0.55 0.55 0.55
v 1.1336931913138417 19.52241168330505 -14.738293708246639 0.0 0.0 0.0
v 1.197949321847633 21.952114483578153 -15.625857749213182 0.0 0.0 0.0
v 3.282311187043768 24.746381735235033 -16.54634102011219 0.0 0.0 0.0
v 1.197949321847633 21.952114483578153 -15.625857749213182 0.0 0.0 0.0
v 1.2481638688107308 24.390492546016254 -16.4909314213836 0.0 0.0 0.0
v 3.282311187043768 24.746381735235033 -16.54634102011219 0.0 0.0 0.0
v -0.9779530555964401 22.29449877907468 -16.02143820213037 0.55 0.55 0.55
v -1.0011856957840168 24.759388506170374 -16.803772262940285 0.55 0.55 0.55
v 1.2481638688107308 24.390492546016254 -16.4909314213836 0.55 0.55 0.55
v 1.197949321847633 21.952114483578153 -15.625857749213182 0.55 0.55 0.55
v -3.3023305633858993 27.244777533409348 -17.4327791247792 1.0 1.0 1.0
v -1.0011856957840168 24.759388506170374 -16.803772262940285 1.0 1.0 1.0
v -0.9779530555964401 22.29449877907468 -16.02143820213037 1.0 1.0 1.0
v -3.3023305633858993 27.244777533409348 -17.4327791247792 1.0 1.0 1.0
v -1.0248305854245485 27.244167534414245 -17.52036561952992 1.0 1.0 1.0
v -1.0011856957840168 24.759388506170374 -16.803772262940285 1.0 1.0 1.0
v -1.0011856957840168 24.759388506170374 -16.803772262940285 0.55 0.55 0.55
v -1.0248305854245485 27.244167534414245 -17.52036561952992 0.55 0.55 0.55
v 1.2912291995382286 26.845606253601737 -17.30754199688489 0.55 0.55 0.55
v 1.2481638688107308 24.390492546016254 -16.4909314213836 0.55 0.55 0.55
v 1.2481638688107308 24.390492546016254 -16.4909314213836 0.55 0.55 0.55
v 1.2912291995382286 26.845606253601737 -17.30754199688489 0.55 0.55 0.55
v 3.4739680232160293 27.198037573833098 -17.383971418816508 0.55 0.55 0.55
v 3.282311187043768 24.746381735235033 -16.54634102011219 0.55 0.55 0.55
v 3.282311187043768 24.746381735235033 -16.54634102011219 0.55 0.55 0.55
v 3.4739680232160293 27.198037573833098 -17.383971418816508 0.55 0.55 0.55
v 5.543008198765665 26.339178778500276 -16.481886814327602 0.55 0.55 0.55
v 5.256313134725386 23.91245158270305 -15.674884138406956 0.55 0.55 0.55
v 5.256313134725386 23.91245158270305 -15.674884138406956 0.55 0.55 0.55
v 5.543008198765665 26.339178778500276 -16.481886814327602 0.55 0.55 0.55
v 7.857173276566793 27.738873295402257 -16.10728299780614 0.55 0.55 0.55
v 7.455888305538687 25.32108668367804 -15.337680640249452 0.55 0.55 0.55
v 7.455888305538687 25.32108668367804 -15.337680640249452 0.55 0.55 0.55
v 7.857173276566793 27.738873295402257 -16.10728299780614 0.55 0.55 0.55
v 8.494132290133061 22.226257590758408 -13.350722326713358 0.55 0.55 0.55
v 7.8997177505954825 19.795551724757892 -12.663065758229578 0.55 0.55 0.55
v 7.8997177505954825 19.795551724757892 -12.663065758229578 0.55 0.55 0.55
v 8.494132290133061 22.226257590758408 -13.350722326713358 0.55 0.55 0.55
v 9.519433726849718 19.271121982815398 -11.369279590024071 0.55 0.55 0.55
v 8.520455491820307 16.87104064250982 -10.900017551511933 0.55 0.55 0.55
v 8.520455491820307 16.87104064250982 -10.900017551511933 0.0 0.0 0.0
v 9.519433726849718 19.271121982815398 -11.369279590024071 0.0 0.0 0.0
v 12.57241542810694 25.370325036337288 -11.422418136949235 0.0 0.0 0.0
v 9.519433726849718 19.271121982815398 -11.369279590024071 0.0 0.0 0.0
v 10.235294382249078 21.718519961603995 -12.0321422209224 0.0 0.0 0.0
v 12.57241542810694 25.370325036337288 -11.422418136949235 0.0 0.0 0.0
v 8.494132290133061 22.226257590758408 -13.350722326713358 1.0 1.0 1.0
v 10.235294382249078 21.718519961603995 -12.0321422209224 1.0 1.0 1.0
v 9.519433726849718 19.271121982815398 -11.369279590024071 1.0 1.0 1.0
v 8.494132290133061 22.226257590758408 -13.350722326713358 1.0 1.0 1.0
v 10.829851243775545 24.198767254434806 -12.720587738272872 1.0 1.0 1.0
v 10.235294382249078 21.718519961603995 -12.0321422209224 1.0 1.0 1.0
v 10.235294382249078 21.718519961603995 -12.0321422209224 0.0 0.0 0.0
v 10.829851243775545 24.198767254434806 -12.720587738272872 0.0 0.0 0.0
v 12.57241542810694 25.370325036337288 -11.422418136949235 0.0 0.0 0.0
v 10.829851243775545 24.198767254434806 -12.720587738272872 0.0 0.0 0.0
v 11.408512250154356 26.70639139819243 -13.316433536567258 0.0 0.0 0.0
v 12.57241542810694 25.370325036337288 -11.422418136949235 0.0 0.0 0.0
v 8.494132290133061 22.226257590758408 -13.350722326713358 0.55 0.55 0.55
v 9.025479094206041 24.671126738670186 -14.042554294223923 0.55 0.55 0.55
v 11.408512250154356 26.70639139819243 -13.316433536567258 0.55 0.55 0.55
v 10.829851243775545 24.198767254434806 -12.720587738272872 0.55 0.55 0.55
v 7.857173276566793 27.738873295402257 -16.10728299780614 1.0 1.0 1.0
v 9.025479094206041 24.671126738670186 -14.042554294223923 1.0 1.0 1.0
v 8.494132290133061 22.226257590758408 -13.350722326713358 1.0 1.0 1.0
v 7.857173276566793 27.738873295402257 -16.10728299780614 1.0 1.0 1.0
v 9.524859055730063 27.13427694481002 -14.691941273067764 1.0 1.0 1.0
v 9.025479094206041 24.671126738670186 -14.042554294223923 1.0 1.0 1.0
v 9.025479094206041 24.671126738670186 -14.042554294223923 0.55 0.55 0.55
v 9.524859055730063 27.13427694481002 -14.691941273067764 0.55 0.55 0.55
v 11.923427401569285 29.245639812774762 -13.831218903671392 0.55 0.55 0.55
v 11.408512250154356 26.70639139819243 -13.316433536567258 0.55 0.55 0.55
v 11.408512250154356 26.70639139819243 -13.316433536567258 0.55 0.55 0.55
v 11.923427401569285 29.245639812774762 -13.831218903671392 0.55 0.55 0.55
v 13.267803982728623 27.790679471334105 -11.987615140776771 0.55 0.55 0.55
v 12.57241542810694 25.370325036337288 -11.422418136949235 0.55 0.55 0.55
v 12.57241542810694 25.370325036337288 -11.422418136949235 0.55 0.55 0.55
v 13.267803982728623 27.790679471334105 -11.987615140776771 0.55 0.55 0.55
v 10.473752560598701 17.427200661625744 -9.2421110484478 0.55 0.55 0.55
v 9.525783454836125 15.026309868948152 -9.012542381565623 0.55 0.55 0.55
v 9.525783454836125 15.026309868948152 -9.012542381565623 0.55 0.55 0.55
v 10.473752560598701 17.427200661625744 -9.2421110484478 0.55 0.55 0.55
v 12.278325617905132 17.382384518362986 -7.455310454499676 0.55 0.55 0.55
v 11.4041934840803 14.947031038287774 -7.267348222764057 0.55 0.55 0.55
v 11.4041934840803 14.947031038287774 -7.267348222764057 0.55 0.55 0.55
v 12.278325617905132 17.382384518362986 -7.455310454499676 0.55 0.55 0.55
v 13.383275496187514 17.399231508319296 -5.332001158108412 0.55 0.55 0.55
v 12.53554428013991 14.961590927064714 -5.151031409131744 0.55 0.55 0.55
v 12.53554428013991 14.961590927064714 -5.151031409131744 0.55 0.55 0.55
v 13.383275496187514 17.399231508319296 -5.332001158108412 0.55 0.55 0.55
v 14.093694056051543 17.410527665797552 -3.0325201292883524 0.55 0.55 0.55
v 13.255549659992587 14.971555586620552 -2.851050870058421 0.55 0.55 0.55
v 13.255549659992587 14.971555586620552 -2.851050870058421 0.55 0.55 0.55
v 14.093694056051543 17.410527665797552 -3.0325201292883524 0.55 0.55 0.55
v 14.301795767141742 17.88749021924281 -0.597956868050938 0.55 0.55 0.55
v 13.339252175967724 15.500905367957206 -0.39265876410177686 0.55 0.55 0.55
v 13.339252175967724 15.500905367957206 -0.39265876410177686 0.0 0.0 0.0
v 14.301795767141742 17.88749021924281 -0.597956868050938 0.0 0.0 0.0
v 16.80283264501942 24.837242630453115 0.21238619627546845 0.0 0.0 0.0
v 14.301795767141742 17.88749021924281 -0.597956868050938 0.0 0.0 0.0
v 15.24221279234014 20.28376255750158 -0.7924346457293056 0.0 0.0 0.0
v 16.80283264501942 24.837242630453115 0.21238619627546845 0.0 0.0 0.0
v 14.093694056051543 17.410527665797552 -3.0325201292883524 0.55 0.55 0.55
v 14.929152458802154 19.85089270092303 -3.207526295625317 0.55 0.55 0.55
v 15.24221279234014 20.28376255750158 -0.7924346457293056 0.55 0.55 0.55
v 14.301795767141742 17.88749021924281 -0.597956868050938 0.55 0.55 0.55
v 13.383275496187514 17.399231508319296 -5.332001158108412 0.55 0.55 0.55
v 14.223010815632811 19.84043203291694 -5.5024484162575416 0.55 0.55 0.55
v 14.929152458802154 19.85089270092303 -3.207526295625317 0.55 0.55 0.55
v 14.093694056051543 17.410527665797552 -3.0325201292883524 0.55 0.55 0.55
v 12.278325617905132 17.382384518362986 -7.455310454499676 0.55 0.55 0.55
v 13.145653056235556 19.820135041283905 -7.643717034166719 0.55 0.55 0.55
v 14.223010815632811 19.84043203291694 -5.5024484162575416 0.55 0.55 0.55
v 13.383275496187514 17.399231508319296 -5.332001158108412 0.55 0.55 0.55
v 10.473752560598701 17.427200661625744 -9.2421110484478 0.55 0.55 0.55
v 11.41294004552026 19.82594374487065 -9.523683357939426 0.55 0.55 0.55
v 13.145653056235556 19.820135041283905 -7.643717034166719 0.55 0.55 0.55
v 12.278325617905132 17.382384518362986 -7.455310454499676 0.55 0.55 0.55
v 13.267803982728623 27.790679471334105 -11.987615140776771 1.0 1.0 1.0
v 11.41294004552026 19.82594374487065 -9.523683357939426 1.0 1.0 1.0
v 10.473752560598701 17.427200661625744 -9.2421110484478 1.0 1.0 1.0
v 13.267803982728623 27.790679471334105 -11.987615140776771 1.0 1.0 1.0
v 12.282406010551265 22.230817563495147 -9.88980820098043 1.0 1.0 1.0
v 11.41294004552026 19.82594374487065 -9.523683357939426 1.0 1.0 1.0
v 11.41294004552026 19.82594374487065 -9.523683357939426 0.55 0.55 0.55
v 12.282406010551265 22.230817563495147 -9.88980820098043 0.55 0.55 0.55
v 14.018584807361462 22.260019605674323 -7.762514405927393 0.55 0.55 0.55
v 13.145653056235556 19.820135041283905 -7.643717034166719 0.55 0.55 0.55
v 13.145653056235556 19.820135041283905 -7.643717034166719 0.55 0.55 0.55
v 14.018584807361462 22.260019605674323 -7.762514405927393 0.55 0.55 0.55
v 15.041253395131852 22.289994475824347 -5.656520928034975 0.55 0.55 0.55
v 14.223010815632811 19.84043203291694 -5.5024484162575416 0.55 0.55 0.55
v 14.223010815632811 19.84043203291694 -5.5024484162575416 0.55 0.55 0.55
v 15.041253395131852 22.289994475824347 -5.656520928034975 0.55 0.55 0.55
v 15.740753151046707 22.299834401845455 -3.374785549368347 0.55 0.55 0.55
v 14.929152458802154 19.85089270092303 -3.207526295625317 0.55 0.55 0.55
v 14.929152458802154 19.85089270092303 -3.207526295625317 0.55 0.55 0.55
v 15.740753151046707 22.299834401845455 -3.374785549368347 0.55 0.55 0.55
v 16.141884045195557 22.696341747819723 -0.9774639735096877 0.55 0.55 0.55
v 15.24221279234014 20.28376255750158 -0.7924346457293056 0.55 0.55 0.55
v 15.24221279234014 20.28376255750158 -0.7924346457293056 0.0 0.0 0.0
v 16.141884045195557 22.696341747819723 -0.9774639735096877 0.0 0.0 0.0
v 16.80283264501942 24.837242630453115 0.21238619627546845 0.0 0.0 0.0
v 16.141884045195557 22.696341747819723 -0.9774639735096877 0.0 0.0 0.0
v 16.981281838866078 25.13120615457083 -1.1534802824489505 0.0 0.0 0.0
v 16.80283264501942 24.837242630453115 0.21238619627546845 0.0 0.0 0.0
v 15.740753151046707 22.299834401845455 -3.374785549368347 0.55 0.55 0.55
v 16.506424312711427 24.763692335455524 -3.539232512237441 0.55 0.55 0.55
v 16.981281838866078 25.13120615457083 -1.1534802824489505 0.55 0.55 0.55
v 16.141884045195557 22.696341747819723 -0.9774639735096877 0.55 0.55 0.55
v 15.041253395131852 22.289994475824347 -5.656520928034975 0.55 0.55 0.55
v 15.81010610859737 24.754946725334324 -5.818810099287844 0.55 0.55 0.55
v 16.506424312711427 24.763692335455524 -3.539232512237441 0.55 0.55 0.55
v 15.740753151046707 22.299834401845455 -3.374785549368347 0.55 0.55 0.55
v 14.018584807361462 22.260019605674323 -7.762514405927393 0.55 0.55 0.55
v 14.823681192019096 24.72104073114797 -7.917772800362172 0.55 0.55 0.55
v 15.81010610859737 24.754946725334324 -5.818810099287844 0.55 0.55 0.55
v 15.041253395131852 22.289994475824347 -5.656520928034975 0.55 0.55 0.55
v 12.282406010551265 22.230817563495147 -9.88980820098043 0.55 0.55 0.55
v 13.416788776130627 24.462239546734345 -9.780321083122507 0.55 0.55 0.55
v 14.823681192019096 24.72104073114797 -7.917772800362172 0.55 0.55 0.55
v 14.018584807361462 22.260019605674323 -7.762514405927393 0.55 0.55 0.55
v 13.267803982728623 27.790679471334105 -11.987615140776771 1.0 1.0 1.0
v 13.416788776130627 24.462239546734345 -9.780321083122507 1.0 1.0 1.0
v 12.282406010551265 22.230817563495147 -9.88980820098043 1.0 1.0 1.0
v 13.267803982728623 27.790679471334105 -11.987615140776771 1.0 1.0 1.0
v 14.223320405577184 26.902093665256153 -10.10916852063552 1.0 1.0 1.0
v 13.416788776130627 24.462239546734345 -9.780321083122507 1.0 1.0 1.0
v 13.416788776130627 24.462239546734345 -9.780321083122507 0.55 0.55 0.55
v 14.223320405577184 26.902093665256153 -10.10916852063552 0.55 0.55 0.55
v 15.52199565777663 27.209057396701848 -8.139368103696853 0.55 0.55 0.55
v 14.823681192019096 24.72104073114797 -7.917772800362172 0.55 0.55 0.55
v 14.823681192019096 24.72104073114797 -7.917772800362172 0.55 0.55 0.55
v 15.52199565777663 27.209057396701848 -8.139368103696853 0.55 0.55 0.55
v 16.504441285613566 27.240437058091928 -6.001176488947565 0.55 0.55 0.55
v 15.81010610859737 24.754946725334324 -5.818810099287844 0.55 0.55 0.55
v 15.81010610859737 24.754946725334324 -5.818810099287844 0.55 0.55 0.55
v 16.504441285613566 27.240437058091928 -6.001176488947565 0.55 0.55 0.55
v 17.204631155398086 27.24763155613648 -3.700904109966279 0.55 0.55 0.55
v 16.506424312711427 24.763692335455524 -3.539232512237441 0.55 0.55 0.55
v 16.506424312711427 24.763692335455524 -3.539232512237441 0.55 0.55 0.55
v 17.204631155398086 27.24763155613648 -3.700904109966279 0.55 0.55 0.55
v 17.739343774756097 27.59336081374874 -1.3185133763947463 0.55 0.55 0.55
v 16.981281838866078 25.13120615457083 -1.1534802824489505 0.55 0.55 0.55
v 16.981281838866078 25.13120615457083 -1.1534802824489505 0.55 0.55 0.55
v 17.739343774756097 27.59336081374874 -1.3185133763947463 0.55 0.55 0.55
v 17.748432629360547 27.498048912288578 0.4083323416041689 0.55 0.55 0.55
v 16.80283264501942 24.837242630453115 0.21238619627546845 0.55 0.55 0.55
v 16.80283264501942 24.837242630453115 0.21238619627546845 0.55 0.55 0.55
v 17.748432629360547 27.498048912288578 0.4083323416041689 0.55 0.55 0.55
v 17.343337616597687 27.245076688076136 2.8313108101376883 0.55 0.55 0.55
v 16.640047770055958 24.76096228602702 2.6757154372581855 0.55 0.55 0.55
v 17.343337616597687 27.245076688076136 2.8313108101376883 0.55 0.55 0.55
v 17.960749186533945 29.752575827503065 2.9745196251226305 0.55 0.55 0.55
v 17.36596636443356 29.754664884700276 5.33325797866155 0.55 0.55 0.55
v 16.759589486426453 27.24705805579327 5.167181616819583 0.55 0.55 0.55
v 16.759589486426453 27.24705805579327 5.167181616819583 0.55 0.55 0.55
v 17.36596636443356 29.754664884700276 5.33325797866155 0.55 0.55 0.55
v 16.532743070271263 29.73387037274724 7.5933310427364615 0.55 0.55 0.55
v 15.927419202844561 27.223279787760696 7.388986384294138 0.55 0.55 0.55
v 15.927419202844561 27.223279787760696 7.388986384294138 0.55 0.55 0.55
v 16.532743070271263 29.73387037274724 7.5933310427364615 0.55 0.55 0.55
v 15.378473065922941 29.688851506384935 9.704475533296426 0.55 0.55 0.55
v 14.787714271735705 27.168111040303877 9.444873971704395 0.55 0.55 0.55
v 14.787714271735705 27.168111040303877 9.444873971704395 0.0 0.0 0.0
v 15.378473065922941 29.688851506384935 9.704475533296426 0.0 0.0 0.0
v 14.500888115581985 31.02249564864642 11.84527339437249 0.0 0.0 0.0
v 15.378473065922941 29.688851506384935 9.704475533296426 0.0 0.0 0.0
v 15.861199992970224 32.23563493248314 9.931897828464992 0.0 0.0 0.0
v 14.500888115581985 31.02249564864642 11.84527339437249 0.0 0.0 0.0
v 16.532743070271263 29.73387037274724 7.5933310427364615 0.55 0.55 0.55
v 17.026908389176334 32.27032855283859 7.776221134038058 0.55 0.55 0.55
v 15.861199992970224 32.23563493248314 9.931897828464992 0.55 0.55 0.55
v 15.378473065922941 29.688851506384935 9.704475533296426 0.55 0.55 0.55
v 17.36596636443356 29.754664884700276 5.33325797866155 0.55 0.55 0.55
v 17.8651334435606 32.28694133938466 5.479649105096616 0.55 0.55 0.55
v 17.026908389176334 32.27032855283859 7.776221134038058 0.55 0.55 0.55
v 16.532743070271263 29.73387037274724 7.5933310427364615 0.55 0.55 0.55
v 17.960749186533945 29.752575827503065 2.9745196251226305 0.55 0.55 0.55
v 18.471487940143554 32.285034277070324 3.0963947565174577 0.55 0.55 0.55
v 17.8651334435606 32.28694133938466 5.479649105096616 0.55 0.55 0.55
v 17.36596636443356 29.754664884700276 5.33325797866155 0.55 0.55 0.55
v 17.748432629360547 27.498048912288578 0.4083323416041689 0.55 0.55 0.55
v 18.550456735107076 30.207273175041482 0.5778437946084681 0.55 0.55 0.55
v 17.960749186533945 29.752575827503065 2.9745196251226305 0.55 0.55 0.55
v 17.343337616597687 27.245076688076136 2.8313108101376883 0.55 0.55 0.55
v 17.739343774756097 27.59336081374874 -1.3185133763947463 0.55 0.55 0.55
v 18.397314069815888 30.085230293298 -1.4663406718675787 0.55 0.55 0.55
v 18.550456735107076 30.207273175041482 0.5778437946084681 0.55 0.55 0.55
v 17.748432629360547 27.498048912288578 0.4083323416041689 0.55 0.55 0.55
v 17.204631155398086 27.24763155613648 -3.700904109966279 0.55 0.55 0.55
v 17.815067076257744 29.7551158789862 -3.853415556655439 0.55 0.55 0.55
v 18.397314069815888 30.085230293298 -1.4663406718675787 0.55 0.55 0.55
v 17.739343774756097 27.59336081374874 -1.3185133763947463 0.55 0.55 0.55
v 16.504441285613566 27.240437058091928 -6.001176488947565 0.55 0.55 0.55
v 17.10767395682597 29.749463902233877 -6.1841458273701795 0.55 0.55 0.55
v 17.815067076257744 29.7551158789862 -3.853415556655439 0.55 0.55 0.55
v 17.204631155398086 27.24763155613648 -3.700904109966279 0.55 0.55 0.55
v 15.52199565777663 27.209057396701848 -8.139368103696853 0.55 0.55 0.55
v 16.11874383905853 29.723196244893693 -8.367637362722123 0.55 0.55 0.55
v 17.10767395682597 29.749463902233877 -6.1841458273701795 0.55 0.55 0.55
v 16.504441285613566 27.240437058091928 -6.001176488947565 0.55 0.55 0.55
v 14.223320405577184 26.902093665256153 -10.10916852063552 0.55 0.55 0.55
v 14.928358203623327 29.372937905302013 -10.442745849289258 0.55 0.55 0.55
v 16.11874383905853 29.723196244893693 -8.367637362722123 0.55 0.55 0.55
v 15.52199565777663 27.209057396701848 -8.139368103696853 0.55 0.55 0.55
v 13.267803982728623 27.790679471334105 -11.987615140776771 0.55 0.55 0.55
v 13.855212799636607 30.25847742848121 -12.463963925649391 0.55 0.55 0.55
v 14.928358203623327 29.372937905302013 -10.442745849289258 0.55 0.55 0.55
v 14.223320405577184 26.902093665256153 -10.10916852063552 0.55 0.55 0.55
v 11.923427401569285 29.245639812774762 -13.831218903671392 1.0 1.0 1.0
v 13.855212799636607 30.25847742848121 -12.463963925649391 1.0 1.0 1.0
v 13.267803982728623 27.790679471334105 -11.987615140776771 1.0 1.0 1.0
v 11.923427401569285 29.245639812774762 -13.831218903671392 1.0 1.0 1.0
v 14.317962919728036 32.770098135571374 -12.837785987043535 1.0 1.0 1.0
v 13.855212799636607 30.25847742848121 -12.463963925649391 1.0 1.0 1.0
v 13.855212799636607 30.25847742848121 -12.463963925649391 0.55 0.55 0.55
v 14.317962919728036 32.770098135571374 -12.837785987043535 0.55 0.55 0.55
v 15.5269291807492 31.876191287317525 -10.740636663129258 0.55 0.55 0.55
v 14.928358203623327 29.372937905302013 -10.442745849289258 0.55 0.55 0.55
v 14.928358203623327 29.372937905302013 -10.442745849289258 0.55 0.55 0.55
v 15.5269291807492 31.876191287317525 -10.740636663129258 0.55 0.55 0.55
v 16.605241837678747 32.2630495819647 -8.571247396432662 0.55 0.55 0.55
v 16.11874383905853 29.723196244893693 -8.367637362722123 0.55 0.55 0.55
v 16.11874383905853 29.723196244893693 -8.367637362722123 0.55 0.55 0.55
v 16.605241837678747 32.2630495819647 -8.571247396432662 0.55 0.55 0.55
v 17.60333824132895 32.28328640231583 -6.347202793929115 0.55 0.55 0.55
v 17.10767395682597 29.749463902233877 -6.1841458273701795 0.55 0.55 0.55
v 17.10767395682597 29.749463902233877 -6.1841458273701795 0.55 0.55 0.55
v 17.60333824132895 32.28328640231583 -6.347202793929115 0.55 0.55 0.55
v 18.31817022734366 32.287313035609834 -3.9867065871212684 0.55 0.55 0.55
v 17.815067076257744 29.7551158789862 -3.853415556655439 0.55 0.55 0.55
v 17.815067076257744 29.7551158789862 -3.853415556655439 0.55 0.55 0.55
v 18.31817022734366 32.287313035609834 -3.9867065871212684 0.55 0.55 0.55
v 18.931006028577094 32.60789351424355 -1.5898701132251947 0.55 0.55 0.55
v 18.397314069815888 30.085230293298 -1.4663406718675787 0.55 0.55 0.55
v 18.397314069815888 30.085230293298 -1.4663406718675787 0.55 0.55 0.55
v 18.931006028577094 32.60789351424355 -1.5898701132251947 0.55 0.55 0.55
v 19.182116906760985 32.962833737771234 0.7120904462332719 0.55 0.55 0.55
v 18.550456735107076 30.207273175041482 0.5778437946084681 0.55 0.55 0.55
v 18.550456735107076 30.207273175041482 0.5778437946084681 0.55 0.55 0.55
v 19.182116906760985 32.962833737771234 0.7120904462332719 0.55 0.55 0.55
v 18.471487940143554 32.285034277070324 3.0963947565174577 0.55 0.55 0.55
v 17.960749186533945 29.752575827503065 2.9745196251226305 0.55 0.55 0.55
v 18.471487940143554 32.285034277070324 3.0963947565174577 0.55 0.55 0.55
v 18.855560969001722 34.84094306864068 3.189189169587581 0.55 0.55 0.55
v 18.239464888112394 34.84232038635311 5.593158787265455 0.55 0.55 0.55
v 17.8651334435606 32.28694133938466 5.479649105096616 0.55 0.55 0.55
v 17.8651334435606 32.28694133938466 5.479649105096616 0.55 0.55 0.55
v 18.239464888112394 34.84232038635311 5.593158787265455 0.55 0.55 0.55
v 17.396194204050712 34.8304722613111 7.918734525986987 0.55 0.55 0.55
v 17.026908389176334 32.27032855283859 7.776221134038058 0.55 0.55 0.55
v 17.026908389176334 32.27032855283859 7.776221134038058 0.55 0.55 0.55
v 17.396194204050712 34.8304722613111 7.918734525986987 0.55 0.55 0.55
v 16.222258839613584 34.80655069476345 10.107521920416447 0.55 0.55 0.55
v 15.861199992970224 32.23563493248314 9.931897828464992 0.55 0.55 0.55
v 15.861199992970224 32.23563493248314 9.931897828464992 0.55 0.55 0.55
v 16.222258839613584 34.80655069476345 10.107521920416447 0.55 0.55 0.55
v 14.943898626225494 33.56225659930944 12.16152189603859 0.55 0.55 0.55
v 14.500888115581985 31.02249564864642 11.84527339437249 0.55 0.55 0.55
v 14.500888115581985 31.02249564864642 11.84527339437249 0.55 0.55 0.55
v 14.943898626225494 33.56225659930944 12.16152189603859 0.55 0.55 0.55
v 12.990793702247045 31.52318288798305 13.64346001964882 0.55 0.55 0.55
v 12.534065779260715 28.98787057753085 13.231909999330824 0.55 0.55 0.55
v 12.534065779260715 28.98787057753085 13.231909999330824 0.55 0.55 0.55
v 12.990793702247045 31.52318288798305 13.64346001964882 0.55 0.55 0.55
v 10.867844184665271 29.26627976952172 14.869900433769118 0.55 0.55 0.55
v 10.369848593173904 26.76536198446915 14.260182459108135 0.55 0.55 0.55
v 10.369848593173904 26.76536198446915 14.260182459108135 0.55 0.55 0.55
v 10.867844184665271 29.26627976952172 14.869900433769118 0.55 0.55 0.55
v 8.69778439529638 29.26813554227674 15.852641179497464 0.55 0.55 0.55
v 8.328210461820689 26.817128829518808 15.216804908365622 0.55 0.55 0.55
v 8.328210461820689 26.817128829518808 15.216804908365622 0.55 0.55 0.55
v 8.69778439529638 29.26813554227674 15.852641179497464 0.55 0.55 0.55
v 6.731970005097348 29.700862876488447 17.175062242758504 0.55 0.55 0.55
v 6.438333954719866 27.200416503461156 16.500074634358665 0.55 0.55 0.55
v 6.438333954719866 27.200416503461156 16.500074634358665 0.55 0.55 0.55
v 6.731970005097348 29.700862876488447 17.175062242758504 0.55 0.55 0.55
v 4.418585743165514 29.742194518270633 17.63670738641048 0.55 0.55 0.55
v 4.249286285962146 27.230539085778144 17.029258328842836 0.55 0.55 0.55
v 4.249286285962146 27.230539085778144 17.029258328842836 0.0 0.0 0.0
v 4.418585743165514 29.742194518270633 17.63670738641048 0.0 0.0 0.0
v 2.0871766746087252 28.387954941725447 17.896880500948267 0.0 0.0 0.0
v 4.418585743165514 29.742194518270633 17.63670738641048 0.0 0.0 0.0
v 4.560960823807998 32.2785668603837 18.138985549672856 0.0 0.0 0.0
v 2.0871766746087252 28.387954941725447 17.896880500948267 0.0 0.0 0.0
v 6.731970005097348 29.700862876488447 17.175062242758504 0.55 0.55 0.55
v 6.973495899444168 32.236217801304186 17.72935348097647 0.55 0.55 0.55
v 4.560960823807998 32.2785668603837 18.138985549672856 0.55 0.55 0.55
v 4.418585743165514 29.742194518270633 17.63670738641048 0.55 0.55 0.55
v 8.69778439529638 29.26813554227674 15.852641179497464 0.55 0.55 0.55
v 9.019445140191312 31.74640087521593 16.40228322283243 0.55 0.55 0.55
v 6.973495899444168 32.236217801304186 17.72935348097647 0.55 0.55 0.55
v 6.731970005097348 29.700862876488447 17.175062242758504 0.55 0.55 0.55
v 10.867844184665271 29.26627976952172 14.869900433769118 0.55 0.55 0.55
v 11.268834629572098 31.81005536571983 15.361641452751899 0.55 0.55 0.55
v 9.019445140191312 31.74640087521593 16.40228322283243 0.55 0.55 0.55
v 8.69778439529638 29.26813554227674 15.852641179497464 0.55 0.55 0.55
v 12.990793702247045 31.52318288798305 13.64346001964882 1.0 1.0 1.0
v 11.268834629572098 31.81005536571983 15.361641452751899 1.0 1.0 1.0
v 10.867844184665271 29.26627976952172 14.869900433769118 1.0 1.0 1.0
v 12.990793702247045 31.52318288798305 13.64346001964882 1.0 1.0 1.0
v 11.559269066947484 34.39064944602738 15.721122077822459 1.0 1.0 1.0
v 11.268834629572098 31.81005536571983 15.361641452751899 1.0 1.0 1.0
v 11.268834629572098 31.81005536571983 15.361641452751899 0.55 0.55 0.55
v 11.559269066947484 34.39064944602738 15.721122077822459 0.55 0.55 0.55
v 9.278994577627433 34.253204994889686 16.84392254543534 0.55 0.55 0.55
v 9.019445140191312 31.74640087521593 16.40228322283243 0.55 0.55 0.55
v 9.019445140191312 31.74640087521593 16.40228322283243 0.55 0.55 0.55
v 9.278994577627433 34.253204994889686 16.84392254543534 0.55 0.55 0.55
v 7.155681371337283 34.803136375278356 18.143323214989525 0.55 0.55 0.55
v 6.973495899444168 32.236217801304186 17.72935348097647 0.55 0.55 0.55
v 6.973495899444168 32.236217801304186 17.72935348097647 0.55 0.55 0.55
v 7.155681371337283 34.803136375278356 18.143323214989525 0.55 0.55 0.55
v 4.670200483787366 34.838187173463275 18.51606449102311 0.55 0.55 0.55
v 4.560960823807998 32.2785668603837 18.138985549672856 0.55 0.55 0.55
v 4.560960823807998 32.2785668603837 18.138985549672856 0.55 0.55 0.55
v 4.670200483787366 34.838187173463275 18.51606449102311 0.55 0.55 0.55
v 2.1914004145814054 30.911338024077917 18.568086298801596 0.55 0.55 0.55
v 2.0871766746087252 28.387954941725447 17.896880500948267 0.55 0.55 0.55
v 2.0871766746087252 28.387954941725447 17.896880500948267 0.55 0.55 0.55
v 2.1914004145814054 30.911338024077917 18.568086298801596 0.55 0.55 0.55
v -0.19194602595469523 29.736033060551115 18.22412111100354 0.55 0.55 0.55
v -0.19761764395371206 27.224397956409028 17.589554235089935 0.55 0.55 0.55
v -0.19761764395371206 27.224397956409028 17.589554235089935 0.55 0.55 0.55
v -0.19194602595469523 29.736033060551115 18.22412111100354 0.55 0.55 0.55
v -2.535600458875536 29.739855245884034 17.999935679924853 0.55 0.55 0.55
v -2.480539885340853 27.229434702196137 17.371278097787695 0.55 0.55 0.55
v -2.480539885340853 27.229434702196137 17.371278097787695 0.0 0.0 0.0
v -2.535600458875536 29.739855245884034 17.999935679924853 0.0 0.0 0.0
v -4.778397649918141 28.61925787834131 17.447777125393266 0.0 0.0 0.0
v -2.535600458875536 29.739855245884034 17.999935679924853 0.0 0.0 0.0
v -2.580162372461297 32.27508774369031 18.520443059210287 0.0 0.0 0.0
v -4.778397649918141 28.61925787834131 17.447777125393266 0.0 0.0 0.0
v -0.19194602595469523 29.736033060551115 18.22412111100354 0.55 0.55 0.55
v -0.185717072150001 32.27261386345794 18.749835311203288 0.55 0.55 0.55
v -2.580162372461297 32.27508774369031 18.520443059210287 0.55 0.55 0.55
v -2.535600458875536 29.739855245884034 17.999935679924853 0.55 0.55 0.55
v 2.1914004145814054 30.911338024077917 18.568086298801596 1.0 1.0 1.0
v -0.185717072150001 32.27261386345794 18.749835311203288 1.0 1.0 1.0
v -0.19194602595469523 29.736033060551115 18.22412111100354 1.0 1.0 1.0
v 2.1914004145814054 30.911338024077917 18.568086298801596 1.0 1.0 1.0
v -0.17923821080400468 34.83268216653255 19.145563254275775 1.0 1.0 1.0
v -0.185717072150001 32.27261386345794 18.749835311203288 1.0 1.0 1.0
v -0.185717072150001 32.27261386345794 18.749835311203288 0.55 0.55 0.55
v -0.17923821080400468 34.83268216653255 19.145563254275775 0.55 0.55 0.55
v -2.6122344315116366 34.833533381743436 18.912170156638922 0.55 0.55 0.55
v -2.580162372461297 32.27508774369031 18.520443059210287 0.55 0.55 0.55
v -2.580162372461297 32.27508774369031 18.520443059210287 0.55 0.55 0.55
v -2.6122344315116366 34.833533381743436 18.912170156638922 0.55 0.55 0.55
v -4.9214986330108 31.118028735160095 18.081081513597468 0.55 0.55 0.55
v -4.778397649918141 28.61925787834131 17.447777125393266 0.55 0.55 0.55
v -4.778397649918141 28.61925787834131 17.447777125393266 0.55 0.55 0.55
v -4.9214986330108 31.118028735160095 18.081081513597468 0.55 0.55 0.55
v -7.346446678057365 32.01156283519462 17.691347498334224 0.55 0.55 0.55
v -7.125936834060496 29.483769341602866 17.107886824693434 0.55 0.55 0.55
v -7.125936834060496 29.483769341602866 17.107886824693434 0.55 0.55 0.55
v -7.346446678057365 32.01156283519462 17.691347498334224 0.55 0.55 0.55
v -8.991902716020281 29.233636763721023 15.67270321938669 0.55 0.55 0.55
v -8.612842667427453 26.74650101047448 15.02575818440747 0.55 0.55 0.55
v -8.612842667427453 26.74650101047448 15.02575818440747 0.55 0.55 0.55
v -8.991902716020281 29.233636763721023 15.67270321938669 0.55 0.55 0.55
v -11.02078773369156 29.74849526725612 14.452970568885906 0.55 0.55 0.55
v -10.657664659687129 27.239684725628756 13.937180856610441 0.55 0.55 0.55
v -10.657664659687129 27.239684725628756 13.937180856610441 0.0 0.0 0.0
v -11.02078773369156 29.74849526725612 14.452970568885906 0.0 0.0 0.0
v -12.968671705684919 29.56365067474464 13.119674006953408 0.0 0.0 0.0
v -11.02078773369156 29.74849526725612 14.452970568885906 0.0 0.0 0.0
v -11.321187605368037 32.282123982365405 14.880075623487956 0.0 0.0 0.0
v -12.968671705684919 29.56365067474464 13.119674006953408 0.0 0.0 0.0
v -8.991902716020281 29.233636763721023 15.67270321938669 0.55 0.55 0.55
v -9.321015080479912 31.74891901446592 16.231544660549094 0.55 0.55 0.55
v -11.321187605368037 32.282123982365405 14.880075623487956 0.55 0.55 0.55
v -11.02078773369156 29.74849526725612 14.452970568885906 0.55 0.55 0.55
v -7.346446678057365 32.01156283519462 17.691347498334224 1.0 1.0 1.0
v -9.321015080479912 31.74891901446592 16.231544660549094 1.0 1.0 1.0
v -8.991902716020281 29.233636763721023 15.67270321938669 1.0 1.0 1.0
v -7.346446678057365 32.01156283519462 17.691347498334224 1.0 1.0 1.0
v -9.586198641756106 34.29373680981876 16.678697414504747 1.0 1.0 1.0
v -9.321015080479912 31.74891901446592 16.231544660549094 1.0 1.0 1.0
v -9.321015080479912 31.74891901446592 16.231544660549094 0.55 0.55 0.55
v -9.586198641756106 34.29373680981876 16.678697414504747 0.55 0.55 0.55
v -11.546534993477904 34.83896783553489 15.201833023181802 0.55 0.55 0.55
v -11.321187605368037 32.282123982365405 14.880075623487956 0.55 0.55 0.55
v -11.321187605368037 32.282123982365405 14.880075623487956 0.55 0.55 0.55
v -11.546534993477904 34.83896783553489 15.201833023181802 0.55 0.55 0.55
v -13.38386430733543 32.09582396367073 13.559376779725376 0.55 0.55 0.55
v -12.968671705684919 29.56365067474464 13.119674006953408 0.55 0.55 0.55
v -12.968671705684919 29.56365067474464 13.119674006953408 0.55 0.55 0.55
v -13.38386430733543 32.09582396367073 13.559376779725376 0.55 0.55 0.55
v -14.316787474754928 29.7537172345607 11.18970996127775 0.55 0.55 0.55
v -13.833753001606695 27.24569722127982 10.787334709010603 0.55 0.55 0.55
v -13.833753001606695 27.24569722127982 10.787334709010603 0.55 0.55 0.55
v -14.316787474754928 29.7537172345607 11.18970996127775 0.55 0.55 0.55
v -15.603570793093107 29.31216697290166 9.185700344293553 0.55 0.55 0.55
v -14.986591361365575 26.83290554673216 8.765596269223765 0.55 0.55 0.55
v -14.986591361365575 26.83290554673216 8.765596269223765 0.0 0.0 0.0
v -15.603570793093107 29.31216697290166 9.185700344293553 0.0 0.0 0.0
v -16.94298084182599 29.678290873358165 7.305156141419481 0.0 0.0 0.0
v -15.603570793093107 29.31216697290166 9.185700344293553 0.0 0.0 0.0
v -16.135089351897395 31.819772841013627 9.549711400287318 0.0 0.0 0.0
v -16.94298084182599 29.678290873358165 7.305156141419481 0.0 0.0 0.0
v -14.316787474754928 29.7537172345607 11.18970996127775 0.55 0.55 0.55
v -14.716029279329634 32.28641845332922 11.523364962218364 0.55 0.55 0.55
v -16.135089351897395 31.819772841013627 9.549711400287318 0.55 0.55 0.55
v -15.603570793093107 29.31216697290166 9.185700344293553 0.55 0.55 0.55
v -13.38386430733543 32.09582396367073 13.559376779725376 1.0 1.0 1.0
v -14.716029279329634 32.28641845332922 11.523364962218364 1.0 1.0 1.0
v -14.316787474754928 29.7537172345607 11.18970996127775 1.0 1.0 1.0
v -13.38386430733543 32.09582396367073 13.559376779725376 1.0 1.0 1.0
v -15.01551336504538 34.84219732752013 11.775185126930882 1.0 1.0 1.0
v -14.716029279329634 32.28641845332922 11.523364962218364 1.0 1.0 1.0
v -14.716029279329634 32.28641845332922 11.523364962218364 0.55 0.55 0.55
v -15.01551336504538 34.84219732752013 11.775185126930882 0.55 0.55 0.55
v -16.55842585247273 34.35692741329925 9.843047214369928 0.55 0.55 0.55
v -16.135089351897395 31.819772841013627 9.549711400287318 0.55 0.55 0.55
v -16.135089351897395 31.819772841013627 9.549711400287318 0.55 0.55 0.55
v -16.55842585247273 34.35692741329925 9.843047214369928 0.55 0.55 0.55
v -17.504792992694348 32.22080873984843 7.558153603048994 0.55 0.55 0.55
v -16.94298084182599 29.678290873358165 7.305156141419481 0.55 0.55 0.55
v -16.94298084182599 29.678290873358165 7.305156141419481 0.55 0.55 0.55
v -17.504792992694348 32.22080873984843 7.558153603048994 0.55 0.55 0.55
v -18.025683455253773 31.213476221976176 5.189991904198649 0.55 0.55 0.55
v -17.412066340479157 28.722544457759838 5.006124015455893 0.55 0.55 0.55
v -17.412066340479157 28.722544457759838 5.006124015455893 0.55 0.55 0.55
v -18.025683455253773 31.213476221976176 5.189991904198649 0.55 0.55 0.55
v -17.981519900289154 29.751045693705496 2.7522463047922736 0.55 0.55 0.55
v -17.35952706911376 27.242834879882057 2.6518971221657113 0.55 0.55 0.55
v -17.35952706911376 27.242834879882057 2.6518971221657113 0.0 0.0 0.0
v -17.981519900289154 29.751045693705496 2.7522463047922736 0.0 0.0 0.0
v -18.409071407436624 29.603117320098377 0.4242937360346446 0.0 0.0 0.0
v -17.981519900289154 29.751045693705496 2.7522463047922736 0.0 0.0 0.0
v -18.496349642870065 32.28403204809793 2.8354761083504987 0.0 0.0 0.0
v -18.409071407436624 29.603117320098377 0.4242937360346446 0.0 0.0 0.0
v -18.025683455253773 31.213476221976176 5.189991904198649 0.55 0.55 0.55
v -18.5065661718805 33.7359784726621 5.330952030382419 0.55 0.55 0.55
v -18.496349642870065 32.28403204809793 2.8354761083504987 0.55 0.55 0.55
v -17.981519900289154 29.751045693705496 2.7522463047922736 0.55 0.55 0.55
v -17.504792992694348 32.22080873984843 7.558153603048994 1.0 1.0 1.0
v -18.5065661718805 33.7359784726621 5.330952030382419 1.0 1.0 1.0
v -18.025683455253773 31.213476221976176 5.189991904198649 1.0 1.0 1.0
v -17.504792992694348 32.22080873984843 7.558153603048994 1.0 1.0 1.0
v -18.836211835768587 36.28463218464423 5.425315470020783 1.0 1.0 1.0
v -18.5065661718805 33.7359784726621 5.330952030382419 1.0 1.0 1.0
v -18.5065661718805 33.7359784726621 5.330952030382419 0.55 0.55 0.55
v -18.836211835768587 36.28463218464423 5.425315470020783 0.55 0.55 0.55
v -18.883525180590784 34.84019527719487 2.8985949225749184 0.55 0.55 0.55
v -18.496349642870065 32.28403204809793 2.8354761083504987 0.55 0.55 0.55
v -18.496349642870065 32.28403204809793 2.8354761083504987 0.55 0.55 0.55
v -18.883525180590784 34.84019527719487 2.8985949225749184 0.55 0.55 0.55
v -19.02148440180655 32.16708681459854 0.44305990622844615 0.55 0.55 0.55
v -18.409071407436624 29.603117320098377 0.4242937360346446 0.55 0.55 0.55
v -18.409071407436624 29.603117320098377 0.4242937360346446 0.55 0.55 0.55
v -19.02148440180655 32.16708681459854 0.44305990622844615 0.55 0.55 0.55
v -18.065611021193522 29.75081936482058 -1.8956104374255924 0.55 0.55 0.55
v -17.440561834850453 27.242301734807413 -1.8248168479502975 0.55 0.55 0.55
v -17.440561834850453 27.242301734807413 -1.8248168479502975 0.0 0.0 0.0
v -18.065611021193522 29.75081936482058 -1.8956104374255924 0.0 0.0 0.0
v -17.93207066291147 29.705061478715855 -4.240240645549796 0.0 0.0 0.0
v -18.065611021193522 29.75081936482058 -1.8956104374255924 0.0 0.0 0.0
v -18.583063562332935 32.28400813923719 -1.9532062680565678 0.0 0.0 0.0
v -17.93207066291147 29.705061478715855 -4.240240645549796 0.0 0.0 0.0
v -19.02148440180655 32.16708681459854 0.44305990622844615 1.0 1.0 1.0
v -18.583063562332935 32.28400813923719 -1.9532062680565678 1.0 1.0 1.0
v -18.065611021193522 29.75081936482058 -1.8956104374255924 1.0 1.0 1.0
v -19.02148440180655 32.16708681459854 0.44305990622844615 1.0 1.0 1.0
v -18.972348794043384 34.84027922166854 -1.9955090214751388 1.0 1.0 1.0
v -18.583063562332935 32.28400813923719 -1.9532062680565678 1.0 1.0 1.0
v -18.583063562332935 32.28400813923719 -1.9532062680565678 0.55 0.55 0.55
v -18.972348794043384 34.84027922166854 -1.9955090214751388 0.55 0.55 0.55
v -18.517018312177203 32.23979284833939 -4.37982901503301 0.55 0.55 0.55
v -17.93207066291147 29.705061478715855 -4.240240645549796 0.55 0.55 0.55
v -17.93207066291147 29.705061478715855 -4.240240645549796 0.55 0.55 0.55
v -18.517018312177203 32.23979284833939 -4.37982901503301 0.55 0.55 0.55
v -17.029691691940332 29.741833465232418 -6.422771923313654 0.55 0.55 0.55
v -16.442743124383448 27.23072149317093 -6.187220115997297 0.55 0.55 0.55
v -16.442743124383448 27.23072149317093 -6.187220115997297 0.55 0.55 0.55
v -17.029691691940332 29.741833465232418 -6.422771923313654 0.55 0.55 0.55
v -15.910311713975945 28.39477752843917 -8.454726266157314 0.55 0.55 0.55
v -15.20810807193994 25.90896445851136 -8.073196816681074 0.55 0.55 0.55
v -15.20810807193994 25.90896445851136 -8.073196816681074 0.55 0.55 0.55
v -15.910311713975945 28.39477752843917 -8.454726266157314 0.55 0.55 0.55
v -14.858510518885737 29.735802253684557 -10.521106197897168 0.55 0.55 0.55
v -14.355023519652313 27.223738058116485 -10.137434434192993 0.55 0.55 0.55
v -14.355023519652313 27.223738058116485 -10.137434434192993 0.55 0.55 0.55
v -14.858510518885737 29.735802253684557 -10.521106197897168 0.55 0.55 0.55
v -13.364633022933818 29.74249736049756 -12.340132871995321 0.55 0.55 0.55
v -12.901861215140165 27.231950622376402 -11.910979860010986 0.55 0.55 0.55
v -12.901861215140165 27.231950622376402 -11.910979860010986 0.55 0.55 0.55
v -13.364633022933818 29.74249736049756 -12.340132871995321 0.55 0.55 0.55
v -11.757868313920193 29.32621007108311 -14.002513552444762 0.55 0.55 0.55
v -11.275272356777544 26.736783847583695 -13.397876244344983 0.55 0.55 0.55
v -11.275272356777544 26.736783847583695 -13.397876244344983 0.55 0.55 0.55
v -11.757868313920193 29.32621007108311 -14.002513552444762 0.55 0.55 0.55
v -10.018954740455285 29.50238730154669 -15.582643553521912 0.55 0.55 0.55
v -9.625795473258464 27.010097903781737 -14.951658594218694 0.55 0.55 0.55
v -9.625795473258464 27.010097903781737 -14.951658594218694 0.55 0.55 0.55
v -10.018954740455285 29.50238730154669 -15.582643553521912 0.55 0.55 0.55
v -7.815351785578818 29.6336898853864 -16.419224032821703 0.55 0.55 0.55
v -7.532601303377337 27.113885959845508 -15.73047882038061 0.55 0.55 0.55
v -7.532601303377337 27.113885959845508 -15.73047882038061 0.55 0.55 0.55
v -7.815351785578818 29.6336898853864 -16.419224032821703 0.55 0.55 0.55
v -5.5880198786595825 29.476694440164575 -17.26069666922057 0.55 0.55 0.55
v -5.369969890539266 27.017461233723377 -16.56638984487124 0.55 0.55 0.55
v -5.369969890539266 27.017461233723377 -16.56638984487124 0.55 0.55 0.55
v -5.5880198786595825 29.476694440164575 -17.26069666922057 0.55 0.55 0.55
v -3.41907780827708 29.755895426948328 -18.157186712345393 0.55 0.55 0.55
v -3.3023305633858993 27.244777533409348 -17.4327791247792 0.55 0.55 0.55
v -3.3023305633858993 27.244777533409348 -17.4327791247792 0.55 0.55 0.55
v -3.41907780827708 29.755895426948328 -18.157186712345393 0.55 0.55 0.55
v -1.0467355448414777 29.752346170167314 -18.150021418608983 0.55 0.55 0.55
v -1.0248305854245485 27.244167534414245 -17.52036561952992 0.55 0.55 0.55
v -1.0248305854245485 27.244167534414245 -17.52036561952992 0.55 0.55 0.55
v -1.0467355448414777 29.752346170167314 -18.150021418608983 0.55 0.55 0.55
v 1.3284022363590766 29.324344072398016 -18.049384219304606 0.55 0.55 0.55
v 1.2912291995382286 26.845606253601737 -17.30754199688489 0.55 0.55 0.55
v 1.2912291995382286 26.845606253601737 -17.30754199688489 0.55 0.55 0.55
v 1.3284022363590766 29.324344072398016 -18.049384219304606 0.55 0.55 0.55
v 3.639870293039309 29.68644420560548 -18.1112376304698 0.55 0.55 0.55
v 3.4739680232160293 27.198037573833098 -17.383971418816508 0.55 0.55 0.55
v 3.4739680232160293 27.198037573833098 -17.383971418816508 0.55 0.55 0.55
v 3.639870293039309 29.68644420560548 -18.1112376304698 0.55 0.55 0.55
v 5.800216225741453 28.798404331059434 -17.1944388763963 0.55 0.55 0.55
v 5.543008198765665 26.339178778500276 -16.481886814327602 0.55 0.55 0.55
v 5.543008198765665 26.339178778500276 -16.481886814327602 0.55 0.55 0.55
v 5.800216225741453 28.798404331059434 -17.1944388763963 0.55 0.55 0.55
v 8.196290724422548 30.20158629245615 -16.754812027509917 0.55 0.55 0.55
v 7.857173276566793 27.738873295402257 -16.10728299780614 0.55 0.55 0.55
v 7.857173276566793 27.738873295402257 -16.10728299780614 0.55 0.55 0.55
v 8.196290724422548 30.20158629245615 -16.754812027509917 0.55 0.55 0.55
v 9.979888433808748 29.622092461923884 -15.276243728914341 0.55 0.55 0.55
v 9.524859055730063 27.13427694481002 -14.691941273067764 0.55 0.55 0.55
v 9.524859055730063 27.13427694481002 -14.691941273067764 0.0 0.0 0.0
v 9.979888433808748 29.622092461923884 -15.276243728914341 0.0 0.0 0.0
v 11.923427401569285 29.245639812774762 -13.831218903671392 0.0 0.0 0.0
v 9.979888433808748 29.622092461923884 -15.276243728914341 0.0 0.0 0.0
v 10.372376880442419 32.138886369439106 -15.77499827680194 0.0 0.0 0.0
v 11.923427401569285 29.245639812774762 -13.831218903671392 0.0 0.0 0.0
v 8.196290724422548 30.20158629245615 -16.754812027509917 0.55 0.55 0.55
v 8.463038775214125 32.705652580594204 -17.26244344500189 0.55 0.55 0.55
v 10.372376880442419 32.138886369439106 -15.77499827680194 0.55 0.55 0.55
v 9.979888433808748 29.622092461923884 -15.276243728914341 0.55 0.55 0.55
v 5.800216225741453 28.798404331059434 -17.1944388763963 0.55 0.55 0.55
v 6.020827031678725 31.291174342944984 -17.79301733077501 0.55 0.55 0.55
v 8.463038775214125 32.705652580594204 -17.26244344500189 0.55 0.55 0.55
v 8.196290724422548 30.20158629245615 -16.754812027509917 0.55 0.55 0.55
v 3.639870293039309 29.68644420560548 -18.1112376304698 0.55 0.55 0.55
v 3.7761181099151293 32.21094342674373 -18.7083759406732 0.55 0.55 0.55
v 6.020827031678725 31.291174342944984 -17.79301733077501 0.55 0.55 0.55
v 5.800216225741453 28.798404331059434 -17.1944388763963 0.55 0.55 0.55
v 1.3284022363590766 29.324344072398016 -18.049384219304606 0.55 0.55 0.55
v 1.3569877210468422 31.831164265290955 -18.689787279271794 0.55 0.55 0.55
v 3.7761181099151293 32.21094342674373 -18.7083759406732 0.55 0.55 0.55
v 3.639870293039309 29.68644420560548 -18.1112376304698 0.55 0.55 0.55
v -1.0467355448414777 29.752346170167314 -18.150021418608983 0.55 0.55 0.55
v -1.0654344781765988 32.28531303408116 -18.67112626978386 0.55 0.55 0.55
v 1.3569877210468422 31.831164265290955 -18.689787279271794 0.55 0.55 0.55
v 1.3284022363590766 29.324344072398016 -18.049384219304606 0.55 0.55 0.55
v -3.41907780827708 29.755895426948328 -18.157186712345393 0.55 0.55 0.55
v -3.514402807790488 32.301936308070474 -18.750803194658374 0.55 0.55 0.55
v -1.0654344781765988 32.28531303408116 -18.67112626978386 0.55 0.55 0.55
v -1.0467355448414777 29.752346170167314 -18.150021418608983 0.55 0.55 0.55
v -5.5880198786595825 29.476694440164575 -17.26069666922057 0.55 0.55 0.55
v -5.7768983234072415 31.96350817793585 -17.858106229025875 0.55 0.55 0.55
v -3.514402807790488 32.301936308070474 -18.750803194658374 0.55 0.55 0.55
v -3.41907780827708 29.755895426948328 -18.157186712345393 0.55 0.55 0.55
v -7.815351785578818 29.6336898853864 -16.419224032821703 0.55 0.55 0.55
v -8.057931991488203 32.182692368446936 -17.00810181358004 0.55 0.55 0.55
v -5.7768983234072415 31.96350817793585 -17.858106229025875 0.55 0.55 0.55
v -5.5880198786595825 29.476694440164575 -17.26069666922057 0.55 0.55 0.55
v -10.018954740455285 29.50238730154669 -15.582643553521912 0.55 0.55 0.55
v -10.332420003491935 32.033954673337185 -16.089026197716894 0.55 0.55 0.55
v -8.057931991488203 32.182692368446936 -17.00810181358004 0.55 0.55 0.55
v -7.815351785578818 29.6336898853864 -16.419224032821703 0.55 0.55 0.55
v -11.757868313920193 29.32621007108311 -14.002513552444762 0.55 0.55 0.55
v -12.156291970354722 31.952253029641195 -14.500780355797282 0.55 0.55 0.55
v -10.332420003491935 32.033954673337185 -16.089026197716894 0.55 0.55 0.55
v -10.018954740455285 29.50238730154669 -15.582643553521912 0.55 0.55 0.55
v -13.364633022933818 29.74249736049756 -12.340132871995321 0.55 0.55 0.55
v -13.748330490960692 32.277790134216055 -12.69488584841551 0.55 0.55 0.55
v -12.156291970354722 31.952253029641195 -14.500780355797282 0.55 0.55 0.55
v -11.757868313920193 29.32621007108311 -14.002513552444762 0.55 0.55 0.55
v -14.858510518885737 29.735802253684557 -10.521106197897168 0.55 0.55 0.55
v -15.276836568266209 32.27275518355939 -10.836927261974559 0.55 0.55 0.55
v -13.748330490960692 32.277790134216055 -12.69488584841551 0.55 0.55 0.55
v -13.364633022933818 29.74249736049756 -12.340132871995321 0.55 0.55 0.55
v -15.910311713975945 28.39477752843917 -8.454726266157314 0.55 0.55 0.55
v -16.5059923520323 30.91630665594075 -8.777445586234746 0.55 0.55 0.55
v -15.276836568266209 32.27275518355939 -10.836927261974559 0.55 0.55 0.55
v -14.858510518885737 29.735802253684557 -10.521106197897168 0.55 0.55 0.55
v -17.029691691940332 29.741833465232418 -6.422771923313654 0.55 0.55 0.55
v -17.516009377258737 32.277825560990124 -6.616743536227191 0.55 0.55 0.55
v -16.5059923520323 30.91630665594075 -8.777445586234746 0.55 0.55 0.55
v -15.910311713975945 28.39477752843917 -8.454726266157314 0.55 0.55 0.55
v -18.517018312177203 32.23979284833939 -4.37982901503301 1.0 1.0 1.0
v -17.516009377258737 32.277825560990124 -6.616743536227191 1.0 1.0 1.0
v -17.029691691940332 29.741833465232418 -6.422771923313654 1.0 1.0 1.0
v -18.517018312177203 32.23979284833939 -4.37982901503301 1.0 1.0 1.0
v -17.882316215052228 34.837198318919114 -6.760822861492327 1.0 1.0 1.0
v -17.516009377258737 32.277825560990124 -6.616743536227191 1.0 1.0 1.0
v -17.516009377258737 32.277825560990124 -6.616743536227191 0.55 0.55 0.55
v -17.882316215052228 34.837198318919114 -6.760822861492327 0.55 0.55 0.55
v -16.975629922891194 33.471939716659236 -9.031132673406878 0.55 0.55 0.55
v -16.5059923520323 30.91630665594075 -8.777445586234746 0.55 0.55 0.55
v -16.5059923520323 30.91630665594075 -8.777445586234746 0.55 0.55 0.55
v -16.975629922891194 33.471939716659236 -9.031132673406878 0.55 0.55 0.55
v -15.591137218809784 34.833122014105335 -11.074838998477928 0.55 0.55 0.55
v -15.276836568266209 32.27275518355939 -10.836927261974559 0.55 0.55 0.55
v -15.276836568266209 32.27275518355939 -10.836927261974559 0.55 0.55 0.55
v -15.591137218809784 34.833122014105335 -11.074838998477928 0.55 0.55 0.55
v -14.037505814777598 34.83638210884243 -12.9611083006875 0.55 0.55 0.55
v -13.748330490960692 32.277790134216055 -12.69488584841551 0.55 0.55 0.55
v -13.748330490960692 32.277790134216055 -12.69488584841551 0.55 0.55 0.55
v -14.037505814777598 34.83638210884243 -12.9611083006875 0.55 0.55 0.55
v -12.455776220488433 34.611820920323495 -14.874550206269403 0.55 0.55 0.55
v -12.156291970354722 31.952253029641195 -14.500780355797282 0.55 0.55 0.55
v -12.156291970354722 31.952253029641195 -14.500780355797282 0.55 0.55 0.55
v -12.455776220488433 34.611820920323495 -14.874550206269403 0.55 0.55 0.55
v -10.556456785795174 34.598957718037816 -16.454922675615066 0.55 0.55 0.55
v -10.332420003491935 32.033954673337185 -16.089026197716894 0.55 0.55 0.55
v -10.332420003491935 32.033954673337185 -16.089026197716894 0.55 0.55 0.55
v -10.556456785795174 34.598957718037816 -16.454922675615066 0.55 0.55 0.55
v -8.247730387114153 34.761627445469784 -17.472453304400045 0.55 0.55 0.55
v -8.057931991488203 32.182692368446936 -17.00810181358004 0.55 0.55 0.55
v -8.057931991488203 32.182692368446936 -17.00810181358004 0.55 0.55 0.55
v -8.247730387114153 34.761627445469784 -17.472453304400045 0.55 0.55 0.55
v -5.92891090182476 34.47873050405986 -18.333988249042797 0.55 0.55 0.55
v -5.7768983234072415 31.96350817793585 -17.858106229025875 0.55 0.55 0.55
v -5.7768983234072415 31.96350817793585 -17.858106229025875 0.55 0.55 0.55
v -5.92891090182476 34.47873050405986 -18.333988249042797 0.55 0.55 0.55
v -3.585906632547036 34.87938386058195 -19.19292472277763 0.55 0.55 0.55
v -3.514402807790488 32.301936308070474 -18.750803194658374 0.55 0.55 0.55
v -3.514402807790488 32.301936308070474 -18.750803194658374 0.55 0.55 0.55
v -3.585906632547036 34.87938386058195 -19.19292472277763 0.55 0.55 0.55
v -1.0800447211152335 34.84146076903939 -19.062980253984055 0.55 0.55 0.55
v -1.0654344781765988 32.28531303408116 -18.67112626978386 0.55 0.55 0.55
v -1.0654344781765988 32.28531303408116 -18.67112626978386 0.55 0.55 0.55
v -1.0800447211152335 34.84146076903939 -19.062980253984055 0.55 0.55 0.55
v 1.378471095900167 34.36731352916925 -19.201482547151624 0.55 0.55 0.55
v 1.3569877210468422 31.831164265290955 -18.689787279271794 0.55 0.55 0.55
v 1.3569877210468422 31.831164265290955 -18.689787279271794 0.55 0.55 0.55
v 1.378471095900167 34.36731352916925 -19.201482547151624 0.55 0.55 0.55
v 3.878103302979242 34.76783313216105 -19.155324445811978 0.55 0.55 0.55
v 3.7761181099151293 32.21094342674373 -18.7083759406732 0.55 0.55 0.55
v 3.7761181099151293 32.21094342674373 -18.7083759406732 0.55 0.55 0.55
v 3.878103302979242 34.76783313216105 -19.155324445811978 0.55 0.55 0.55
v 6.196500575076974 33.815528261259 -18.258624872354318 0.55 0.55 0.55
v 6.020827031678725 31.291174342944984 -17.79301733077501 0.55 0.55 0.55
v 6.020827031678725 31.291174342944984 -17.79301733077501 0.55 0.55 0.55
v 6.196500575076974 33.815528261259 -18.258624872354318 0.55 0.55 0.55
v 8.648222510612845 35.24344226040385 -17.614612945977736 0.55 0.55 0.55
v 8.463038775214125 32.705652580594204 -17.26244344500189 0.55 0.55 0.55
v 8.463038775214125 32.705652580594204 -17.26244344500189 0.55 0.55 0.55
v 8.648222510612845 35.24344226040385 -17.614612945977736 0.55 0.55 0.55
v 10.685074700296871 34.68541976634897 -16.16725661440574 0.55 0.55 0.55
v 10.372376880442419 32.138886369439106 -15.77499827680194 0.55 0.55 0.55
v 10.372376880442419 32.138886369439106 -15.77499827680194 0.55 0.55 0.55
v 10.685074700296871 34.68541976634897 -16.16725661440574 0.55 0.55 0.55
v 12.348955089412602 31.817465580933366 -14.257558214283204 0.55 0.55 0.55
v 11.923427401569285 29.245639812774762 -13.831218903671392 0.55 0.55 0.55
v 11.923427401569285 29.245639812774762 -13.831218903671392 0.55 0.55 0.55
v 12.348955089412602 31.817465580933366 -14.257558214283204 0.55 0.55 0.55
v 14.64195516022567 35.31764912983021 -13.09620708200702 0.55 0.55 0.55
v 14.317962919728036 32.770098135571374 -12.837785987043535 0.55 0.55 0.55
v 14.317962919728036 32.770098135571374 -12.837785987043535 0.55 0.55 0.55
v 14.64195516022567 35.31764912983021 -13.09620708200702 0.55 0.55 0.55
v 16.00072526047282 34.41208945788597 -10.979751291873093 0.55 0.55 0.55
v 15.5269291807492 31.876191287317525 -10.740636663129258 0.55 0.55 0.55
v 15.5269291807492 31.876191287317525 -10.740636663129258 0.55 0.55 0.55
v 16.00072526047282 34.41208945788597 -10.979751291873093 0.55 0.55 0.55
v 16.967809373274708 34.82666454549531 -8.730772668194827 0.55 0.55 0.55
v 16.605241837678747 32.2630495819647 -8.571247396432662 0.55 0.55 0.55
v 16.605241837678747 32.2630495819647 -8.571247396432662 0.55 0.55 0.55
v 16.967809373274708 34.82666454549531 -8.730772668194827 0.55 0.55 0.55
v 17.974412253521848 34.84029208243889 -6.4752287340555394 0.55 0.55 0.55
v 17.60333824132895 32.28328640231583 -6.347202793929115 0.55 0.55 0.55
v 17.60333824132895 32.28328640231583 -6.347202793929115 0.55 0.55 0.55
v 17.974412253521848 34.84029208243889 -6.4752287340555394 0.55 0.55 0.55
v 18.69525968483442 34.84265266334133 -4.091034769015651 0.55 0.55 0.55
v 18.31817022734366 32.287313035609834 -3.9867065871212684 0.55 0.55 0.55
v 18.31817022734366 32.287313035609834 -3.9867065871212684 0.55 0.55 0.55
v 18.69525968483442 34.84265266334133 -4.091034769015651 0.55 0.55 0.55
v 19.32200324101201 35.15781813953105 -1.6823463367803053 0.55 0.55 0.55
v 18.931006028577094 32.60789351424355 -1.5898701132251947 0.55 0.55 0.55
v 18.931006028577094 32.60789351424355 -1.5898701132251947 0.55 0.55 0.55
v 19.32200324101201 35.15781813953105 -1.6823463367803053 0.55 0.55 0.55
v 19.62006581757489 35.757059953901745 0.8040305258469704 0.55 0.55 0.55
v 19.182116906760985 32.962833737771234 0.7120904462332719 0.55 0.55 0.55
v 19.182116906760985 32.962833737771234 0.7120904462332719 0.55 0.55 0.55
v 19.62006581757489 35.757059953901745 0.8040305258469704 0.55 0.55 0.55
v 18.855560969001722 34.84094306864068 3.189189169587581 0.55 0.55 0.55
v 18.471487940143554 32.285034277070324 3.0963947565174577 0.55 0.55 0.55
v 18.855560969001722 34.84094306864068 3.189189169587581 0.55 0.55 0.55
v 19.09558113710256 37.41539968132953 3.246526685433871 0.55 0.55 0.55
v 18.472916635227048 37.415940564103835 5.664267698376971 0.55 0.55 0.55
v 18.239464888112394 34.84232038635311 5.593158787265455 0.55 0.55 0.55
v 18.239464888112394 34.84232038635311 5.593158787265455 0.55 0.55 0.55
v 18.472916635227048 37.415940564103835 5.664267698376971 0.55 0.55 0.55
v 17.626436064285272 37.40920232631808 8.00889367919643 0.55 0.55 0.55
v 17.396194204050712 34.8304722613111 7.918734525986987 0.55 0.55 0.55
v 17.396194204050712 34.8304722613111 7.918734525986987 0.55 0.55 0.55
v 17.626436064285272 37.40920232631808 8.00889367919643 0.55 0.55 0.55
v 16.447842114380038 37.396499821274084 10.217967542197702 0.55 0.55 0.55
v 16.222258839613584 34.80655069476345 10.107521920416447 0.55 0.55 0.55
v 16.222258839613584 34.80655069476345 10.107521920416447 0.55 0.55 0.55
v 16.447842114380038 37.396499821274084 10.217967542197702 0.55 0.55 0.55
v 15.249223715602573 36.13226529033866 12.37977514405537 0.55 0.55 0.55
v 14.943898626225494 33.56225659930944 12.16152189603859 0.55 0.55 0.55
v 14.943898626225494 33.56225659930944 12.16152189603859 0.55 0.55 0.55
v 15.249223715602573 36.13226529033866 12.37977514405537 0.55 0.55 0.55
v 13.341141902923042 34.088666970781865 13.9608185578208 0.55 0.55 0.55
v 12.990793702247045 31.52318288798305 13.64346001964882 0.55 0.55 0.55
v 12.990793702247045 31.52318288798305 13.64346001964882 0.0 0.0 0.0
v 13.341141902923042 34.088666970781865 13.9608185578208 0.0 0.0 0.0
v 11.559269066947484 34.39064944602738 15.721122077822459 0.0 0.0 0.0
v 13.341141902923042 34.088666970781865 13.9608185578208 0.0 0.0 0.0
v 13.571694056762405 36.67854679707827 14.170659577162166 0.0 0.0 0.0
v 11.559269066947484 34.39064944602738 15.721122077822459 0.0 0.0 0.0
v 15.249223715602573 36.13226529033866 12.37977514405537 0.55 0.55 0.55
v 15.405529752114791 38.722367692335446 12.489696669459219 0.55 0.55 0.55
v 13.571694056762405 36.67854679707827 14.170659577162166 0.55 0.55 0.55
v 13.341141902923042 34.088666970781865 13.9608185578208 0.55 0.55 0.55
v 16.447842114380038 37.396499821274084 10.217967542197702 1.0 1.0 1.0
v 15.405529752114791 38.722367692335446 12.489696669459219 1.0 1.0 1.0
v 15.249223715602573 36.13226529033866 12.37977514405537 1.0 1.0 1.0
v 16.447842114380038 37.396499821274084 10.217967542197702 1.0 1.0 1.0
v 15.406140793421553 41.319460059156604 12.486428606822201 1.0 1.0 1.0
v 15.405529752114791 38.722367692335446 12.489696669459219 1.0 1.0 1.0
v 15.405529752114791 38.722367692335446 12.489696669459219 0.55 0.55 0.55
v 15.406140793421553 41.319460059156604 12.486428606822201 0.55 0.55 0.55
v 13.672522890489876 39.28350169203172 14.263057038672743 0.55 0.55 0.55
v 13.571694056762405 36.67854679707827 14.170659577162166 0.55 0.55 0.55
v 13.571694056762405 36.67854679707827 14.170659577162166 0.55 0.55 0.55
v 13.672522890489876 39.28350169203172 14.263057038672743 0.55 0.55 0.55
v 11.729380139239261 36.99795048128834 15.935717989236322 0.55 0.55 0.55
v 11.559269066947484 34.39064944602738 15.721122077822459 0.55 0.55 0.55
v 11.559269066947484 34.39064944602738 15.721122077822459 0.55 0.55 0.55
v 11.729380139239261 36.99795048128834 15.935717989236322 0.55 0.55 0.55
v 9.463061669622764 36.78576097862689 17.156960714575696 0.55 0.55 0.55
v 9.278994577627433 34.253204994889686 16.84392254543534 0.55 0.55 0.55
v 9.278994577627433 34.253204994889686 16.84392254543534 0.55 0.55 0.55
v 9.463061669622764 36.78576097862689 17.156960714575696 0.55 0.55 0.55
v 7.270421880472847 37.394408309529716 18.40009138125945 0.55 0.55 0.55
v 7.155681371337283 34.803136375278356 18.143323214989525 0.55 0.55 0.55
v 7.155681371337283 34.803136375278356 18.143323214989525 0.55 0.55 0.55
v 7.270421880472847 37.394408309529716 18.40009138125945 0.55 0.55 0.55
v 4.740367516595968 37.41616020183805 18.751063588686247 0.55 0.55 0.55
v 4.670200483787366 34.838187173463275 18.51606449102311 0.55 0.55 0.55
v 4.670200483787366 34.838187173463275 18.51606449102311 0.55 0.55 0.55
v 4.740367516595968 37.41616020183805 18.751063588686247 0.55 0.55 0.55
v 2.276104215114214 33.46897956246945 19.096660487598754 0.55 0.55 0.55
v 2.1914004145814054 30.911338024077917 18.568086298801596 0.55 0.55 0.55
v 2.1914004145814054 30.911338024077917 18.568086298801596 0.0 0.0 0.0
v 2.276104215114214 33.46897956246945 19.096660487598754 0.0 0.0 0.0
v -0.17923821080400468 34.83268216653255 19.145563254275775 0.0 0.0 0.0
v 2.276104215114214 33.46897956246945 19.096660487598754 0.0 0.0 0.0
v 2.336759056112738 36.05534788047252 19.463008195905342 0.0 0.0 0.0
v -0.17923821080400468 34.83268216653255 19.145563254275775 0.0 0.0 0.0
v 4.740367516595968 37.41616020183805 18.751063588686247 1.0 1.0 1.0
v 2.336759056112738 36.05534788047252 19.463008195905342 1.0 1.0 1.0
v 2.276104215114214 33.46897956246945 19.096660487598754 1.0 1.0 1.0
v 4.740367516595968 37.41616020183805 18.751063588686247 1.0 1.0 1.0
v 2.3702933789990976 38.661076982137644 19.651518652710692 1.0 1.0 1.0
v 2.336759056112738 36.05534788047252 19.463008195905342 1.0 1.0 1.0
v 2.336759056112738 36.05534788047252 19.463008195905342 0.55 0.55 0.55
v 2.3702933789990976 38.661076982137644 19.651518652710692 0.55 0.55 0.55
v -0.17355215064423243 37.41134188300634 19.393023050006384 0.55 0.55 0.55
v -0.17923821080400468 34.83268216653255 19.145563254275775 0.55 0.55 0.55
v -0.17923821080400468 34.83268216653255 19.145563254275775 0.55 0.55 0.55
v -0.17355215064423243 37.41134188300634 19.393023050006384 0.55 0.55 0.55
v -2.6306659394256298 37.41031746681653 19.157161504884517 0.55 0.55 0.55
v -2.6122344315116366 34.833533381743436 18.912170156638922 0.55 0.55 0.55
v -2.6122344315116366 34.833533381743436 18.912170156638922 0.55 0.55 0.55
v -2.6306659394256298 37.41031746681653 19.157161504884517 0.55 0.55 0.55
v -5.035104127188009 33.64883703492782 18.57772492333783 0.55 0.55 0.55
v -4.9214986330108 31.118028735160095 18.081081513597468 0.55 0.55 0.55
v -4.9214986330108 31.118028735160095 18.081081513597468 0.55 0.55 0.55
v -5.035104127188009 33.64883703492782 18.57772492333783 0.55 0.55 0.55
v -7.505055475175356 34.57573818014587 18.11325343057236 0.55 0.55 0.55
v -7.346446678057365 32.01156283519462 17.691347498334224 0.55 0.55 0.55
v -7.346446678057365 32.01156283519462 17.691347498334224 0.0 0.0 0.0
v -7.505055475175356 34.57573818014587 18.11325343057236 0.0 0.0 0.0
v -9.586198641756106 34.29373680981876 16.678697414504747 0.0 0.0 0.0
v -7.505055475175356 34.57573818014587 18.11325343057236 0.0 0.0 0.0
v -7.596682811754105 37.16596193726506 18.359241629333948 0.0 0.0 0.0
v -9.586198641756106 34.29373680981876 16.678697414504747 0.0 0.0 0.0
v -5.035104127188009 33.64883703492782 18.57772492333783 0.55 0.55 0.55
v -5.114418465513326 36.20633378775031 18.9191781440867 0.55 0.55 0.55
v -7.596682811754105 37.16596193726506 18.359241629333948 0.55 0.55 0.55
v -7.505055475175356 34.57573818014587 18.11325343057236 0.55 0.55 0.55
v -2.6306659394256298 37.41031746681653 19.157161504884517 1.0 1.0 1.0
v -5.114418465513326 36.20633378775031 18.9191781440867 1.0 1.0 1.0
v -5.035104127188009 33.64883703492782 18.57772492333783 1.0 1.0 1.0
v -2.6306659394256298 37.41031746681653 19.157161504884517 1.0 1.0 1.0
v -5.156072902172248 38.7815620506385 19.090969436210372 1.0 1.0 1.0
v -5.114418465513326 36.20633378775031 18.9191781440867 1.0 1.0 1.0
v -5.114418465513326 36.20633378775031 18.9191781440867 0.55 0.55 0.55
v -5.156072902172248 38.7815620506385 19.090969436210372 0.55 0.55 0.55
v -7.618835808811305 39.76872709887401 18.42103642792548 0.55 0.55 0.55
v -7.596682811754105 37.16596193726506 18.359241629333948 0.55 0.55 0.55
v -7.596682811754105 37.16596193726506 18.359241629333948 0.55 0.55 0.55
v -7.618835808811305 39.76872709887401 18.42103642792548 0.55 0.55 0.55
v -9.774270825243368 36.86510165481234 16.992160751159716 0.55 0.55 0.55
v -9.586198641756106 34.29373680981876 16.678697414504747 0.55 0.55 0.55
v -9.586198641756106 34.29373680981876 16.678697414504747 0.55 0.55 0.55
v -9.774270825243368 36.86510165481234 16.992160751159716 0.55 0.55 0.55
v -11.686420002603096 37.414139779697976 15.403651387278037 0.55 0.55 0.55
v -11.546534993477904 34.83896783553489 15.201833023181802 0.55 0.55 0.55
v -11.546534993477904 34.83896783553489 15.201833023181802 0.55 0.55 0.55
v -11.686420002603096 37.414139779697976 15.403651387278037 0.55 0.55 0.55
v -13.693171195597893 34.65958949356926 13.888996060810433 0.55 0.55 0.55
v -13.38386430733543 32.09582396367073 13.559376779725376 0.55 0.55 0.55
v -13.38386430733543 32.09582396367073 13.559376779725376 0.0 0.0 0.0
v -13.693171195597893 34.65958949356926 13.888996060810433 0.0 0.0 0.0
v -15.01551336504538 34.84219732752013 11.775185126930882 0.0 0.0 0.0
v -13.693171195597893 34.65958949356926 13.888996060810433 0.0 0.0 0.0
v -13.884846779417682 37.247551671771454 14.09574986879761 0.0 0.0 0.0
v -15.01551336504538 34.84219732752013 11.775185126930882 0.0 0.0 0.0
v -11.686420002603096 37.414139779697976 15.403651387278037 1.0 1.0 1.0
v -13.884846779417682 37.247551671771454 14.09574986879761 1.0 1.0 1.0
v -13.693171195597893 34.65958949356926 13.888996060810433 1.0 1.0 1.0
v -11.686420002603096 37.414139779697976 15.403651387278037 1.0 1.0 1.0
v -13.950417903313424 39.848996006338055 14.170102802077137 1.0 1.0 1.0
v -13.884846779417682 37.247551671771454 14.09574986879761 1.0 1.0 1.0
v -13.884846779417682 37.247551671771454 14.09574986879761 0.55 0.55 0.55
v -13.950417903313424 39.848996006338055 14.170102802077137 0.55 0.55 0.55
v -15.20165974418713 37.4161821709037 11.933581788635294 0.55 0.55 0.55
v -15.01551336504538 34.84219732752013 11.775185126930882 0.55 0.55 0.55
v -15.01551336504538 34.84219732752013 11.775185126930882 0.55 0.55 0.55
v -15.20165974418713 37.4161821709037 11.933581788635294 0.55 0.55 0.55
v -16.852493221568682 36.9204405511747 10.052011291468506 0.55 0.55 0.55
v -16.55842585247273 34.35692741329925 9.843047214369928 0.55 0.55 0.55
v -16.55842585247273 34.35692741329925 9.843047214369928 0.55 0.55 0.55
v -16.852493221568682 36.9204405511747 10.052011291468506 0.55 0.55 0.55
v -17.923548978654093 34.79616356372906 7.748468428471349 0.55 0.55 0.55
v -17.504792992694348 32.22080873984843 7.558153603048994 0.55 0.55 0.55
v -17.504792992694348 32.22080873984843 7.558153603048994 0.0 0.0 0.0
v -17.923548978654093 34.79616356372906 7.748468428471349 0.0 0.0 0.0
v -18.836211835768587 36.28463218464423 5.425315470020783 0.0 0.0 0.0
v -17.923548978654093 34.79616356372906 7.748468428471349 0.0 0.0 0.0
v -18.182849084741736 37.39669509884813 7.867925087453712 0.0 0.0 0.0
v -18.836211835768587 36.28463218464423 5.425315470020783 0.0 0.0 0.0
v -16.852493221568682 36.9204405511747 10.052011291468506 1.0 1.0 1.0
v -18.182849084741736 37.39669509884813 7.867925087453712 1.0 1.0 1.0
v -17.923548978654093 34.79616356372906 7.748468428471349 1.0 1.0 1.0
v -16.852493221568682 36.9204405511747 10.052011291468506 1.0 1.0 1.0
v -18.268103458072495 40.01117410532005 7.909741335815627 1.0 1.0 1.0
v -18.182849084741736 37.39669509884813 7.867925087453712 1.0 1.0 1.0
v -18.182849084741736 37.39669509884813 7.867925087453712 0.55 0.55 0.55
v -18.268103458072495 40.01117410532005 7.909741335815627 0.55 0.55 0.55
v -19.000330305319068 38.85049389990751 5.469958523516413 0.55 0.55 0.55
v -18.836211835768587 36.28463218464423 5.425315470020783 0.55 0.55 0.55
v -18.836211835768587 36.28463218464423 5.425315470020783 0.55 0.55 0.55
v -19.000330305319068 38.85049389990751 5.469958523516413 0.55 0.55 0.55
v -19.125358966675126 37.41464792291325 2.93904184886506 0.55 0.55 0.55
v -18.883525180590784 34.84019527719487 2.8985949225749184 0.55 0.55 0.55
v -18.883525180590784 34.84019527719487 2.8985949225749184 0.55 0.55 0.55
v -19.125358966675126 37.41464792291325 2.93904184886506 0.55 0.55 0.55
v -19.479268448398198 34.76314081084978 0.4593796406040168 0.55 0.55 0.55
v -19.02148440180655 32.16708681459854 0.44305990622844615 0.55 0.55 0.55
v -19.02148440180655 32.16708681459854 0.44305990622844615 0.0 0.0 0.0
v -19.479268448398198 34.76314081084978 0.4593796406040168 0.0 0.0 0.0
v -18.972348794043384 34.84027922166854 -1.9955090214751388 0.0 0.0 0.0
v -19.479268448398198 34.76314081084978 0.4593796406040168 0.0 0.0 0.0
v -19.763826293379818 37.38393630380339 0.47092857671530824 0.0 0.0 0.0
v -18.972348794043384 34.84027922166854 -1.9955090214751388 0.0 0.0 0.0
v -19.125358966675126 37.41464792291325 2.93904184886506 1.0 1.0 1.0
v -19.763826293379818 37.38393630380339 0.47092857671530824 1.0 1.0 1.0
v -19.479268448398198 34.76314081084978 0.4593796406040168 1.0 1.0 1.0
v -19.125358966675126 37.41464792291325 2.93904184886506 1.0 1.0 1.0
v -19.858040024334187 40.01853602508617 0.47671918228647964 1.0 1.0 1.0
v -19.763826293379818 37.38393630380339 0.47092857671530824 1.0 1.0 1.0
v -19.763826293379818 37.38393630380339 0.47092857671530824 0.55 0.55 0.55
v -19.858040024334187 40.01853602508617 0.47671918228647964 0.55 0.55 0.55
v -19.215716209954042 37.41475645020809 -2.020676050451036 0.55 0.55 0.55
v -18.972348794043384 34.84027922166854 -1.9955090214751388 0.55 0.55 0.55
v -18.972348794043384 34.84027922166854 -1.9955090214751388 0.55 0.55 0.55
v -19.215716209954042 37.41475645020809 -2.020676050451036 0.55 0.55 0.55
v -18.954334939258004 34.80580808093818 -4.48414886720543 0.55 0.55 0.55
v -18.517018312177203 32.23979284833939 -4.37982901503301 0.55 0.55 0.55
v -18.517018312177203 32.23979284833939 -4.37982901503301 0.0 0.0 0.0
v -18.954334939258004 34.80580808093818 -4.48414886720543 0.0 0.0 0.0
v -17.882316215052228 34.837198318919114 -6.760822861492327 0.0 0.0 0.0
v -18.954334939258004 34.80580808093818 -4.48414886720543 0.0 0.0 0.0
v -19.22624086053587 37.39593487333403 -4.548223386073094 0.0 0.0 0.0
v -17.882316215052228 34.837198318919114 -6.760822861492327 0.0 0.0 0.0
v -19.215716209954042 37.41475645020809 -2.020676050451036 1.0 1.0 1.0
v -19.22624086053587 37.39593487333403 -4.548223386073094 1.0 1.0 1.0
v -18.954334939258004 34.80580808093818 -4.48414886720543 1.0 1.0 1.0
v -19.215716209954042 37.41475645020809 -2.020676050451036 1.0 1.0 1.0
v -19.318330226570723 39.99942620811075 -4.568010184027279 1.0 1.0 1.0
v -19.22624086053587 37.39593487333403 -4.548223386073094 1.0 1.0 1.0
v -19.22624086053587 37.39593487333403 -4.548223386073094 0.55 0.55 0.55
v -19.318330226570723 39.99942620811075 -4.568010184027279 0.55 0.55 0.55
v -18.111677160857 37.415024147836554 -6.849285061315896 0.55 0.55 0.55
v -17.882316215052228 34.837198318919114 -6.760822861492327 0.55 0.55 0.55
v -17.882316215052228 34.837198318919114 -6.760822861492327 0.55 0.55 0.55
v -18.111677160857 37.415024147836554 -6.849285061315896 0.55 0.55 0.55
v -17.301740887918264 36.05615373628026 -9.206308303841968 0.55 0.55 0.55
v -16.975629922891194 33.471939716659236 -9.031132673406878 0.55 0.55 0.55
v -16.975629922891194 33.471939716659236 -9.031132673406878 0.0 0.0 0.0
v -17.301740887918264 36.05615373628026 -9.206308303841968 0.0 0.0 0.0
v -15.591137218809784 34.833122014105335 -11.074838998477928 0.0 0.0 0.0
v -17.301740887918264 36.05615373628026 -9.206308303841968 0.0 0.0 0.0
v -17.470573115532016 38.65961696539184 -9.295210385669124 0.0 0.0 0.0
v -15.591137218809784 34.833122014105335 -11.074838998477928 0.0 0.0 0.0
v -18.111677160857 37.415024147836554 -6.849285061315896 1.0 1.0 1.0
v -17.470573115532016 38.65961696539184 -9.295210385669124 1.0 1.0 1.0
v -17.301740887918264 36.05615373628026 -9.206308303841968 1.0 1.0 1.0
v -18.111677160857 37.415024147836554 -6.849285061315896 1.0 1.0 1.0
v -17.474477520279233 41.27000202920515 -9.293688023788308 1.0 1.0 1.0
v -17.470573115532016 38.65961696539184 -9.295210385669124 1.0 1.0 1.0
v -17.470573115532016 38.65961696539184 -9.295210385669124 0.55 0.55 0.55
v -17.474477520279233 41.27000202920515 -9.293688023788308 0.55 0.55 0.55
v -15.7881485011559 37.411973132452275 -11.222741274396645 0.55 0.55 0.55
v -15.591137218809784 34.833122014105335 -11.074838998477928 0.55 0.55 0.55
v -15.591137218809784 34.833122014105335 -11.074838998477928 0.55 0.55 0.55
v -15.7881485011559 37.411973132452275 -11.222741274396645 0.55 0.55 0.55
v -14.218965920165683 37.41337034842786 -13.126480812624791 0.55 0.55 0.55
v -14.037505814777598 34.83638210884243 -12.9611083006875 0.55 0.55 0.55
v -14.037505814777598 34.83638210884243 -12.9611083006875 0.55 0.55 0.55
v -14.218965920165683 37.41337034842786 -13.126480812624791 0.55 0.55 0.55
v -12.643746069122919 37.29753647627361 -15.107693414977522 0.55 0.55 0.55
v -12.455776220488433 34.611820920323495 -14.874550206269403 0.55 0.55 0.55
v -12.455776220488433 34.611820920323495 -14.874550206269403 0.55 0.55 0.55
v -12.643746069122919 37.29753647627361 -15.107693414977522 0.55 0.55 0.55
v -10.683404519072644 37.187800115797735 -16.66740496157171 0.55 0.55 0.55
v -10.556456785795174 34.598957718037816 -16.454922675615066 0.55 0.55 0.55
v -10.556456785795174 34.598957718037816 -16.454922675615066 0.55 0.55 0.55
v -10.683404519072644 37.187800115797735 -16.66740496157171 0.55 0.55 0.55
v -8.37568992408961 37.36670972078307 -17.788045831765597 0.55 0.55 0.55
v -8.247730387114153 34.761627445469784 -17.472453304400045 0.55 0.55 0.55
v -8.247730387114153 34.761627445469784 -17.472453304400045 0.55 0.55 0.55
v -8.37568992408961 37.36670972078307 -17.788045831765597 0.55 0.55 0.55
v -6.037340996579643 37.01918976446561 -18.665174611461502 0.55 0.55 0.55
v -5.92891090182476 34.47873050405986 -18.333988249042797 0.55 0.55 0.55
v -5.92891090182476 34.47873050405986 -18.333988249042797 0.55 0.55 0.55
v -6.037340996579643 37.01918976446561 -18.665174611461502 0.55 0.55 0.55
v -3.6295793625479784 37.481122309698 -19.46301720891797 0.55 0.55 0.55
v -3.585906632547036 34.87938386058195 -19.19292472277763 0.55 0.55 0.55
v -3.585906632547036 34.87938386058195 -19.19292472277763 0.55 0.55 0.55
v -3.6295793625479784 37.481122309698 -19.46301720891797 0.55 0.55 0.55
v -1.0902228911765173 37.415901028760345 -19.30764489525838 0.55 0.55 0.55
v -1.0800447211152335 34.84146076903939 -19.062980253984055 0.55 0.55 0.55
v -1.0800447211152335 34.84146076903939 -19.062980253984055 0.55 0.55 0.55
v -1.0902228911765173 37.415901028760345 -19.30764489525838 0.55 0.55 0.55
v 1.3881018574046697 36.929549211862444 -19.559894935371595 0.55 0.55 0.55
v 1.378471095900167 34.36731352916925 -19.201482547151624 0.55 0.55 0.55
v 1.378471095900167 34.36731352916925 -19.201482547151624 0.55 0.55 0.55
v 1.3881018574046697 36.929549211862444 -19.559894935371595 0.55 0.55 0.55
v 3.9413356007688156 37.34966625545301 -19.434370451116195 0.55 0.55 0.55
v 3.878103302979242 34.76783313216105 -19.155324445811978 0.55 0.55 0.55
v 3.878103302979242 34.76783313216105 -19.155324445811978 0.55 0.55 0.55
v 3.9413356007688156 37.34966625545301 -19.434370451116195 0.55 0.55 0.55
v 6.31881909743385 36.36595163143638 -18.57427526816686 0.55 0.55 0.55
v 6.196500575076974 33.815528261259 -18.258624872354318 0.55 0.55 0.55
v 6.196500575076974 33.815528261259 -18.258624872354318 0.55 0.55 0.55
v 6.31881909743385 36.36595163143638 -18.57427526816686 0.55 0.55 0.55
v 8.74472893025449 37.80356978927499 -17.800246233238042 0.55 0.55 0.55
v 8.648222510612845 35.24344226040385 -17.614612945977736 0.55 0.55 0.55
v 8.648222510612845 35.24344226040385 -17.614612945977736 0.55 0.55 0.55
v 8.74472893025449 37.80356978927499 -17.800246233238042 0.55 0.55 0.55
v 10.90230317317376 37.25800276134728 -16.43349559168625 0.55 0.55 0.55
v 10.685074700296871 34.68541976634897 -16.16725661440574 0.55 0.55 0.55
v 10.685074700296871 34.68541976634897 -16.16725661440574 0.55 0.55 0.55
v 10.90230317317376 37.25800276134728 -16.43349559168625 0.55 0.55 0.55
v 12.668755086092588 34.41934540713037 -14.581013222654194 0.55 0.55 0.55
v 12.348955089412602 31.817465580933366 -14.257558214283204 0.55 0.55 0.55
v 12.348955089412602 31.817465580933366 -14.257558214283204 0.0 0.0 0.0
v 12.668755086092588 34.41934540713037 -14.581013222654194 0.0 0.0 0.0
v 14.64195516022567 35.31764912983021 -13.09620708200702 0.0 0.0 0.0
v 12.668755086092588 34.41934540713037 -14.581013222654194 0.0 0.0 0.0
v 12.869936277851629 37.04485238141876 -14.78783255444058 0.0 0.0 0.0
v 14.64195516022567 35.31764912983021 -13.09620708200702 0.0 0.0 0.0
v 10.90230317317376 37.25800276134728 -16.43349559168625 1.0 1.0 1.0
v 12.869936277851629 37.04485238141876 -14.78783255444058 1.0 1.0 1.0
v 12.668755086092588 34.41934540713037 -14.581013222654194 1.0 1.0 1.0
v 10.90230317317376 37.25800276134728 -16.43349559168625 1.0 1.0 1.0
v 12.943620021602397 39.68397726583237 -14.868182172904127 1.0 1.0 1.0
v 12.869936277851629 37.04485238141876 -14.78783255444058 1.0 1.0 1.0
v 12.869936277851629 37.04485238141876 -14.78783255444058 0.55 0.55 0.55
v 12.943620021602397 39.68397726583237 -14.868182172904127 0.55 0.55 0.55
v 14.816397900210433 37.88916378926694 -13.230454619320152 0.55 0.55 0.55
v 14.64195516022567 35.31764912983021 -13.09620708200702 0.55 0.55 0.55
v 14.64195516022567 35.31764912983021 -13.09620708200702 0.55 0.55 0.55
v 14.816397900210433 37.88916378926694 -13.230454619320152 0.55 0.55 0.55
v 16.328920569661946 36.976701470669454 -11.143152084748179 0.55 0.55 0.55
v 16.00072526047282 34.41208945788597 -10.979751291873093 0.55 0.55 0.55
v 16.00072526047282 34.41208945788597 -10.979751291873093 0.55 0.55 0.55
v 16.328920569661946 36.976701470669454 -11.143152084748179 0.55 0.55 0.55
v 17.19284755653207 37.408922666011456 -8.833449065562293 0.55 0.55 0.55
v 16.967809373274708 34.82666454549531 -8.730772668194827 0.55 0.55 0.55
v 16.967809373274708 34.82666454549531 -8.730772668194827 0.55 0.55 0.55
v 17.19284755653207 37.408922666011456 -8.833449065562293 0.55 0.55 0.55
v 18.205352761933018 37.41560048583853 -6.557817123156356 0.55 0.55 0.55
v 17.974412253521848 34.84029208243889 -6.4752287340555394 0.55 0.55 0.55
v 17.974412253521848 34.84029208243889 -6.4752287340555394 0.55 0.55 0.55
v 18.205352761933018 37.41560048583853 -6.557817123156356 0.55 0.55 0.55
v 18.92981392489345 37.41624932226871 -4.158451418340096 0.55 0.55 0.55
v 18.69525968483442 34.84265266334133 -4.091034769015651 0.55 0.55 0.55
v 18.69525968483442 34.84265266334133 -4.091034769015651 0.55 0.55 0.55
v 18.92981392489345 37.41624932226871 -4.158451418340096 0.55 0.55 0.55
v 19.554198845675128 37.72801579744247 -1.7388756411492374 0.55 0.55 0.55
v 19.32200324101201 35.15781813953105 -1.6823463367803053 0.55 0.55 0.55
v 19.32200324101201 35.15781813953105 -1.6823463367803053 0.55 0.55 0.55
v 19.554198845675128 37.72801579744247 -1.7388756411492374 0.55 0.55 0.55
v 19.844846878715156 38.57726540799925 0.8495555992099468 0.55 0.55 0.55
v 19.62006581757489 35.757059953901745 0.8040305258469704 0.55 0.55 0.55
v 19.62006581757489 35.757059953901745 0.8040305258469704 0.55 0.55 0.55
v 19.844846878715156 38.57726540799925 0.8495555992099468 0.55 0.55 0.55
v 19.09558113710256 37.41539968132953 3.246526685433871 0.55 0.55 0.55
v 18.855560969001722 34.84094306864068 3.189189169587581 0.55 0.55 0.55
v 19.09558113710256 37.41539968132953 3.246526685433871 0.55 0.55 0.55
v 19.179344076443808 40.0003123743527 3.264602568167866 0.55 0.55 0.55
v 18.552102402773972 39.999831900733824 5.686472346231419 0.55 0.55 0.55
v 18.472916635227048 37.415940564103835 5.664267698376971 0.55 0.55 0.55
v 18.472916635227048 37.415940564103835 5.664267698376971 0.55 0.55 0.55
v 18.552102402773972 39.999831900733824 5.686472346231419 0.55 0.55 0.55
v 17.70737618830375 39.99842168859152 8.039086289207736 0.55 0.55 0.55
v 17.626436064285272 37.40920232631808 8.00889367919643 0.55 0.55 0.55
v 17.626436064285272 37.40920232631808 8.00889367919643 0.55 0.55 0.55
v 17.70737618830375 39.99842168859152 8.039086289207736 0.55 0.55 0.55
v 16.52742385622346 39.99724115507987 10.25503363902317 0.55 0.55 0.55
v 16.447842114380038 37.396499821274084 10.217967542197702 0.55 0.55 0.55
v 16.447842114380038 37.396499821274084 10.217967542197702 0.0 0.0 0.0
v 16.52742385622346 39.99724115507987 10.25503363902317 0.0 0.0 0.0
v 15.406140793421553 41.319460059156604 12.486428606822201 0.0 0.0 0.0
v 16.52742385622346 39.99724115507987 10.25503363902317 0.0 0.0 0.0
v 16.451591133114846 42.59801974091329 10.212867142840881 0.0 0.0 0.0
v 15.406140793421553 41.319460059156604 12.486428606822201 0.0 0.0 0.0
v 17.70737618830375 39.99842168859152 8.039086289207736 0.55 0.55 0.55
v 17.62949712098396 42.58766757718959 8.003606577819767 0.55 0.55 0.55
v 16.451591133114846 42.59801974091329 10.212867142840881 0.55 0.55 0.55
v 16.52742385622346 39.99724115507987 10.25503363902317 0.55 0.55 0.55
v 18.552102402773972 39.999831900733824 5.686472346231419 0.55 0.55 0.55
v 18.474704129846945 42.58372159777884 5.658488993991891 0.55 0.55 0.55
v 17.62949712098396 42.58766757718959 8.003606577819767 0.55 0.55 0.55
v 17.70737618830375 39.99842168859152 8.039086289207736 0.55 0.55 0.55
v 19.179344076443808 40.0003123743527 3.264602568167866 0.55 0.55 0.55
v 19.096147013598245 42.585193203270194 3.240496748350261 0.55 0.55 0.55
v 18.474704129846945 42.58372159777884 5.658488993991891 0.55 0.55 0.55
v 18.552102402773972 39.999831900733824 5.686472346231419 0.55 0.55 0.55
v 19.844846878715156 38.57726540799925 0.8495555992099468 1.0 1.0 1.0
v 19.179344076443808 40.0003123743527 3.264602568167866 1.0 1.0 1.0
v 19.09558113710256 37.41539968132953 3.246526685433871 1.0 1.0 1.0
v 19.844846878715156 38.57726540799925 0.8495555992099468 1.0 1.0 1.0
v 19.096147013598245 42.585193203270194 3.240496748350261 1.0 1.0 1.0
v 19.179344076443808 40.0003123743527 3.264602568167866 1.0 1.0 1.0
v 19.096147013598245 42.585193203270194 3.240496748350261 0.55 0.55 0.55
v 18.856670611439977 45.159559313163754 3.177188060238708 0.55 0.55 0.55
v 18.242995737274647 45.15733623721842 5.581694618000729 0.55 0.55 0.55
v 18.474704129846945 42.58372159777884 5.658488993991891 0.55 0.55 0.55
v 18.474704129846945 42.58372159777884 5.658488993991891 0.55 0.55 0.55
v 18.242995737274647 45.15733623721842 5.581694618000729 0.55 0.55 0.55
v 17.402164042533403 45.16647440003391 7.908221300930743 0.55 0.55 0.55
v 17.62949712098396 42.58766757718959 8.003606577819767 0.55 0.55 0.55
v 17.62949712098396 42.58766757718959 8.003606577819767 0.55 0.55 0.55
v 17.402164042533403 45.16647440003391 7.908221300930743 0.55 0.55 0.55
v 16.229736899722397 45.18809812263046 10.097449345524288 0.55 0.55 0.55
v 16.451591133114846 42.59801974091329 10.212867142840881 0.55 0.55 0.55
v 16.451591133114846 42.59801974091329 10.212867142840881 0.55 0.55 0.55
v 16.229736899722397 45.18809812263046 10.097449345524288 0.55 0.55 0.55
v 15.251137859743627 43.90936328090267 12.370004163297235 0.55 0.55 0.55
v 15.406140793421553 41.319460059156604 12.486428606822201 0.55 0.55 0.55
v 15.406140793421553 41.319460059156604 12.486428606822201 0.55 0.55 0.55
v 15.251137859743627 43.90936328090267 12.370004163297235 0.55 0.55 0.55
v 13.639084727139938 41.89171528769381 14.23337695361633 0.55 0.55 0.55
v 13.672522890489876 39.28350169203172 14.263057038672743 0.55 0.55 0.55
v 13.672522890489876 39.28350169203172 14.263057038672743 0.55 0.55 0.55
v 13.639084727139938 41.89171528769381 14.23337695361633 0.55 0.55 0.55
v 11.772666243847208 39.61856489295216 15.99901364340748 0.55 0.55 0.55
v 11.729380139239261 36.99795048128834 15.935717989236322 0.55 0.55 0.55
v 11.729380139239261 36.99795048128834 15.935717989236322 0.55 0.55 0.55
v 11.772666243847208 39.61856489295216 15.99901364340748 0.55 0.55 0.55
v 9.560500801978304 39.33678415167953 17.324194712011643 0.55 0.55 0.55
v 9.463061669622764 36.78576097862689 17.156960714575696 0.55 0.55 0.55
v 9.463061669622764 36.78576097862689 17.156960714575696 0.55 0.55 0.55
v 9.560500801978304 39.33678415167953 17.324194712011643 0.55 0.55 0.55
v 7.310826605824388 39.999205407353635 18.48604086290203 0.55 0.55 0.55
v 7.270421880472847 37.394408309529716 18.40009138125945 0.55 0.55 0.55
v 7.270421880472847 37.394408309529716 18.40009138125945 0.55 0.55 0.55
v 7.310826605824388 39.999205407353635 18.48604086290203 0.55 0.55 0.55
v 4.765971314826106 40.00453866289358 18.828829619444548 0.55 0.55 0.55
v 4.740367516595968 37.41616020183805 18.751063588686247 0.55 0.55 0.55
v 4.740367516595968 37.41616020183805 18.751063588686247 0.0 0.0 0.0
v 4.765971314826106 40.00453866289358 18.828829619444548 0.0 0.0 0.0
v 2.3702933789990976 38.661076982137644 19.651518652710692 0.0 0.0 0.0
v 4.765971314826106 40.00453866289358 18.828829619444548 0.0 0.0 0.0
v 4.746113826613903 42.59286074630468 18.74798256570881 0.0 0.0 0.0
v 2.3702933789990976 38.661076982137644 19.651518652710692 0.0 0.0 0.0
v 7.310826605824388 39.999205407353635 18.48604086290203 0.55 0.55 0.55
v 7.276015462804086 42.604032987890164 18.39855210035004 0.55 0.55 0.55
v 4.746113826613903 42.59286074630468 18.74798256570881 0.55 0.55 0.55
v 4.765971314826106 40.00453866289358 18.828829619444548 0.55 0.55 0.55
v 9.560500801978304 39.33678415167953 17.324194712011643 0.55 0.55 0.55
v 9.564139486406033 41.89509750388529 17.33418506045529 0.55 0.55 0.55
v 7.276015462804086 42.604032987890164 18.39855210035004 0.55 0.55 0.55
v 7.310826605824388 39.999205407353635 18.48604086290203 0.55 0.55 0.55
v 11.772666243847208 39.61856489295216 15.99901364340748 0.55 0.55 0.55
v 11.688668365981163 42.23767615429046 15.911121967627347 0.55 0.55 0.55
v 9.564139486406033 41.89509750388529 17.33418506045529 0.55 0.55 0.55
v 9.560500801978304 39.33678415167953 17.324194712011643 0.55 0.55 0.55
v 13.639084727139938 41.89171528769381 14.23337695361633 1.0 1.0 1.0
v 11.688668365981163 42.23767615429046 15.911121967627347 1.0 1.0 1.0
v 11.772666243847208 39.61856489295216 15.99901364340748 1.0 1.0 1.0
v 13.639084727139938 41.89171528769381 14.23337695361633 1.0 1.0 1.0
v 11.483748652884843 44.84148386734827 15.679108085296047 1.0 1.0 1.0
v 11.688668365981163 42.23767615429046 15.911121967627347 1.0 1.0 1.0
v 11.688668365981163 42.23767615429046 15.911121967627347 0.55 0.55 0.55
v 11.483748652884843 44.84148386734827 15.679108085296047 0.55 0.55 0.55
v 9.471819790007446 44.4473360907178 17.182567230962025 0.55 0.55 0.55
v 9.564139486406033 41.89509750388529 17.33418506045529 0.55 0.55 0.55
v 9.564139486406033 41.89509750388529 17.33418506045529 0.55 0.55 0.55
v 9.471819790007446 44.4473360907178 17.182567230962025 0.55 0.55 0.55
v 7.166732876488212 45.19538843524936 18.14023254165575 0.55 0.55 0.55
v 7.276015462804086 42.604032987890164 18.39855210035004 0.55 0.55 0.55
v 7.276015462804086 42.604032987890164 18.39855210035004 0.55 0.55 0.55
v 7.166732876488212 45.19538843524936 18.14023254165575 0.55 0.55 0.55
v 4.6817291576694995 45.170748586296625 18.51059610364316 0.55 0.55 0.55
v 4.746113826613903 42.59286074630468 18.74798256570881 0.55 0.55 0.55
v 4.746113826613903 42.59286074630468 18.74798256570881 0.55 0.55 0.55
v 4.6817291576694995 45.170748586296625 18.51059610364316 0.55 0.55 0.55
v 2.3739753475135292 41.273777785548525 19.653686884204262 0.55 0.55 0.55
v 2.3702933789990976 38.661076982137644 19.651518652710692 0.55 0.55 0.55
v 2.3702933789990976 38.661076982137644 19.651518652710692 0.55 0.55 0.55
v 2.3739753475135292 41.273777785548525 19.653686884204262 0.55 0.55 0.55
v -0.16967572259193237 40.0005600319654 19.476474489899527 0.55 0.55 0.55
v -0.17355215064423243 37.41134188300634 19.393023050006384 0.55 0.55 0.55
v -0.17355215064423243 37.41134188300634 19.393023050006384 0.55 0.55 0.55
v -0.16967572259193237 40.0005600319654 19.476474489899527 0.55 0.55 0.55
v -2.6349608458901526 39.997480074457016 19.242844230181976 0.55 0.55 0.55
v -2.6306659394256298 37.41031746681653 19.157161504884517 0.55 0.55 0.55
v -2.6306659394256298 37.41031746681653 19.157161504884517 0.0 0.0 0.0
v -2.6349608458901526 39.997480074457016 19.242844230181976 0.0 0.0 0.0
v -5.156072902172248 38.7815620506385 19.090969436210372 0.0 0.0 0.0
v -2.6349608458901526 39.997480074457016 19.242844230181976 0.0 0.0 0.0
v -2.624382770355463 42.58466572469066 19.158435001199265 0.0 0.0 0.0
v -5.156072902172248 38.7815620506385 19.090969436210372 0.0 0.0 0.0
v -0.16967572259193237 40.0005600319654 19.476474489899527 0.55 0.55 0.55
v -0.16716352687867583 42.58980648078615 19.393725745812333 0.55 0.55 0.55
v -2.624382770355463 42.58466572469066 19.158435001199265 0.55 0.55 0.55
v -2.6349608458901526 39.997480074457016 19.242844230181976 0.55 0.55 0.55
v 2.3739753475135292 41.273777785548525 19.653686884204262 1.0 1.0 1.0
v -0.16716352687867583 42.58980648078615 19.393725745812333 1.0 1.0 1.0
v -0.16967572259193237 40.0005600319654 19.476474489899527 1.0 1.0 1.0
v 2.3739753475135292 41.273777785548525 19.653686884204262 1.0 1.0 1.0
v -0.16666108301928692 45.168516256938695 19.14667867051156 1.0 1.0 1.0
v -0.16716352687867583 42.58980648078615 19.393725745812333 1.0 1.0 1.0
v -0.16716352687867583 42.58980648078615 19.393725745812333 0.55 0.55 0.55
v -0.16666108301928692 45.168516256938695 19.14667867051156 0.55 0.55 0.55
v -2.599804738732375 45.161509904225575 18.914483302926996 0.55 0.55 0.55
v -2.624382770355463 42.58466572469066 19.158435001199265 0.55 0.55 0.55
v -2.624382770355463 42.58466572469066 19.158435001199265 0.55 0.55 0.55
v -2.599804738732375 45.161509904225575 18.914483302926996 0.55 0.55 0.55
v -5.157989754169694 41.3628095731278 19.08511713607103 0.55 0.55 0.55
v -5.156072902172248 38.7815620506385 19.090969436210372 0.55 0.55 0.55
v -5.156072902172248 38.7815620506385 19.090969436210372 0.55 0.55 0.55
v -5.157989754169694 41.3628095731278 19.08511713607103 0.55 0.55 0.55
v -7.572163629053995 42.36923420808349 18.299083268050467 0.55 0.55 0.55
v -7.618835808811305 39.76872709887401 18.42103642792548 0.55 0.55 0.55
v -7.618835808811305 39.76872709887401 18.42103642792548 0.55 0.55 0.55
v -7.572163629053995 42.36923420808349 18.299083268050467 0.55 0.55 0.55
v -9.875596665361009 39.45525367652954 17.15320530300209 0.55 0.55 0.55
v -9.774270825243368 36.86510165481234 16.992160751159716 0.55 0.55 0.55
v -9.774270825243368 36.86510165481234 16.992160751159716 0.55 0.55 0.55
v -9.875596665361009 39.45525367652954 17.15320530300209 0.55 0.55 0.55
v -11.733612440622338 39.99967114347411 15.475140830953222 0.55 0.55 0.55
v -11.686420002603096 37.414139779697976 15.403651387278037 0.55 0.55 0.55
v -11.686420002603096 37.414139779697976 15.403651387278037 0.0 0.0 0.0
v -11.733612440622338 39.99967114347411 15.475140830953222 0.0 0.0 0.0
v -13.950417903313424 39.848996006338055 14.170102802077137 0.0 0.0 0.0
v -11.733612440622338 39.99967114347411 15.475140830953222 0.0 0.0 0.0
v -11.681597944043782 42.58521862308216 15.407703191307048 0.0 0.0 0.0
v -13.950417903313424 39.848996006338055 14.170102802077137 0.0 0.0 0.0
v -9.875596665361009 39.45525367652954 17.15320530300209 0.55 0.55 0.55
v -9.883821802410862 42.05239715018412 17.14961302104934 0.55 0.55 0.55
v -11.681597944043782 42.58521862308216 15.407703191307048 0.55 0.55 0.55
v -11.733612440622338 39.99967114347411 15.475140830953222 0.55 0.55 0.55
v -7.572163629053995 42.36923420808349 18.299083268050467 1.0 1.0 1.0
v -9.883821802410862 42.05239715018412 17.14961302104934 1.0 1.0 1.0
v -9.875596665361009 39.45525367652954 17.15320530300209 1.0 1.0 1.0
v -7.572163629053995 42.36923420808349 18.299083268050467 1.0 1.0 1.0
v -9.796621930561884 44.642544248822105 16.978068992134958 1.0 1.0 1.0
v -9.883821802410862 42.05239715018412 17.14961302104934 1.0 1.0 1.0
v -9.883821802410862 42.05239715018412 17.14961302104934 0.55 0.55 0.55
v -9.796621930561884 44.642544248822105 16.978068992134958 0.55 0.55 0.55
v -11.536999079845598 45.160439620657364 15.209820176077587 0.55 0.55 0.55
v -11.681597944043782 42.58521862308216 15.407703191307048 0.55 0.55 0.55
v -11.681597944043782 42.58521862308216 15.407703191307048 0.55 0.55 0.55
v -11.536999079845598 45.160439620657364 15.209820176077587 0.55 0.55 0.55
v -13.887470595499323 42.450954642447975 14.108293606513541 0.55 0.55 0.55
v -13.950417903313424 39.848996006338055 14.170102802077137 0.55 0.55 0.55
v -13.950417903313424 39.848996006338055 14.170102802077137 0.55 0.55 0.55
v -13.887470595499323 42.450954642447975 14.108293606513541 0.55 0.55 0.55
v -15.265098898338193 40.00043050802839 11.990315272257094 0.55 0.55 0.55
v -15.20165974418713 37.4161821709037 11.933581788635294 0.55 0.55 0.55
v -15.20165974418713 37.4161821709037 11.933581788635294 0.55 0.55 0.55
v -15.265098898338193 40.00043050802839 11.990315272257094 0.55 0.55 0.55
v -17.000322610321657 39.50247633357036 10.164588266896727 0.55 0.55 0.55
v -16.852493221568682 36.9204405511747 10.052011291468506 0.55 0.55 0.55
v -16.852493221568682 36.9204405511747 10.052011291468506 0.0 0.0 0.0
v -17.000322610321657 39.50247633357036 10.164588266896727 0.0 0.0 0.0
v -18.268103458072495 40.01117410532005 7.909741335815627 0.0 0.0 0.0
v -17.000322610321657 39.50247633357036 10.164588266896727 0.0 0.0 0.0
v -16.990457157144608 42.09119191240672 10.174303063483334 0.0 0.0 0.0
v -18.268103458072495 40.01117410532005 7.909741335815627 0.0 0.0 0.0
v -15.265098898338193 40.00043050802839 11.990315272257094 0.55 0.55 0.55
v -15.197635331662477 42.58467627766197 11.938390271887986 0.55 0.55 0.55
v -16.990457157144608 42.09119191240672 10.174303063483334 0.55 0.55 0.55
v -17.000322610321657 39.50247633357036 10.164588266896727 0.55 0.55 0.55
v -13.887470595499323 42.450954642447975 14.108293606513541 1.0 1.0 1.0
v -15.197635331662477 42.58467627766197 11.938390271887986 1.0 1.0 1.0
v -15.265098898338193 40.00043050802839 11.990315272257094 1.0 1.0 1.0
v -13.887470595499323 42.450954642447975 14.108293606513541 1.0 1.0 1.0
v -15.00751240734312 45.15864853269085 11.784639377202248 1.0 1.0 1.0
v -15.197635331662477 42.58467627766197 11.938390271887986 1.0 1.0 1.0
v -15.197635331662477 42.58467627766197 11.938390271887986 0.55 0.55 0.55
v -15.00751240734312 45.15864853269085 11.784639377202248 0.55 0.55 0.55
v -16.81947330038178 44.67266301906835 10.079210597790487 0.55 0.55 0.55
v -16.990457157144608 42.09119191240672 10.174303063483334 0.55 0.55 0.55
v -16.990457157144608 42.09119191240672 10.174303063483334 0.55 0.55 0.55
v -16.81947330038178 44.67266301906835 10.079210597790487 0.55 0.55 0.55
v -18.178020124780446 42.625541779082184 7.87226104811923 0.55 0.55 0.55
v -18.268103458072495 40.01117410532005 7.909741335815627 0.55 0.55 0.55
v -18.268103458072495 40.01117410532005 7.909741335815627 0.55 0.55 0.55
v -18.178020124780446 42.625541779082184 7.87226104811923 0.55 0.55 0.55
v -18.99138021288659 41.42193572803229 5.463638405586816 0.55 0.55 0.55
v -19.000330305319068 38.85049389990751 5.469958523516413 0.55 0.55 0.55
v -19.000330305319068 38.85049389990751 5.469958523516413 0.55 0.55 0.55
v -18.99138021288659 41.42193572803229 5.463638405586816 0.55 0.55 0.55
v -19.20935984260405 39.99943218431779 2.955023706758456 0.55 0.55 0.55
v -19.125358966675126 37.41464792291325 2.93904184886506 0.55 0.55 0.55
v -19.125358966675126 37.41464792291325 2.93904184886506 0.0 0.0 0.0
v -19.20935984260405 39.99943218431779 2.955023706758456 0.0 0.0 0.0
v -19.858040024334187 40.01853602508617 0.47671918228647964 0.0 0.0 0.0
v -19.20935984260405 39.99943218431779 2.955023706758456 0.0 0.0 0.0
v -19.12485460990999 42.58423158199852 2.9452336115792623 0.0 0.0 0.0
v -19.858040024334187 40.01853602508617 0.47671918228647964 0.0 0.0 0.0
v -18.99138021288659 41.42193572803229 5.463638405586816 1.0 1.0 1.0
v -19.12485460990999 42.58423158199852 2.9452336115792623 1.0 1.0 1.0
v -19.20935984260405 39.99943218431779 2.955023706758456 1.0 1.0 1.0
v -18.99138021288659 41.42193572803229 5.463638405586816 1.0 1.0 1.0
v -18.882530857145444 45.158730579278966 2.9108295857358004 1.0 1.0 1.0
v -19.12485460990999 42.58423158199852 2.9452336115792623 1.0 1.0 1.0
v -19.12485460990999 42.58423158199852 2.9452336115792623 0.55 0.55 0.55
v -18.882530857145444 45.158730579278966 2.9108295857358004 0.55 0.55 0.55
v -19.75954600099435 42.65295910753332 0.4763707250086029 0.55 0.55 0.55
v -19.858040024334187 40.01853602508617 0.47671918228647964 0.55 0.55 0.55
v -19.858040024334187 40.01853602508617 0.47671918228647964 0.55 0.55 0.55
v -19.75954600099435 42.65295910753332 0.4763707250086029 0.55 0.55 0.55
v -19.30062279779218 39.99951497314071 -2.0274149933600643 0.55 0.55 0.55
v -19.215716209954042 37.41475645020809 -2.020676050451036 0.55 0.55 0.55
v -19.215716209954042 37.41475645020809 -2.020676050451036 0.0 0.0 0.0
v -19.30062279779218 39.99951497314071 -2.0274149933600643 0.0 0.0 0.0
v -19.318330226570723 39.99942620811075 -4.568010184027279 0.0 0.0 0.0
v -19.30062279779218 39.99951497314071 -2.0274149933600643 0.0 0.0 0.0
v -19.216447302668797 42.58427591575167 -2.014698691737925 0.0 0.0 0.0
v -19.318330226570723 39.99942620811075 -4.568010184027279 0.0 0.0 0.0
v -19.75954600099435 42.65295910753332 0.4763707250086029 1.0 1.0 1.0
v -19.216447302668797 42.58427591575167 -2.014698691737925 1.0 1.0 1.0
v -19.30062279779218 39.99951497314071 -2.0274149933600643 1.0 1.0 1.0
v -19.75954600099435 42.65295910753332 0.4763707250086029 1.0 1.0 1.0
v -18.973817197445346 45.158765299309124 -1.983693799527719 1.0 1.0 1.0
v -19.216447302668797 42.58427591575167 -2.014698691737925 1.0 1.0 1.0
v -19.216447302668797 42.58427591575167 -2.014698691737925 0.55 0.55 0.55
v -18.973817197445346 45.158765299309124 -1.983693799527719 0.55 0.55 0.55
v -19.22799992116417 42.602933600946734 -4.542835865248918 0.55 0.55 0.55
v -19.318330226570723 39.99942620811075 -4.568010184027279 0.55 0.55 0.55
v -19.318330226570723 39.99942620811075 -4.568010184027279 0.55 0.55 0.55
v -19.22799992116417 42.602933600946734 -4.542835865248918 0.55 0.55 0.55
v -18.188937819978346 40.0033037446135 -6.876825735137802 0.55 0.55 0.55
v -18.111677160857 37.415024147836554 -6.849285061315896 0.55 0.55 0.55
v -18.111677160857 37.415024147836554 -6.849285061315896 0.0 0.0 0.0
v -18.188937819978346 40.0033037446135 -6.876825735137802 0.0 0.0 0.0
v -17.474477520279233 41.27000202920515 -9.293688023788308 0.0 0.0 0.0
v -18.188937819978346 40.0033037446135 -6.876825735137802 0.0 0.0 0.0
v -18.112695935728233 42.59152931389341 -6.842836172862044 0.0 0.0 0.0
v -17.474477520279233 41.27000202920515 -9.293688023788308 0.0 0.0 0.0
v -19.22799992116417 42.602933600946734 -4.542835865248918 1.0 1.0 1.0
v -18.112695935728233 42.59152931389341 -6.842836172862044 1.0 1.0 1.0
v -18.188937819978346 40.0033037446135 -6.876825735137802 1.0 1.0 1.0
v -19.22799992116417 42.602933600946734 -4.542835865248918 1.0 1.0 1.0
v -17.884739000334427 45.16924957485085 -6.74821078711958 1.0 1.0 1.0
v -18.112695935728233 42.59152931389341 -6.842836172862044 1.0 1.0 1.0
v -18.112695935728233 42.59152931389341 -6.842836172862044 0.55 0.55 0.55
v -17.884739000334427 45.16924957485085 -6.74821078711958 0.55 0.55 0.55
v -17.313316064554893 43.873835738558455 -9.201693892178026 0.55 0.55 0.55
v -17.474477520279233 41.27000202920515 -9.293688023788308 0.55 0.55 0.55
v -17.474477520279233 41.27000202920515 -9.293688023788308 0.55 0.55 0.55
v -17.313316064554893 43.873835738558455 -9.201693892178026 0.55 0.55 0.55
v -15.855565028242125 40.00130530830721 -11.270676473800538 0.55 0.55 0.55
v -15.7881485011559 37.411973132452275 -11.222741274396645 0.55 0.55 0.55
v -15.7881485011559 37.411973132452275 -11.222741274396645 0.55 0.55 0.55
v -15.855565028242125 40.00130530830721 -11.270676473800538 0.55 0.55 0.55
v -14.281339409887924 40.000768749088046 -13.180523654171633 0.55 0.55 0.55
v -14.218965920165683 37.41337034842786 -13.126480812624791 0.55 0.55 0.55
v -14.218965920165683 37.41337034842786 -13.126480812624791 0.55 0.55 0.55
v -14.281339409887924 40.000768749088046 -13.180523654171633 0.55 0.55 0.55
v -12.711363081227606 39.99803753626223 -15.18855571587625 0.55 0.55 0.55
v -12.643746069122919 37.29753647627361 -15.107693414977522 0.55 0.55 0.55
v -12.643746069122919 37.29753647627361 -15.107693414977522 0.55 0.55 0.55
v -12.711363081227606 39.99803753626223 -15.18855571587625 0.55 0.55 0.55
v -10.70989799367012 39.787913117905326 -16.718720583429608 0.55 0.55 0.55
v -10.683404519072644 37.187800115797735 -16.66740496157171 0.55 0.55 0.55
v -10.683404519072644 37.187800115797735 -16.66740496157171 0.55 0.55 0.55
v -10.70989799367012 39.787913117905326 -16.718720583429608 0.55 0.55 0.55
v -8.432827909449857 39.98923834086978 -17.936148423290266 0.55 0.55 0.55
v -8.37568992408961 37.36670972078307 -17.788045831765597 0.55 0.55 0.55
v -8.37568992408961 37.36670972078307 -17.788045831765597 0.55 0.55 0.55
v -8.432827909449857 39.98923834086978 -17.936148423290266 0.55 0.55 0.55
v -6.096786041801971 39.57725272095891 -18.832374977790895 0.55 0.55 0.55
v -6.037340996579643 37.01918976446561 -18.665174611461502 0.55 0.55 0.55
v -6.037340996579643 37.01918976446561 -18.665174611461502 0.55 0.55 0.55
v -6.096786041801971 39.57725272095891 -18.832374977790895 0.55 0.55 0.55
v -3.6456705495293398 40.09570143733432 -19.549862561080833 0.55 0.55 0.55
v -3.6295793625479784 37.481122309698 -19.46301720891797 0.55 0.55 0.55
v -3.6295793625479784 37.481122309698 -19.46301720891797 0.55 0.55 0.55
v -3.6456705495293398 40.09570143733432 -19.549862561080833 0.55 0.55 0.55
v -1.0959254583534965 40.00065110225531 -19.392530306284836 0.55 0.55 0.55
v -1.0902228911765173 37.415901028760345 -19.30764489525838 0.55 0.55 0.55
v -1.0902228911765173 37.415901028760345 -19.30764489525838 0.55 0.55 0.55
v -1.0959254583534965 40.00065110225531 -19.392530306284836 0.55 0.55 0.55
v 1.384164864944359 39.51009251779591 -19.74438411702953 0.55 0.55 0.55
v 1.3881018574046697 36.929549211862444 -19.559894935371595 0.55 0.55 0.55
v 1.3881018574046697 36.929549211862444 -19.559894935371595 0.55 0.55 0.55
v 1.384164864944359 39.51009251779591 -19.74438411702953 0.55 0.55 0.55
v 3.9619129957555694 39.94539984200002 -19.53329427905643 0.55 0.55 0.55
v 3.9413356007688156 37.34966625545301 -19.434370451116195 0.55 0.55 0.55
v 3.9413356007688156 37.34966625545301 -19.434370451116195 0.55 0.55 0.55
v 3.9619129957555694 39.94539984200002 -19.53329427905643 0.55 0.55 0.55
v 6.380599252868565 38.93335506888657 -18.72714301882222 0.55 0.55 0.55
v 6.31881909743385 36.36595163143638 -18.57427526816686 0.55 0.55 0.55
v 6.31881909743385 36.36595163143638 -18.57427526816686 0.55 0.55 0.55
v 6.380599252868565 38.93335506888657 -18.72714301882222 0.55 0.55 0.55
v 8.74924820856697 40.372070958277625 -17.81532242277379 0.55 0.55 0.55
v 8.74472893025449 37.80356978927499 -17.800246233238042 0.55 0.55 0.55
v 8.74472893025449 37.80356978927499 -17.800246233238042 0.55 0.55 0.55
v 8.74924820856697 40.372070958277625 -17.81532242277379 0.55 0.55 0.55
v 11.01113129028684 39.848211935790104 -16.557848843472353 0.55 0.55 0.55
v 10.90230317317376 37.25800276134728 -16.43349559168625 0.55 0.55 0.55
v 10.90230317317376 37.25800276134728 -16.43349559168625 0.0 0.0 0.0
v 11.01113129028684 39.848211935790104 -16.557848843472353 0.0 0.0 0.0
v 12.943620021602397 39.68397726583237 -14.868182172904127 0.0 0.0 0.0
v 11.01113129028684 39.848211935790104 -16.557848843472353 0.0 0.0 0.0
v 11.003121700618898 42.443640421671944 -16.52999994373427 0.0 0.0 0.0
v 12.943620021602397 39.68397726583237 -14.868182172904127 0.0 0.0 0.0
v 8.74924820856697 40.372070958277625 -17.81532242277379 0.55 0.55 0.55
v 8.663532076644985 42.934680868685106 -17.664006570979502 0.55 0.55 0.55
v 11.003121700618898 42.443640421671944 -16.52999994373427 0.55 0.55 0.55
v 11.01113129028684 39.848211935790104 -16.557848843472353 0.55 0.55 0.55
v 6.380599252868565 38.93335506888657 -18.72714301882222 0.55 0.55 0.55
v 6.37746812557282 41.50597464283439 -18.71084875652199 0.55 0.55 0.55
v 8.663532076644985 42.934680868685106 -17.664006570979502 0.55 0.55 0.55
v 8.74924820856697 40.372070958277625 -17.81532242277379 0.55 0.55 0.55
v 3.9619129957555694 39.94539984200002 -19.53329427905643 0.55 0.55 0.55
v 3.9379888404115637 42.54161921616513 -19.44614076065067 0.55 0.55 0.55
v 6.37746812557282 41.50597464283439 -18.71084875652199 0.55 0.55 0.55
v 6.380599252868565 38.93335506888657 -18.72714301882222 0.55 0.55 0.55
v 1.384164864944359 39.51009251779591 -19.74438411702953 0.55 0.55 0.55
v 1.3654108148772701 42.09719971434678 -19.74202578140811 0.55 0.55 0.55
v 3.9379888404115637 42.54161921616513 -19.44614076065067 0.55 0.55 0.55
v 3.9619129957555694 39.94539984200002 -19.53329427905643 0.55 0.55 0.55
v -1.0959254583534965 40.00065110225531 -19.392530306284836 0.55 0.55 0.55
v -1.0964660648164117 42.58538171240242 -19.306904952583817 0.55 0.55 0.55
v 1.3654108148772701 42.09719971434678 -19.74202578140811 0.55 0.55 0.55
v 1.384164864944359 39.51009251779591 -19.74438411702953 0.55 0.55 0.55
v -3.6456705495293398 40.09570143733432 -19.549862561080833 0.55 0.55 0.55
v -3.633337788990622 42.70964795831243 -19.44717768599276 0.55 0.55 0.55
v -1.0964660648164117 42.58538171240242 -19.306904952583817 0.55 0.55 0.55
v -1.0959254583534965 40.00065110225531 -19.392530306284836 0.55 0.55 0.55
v -6.096786041801971 39.57725272095891 -18.832374977790895 0.55 0.55 0.55
v -6.1035668985748455 42.14147150072877 -18.82334780894004 0.55 0.55 0.55
v -3.633337788990622 42.70964795831243 -19.44717768599276 0.55 0.55 0.55
v -3.6456705495293398 40.09570143733432 -19.549862561080833 0.55 0.55 0.55
v -8.432827909449857 39.98923834086978 -17.936148423290266 0.55 0.55 0.55
v -8.41286996218106 42.616403588285394 -17.902860657001828 0.55 0.55 0.55
v -6.1035668985748455 42.14147150072877 -18.82334780894004 0.55 0.55 0.55
v -6.096786041801971 39.57725272095891 -18.832374977790895 0.55 0.55 0.55
v -10.70989799367012 39.787913117905326 -16.718720583429608 0.55 0.55 0.55
v -10.636179956979316 42.385386013981126 -16.607214846981922 0.55 0.55 0.55
v -8.41286996218106 42.616403588285394 -17.902860657001828 0.55 0.55 0.55
v -8.432827909449857 39.98923834086978 -17.936148423290266 0.55 0.55 0.55
v -12.711363081227606 39.99803753626223 -15.18855571587625 0.55 0.55 0.55
v -12.648353970648646 42.69855043525783 -15.104440085438533 0.55 0.55 0.55
v -10.636179956979316 42.385386013981126 -16.607214846981922 0.55 0.55 0.55
v -10.70989799367012 39.787913117905326 -16.718720583429608 0.55 0.55 0.55
v -14.281339409887924 40.000768749088046 -13.180523654171633 0.55 0.55 0.55
v -14.223245455712949 42.58816757790558 -13.121722357700763 0.55 0.55 0.55
v -12.648353970648646 42.69855043525783 -15.104440085438533 0.55 0.55 0.55
v -12.711363081227606 39.99803753626223 -15.18855571587625 0.55 0.55 0.55
v -15.855565028242125 40.00130530830721 -11.270676473800538 0.55 0.55 0.55
v -15.791990592074786 42.59063222951195 -11.217551362761364 0.55 0.55 0.55
v -14.223245455712949 42.58816757790558 -13.121722357700763 0.55 0.55 0.55
v -14.281339409887924 40.000768749088046 -13.180523654171633 0.55 0.55 0.55
v -17.313316064554893 43.873835738558455 -9.201693892178026 1.0 1.0 1.0
v -15.791990592074786 42.59063222951195 -11.217551362761364 1.0 1.0 1.0
v -15.855565028242125 40.00130530830721 -11.270676473800538 1.0 1.0 1.0
v -17.313316064554893 43.873835738558455 -9.201693892178026 1.0 1.0 1.0
v -15.598746561702807 45.169473741999155 -11.064621867666435 1.0 1.0 1.0
v -15.791990592074786 42.59063222951195 -11.217551362761364 1.0 1.0 1.0
v -15.791990592074786 42.59063222951195 -11.217551362761364 0.55 0.55 0.55
v -15.598746561702807 45.169473741999155 -11.064621867666435 0.55 0.55 0.55
v -14.04571672176433 45.165117638625404 -12.951515482494738 0.55 0.55 0.55
v -14.223245455712949 42.58816757790558 -13.121722357700763 0.55 0.55 0.55
v -14.223245455712949 42.58816757790558 -13.121722357700763 0.55 0.55 0.55
v -14.04571672176433 45.165117638625404 -12.951515482494738 0.55 0.55 0.55
v -12.46479078324706 45.38429497287965 -14.86801510197384 0.55 0.55 0.55
v -12.648353970648646 42.69855043525783 -15.104440085438533 0.55 0.55 0.55
v -12.648353970648646 42.69855043525783 -15.104440085438533 0.55 0.55 0.55
v -12.46479078324706 45.38429497287965 -14.86801510197384 0.55 0.55 0.55
v -10.468620894012437 44.96748206691719 -16.342554705558324 0.55 0.55 0.55
v -10.636179956979316 42.385386013981126 -16.607214846981922 0.55 0.55 0.55
v -10.636179956979316 42.385386013981126 -16.607214846981922 0.55 0.55 0.55
v -10.468620894012437 44.96748206691719 -16.342554705558324 0.55 0.55 0.55
v -8.315153105416709 45.23318534854354 -17.686776275847357 0.55 0.55 0.55
v -8.41286996218106 42.616403588285394 -17.902860657001828 0.55 0.55 0.55
v -8.41286996218106 42.616403588285394 -17.902860657001828 0.55 0.55 0.55
v -8.315153105416709 45.23318534854354 -17.686776275847357 0.55 0.55 0.55
v -6.0558697537833 44.69840732205519 -18.63444908801308 0.55 0.55 0.55
v -6.1035668985748455 42.14147150072877 -18.82334780894004 0.55 0.55 0.55
v -6.1035668985748455 42.14147150072877 -18.82334780894004 0.55 0.55 0.55
v -6.0558697537833 44.69840732205519 -18.63444908801308 0.55 0.55 0.55
v -3.5925150778963815 45.309654940976024 -19.162069094328878 0.55 0.55 0.55
v -3.633337788990622 42.70964795831243 -19.44717768599276 0.55 0.55 0.55
v -3.633337788990622 42.70964795831243 -19.44717768599276 0.55 0.55 0.55
v -3.5925150778963815 45.309654940976024 -19.162069094328878 0.55 0.55 0.55
v -1.092373256233466 45.15976240836865 -19.06149494839578 0.55 0.55 0.55
v -1.0964660648164117 42.58538171240242 -19.306904952583817 0.55 0.55 0.55
v -1.0964660648164117 42.58538171240242 -19.306904952583817 0.55 0.55 0.55
v -1.092373256233466 45.15976240836865 -19.06149494839578 0.55 0.55 0.55
v 1.3325268426287975 44.67706429616238 -19.548674544378077 0.55 0.55 0.55
v 1.3654108148772701 42.09719971434678 -19.74202578140811 0.55 0.55 0.55
v 1.3654108148772701 42.09719971434678 -19.74202578140811 0.55 0.55 0.55
v 1.3325268426287975 44.67706429616238 -19.548674544378077 0.55 0.55 0.55
v 3.870843222667678 45.12437801980581 -19.175351493915375 0.55 0.55 0.55
v 3.9379888404115637 42.54161921616513 -19.44614076065067 0.55 0.55 0.55
v 3.9379888404115637 42.54161921616513 -19.44614076065067 0.55 0.55 0.55
v 3.870843222667678 45.12437801980581 -19.175351493915375 0.55 0.55 0.55
v 6.308822852269823 44.071172993960914 -18.52642740348952 0.55 0.55 0.55
v 6.37746812557282 41.50597464283439 -18.71084875652199 0.55 0.55 0.55
v 6.37746812557282 41.50597464283439 -18.71084875652199 0.55 0.55 0.55
v 6.308822852269823 44.071172993960914 -18.52642740348952 0.55 0.55 0.55
v 8.49432447269237 45.479311152358996 -17.357938262154185 0.55 0.55 0.55
v 8.663532076644985 42.934680868685106 -17.664006570979502 0.55 0.55 0.55
v 8.663532076644985 42.934680868685106 -17.664006570979502 0.55 0.55 0.55
v 8.49432447269237 45.479311152358996 -17.357938262154185 0.55 0.55 0.55
v 10.875449212560111 45.029588541286465 -16.34554849497801 0.55 0.55 0.55
v 11.003121700618898 42.443640421671944 -16.52999994373427 0.55 0.55 0.55
v 11.003121700618898 42.443640421671944 -16.52999994373427 0.55 0.55 0.55
v 10.875449212560111 45.029588541286465 -16.34554849497801 0.55 0.55 0.55
v 12.886230148720601 42.324410848331105 -14.817799676173259 0.55 0.55 0.55
v 12.943620021602397 39.68397726583237 -14.868182172904127 0.55 0.55 0.55
v 12.943620021602397 39.68397726583237 -14.868182172904127 0.55 0.55 0.55
v 12.886230148720601 42.324410848331105 -14.817799676173259 0.55 0.55 0.55
v 14.83622405816625 40.46987659281769 -13.237533376481288 0.55 0.55 0.55
v 14.816397900210433 37.88916378926694 -13.230454619320152 0.55 0.55 0.55
v 14.816397900210433 37.88916378926694 -13.230454619320152 0.55 0.55 0.55
v 14.83622405816625 40.46987659281769 -13.237533376481288 0.55 0.55 0.55
v 16.493063781404487 39.56101661804792 -11.21850723374573 0.55 0.55 0.55
v 16.328920569661946 36.976701470669454 -11.143152084748179 0.55 0.55 0.55
v 16.328920569661946 36.976701470669454 -11.143152084748179 0.55 0.55 0.55
v 16.493063781404487 39.56101661804792 -11.21850723374573 0.55 0.55 0.55
v 17.267208589185675 40.00173250030891 -8.869872448218194 0.55 0.55 0.55
v 17.19284755653207 37.408922666011456 -8.833449065562293 0.55 0.55 0.55
v 17.19284755653207 37.408922666011456 -8.833449065562293 0.55 0.55 0.55
v 17.267208589185675 40.00173250030891 -8.869872448218194 0.55 0.55 0.55
v 18.284997974159783 40.00123368311478 -6.588693892933005 0.55 0.55 0.55
v 18.205352761933018 37.41560048583853 -6.557817123156356 0.55 0.55 0.55
v 18.205352761933018 37.41560048583853 -6.557817123156356 0.55 0.55 0.55
v 18.284997974159783 40.00123368311478 -6.588693892933005 0.55 0.55 0.55
v 19.008144821884855 40.00012229999099 -4.1833366635896745 0.55 0.55 0.55
v 18.92981392489345 37.41624932226871 -4.158451418340096 0.55 0.55 0.55
v 18.92981392489345 37.41624932226871 -4.158451418340096 0.55 0.55 0.55
v 19.008144821884855 40.00012229999099 -4.1833366635896745 0.55 0.55 0.55
v 19.615592275190313 40.308376530368434 -1.756159365314837 0.55 0.55 0.55
v 19.554198845675128 37.72801579744247 -1.7388756411492374 0.55 0.55 0.55
v 19.554198845675128 37.72801579744247 -1.7388756411492374 0.0 0.0 0.0
v 19.615592275190313 40.308376530368434 -1.756159365314837 0.0 0.0 0.0
v 19.844846878715156 38.57726540799925 0.8495555992099468 0.0 0.0 0.0
v 19.615592275190313 40.308376530368434 -1.756159365314837 0.0 0.0 0.0
v 19.5044584337152 42.886936590288904 -1.733721494132504 0.0 0.0 0.0
v 19.844846878715156 38.57726540799925 0.8495555992099468 0.0 0.0 0.0
v 19.008144821884855 40.00012229999099 -4.1833366635896745 0.55 0.55 0.55
v 18.928016464753103 42.58398885707225 -4.1642258812400215 0.55 0.55 0.55
v 19.5044584337152 42.886936590288904 -1.733721494132504 0.55 0.55 0.55
v 19.615592275190313 40.308376530368434 -1.756159365314837 0.55 0.55 0.55
v 18.284997974159783 40.00123368311478 -6.588693892933005 0.55 0.55 0.55
v 18.20336152713745 42.58686519989912 -6.563549851058121 0.55 0.55 0.55
v 18.928016464753103 42.58398885707225 -4.1642258812400215 0.55 0.55 0.55
v 19.008144821884855 40.00012229999099 -4.1833366635896745 0.55 0.55 0.55
v 17.267208589185675 40.00173250030891 -8.869872448218194 0.55 0.55 0.55
v 17.18961793346727 42.59451435927931 -8.838671552210283 0.55 0.55 0.55
v 18.20336152713745 42.58686519989912 -6.563549851058121 0.55 0.55 0.55
v 18.284997974159783 40.00123368311478 -6.588693892933005 0.55 0.55 0.55
v 16.493063781404487 39.56101661804792 -11.21850723374573 0.55 0.55 0.55
v 16.480358064794135 42.1515893194482 -11.198670662448011 0.55 0.55 0.55
v 17.18961793346727 42.59451435927931 -8.838671552210283 0.55 0.55 0.55
v 17.267208589185675 40.00173250030891 -8.869872448218194 0.55 0.55 0.55
v 14.83622405816625 40.46987659281769 -13.237533376481288 0.55 0.55 0.55
v 14.704205633256711 43.044626161800494 -13.121337208218844 0.55 0.55 0.55
v 16.480358064794135 42.1515893194482 -11.198670662448011 0.55 0.55 0.55
v 16.493063781404487 39.56101661804792 -11.21850723374573 0.55 0.55 0.55
v 12.886230148720601 42.324410848331105 -14.817799676173259 1.0 1.0 1.0
v 14.704205633256711 43.044626161800494 -13.121337208218844 1.0 1.0 1.0
v 14.83622405816625 40.46987659281769 -13.237533376481288 1.0 1.0 1.0
v 12.886230148720601 42.324410848331105 -14.817799676173259 1.0 1.0 1.0
v 14.430554017640258 45.60054689329052 -12.891441148756439 1.0 1.0 1.0
v 14.704205633256711 43.044626161800494 -13.121337208218844 1.0 1.0 1.0
v 14.704205633256711 43.044626161800494 -13.121337208218844 0.55 0.55 0.55
v 14.430554017640258 45.60054689329052 -12.891441148756439 0.55 0.55 0.55
v 16.286291136966533 44.7325220497655 -11.082488712864226 0.55 0.55 0.55
v 16.480358064794135 42.1515893194482 -11.198670662448011 0.55 0.55 0.55
v 16.480358064794135 42.1515893194482 -11.198670662448011 0.55 0.55 0.55
v 16.286291136966533 44.7325220497655 -11.082488712864226 0.55 0.55 0.55
v 16.96150023521275 45.17669917785249 -8.741156119283225 0.55 0.55 0.55
v 17.18961793346727 42.59451435927931 -8.838671552210283 0.55 0.55 0.55
v 17.18961793346727 42.59451435927931 -8.838671552210283 0.55 0.55 0.55
v 16.96150023521275 45.17669917785249 -8.741156119283225 0.55 0.55 0.55
v 17.970416813207034 45.16216248159669 -6.486584480157291 0.55 0.55 0.55
v 18.20336152713745 42.58686519989912 -6.563549851058121 0.55 0.55 0.55
v 18.20336152713745 42.58686519989912 -6.563549851058121 0.55 0.55 0.55
v 17.970416813207034 45.16216248159669 -6.486584480157291 0.55 0.55 0.55
v 18.69172329571516 45.157568422795066 -4.102491498751362 0.55 0.55 0.55
v 18.928016464753103 42.58398885707225 -4.1642258812400215 0.55 0.55 0.55
v 18.928016464753103 42.58398885707225 -4.1642258812400215 0.55 0.55 0.55
v 18.69172329571516 45.157568422795066 -4.102491498751362 0.55 0.55 0.55
v 19.226672115523442 45.452274740080355 -1.673178231175489 0.55 0.55 0.55
v 19.5044584337152 42.886936590288904 -1.733721494132504 0.55 0.55 0.55
v 19.5044584337152 42.886936590288904 -1.733721494132504 0.55 0.55 0.55
v 19.226672115523442 45.452274740080355 -1.673178231175489 0.55 0.55 0.55
v 19.845794031046076 41.40663807209119 0.8464573777991626 0.55 0.55 0.55
v 19.844846878715156 38.57726540799925 0.8495555992099468 0.55 0.55 0.55
v 19.844846878715156 38.57726540799925 0.8495555992099468 0.55 0.55 0.55
v 19.845794031046076 41.40663807209119 0.8464573777991626 0.55 0.55 0.55
v 18.856670611439977 45.159559313163754 3.177188060238708 0.55 0.55 0.55
v 19.096147013598245 42.585193203270194 3.240496748350261 0.55 0.55 0.55
v 18.856670611439977 45.159559313163754 3.177188060238708 0.55 0.55 0.55
v 18.473176547317074 47.71533605030852 3.078564250219584 0.55 0.55 0.55
v 17.870351871816382 47.71271174948513 5.462693868232583 0.55 0.55 0.55
v 18.242995737274647 45.15733623721842 5.581694618000729 0.55 0.55 0.55
v 18.242995737274647 45.15733623721842 5.581694618000729 0.55 0.55 0.55
v 17.870351871816382 47.71271174948513 5.462693868232583 0.55 0.55 0.55
v 17.035675854439784 47.72673972966506 7.760672507544277 0.55 0.55 0.55
v 17.402164042533403 45.16647440003391 7.908221300930743 0.55 0.55 0.55
v 17.402164042533403 45.16647440003391 7.908221300930743 0.55 0.55 0.55
v 17.035675854439784 47.72673972966506 7.760672507544277 0.55 0.55 0.55
v 15.872009650095496 47.759168903759424 9.917097398995631 0.55 0.55 0.55
v 16.229736899722397 45.18809812263046 10.097449345524288 0.55 0.55 0.55
v 16.229736899722397 45.18809812263046 10.097449345524288 0.55 0.55 0.55
v 15.872009650095496 47.759168903759424 9.917097398995631 0.55 0.55 0.55
v 14.947223402717597 46.47901773124677 12.145486019739343 0.55 0.55 0.55
v 15.251137859743627 43.90936328090267 12.370004163297235 0.55 0.55 0.55
v 15.251137859743627 43.90936328090267 12.370004163297235 0.55 0.55 0.55
v 14.947223402717597 46.47901773124677 12.145486019739343 0.55 0.55 0.55
v 13.473141327007717 44.49080816546605 14.082949607743904 0.55 0.55 0.55
v 13.639084727139938 41.89171528769381 14.23337695361633 0.55 0.55 0.55
v 13.639084727139938 41.89171528769381 14.23337695361633 0.0 0.0 0.0
v 13.473141327007717 44.49080816546605 14.082949607743904 0.0 0.0 0.0
v 11.483748652884843 44.84148386734827 15.679108085296047 0.0 0.0 0.0
v 13.473141327007717 44.49080816546605 14.082949607743904 0.0 0.0 0.0
v 13.182877547609454 47.070024900775095 13.819048116418006 0.0 0.0 0.0
v 11.483748652884843 44.84148386734827 15.679108085296047 0.0 0.0 0.0
v 14.947223402717597 46.47901773124677 12.145486019739343 0.55 0.55 0.55
v 14.5056582715501 49.018338056306625 11.82349707277308 0.55 0.55 0.55
v 13.182877547609454 47.070024900775095 13.819048116418006 0.55 0.55 0.55
v 13.473141327007717 44.49080816546605 14.082949607743904 0.55 0.55 0.55
v 15.872009650095496 47.759168903759424 9.917097398995631 1.0 1.0 1.0
v 14.5056582715501 49.018338056306625 11.82349707277308 1.0 1.0 1.0
v 14.947223402717597 46.47901773124677 12.145486019739343 1.0 1.0 1.0
v 15.872009650095496 47.759168903759424 9.917097398995631 1.0 1.0 1.0
v 13.93957614670943 51.52097471190831 11.41859519978225 1.0 1.0 1.0
v 14.5056582715501 49.018338056306625 11.82349707277308 1.0 1.0 1.0
v 14.5056582715501 49.018338056306625 11.82349707277308 0.55 0.55 0.55
v 13.93957614670943 51.52097471190831 11.41859519978225 0.55 0.55 0.55
v 12.78145129251271 49.62185026171899 13.453040294213503 0.55 0.55 0.55
v 13.182877547609454 47.070024900775095 13.819048116418006 0.55 0.55 0.55
v 13.182877547609454 47.070024900775095 13.819048116418006 0.55 0.55 0.55
v 12.78145129251271 49.62185026171899 13.453040294213503 0.55 0.55 0.55
v 11.170515744811617 47.419674502445865 15.316883432709774 0.55 0.55 0.55
v 11.483748652884843 44.84148386734827 15.679108085296047 0.55 0.55 0.55
v 11.483748652884843 44.84148386734827 15.679108085296047 0.55 0.55 0.55
v 11.170515744811617 47.419674502445865 15.316883432709774 0.55 0.55 0.55
v 9.286556754749554 46.98026526619834 16.87274382667376 0.55 0.55 0.55
v 9.471819790007446 44.4473360907178 17.182567230962025 0.55 0.55 0.55
v 9.471819790007446 44.4473360907178 17.182567230962025 0.0 0.0 0.0
v 9.286556754749554 46.98026526619834 16.87274382667376 0.0 0.0 0.0
v 7.166732876488212 45.19538843524936 18.14023254165575 0.0 0.0 0.0
v 9.286556754749554 46.98026526619834 16.87274382667376 0.0 0.0 0.0
v 9.015371144787556 49.482949621049464 16.414789881876352 0.0 0.0 0.0
v 7.166732876488212 45.19538843524936 18.14023254165575 0.0 0.0 0.0
v 11.170515744811617 47.419674502445865 15.316883432709774 1.0 1.0 1.0
v 9.015371144787556 49.482949621049464 16.414789881876352 1.0 1.0 1.0
v 9.286556754749554 46.98026526619834 16.87274382667376 1.0 1.0 1.0
v 11.170515744811617 47.419674502445865 15.316883432709774 1.0 1.0 1.0
v 8.667740634228108 51.94794813353904 15.82309191508289 1.0 1.0 1.0
v 9.015371144787556 49.482949621049464 16.414789881876352 1.0 1.0 1.0
v 9.015371144787556 49.482949621049464 16.414789881876352 0.55 0.55 0.55
v 8.667740634228108 51.94794813353904 15.82309191508289 0.55 0.55 0.55
v 6.989735941016369 47.76242916780745 17.72476054155954 0.55 0.55 0.55
v 7.166732876488212 45.19538843524936 18.14023254165575 0.55 0.55 0.55
v 7.166732876488212 45.19538843524936 18.14023254165575 0.55 0.55 0.55
v 6.989735941016369 47.76242916780745 17.72476054155954 0.55 0.55 0.55
v 4.577968909857398 47.730243678328094 18.13119573893557 0.55 0.55 0.55
v 4.6817291576694995 45.170748586296625 18.51059610364316 0.55 0.55 0.55
v 4.6817291576694995 45.170748586296625 18.51059610364316 0.55 0.55 0.55
v 4.577968909857398 47.730243678328094 18.13119573893557 0.55 0.55 0.55
v 2.34759561369314 43.87988659826849 19.46939663003043 0.55 0.55 0.55
v 2.3739753475135292 41.273777785548525 19.653686884204262 0.55 0.55 0.55
v 2.3739753475135292 41.273777785548525 19.653686884204262 0.0 0.0 0.0
v 2.34759561369314 43.87988659826849 19.46939663003043 0.0 0.0 0.0
v -0.16666108301928692 45.168516256938695 19.14667867051156 0.0 0.0 0.0
v 2.34759561369314 43.87988659826849 19.46939663003043 0.0 0.0 0.0
v 2.2934280060117027 46.46693136047294 19.10694791148878 0.0 0.0 0.0
v -0.16666108301928692 45.168516256938695 19.14667867051156 0.0 0.0 0.0
v 4.577968909857398 47.730243678328094 18.13119573893557 1.0 1.0 1.0
v 2.2934280060117027 46.46693136047294 19.10694791148878 1.0 1.0 1.0
v 2.34759561369314 43.87988659826849 19.46939663003043 1.0 1.0 1.0
v 4.577968909857398 47.730243678328094 18.13119573893557 1.0 1.0 1.0
v 2.2144767685216653 49.02541464850428 18.58175950147156 1.0 1.0 1.0
v 2.2934280060117027 46.46693136047294 19.10694791148878 1.0 1.0 1.0
v 2.2934280060117027 46.46693136047294 19.10694791148878 0.55 0.55 0.55
v 2.2144767685216653 49.02541464850428 18.58175950147156 0.55 0.55 0.55
v -0.16720990687039516 47.72866525253722 18.751411190826243 0.55 0.55 0.55
v -0.16666108301928692 45.168516256938695 19.14667867051156 0.55 0.55 0.55
v -0.16666108301928692 45.168516256938695 19.14667867051156 0.55 0.55 0.55
v -0.16720990687039516 47.72866525253722 18.751411190826243 0.55 0.55 0.55
v -2.5618947734099384 47.720038437762504 18.523773847096844 0.55 0.55 0.55
v -2.599804738732375 45.161509904225575 18.914483302926996 0.55 0.55 0.55
v -2.599804738732375 45.161509904225575 18.914483302926996 0.55 0.55 0.55
v -2.5618947734099384 47.720038437762504 18.523773847096844 0.55 0.55 0.55
v -5.119386780271606 43.93734037131988 18.902215615497475 0.55 0.55 0.55
v -5.157989754169694 41.3628095731278 19.08511713607103 0.55 0.55 0.55
v -5.157989754169694 41.3628095731278 19.08511713607103 0.55 0.55 0.55
v -5.119386780271606 43.93734037131988 18.902215615497475 0.55 0.55 0.55
v -7.4596648137593995 44.95365115953559 18.001322777688497 0.55 0.55 0.55
v -7.572163629053995 42.36923420808349 18.299083268050467 0.55 0.55 0.55
v -7.572163629053995 42.36923420808349 18.299083268050467 0.0 0.0 0.0
v -7.4596648137593995 44.95365115953559 18.001322777688497 0.0 0.0 0.0
v -9.796621930561884 44.642544248822105 16.978068992134958 0.0 0.0 0.0
v -7.4596648137593995 44.95365115953559 18.001322777688497 0.0 0.0 0.0
v -7.2885911175334614 47.5121868622684 17.54791617255588 0.0 0.0 0.0
v -9.796621930561884 44.642544248822105 16.978068992134958 0.0 0.0 0.0
v -5.119386780271606 43.93734037131988 18.902215615497475 0.55 0.55 0.55
v -5.040722088322169 46.49355809834566 18.55105633972181 0.55 0.55 0.55
v -7.2885911175334614 47.5121868622684 17.54791617255588 0.55 0.55 0.55
v -7.4596648137593995 44.95365115953559 18.001322777688497 0.55 0.55 0.55
v -2.5618947734099384 47.720038437762504 18.523773847096844 1.0 1.0 1.0
v -5.040722088322169 46.49355809834566 18.55105633972181 1.0 1.0 1.0
v -5.119386780271606 43.93734037131988 18.902215615497475 1.0 1.0 1.0
v -2.5618947734099384 47.720038437762504 18.523773847096844 1.0 1.0 1.0
v -4.923343728103622 49.02272326289764 18.046941571512807 1.0 1.0 1.0
v -5.040722088322169 46.49355809834566 18.55105633972181 1.0 1.0 1.0
v -5.040722088322169 46.49355809834566 18.55105633972181 0.55 0.55 0.55
v -4.923343728103622 49.02272326289764 18.046941571512807 0.55 0.55 0.55
v -7.068793826499066 50.04073004239272 16.965361699199278 0.55 0.55 0.55
v -7.2885911175334614 47.5121868622684 17.54791617255588 0.55 0.55 0.55
v -7.2885911175334614 47.5121868622684 17.54791617255588 0.55 0.55 0.55
v -7.068793826499066 50.04073004239272 16.965361699199278 0.55 0.55 0.55
v -9.615480898850581 47.21202907419822 16.64386838643701 0.55 0.55 0.55
v -9.796621930561884 44.642544248822105 16.978068992134958 0.55 0.55 0.55
v -9.796621930561884 44.642544248822105 16.978068992134958 0.55 0.55 0.55
v -9.615480898850581 47.21202907419822 16.64386838643701 0.55 0.55 0.55
v -11.307159199837892 47.717354159317765 14.891788711637165 0.55 0.55 0.55
v -11.536999079845598 45.160439620657364 15.209820176077587 0.55 0.55 0.55
v -11.536999079845598 45.160439620657364 15.209820176077587 0.55 0.55 0.55
v -11.307159199837892 47.717354159317765 14.891788711637165 0.55 0.55 0.55
v -13.69902396607058 45.04037618479474 13.9136369539743 0.55 0.55 0.55
v -13.887470595499323 42.450954642447975 14.108293606513541 0.55 0.55 0.55
v -13.887470595499323 42.450954642447975 14.108293606513541 0.0 0.0 0.0
v -13.69902396607058 45.04037618479474 13.9136369539743 0.0 0.0 0.0
v -15.00751240734312 45.15864853269085 11.784639377202248 0.0 0.0 0.0
v -13.69902396607058 45.04037618479474 13.9136369539743 0.0 0.0 0.0
v -13.392721256720414 47.60618704812452 13.595269729352115 0.0 0.0 0.0
v -15.00751240734312 45.15864853269085 11.784639377202248 0.0 0.0 0.0
v -11.307159199837892 47.717354159317765 14.891788711637165 1.0 1.0 1.0
v -13.392721256720414 47.60618704812452 13.595269729352115 1.0 1.0 1.0
v -13.69902396607058 45.04037618479474 13.9136369539743 1.0 1.0 1.0
v -11.307159199837892 47.717354159317765 14.891788711637165 1.0 1.0 1.0
v -12.984059008936635 50.14191740247582 13.168900885491693 1.0 1.0 1.0
v -13.392721256720414 47.60618704812452 13.595269729352115 1.0 1.0 1.0
v -13.392721256720414 47.60618704812452 13.595269729352115 0.55 0.55 0.55
v -12.984059008936635 50.14191740247582 13.168900885491693 0.55 0.55 0.55
v -14.704288415463948 47.71441689273629 11.53726966002538 0.55 0.55 0.55
v -15.00751240734312 45.15864853269085 11.784639377202248 0.55 0.55 0.55
v -15.00751240734312 45.15864853269085 11.784639377202248 0.55 0.55 0.55
v -14.704288415463948 47.71441689273629 11.53726966002538 0.55 0.55 0.55
v -16.492478677709165 47.23338046840673 9.882200766454089 0.55 0.55 0.55
v -16.81947330038178 44.67266301906835 10.079210597790487 0.55 0.55 0.55
v -16.81947330038178 44.67266301906835 10.079210597790487 0.55 0.55 0.55
v -16.492478677709165 47.23338046840673 9.882200766454089 0.55 0.55 0.55
v -17.914480214765266 45.22582791091015 7.757384304394717 0.55 0.55 0.55
v -18.178020124780446 42.625541779082184 7.87226104811923 0.55 0.55 0.55
v -18.178020124780446 42.625541779082184 7.87226104811923 0.55 0.55 0.55
v -17.914480214765266 45.22582791091015 7.757384304394717 0.55 0.55 0.55
v -18.809555750758538 43.986417406173395 5.407528326639043 0.55 0.55 0.55
v -18.99138021288659 41.42193572803229 5.463638405586816 0.55 0.55 0.55
v -18.99138021288659 41.42193572803229 5.463638405586816 0.0 0.0 0.0
v -18.809555750758538 43.986417406173395 5.407528326639043 0.0 0.0 0.0
v -18.882530857145444 45.158730579278966 2.9108295857358004 0.0 0.0 0.0
v -18.809555750758538 43.986417406173395 5.407528326639043 0.0 0.0 0.0
v -18.46287524611416 46.5325280068846 5.304848174369214 0.0 0.0 0.0
v -18.882530857145444 45.158730579278966 2.9108295857358004 0.0 0.0 0.0
v -17.914480214765266 45.22582791091015 7.757384304394717 0.55 0.55 0.55
v -17.491808754024053 47.80085311149729 7.571506141889381 0.55 0.55 0.55
v -18.46287524611416 46.5325280068846 5.304848174369214 0.55 0.55 0.55
v -18.809555750758538 43.986417406173395 5.407528326639043 0.55 0.55 0.55
v -16.492478677709165 47.23338046840673 9.882200766454089 1.0 1.0 1.0
v -17.491808754024053 47.80085311149729 7.571506141889381 1.0 1.0 1.0
v -17.914480214765266 45.22582791091015 7.757384304394717 1.0 1.0 1.0
v -16.492478677709165 47.23338046840673 9.882200766454089 1.0 1.0 1.0
v -16.926582384995577 50.34300054805102 7.322530014117726 1.0 1.0 1.0
v -17.491808754024053 47.80085311149729 7.571506141889381 1.0 1.0 1.0
v -17.491808754024053 47.80085311149729 7.571506141889381 0.55 0.55 0.55
v -16.926582384995577 50.34300054805102 7.322530014117726 0.55 0.55 0.55
v -17.965717108267345 49.05171678787972 5.160958335791393 0.55 0.55 0.55
v -18.46287524611416 46.5325280068846 5.304848174369214 0.55 0.55 0.55
v -18.46287524611416 46.5325280068846 5.304848174369214 0.55 0.55 0.55
v -17.965717108267345 49.05171678787972 5.160958335791393 0.55 0.55 0.55
v -18.49485348753014 47.71495848858132 2.853463832525573 0.55 0.55 0.55
v -18.882530857145444 45.158730579278966 2.9108295857358004 0.55 0.55 0.55
v -18.882530857145444 45.158730579278966 2.9108295857358004 0.55 0.55 0.55
v -18.49485348753014 47.71495848858132 2.853463832525573 0.55 0.55 0.55
v -19.471827617867774 45.273384548913754 0.4704944766759639 0.55 0.55 0.55
v -19.75954600099435 42.65295910753332 0.4763707250086029 0.55 0.55 0.55
v -19.75954600099435 42.65295910753332 0.4763707250086029 0.0 0.0 0.0
v -19.471827617867774 45.273384548913754 0.4704944766759639 0.0 0.0 0.0
v -18.973817197445346 45.158765299309124 -1.983693799527719 0.0 0.0 0.0
v -19.471827617867774 45.273384548913754 0.4704944766759639 0.0 0.0 0.0
v -19.01121415932625 47.86894456237941 0.4596985783661139 0.0 0.0 0.0
v -18.973817197445346 45.158765299309124 -1.983693799527719 0.0 0.0 0.0
v -18.49485348753014 47.71495848858132 2.853463832525573 1.0 1.0 1.0
v -19.01121415932625 47.86894456237941 0.4596985783661139 1.0 1.0 1.0
v -19.471827617867774 45.273384548913754 0.4704944766759639 1.0 1.0 1.0
v -18.49485348753014 47.71495848858132 2.853463832525573 1.0 1.0 1.0
v -18.396436513254145 50.432367315421196 0.44576312062129164 1.0 1.0 1.0
v -19.01121415932625 47.86894456237941 0.4596985783661139 1.0 1.0 1.0
v -19.01121415932625 47.86894456237941 0.4596985783661139 0.55 0.55 0.55
v -18.396436513254145 50.432367315421196 0.44576312062129164 0.55 0.55 0.55
v -18.585190209075584 47.71504078662319 -1.9358109596023076 0.55 0.55 0.55
v -18.973817197445346 45.158765299309124 -1.983693799527719 0.55 0.55 0.55
v -18.973817197445346 45.158765299309124 -1.983693799527719 0.55 0.55 0.55
v -18.585190209075584 47.71504078662319 -1.9358109596023076 0.55 0.55 0.55
v -18.95777751898037 45.19310225514432 -4.473470438982971 0.55 0.55 0.55
v -19.22799992116417 42.602933600946734 -4.542835865248918 0.55 0.55 0.55
v -19.22799992116417 42.602933600946734 -4.542835865248918 0.0 0.0 0.0
v -18.95777751898037 45.19310225514432 -4.473470438982971 0.0 0.0 0.0
v -17.884739000334427 45.16924957485085 -6.74821078711958 0.0 0.0 0.0
v -18.95777751898037 45.19310225514432 -4.473470438982971 0.0 0.0 0.0
v -18.522064597963716 47.75918138519508 -4.364063556525428 0.0 0.0 0.0
v -17.884739000334427 45.16924957485085 -6.74821078711958 0.0 0.0 0.0
v -18.585190209075584 47.71504078662319 -1.9358109596023076 1.0 1.0 1.0
v -18.522064597963716 47.75918138519508 -4.364063556525428 1.0 1.0 1.0
v -18.95777751898037 45.19310225514432 -4.473470438982971 1.0 1.0 1.0
v -18.585190209075584 47.71504078662319 -1.9358109596023076 1.0 1.0 1.0
v -17.93861374294072 50.29399349168369 -4.21966434986619 1.0 1.0 1.0
v -18.522064597963716 47.75918138519508 -4.364063556525428 1.0 1.0 1.0
v -18.522064597963716 47.75918138519508 -4.364063556525428 0.55 0.55 0.55
v -17.93861374294072 50.29399349168369 -4.21966434986619 0.55 0.55 0.55
v -17.51975628428055 47.72846889484125 -6.5982795437037876 0.55 0.55 0.55
v -17.884739000334427 45.16924957485085 -6.74821078711958 0.55 0.55 0.55
v -17.884739000334427 45.16924957485085 -6.74821078711958 0.55 0.55 0.55
v -17.51975628428055 47.72846889484125 -6.5982795437037876 0.55 0.55 0.55
v -16.994385651611463 46.458716736329315 -9.023478656336398 0.55 0.55 0.55
v -17.313316064554893 43.873835738558455 -9.201693892178026 0.55 0.55 0.55
v -17.313316064554893 43.873835738558455 -9.201693892178026 0.0 0.0 0.0
v -16.994385651611463 46.458716736329315 -9.023478656336398 0.0 0.0 0.0
v -15.598746561702807 45.169473741999155 -11.064621867666435 0.0 0.0 0.0
v -16.994385651611463 46.458716736329315 -9.023478656336398 0.0 0.0 0.0
v -16.53111800803364 49.015191032339274 -8.766944008856203 0.0 0.0 0.0
v -15.598746561702807 45.169473741999155 -11.064621867666435 0.0 0.0 0.0
v -17.51975628428055 47.72846889484125 -6.5982795437037876 1.0 1.0 1.0
v -16.53111800803364 49.015191032339274 -8.766944008856203 1.0 1.0 1.0
v -16.994385651611463 46.458716736329315 -9.023478656336398 1.0 1.0 1.0
v -17.51975628428055 47.72846889484125 -6.5982795437037876 1.0 1.0 1.0
v -15.940716886029834 51.53761707301208 -8.441759734882966 1.0 1.0 1.0
v -16.53111800803364 49.015191032339274 -8.766944008856203 1.0 1.0 1.0
v -16.53111800803364 49.015191032339274 -8.766944008856203 0.55 0.55 0.55
v -15.940716886029834 51.53761707301208 -8.441759734882966 0.55 0.55 0.55
v -15.288038766192905 47.729831157260506 -10.821921696811115 0.55 0.55 0.55
v -15.598746561702807 45.169473741999155 -11.064621867666435 0.55 0.55 0.55
v -15.598746561702807 45.169473741999155 -11.064621867666435 0.55 0.55 0.55
v -15.288038766192905 47.729831157260506 -10.821921696811115 0.55 0.55 0.55
v -13.76038966429871 47.723665278352755 -12.680793048801021 0.55 0.55 0.55
v -14.04571672176433 45.165117638625404 -12.951515482494738 0.55 0.55 0.55
v -14.04571672176433 45.165117638625404 -12.951515482494738 0.55 0.55 0.55
v -13.76038966429871 47.723665278352755 -12.680793048801021 0.55 0.55 0.55
v -12.169499980884602 48.04389707477555 -14.49109856659294 0.55 0.55 0.55
v -12.46479078324706 45.38429497287965 -14.86801510197384 0.55 0.55 0.55
v -12.46479078324706 45.38429497287965 -14.86801510197384 0.55 0.55 0.55
v -12.169499980884602 48.04389707477555 -14.49109856659294 0.55 0.55 0.55
v -10.21599668396873 47.52485517152425 -15.94062714739515 0.55 0.55 0.55
v -10.468620894012437 44.96748206691719 -16.342554705558324 0.55 0.55 0.55
v -10.468620894012437 44.96748206691719 -16.342554705558324 0.55 0.55 0.55
v -10.21599668396873 47.52485517152425 -15.94062714739515 0.55 0.55 0.55
v -8.143269670994497 47.8256850881745 -17.295921119854487 0.55 0.55 0.55
v -8.315153105416709 45.23318534854354 -17.686776275847357 0.55 0.55 0.55
v -8.315153105416709 45.23318534854354 -17.686776275847357 0.55 0.55 0.55
v -8.143269670994497 47.8256850881745 -17.295921119854487 0.55 0.55 0.55
v -5.954058749066896 47.23493591366183 -18.270836146850485 0.55 0.55 0.55
v -6.0558697537833 44.69840732205519 -18.63444908801308 0.55 0.55 0.55
v -6.0558697537833 44.69840732205519 -18.63444908801308 0.0 0.0 0.0
v -5.954058749066896 47.23493591366183 -18.270836146850485 0.0 0.0 0.0
v -3.5925150778963815 45.309654940976024 -19.162069094328878 0.0 0.0 0.0
v -5.954058749066896 47.23493591366183 -18.270836146850485 0.0 0.0 0.0
v -5.800879022216483 49.74038390645406 -17.745163683936454 0.0 0.0 0.0
v -3.5925150778963815 45.309654940976024 -19.162069094328878 0.0 0.0 0.0
v -8.143269670994497 47.8256850881745 -17.295921119854487 1.0 1.0 1.0
v -5.800879022216483 49.74038390645406 -17.745163683936454 1.0 1.0 1.0
v -5.954058749066896 47.23493591366183 -18.270836146850485 1.0 1.0 1.0
v -8.143269670994497 47.8256850881745 -17.295921119854487 1.0 1.0 1.0
v -5.600938945047299 52.20764753852989 -17.074503768649564 1.0 1.0 1.0
v -5.800879022216483 49.74038390645406 -17.745163683936454 1.0 1.0 1.0
v -5.800879022216483 49.74038390645406 -17.745163683936454 0.55 0.55 0.55
v -5.600938945047299 52.20764753852989 -17.074503768649564 0.55 0.55 0.55
v -3.5247048337016618 47.885013650425414 -18.70835715589989 0.55 0.55 0.55
v -3.5925150778963815 45.309654940976024 -19.162069094328878 0.55 0.55 0.55
v -3.5925150778963815 45.309654940976024 -19.162069094328878 0.55 0.55 0.55
v -3.5247048337016618 47.885013650425414 -18.70835715589989 0.55 0.55 0.55
v -1.0835540274948137 47.71583091616276 -18.668989156633334 0.55 0.55 0.55
v -1.092373256233466 45.15976240836865 -19.06149494839578 0.55 0.55 0.55
v -1.092373256233466 45.15976240836865 -19.06149494839578 0.55 0.55 0.55
v -1.0835540274948137 47.71583091616276 -18.668989156633334 0.55 0.55 0.55
v 1.2876969051596392 47.236286830327806 -19.17011564175319 0.55 0.55 0.55
v 1.3325268426287975 44.67706429616238 -19.548674544378077 0.55 0.55 0.55
v 1.3325268426287975 44.67706429616238 -19.548674544378077 0.55 0.55 0.55
v 1.2876969051596392 47.236286830327806 -19.17011564175319 0.55 0.55 0.55
v 3.765000650497002 47.68254339204006 -18.736186045956675 0.55 0.55 0.55
v 3.870843222667678 45.12437801980581 -19.175351493915375 0.55 0.55 0.55
v 3.870843222667678 45.12437801980581 -19.175351493915375 0.55 0.55 0.55
v 3.765000650497002 47.68254339204006 -18.736186045956675 0.55 0.55 0.55
v 6.178171348617363 46.617527598140505 -18.182097082748342 0.55 0.55 0.55
v 6.308822852269823 44.071172993960914 -18.52642740348952 0.55 0.55 0.55
v 6.308822852269823 44.071172993960914 -18.52642740348952 0.55 0.55 0.55
v 6.178171348617363 46.617527598140505 -18.182097082748342 0.55 0.55 0.55
v 8.25243528321715 47.997943506042326 -16.915095856585452 0.55 0.55 0.55
v 8.49432447269237 45.479311152358996 -17.357938262154185 0.55 0.55 0.55
v 8.49432447269237 45.479311152358996 -17.357938262154185 0.55 0.55 0.55
v 8.25243528321715 47.997943506042326 -16.915095856585452 0.55 0.55 0.55
v 10.635567322452653 47.59280752008443 -16.0141492063038 0.55 0.55 0.55
v 10.875449212560111 45.029588541286465 -16.34554849497801 0.55 0.55 0.55
v 10.875449212560111 45.029588541286465 -16.34554849497801 0.55 0.55 0.55
v 10.635567322452653 47.59280752008443 -16.0141492063038 0.55 0.55 0.55
v 12.699390665221662 44.95331978126033 -14.637559606030393 0.55 0.55 0.55
v 12.886230148720601 42.324410848331105 -14.817799676173259 0.55 0.55 0.55
v 12.886230148720601 42.324410848331105 -14.817799676173259 0.0 0.0 0.0
v 12.699390665221662 44.95331978126033 -14.637559606030393 0.0 0.0 0.0
v 14.430554017640258 45.60054689329052 -12.891441148756439 0.0 0.0 0.0
v 12.699390665221662 44.95331978126033 -14.637559606030393 0.0 0.0 0.0
v 12.393080094908898 47.56012234685889 -14.337912687318207 0.0 0.0 0.0
v 14.430554017640258 45.60054689329052 -12.891441148756439 0.0 0.0 0.0
v 10.635567322452653 47.59280752008443 -16.0141492063038 1.0 1.0 1.0
v 12.393080094908898 47.56012234685889 -14.337912687318207 1.0 1.0 1.0
v 12.699390665221662 44.95331978126033 -14.637559606030393 1.0 1.0 1.0
v 10.635567322452653 47.59280752008443 -16.0141492063038 1.0 1.0 1.0
v 11.980924169546578 50.13800074334284 -13.933428967048888 1.0 1.0 1.0
v 12.393080094908898 47.56012234685889 -14.337912687318207 1.0 1.0 1.0
v 12.393080094908898 47.56012234685889 -14.337912687318207 0.55 0.55 0.55
v 11.980924169546578 50.13800074334284 -13.933428967048888 0.55 0.55 0.55
v 14.03086895655447 48.129088845477696 -12.56324828762437 0.55 0.55 0.55
v 14.430554017640258 45.60054689329052 -12.891441148756439 0.55 0.55 0.55
v 14.430554017640258 45.60054689329052 -12.891441148756439 0.55 0.55 0.55
v 14.03086895655447 48.129088845477696 -12.56324828762437 0.55 0.55 0.55
v 15.91453238812219 47.28825913990942 -10.87470588527437 0.55 0.55 0.55
v 16.286291136966533 44.7325220497655 -11.082488712864226 0.55 0.55 0.55
v 16.286291136966533 44.7325220497655 -11.082488712864226 0.55 0.55 0.55
v 15.91453238812219 47.28825913990942 -10.87470588527437 0.55 0.55 0.55
v 16.595995579993797 47.74019913090334 -8.586582742138345 0.55 0.55 0.55
v 16.96150023521275 45.17669917785249 -8.741156119283225 0.55 0.55 0.55
v 16.96150023521275 45.17669917785249 -8.741156119283225 0.55 0.55 0.55
v 16.595995579993797 47.74019913090334 -8.586582742138345 0.55 0.55 0.55
v 17.59744241233655 47.719156552082204 -6.364013073606291 0.55 0.55 0.55
v 17.970416813207034 45.16216248159669 -6.486584480157291 0.55 0.55 0.55
v 17.970416813207034 45.16216248159669 -6.486584480157291 0.55 0.55 0.55
v 17.59744241233655 47.719156552082204 -6.364013073606291 0.55 0.55 0.55
v 18.31295764935524 47.71287717535031 -4.003634351607688 0.55 0.55 0.55
v 18.69172329571516 45.157568422795066 -4.102491498751362 0.55 0.55 0.55
v 18.69172329571516 45.157568422795066 -4.102491498751362 0.55 0.55 0.55
v 18.31295764935524 47.71287717535031 -4.003634351607688 0.55 0.55 0.55
v 18.795392345326114 47.99533587183329 -1.5782445766547013 0.55 0.55 0.55
v 19.226672115523442 45.452274740080355 -1.673178231175489 0.55 0.55 0.55
v 19.226672115523442 45.452274740080355 -1.673178231175489 0.55 0.55 0.55
v 18.795392345326114 47.99533587183329 -1.5782445766547013 0.55 0.55 0.55
v 19.6228771302593 44.226859255554054 0.7947669895443784 0.55 0.55 0.55
v 19.845794031046076 41.40663807209119 0.8464573777991626 0.55 0.55 0.55
v 19.845794031046076 41.40663807209119 0.8464573777991626 0.0 0.0 0.0
v 19.6228771302593 44.226859255554054 0.7947669895443784 0.0 0.0 0.0
v 18.856670611439977 45.159559313163754 3.177188060238708 0.0 0.0 0.0
v 19.6228771302593 44.226859255554054 0.7947669895443784 0.0 0.0 0.0
v 19.186696140123086 47.02113882770692 0.6967798356221003 0.0 0.0 0.0
v 18.856670611439977 45.159559313163754 3.177188060238708 0.0 0.0 0.0
v 18.795392345326114 47.99533587183329 -1.5782445766547013 1.0 1.0 1.0
v 19.186696140123086 47.02113882770692 0.6967798356221003 1.0 1.0 1.0
v 19.6228771302593 44.226859255554054 0.7947669895443784 1.0 1.0 1.0
v 18.795392345326114 47.99533587183329 -1.5782445766547013 1.0 1.0 1.0
v 18.556640140252192 49.7767755780784 0.556763345842304 1.0 1.0 1.0
v 19.186696140123086 47.02113882770692 0.6967798356221003 1.0 1.0 1.0
v 19.186696140123086 47.02113882770692 0.6967798356221003 0.55 0.55 0.55
v 18.556640140252192 49.7767755780784 0.556763345842304 0.55 0.55 0.55
v 18.473176547317074 47.71533605030852 3.078564250219584 0.55 0.55 0.55
v 18.856670611439977 45.159559313163754 3.177188060238708 0.55 0.55 0.55
v 18.473176547317074 47.71533605030852 3.078564250219584 0.55 0.55 0.55
v 17.96301928262219 50.24763597524822 2.9510948468828078 0.55 0.55 0.55
v 17.372784208988936 50.24499499448664 5.3110873263132365 0.55 0.55 0.55
v 17.870351871816382 47.71271174948513 5.462693868232583 0.55 0.55 0.55
v 17.870351871816382 47.71271174948513 5.462693868232583 0.55 0.55 0.55
v 17.372784208988936 50.24499499448664 5.3110873263132365 0.55 0.55 0.55
v 16.54407116194484 50.263358370187426 7.5731202119847945 0.55 0.55 0.55
v 17.035675854439784 47.72673972966506 7.760672507544277 0.55 0.55 0.55
v 17.035675854439784 47.72673972966506 7.760672507544277 0.55 0.55 0.55
v 16.54407116194484 50.263358370187426 7.5731202119847945 0.55 0.55 0.55
v 15.392587676146118 50.30613806177733 9.68479181079214 0.55 0.55 0.55
v 15.872009650095496 47.759168903759424 9.917097398995631 0.55 0.55 0.55
v 15.872009650095496 47.759168903759424 9.917097398995631 0.0 0.0 0.0
v 15.392587676146118 50.30613806177733 9.68479181079214 0.0 0.0 0.0
v 13.93957614670943 51.52097471190831 11.41859519978225 0.0 0.0 0.0
v 15.392587676146118 50.30613806177733 9.68479181079214 0.0 0.0 0.0
v 14.8046132337613 52.827088432155634 9.421109410493685 0.0 0.0 0.0
v 13.93957614670943 51.52097471190831 11.41859519978225 0.0 0.0 0.0
v 16.54407116194484 50.263358370187426 7.5731202119847945 0.55 0.55 0.55
v 15.941094128430718 52.7741576388345 7.364450263157669 0.55 0.55 0.55
v 14.8046132337613 52.827088432155634 9.421109410493685 0.55 0.55 0.55
v 15.392587676146118 50.30613806177733 9.68479181079214 0.55 0.55 0.55
v 17.372784208988936 50.24499499448664 5.3110873263132365 0.55 0.55 0.55
v 16.76790177106315 52.752629971891544 5.14010766119967 0.55 0.55 0.55
v 15.941094128430718 52.7741576388345 7.364450263157669 0.55 0.55 0.55
v 16.54407116194484 50.263358370187426 7.5731202119847945 0.55 0.55 0.55
v 17.96301928262219 50.24763597524822 2.9510948468828078 0.55 0.55 0.55
v 17.346178589297253 52.754967323280454 2.802591457040956 0.55 0.55 0.55
v 16.76790177106315 52.752629971891544 5.14010766119967 0.55 0.55 0.55
v 17.372784208988936 50.24499499448664 5.3110873263132365 0.55 0.55 0.55
v 18.556640140252192 49.7767755780784 0.556763345842304 1.0 1.0 1.0
v 17.96301928262219 50.24763597524822 2.9510948468828078 1.0 1.0 1.0
v 18.473176547317074 47.71533605030852 3.078564250219584 1.0 1.0 1.0
v 18.556640140252192 49.7767755780784 0.556763345842304 1.0 1.0 1.0
v 17.346178589297253 52.754967323280454 2.802591457040956 1.0 1.0 1.0
v 17.96301928262219 50.24763597524822 2.9510948468828078 1.0 1.0 1.0
v 17.346178589297253 52.754967323280454 2.802591457040956 0.55 0.55 0.55
v 16.64342545965592 55.23892280701446 2.6421187536356445 0.55 0.55 0.55
v 16.073335054594097 55.23673873672279 4.966233698367747 0.55 0.55 0.55
v 16.76790177106315 52.752629971891544 5.14010766119967 0.55 0.55 0.55
v 16.76790177106315 52.752629971891544 5.14010766119967 0.55 0.55 0.55
v 16.073335054594097 55.23673873672279 4.966233698367747 0.55 0.55 0.55
v 15.237571665944982 55.259025687836264 7.162050596872864 0.55 0.55 0.55
v 15.941094128430718 52.7741576388345 7.364450263157669 0.55 0.55 0.55
v 15.941094128430718 52.7741576388345 7.364450263157669 0.55 0.55 0.55
v 15.237571665944982 55.259025687836264 7.162050596872864 0.55 0.55 0.55
v 14.111394986438526 55.32183300443256 9.168222404946647 0.55 0.55 0.55
v 14.8046132337613 52.827088432155634 9.421109410493685 0.55 0.55 0.55
v 14.8046132337613 52.827088432155634 9.421109410493685 0.55 0.55 0.55
v 14.111394986438526 55.32183300443256 9.168222404946647 0.55 0.55 0.55
v 13.26150979608274 53.98434236890921 10.949284584683484 0.55 0.55 0.55
v 13.93957614670943 51.52097471190831 11.41859519978225 0.55 0.55 0.55
v 13.93957614670943 51.52097471190831 11.41859519978225 0.55 0.55 0.55
v 13.26150979608274 53.98434236890921 10.949284584683484 0.55 0.55 0.55
v 12.282985758003573 52.142657473773774 13.000958610829192 0.55 0.55 0.55
v 12.78145129251271 49.62185026171899 13.453040294213503 0.55 0.55 0.55
v 12.78145129251271 49.62185026171899 13.453040294213503 0.55 0.55 0.55
v 12.282985758003573 52.142657473773774 13.000958610829192 0.55 0.55 0.55
v 10.767484590355528 49.967540014206044 14.845294651500165 0.55 0.55 0.55
v 11.170515744811617 47.419674502445865 15.316883432709774 0.55 0.55 0.55
v 11.170515744811617 47.419674502445865 15.316883432709774 0.0 0.0 0.0
v 10.767484590355528 49.967540014206044 14.845294651500165 0.0 0.0 0.0
v 8.667740634228108 51.94794813353904 15.82309191508289 0.0 0.0 0.0
v 10.767484590355528 49.967540014206044 14.845294651500165 0.0 0.0 0.0
v 10.292088933498874 52.48451676121563 14.28376423801339 0.0 0.0 0.0
v 8.667740634228108 51.94794813353904 15.82309191508289 0.0 0.0 0.0
v 12.282985758003573 52.142657473773774 13.000958610829192 1.0 1.0 1.0
v 10.292088933498874 52.48451676121563 14.28376423801339 1.0 1.0 1.0
v 10.767484590355528 49.967540014206044 14.845294651500165 1.0 1.0 1.0
v 12.282985758003573 52.142657473773774 13.000958610829192 1.0 1.0 1.0
v 9.76793465399647 54.975553918990876 13.654032905713638 1.0 1.0 1.0
v 10.292088933498874 52.48451676121563 14.28376423801339 1.0 1.0 1.0
v 10.292088933498874 52.48451676121563 14.28376423801339 0.55 0.55 0.55
v 9.76793465399647 54.975553918990876 13.654032905713638 0.55 0.55 0.55
v 8.254702798222413 54.37165080043924 15.114062777612176 0.55 0.55 0.55
v 8.667740634228108 51.94794813353904 15.82309191508289 0.55 0.55 0.55
v 8.667740634228108 51.94794813353904 15.82309191508289 0.55 0.55 0.55
v 8.254702798222413 54.37165080043924 15.114062777612176 0.55 0.55 0.55
v 6.753001515371737 50.29793036466549 17.169054385086262 0.55 0.55 0.55
v 6.989735941016369 47.76242916780745 17.72476054155954 0.55 0.55 0.55
v 6.989735941016369 47.76242916780745 17.72476054155954 0.55 0.55 0.55
v 6.753001515371737 50.29793036466549 17.169054385086262 0.55 0.55 0.55
v 4.4406640445024905 50.26647118776316 17.626848471713675 0.55 0.55 0.55
v 4.577968909857398 47.730243678328094 18.13119573893557 0.55 0.55 0.55
v 4.577968909857398 47.730243678328094 18.13119573893557 0.55 0.55 0.55
v 4.4406640445024905 50.26647118776316 17.626848471713675 0.55 0.55 0.55
v 2.115705585292496 51.54971091602721 17.91323383360092 0.55 0.55 0.55
v 2.2144767685216653 49.02541464850428 18.58175950147156 0.55 0.55 0.55
v 2.2144767685216653 49.02541464850428 18.58175950147156 0.55 0.55 0.55
v 2.115705585292496 51.54971091602721 17.91323383360092 0.55 0.55 0.55
v -0.16797631463183588 50.2653327779049 18.226073753018337 0.55 0.55 0.55
v -0.16720990687039516 47.72866525253722 18.751411190826243 0.55 0.55 0.55
v -0.16720990687039516 47.72866525253722 18.751411190826243 0.55 0.55 0.55
v -0.16797631463183588 50.2653327779049 18.226073753018337 0.55 0.55 0.55
v -2.511949376248988 50.2553547026839 18.004174372515948 0.55 0.55 0.55
v -2.5618947734099384 47.720038437762504 18.523773847096844 0.55 0.55 0.55
v -2.5618947734099384 47.720038437762504 18.523773847096844 0.55 0.55 0.55
v -2.511949376248988 50.2553547026839 18.004174372515948 0.55 0.55 0.55
v -4.771646655814378 51.51981895533751 17.40893135862352 0.55 0.55 0.55
v -4.923343728103622 49.02272326289764 18.046941571512807 0.55 0.55 0.55
v -4.923343728103622 49.02272326289764 18.046941571512807 0.0 0.0 0.0
v -4.771646655814378 51.51981895533751 17.40893135862352 0.0 0.0 0.0
v -7.068793826499066 50.04073004239272 16.965361699199278 0.0 0.0 0.0
v -4.771646655814378 51.51981895533751 17.40893135862352 0.0 0.0 0.0
v -4.5890932688134605 53.9833909238087 16.65806625472311 0.0 0.0 0.0
v -7.068793826499066 50.04073004239272 16.965361699199278 0.0 0.0 0.0
v -2.511949376248988 50.2553547026839 18.004174372515948 0.55 0.55 0.55
v -2.4521199447447106 52.7658525021185 17.376318856112864 0.55 0.55 0.55
v -4.5890932688134605 53.9833909238087 16.65806625472311 0.55 0.55 0.55
v -4.771646655814378 51.51981895533751 17.40893135862352 0.55 0.55 0.55
v -0.16797631463183588 50.2653327779049 18.226073753018337 0.55 0.55 0.55
v -0.1687465746731176 52.77705397550565 17.591799625911896 0.55 0.55 0.55
v -2.4521199447447106 52.7658525021185 17.376318856112864 0.55 0.55 0.55
v -2.511949376248988 50.2553547026839 18.004174372515948 0.55 0.55 0.55
v 2.115705585292496 51.54971091602721 17.91323383360092 0.55 0.55 0.55
v 1.9979288666969823 54.038095779763914 17.123389915670934 0.55 0.55 0.55
v -0.1687465746731176 52.77705397550565 17.591799625911896 0.55 0.55 0.55
v -0.16797631463183588 50.2653327779049 18.226073753018337 0.55 0.55 0.55
v 4.4406640445024905 50.26647118776316 17.626848471713675 0.55 0.55 0.55
v 4.275870203042846 52.77798260308987 17.017632285381637 0.55 0.55 0.55
v 1.9979288666969823 54.038095779763914 17.123389915670934 0.55 0.55 0.55
v 2.115705585292496 51.54971091602721 17.91323383360092 0.55 0.55 0.55
v 6.753001515371737 50.29793036466549 17.169054385086262 0.55 0.55 0.55
v 6.463776097714732 52.79853891337216 16.49273412197156 0.55 0.55 0.55
v 4.275870203042846 52.77798260308987 17.017632285381637 0.55 0.55 0.55
v 4.4406640445024905 50.26647118776316 17.626848471713675 0.55 0.55 0.55
v 8.254702798222413 54.37165080043924 15.114062777612176 1.0 1.0 1.0
v 6.463776097714732 52.79853891337216 16.49273412197156 1.0 1.0 1.0
v 6.753001515371737 50.29793036466549 17.169054385086262 1.0 1.0 1.0
v 8.254702798222413 54.37165080043924 15.114062777612176 1.0 1.0 1.0
v 6.132379951069366 55.26430323114667 15.715234957458431 1.0 1.0 1.0
v 6.463776097714732 52.79853891337216 16.49273412197156 1.0 1.0 1.0
v 6.463776097714732 52.79853891337216 16.49273412197156 0.55 0.55 0.55
v 6.132379951069366 55.26430323114667 15.715234957458431 0.55 0.55 0.55
v 4.088934909942867 55.26612054565227 16.324588001613908 0.55 0.55 0.55
v 4.275870203042846 52.77798260308987 17.017632285381637 0.55 0.55 0.55
v 4.275870203042846 52.77798260308987 17.017632285381637 0.55 0.55 0.55
v 4.088934909942867 55.26612054565227 16.324588001613908 0.55 0.55 0.55
v 1.863495134920332 56.49186433715633 16.233821828016133 0.55 0.55 0.55
v 1.9979288666969823 54.038095779763914 17.123389915670934 0.55 0.55 0.55
v 1.9979288666969823 54.038095779763914 17.123389915670934 0.55 0.55 0.55
v 1.863495134920332 56.49186433715633 16.233821828016133 0.55 0.55 0.55
v -0.1698853836321219 55.26519900688074 16.870356578491222 0.55 0.55 0.55
v -0.1687465746731176 52.77705397550565 17.591799625911896 0.55 0.55 0.55
v -0.1687465746731176 52.77705397550565 17.591799625911896 0.55 0.55 0.55
v -0.1698853836321219 55.26519900688074 16.870356578491222 0.55 0.55 0.55
v -2.38540126283104 55.252916736840774 16.66173143789109 0.55 0.55 0.55
v -2.4521199447447106 52.7658525021185 17.376318856112864 0.55 0.55 0.55
v -2.4521199447447106 52.7658525021185 17.376318856112864 0.55 0.55 0.55
v -2.38540126283104 55.252916736840774 16.66173143789109 0.55 0.55 0.55
v -4.380762063707144 56.41496917802975 15.814778440309105 0.55 0.55 0.55
v -4.5890932688134605 53.9833909238087 16.65806625472311 0.55 0.55 0.55
v -4.5890932688134605 53.9833909238087 16.65806625472311 0.55 0.55 0.55
v -4.380762063707144 56.41496917802975 15.814778440309105 0.55 0.55 0.55
v -6.810276523817704 52.539020834731105 16.277564147780918 0.55 0.55 0.55
v -7.068793826499066 50.04073004239272 16.965361699199278 0.55 0.55 0.55
v -7.068793826499066 50.04073004239272 16.965361699199278 0.55 0.55 0.55
v -6.810276523817704 52.539020834731105 16.277564147780918 0.55 0.55 0.55
v -9.34608542220011 49.74983869965739 16.159766555292695 0.55 0.55 0.55
v -9.615480898850581 47.21202907419822 16.64386838643701 0.55 0.55 0.55
v -9.615480898850581 47.21202907419822 16.64386838643701 0.55 0.55 0.55
v -9.34608542220011 49.74983869965739 16.159766555292695 0.55 0.55 0.55
v -11.002605109117077 50.251067235198576 14.468106174631433 0.55 0.55 0.55
v -11.307159199837892 47.717354159317765 14.891788711637165 0.55 0.55 0.55
v -11.307159199837892 47.717354159317765 14.891788711637165 0.0 0.0 0.0
v -11.002605109117077 50.251067235198576 14.468106174631433 0.0 0.0 0.0
v -12.984059008936635 50.14191740247582 13.168900885491693 0.0 0.0 0.0
v -11.002605109117077 50.251067235198576 14.468106174631433 0.0 0.0 0.0
v -10.635787773680219 52.75996857361865 13.955338791261248 0.0 0.0 0.0
v -12.984059008936635 50.14191740247582 13.168900885491693 0.0 0.0 0.0
v -9.34608542220011 49.74983869965739 16.159766555292695 0.55 0.55 0.55
v -8.996848341229585 52.2488318345952 15.542522846456702 0.55 0.55 0.55
v -10.635787773680219 52.75996857361865 13.955338791261248 0.55 0.55 0.55
v -11.002605109117077 50.251067235198576 14.468106174631433 0.55 0.55 0.55
v -6.810276523817704 52.539020834731105 16.277564147780918 1.0 1.0 1.0
v -8.996848341229585 52.2488318345952 15.542522846456702 1.0 1.0 1.0
v -9.34608542220011 49.74983869965739 16.159766555292695 1.0 1.0 1.0
v -6.810276523817704 52.539020834731105 16.277564147780918 1.0 1.0 1.0
v -8.578117405566864 54.70599470868581 14.811013090092938 1.0 1.0 1.0
v -8.996848341229585 52.2488318345952 15.542522846456702 1.0 1.0 1.0
v -8.996848341229585 52.2488318345952 15.542522846456702 0.55 0.55 0.55
v -8.578117405566864 54.70599470868581 14.811013090092938 0.55 0.55 0.55
v -10.220018952331776 55.24543788301017 13.37061060181066 0.55 0.55 0.55
v -10.635787773680219 52.75996857361865 13.955338791261248 0.55 0.55 0.55
v -10.635787773680219 52.75996857361865 13.955338791261248 0.55 0.55 0.55
v -10.220018952331776 55.24543788301017 13.37061060181066 0.55 0.55 0.55
v -12.487634237314339 52.6447615836726 12.650988574032239 0.55 0.55 0.55
v -12.984059008936635 50.14191740247582 13.168900885491693 0.55 0.55 0.55
v -12.984059008936635 50.14191740247582 13.168900885491693 0.55 0.55 0.55
v -12.487634237314339 52.6447615836726 12.650988574032239 0.55 0.55 0.55
v -14.301604191595521 50.24710204500014 11.207727412393398 0.55 0.55 0.55
v -14.704288415463948 47.71441689273629 11.53726966002538 0.55 0.55 0.55
v -14.704288415463948 47.71441689273629 11.53726966002538 0.55 0.55 0.55
v -14.301604191595521 50.24710204500014 11.207727412393398 0.55 0.55 0.55
v -16.021240378253864 49.76242573460764 9.58997986241892 0.55 0.55 0.55
v -16.492478677709165 47.23338046840673 9.882200766454089 0.55 0.55 0.55
v -16.492478677709165 47.23338046840673 9.882200766454089 0.0 0.0 0.0
v -16.021240378253864 49.76242573460764 9.58997986241892 0.0 0.0 0.0
v -16.926582384995577 50.34300054805102 7.322530014117726 0.0 0.0 0.0
v -16.021240378253864 49.76242573460764 9.58997986241892 0.0 0.0 0.0
v -15.422189100745964 52.25281730423083 9.211905591790298 0.0 0.0 0.0
v -16.926582384995577 50.34300054805102 7.322530014117726 0.0 0.0 0.0
v -14.301604191595521 50.24710204500014 11.207727412393398 0.55 0.55 0.55
v -13.815521266140026 52.7551050568343 10.809008979394502 0.55 0.55 0.55
v -15.422189100745964 52.25281730423083 9.211905591790298 0.55 0.55 0.55
v -16.021240378253864 49.76242573460764 9.58997986241892 0.55 0.55 0.55
v -12.487634237314339 52.6447615836726 12.650988574032239 1.0 1.0 1.0
v -13.815521266140026 52.7551050568343 10.809008979394502 1.0 1.0 1.0
v -14.301604191595521 50.24710204500014 11.207727412393398 1.0 1.0 1.0
v -12.487634237314339 52.6447615836726 12.650988574032239 1.0 1.0 1.0
v -13.263122022798187 55.23981353966557 10.354396456605603 1.0 1.0 1.0
v -13.815521266140026 52.7551050568343 10.809008979394502 1.0 1.0 1.0
v -13.815521266140026 52.7551050568343 10.809008979394502 0.55 0.55 0.55
v -13.263122022798187 55.23981353966557 10.354396456605603 0.55 0.55 0.55
v -14.713649822701369 54.701547985533956 8.758349850452845 0.55 0.55 0.55
v -15.422189100745964 52.25281730423083 9.211905591790298 0.55 0.55 0.55
v -15.422189100745964 52.25281730423083 9.211905591790298 0.55 0.55 0.55
v -14.713649822701369 54.701547985533956 8.758349850452845 0.55 0.55 0.55
v -16.23819187459717 52.848690504105605 7.019071778850907 0.55 0.55 0.55
v -16.926582384995577 50.34300054805102 7.322530014117726 0.55 0.55 0.55
v -16.926582384995577 50.34300054805102 7.322530014117726 0.55 0.55 0.55
v -16.23819187459717 52.848690504105605 7.019071778850907 0.55 0.55 0.55
v -17.336435975147232 51.53913412716197 4.98213973058167 0.55 0.55 0.55
v -17.965717108267345 49.05171678787972 5.160958335791393 0.55 0.55 0.55
v -17.965717108267345 49.05171678787972 5.160958335791393 0.55 0.55 0.55
v -17.336435975147232 51.53913412716197 4.98213973058167 0.55 0.55 0.55
v -17.979538704239015 50.248021874562184 2.775557994922503 0.55 0.55 0.55
v -18.49485348753014 47.71495848858132 2.853463832525573 0.55 0.55 0.55
v -18.49485348753014 47.71495848858132 2.853463832525573 0.0 0.0 0.0
v -17.979538704239015 50.248021874562184 2.775557994922503 0.0 0.0 0.0
v -18.396436513254145 50.432367315421196 0.44576312062129164 0.0 0.0 0.0
v -17.979538704239015 50.248021874562184 2.775557994922503 0.0 0.0 0.0
v -17.357095330676103 52.75631602001852 2.6799586266592175 0.0 0.0 0.0
v -18.396436513254145 50.432367315421196 0.44576312062129164 0.0 0.0 0.0
v -17.336435975147232 51.53913412716197 4.98213973058167 1.0 1.0 1.0
v -17.357095330676103 52.75631602001852 2.6799586266592175 1.0 1.0 1.0
v -17.979538704239015 50.248021874562184 2.775557994922503 1.0 1.0 1.0
v -17.336435975147232 51.53913412716197 4.98213973058167 1.0 1.0 1.0
v -16.64897922335731 55.241232593491766 2.5697339713481475 1.0 1.0 1.0
v -17.357095330676103 52.75631602001852 2.6799586266592175 1.0 1.0 1.0
v -17.357095330676103 52.75631602001852 2.6799586266592175 0.55 0.55 0.55
v -16.64897922335731 55.241232593491766 2.5697339713481475 0.55 0.55 0.55
v -17.649470754948467 52.960490744792615 0.42776182008780617 0.55 0.55 0.55
v -18.396436513254145 50.432367315421196 0.44576312062129164 0.55 0.55 0.55
v -18.396436513254145 50.432367315421196 0.44576312062129164 0.55 0.55 0.55
v -17.649470754948467 52.960490744792615 0.42776182008780617 0.55 0.55 0.55
v -18.068334302721958 50.24822138546629 -1.8730256798980354 0.55 0.55 0.55
v -18.585190209075584 47.71504078662319 -1.9358109596023076 0.55 0.55 0.55
v -18.585190209075584 47.71504078662319 -1.9358109596023076 0.0 0.0 0.0
v -18.068334302721958 50.24822138546629 -1.8730256798980354 0.0 0.0 0.0
v -17.93861374294072 50.29399349168369 -4.21966434986619 0.0 0.0 0.0
v -18.068334302721958 50.24822138546629 -1.8730256798980354 0.0 0.0 0.0
v -17.44380786470667 52.75672428421411 -1.7975675860771734 0.0 0.0 0.0
v -17.93861374294072 50.29399349168369 -4.21966434986619 0.0 0.0 0.0
v -17.649470754948467 52.960490744792615 0.42776182008780617 1.0 1.0 1.0
v -17.44380786470667 52.75672428421411 -1.7975675860771734 1.0 1.0 1.0
v -18.068334302721958 50.24822138546629 -1.8730256798980354 1.0 1.0 1.0
v -17.649470754948467 52.960490744792615 0.42776182008780617 1.0 1.0 1.0
v -16.733147486834234 55.241936824797214 -1.7117064945300202 1.0 1.0 1.0
v -17.44380786470667 52.75672428421411 -1.7975675860771734 1.0 1.0 1.0
v -17.44380786470667 52.75672428421411 -1.7975675860771734 0.55 0.55 0.55
v -16.733147486834234 55.241936824797214 -1.7117064945300202 0.55 0.55 0.55
v -17.227731175814906 52.79421192094045 -4.045100797684134 0.55 0.55 0.55
v -17.93861374294072 50.29399349168369 -4.21966434986619 0.55 0.55 0.55
v -17.93861374294072 50.29399349168369 -4.21966434986619 0.55 0.55 0.55
v -17.227731175814906 52.79421192094045 -4.045100797684134 0.55 0.55 0.55
v -17.034772844352567 50.26426778536739 -6.398760168959362 0.55 0.55 0.55
v -17.51975628428055 47.72846889484125 -6.5982795437037876 0.55 0.55 0.55
v -17.51975628428055 47.72846889484125 -6.5982795437037876 0.0 0.0 0.0
v -17.034772844352567 50.26426778536739 -6.398760168959362 0.0 0.0 0.0
v -15.940716886029834 51.53761707301208 -8.441759734882966 0.0 0.0 0.0
v -17.034772844352567 50.26426778536739 -6.398760168959362 0.0 0.0 0.0
v -16.448969395063987 52.775198267457554 -6.158603179368376 0.0 0.0 0.0
v -15.940716886029834 51.53761707301208 -8.441759734882966 0.0 0.0 0.0
v -17.227731175814906 52.79421192094045 -4.045100797684134 1.0 1.0 1.0
v -16.448969395063987 52.775198267457554 -6.158603179368376 1.0 1.0 1.0
v -17.034772844352567 50.26426778536739 -6.398760168959362 1.0 1.0 1.0
v -17.227731175814906 52.79421192094045 -4.045100797684134 1.0 1.0 1.0
v -15.783300329062378 55.26254759329077 -5.883290238201635 1.0 1.0 1.0
v -16.448969395063987 52.775198267457554 -6.158603179368376 1.0 1.0 1.0
v -16.448969395063987 52.775198267457554 -6.158603179368376 0.55 0.55 0.55
v -15.783300329062378 55.26254759329077 -5.883290238201635 0.55 0.55 0.55
v -15.242423300747094 54.024266581981394 -8.058440044484124 0.55 0.55 0.55
v -15.940716886029834 51.53761707301208 -8.441759734882966 0.55 0.55 0.55
v -15.940716886029834 51.53761707301208 -8.441759734882966 0.55 0.55 0.55
v -15.242423300747094 54.024266581981394 -8.058440044484124 0.55 0.55 0.55
v -14.873015104288356 50.26677394236525 -10.501675154878043 0.55 0.55 0.55
v -15.288038766192905 47.729831157260506 -10.821921696811115 0.55 0.55 0.55
v -15.288038766192905 47.729831157260506 -10.821921696811115 0.55 0.55 0.55
v -14.873015104288356 50.26677394236525 -10.501675154878043 0.55 0.55 0.55
v -13.3802336854824 50.25890518342419 -12.321890921616847 0.55 0.55 0.55
v -13.76038966429871 47.723665278352755 -12.680793048801021 0.55 0.55 0.55
v -13.76038966429871 47.723665278352755 -12.680793048801021 0.55 0.55 0.55
v -13.3802336854824 50.25890518342419 -12.321890921616847 0.55 0.55 0.55
v -11.77494942984106 50.66997686861383 -13.98989853869544 0.55 0.55 0.55
v -12.169499980884602 48.04389707477555 -14.49109856659294 0.55 0.55 0.55
v -12.169499980884602 48.04389707477555 -14.49109856659294 0.55 0.55 0.55
v -11.77494942984106 50.66997686861383 -13.98989853869544 0.55 0.55 0.55
v -9.891310151528078 50.053073414002746 -15.42269568399988 0.55 0.55 0.55
v -10.21599668396873 47.52485517152425 -15.94062714739515 0.55 0.55 0.55
v -10.21599668396873 47.52485517152425 -15.94062714739515 0.55 0.55 0.55
v -9.891310151528078 50.053073414002746 -15.42269568399988 0.55 0.55 0.55
v -7.905311298150349 50.38416365824278 -16.7475934967461 0.55 0.55 0.55
v -8.143269670994497 47.8256850881745 -17.295921119854487 0.55 0.55 0.55
v -8.143269670994497 47.8256850881745 -17.295921119854487 0.0 0.0 0.0
v -7.905311298150349 50.38416365824278 -16.7475934967461 0.0 0.0 0.0
v -5.600938945047299 52.20764753852989 -17.074503768649564 0.0 0.0 0.0
v -7.905311298150349 50.38416365824278 -16.7475934967461 0.0 0.0 0.0
v -7.6097773072312505 52.90269936635959 -16.059785053448223 0.0 0.0 0.0
v -5.600938945047299 52.20764753852989 -17.074503768649564 0.0 0.0 0.0
v -9.891310151528078 50.053073414002746 -15.42269568399988 0.55 0.55 0.55
v -9.508216583929459 52.552710276242934 -14.81366532955298 0.55 0.55 0.55
v -7.6097773072312505 52.90269936635959 -16.059785053448223 0.55 0.55 0.55
v -7.905311298150349 50.38416365824278 -16.7475934967461 0.55 0.55 0.55
v -11.77494942984106 50.66997686861383 -13.98989853869544 0.55 0.55 0.55
v -11.295738561169212 53.259439512767386 -13.38267390336088 0.55 0.55 0.55
v -9.508216583929459 52.552710276242934 -14.81366532955298 0.55 0.55 0.55
v -9.891310151528078 50.053073414002746 -15.42269568399988 0.55 0.55 0.55
v -13.3802336854824 50.25890518342419 -12.321890921616847 0.55 0.55 0.55
v -12.920599698731133 52.76938985399463 -11.889070564331346 0.55 0.55 0.55
v -11.295738561169212 53.259439512767386 -13.38267390336088 0.55 0.55 0.55
v -11.77494942984106 50.66997686861383 -13.98989853869544 0.55 0.55 0.55
v -14.873015104288356 50.26677394236525 -10.501675154878043 0.55 0.55 0.55
v -14.37236797821223 52.778827107293466 -10.114154335244232 0.55 0.55 0.55
v -12.920599698731133 52.76938985399463 -11.889070564331346 0.55 0.55 0.55
v -13.3802336854824 50.25890518342419 -12.321890921616847 0.55 0.55 0.55
v -15.242423300747094 54.024266581981394 -8.058440044484124 1.0 1.0 1.0
v -14.37236797821223 52.778827107293466 -10.114154335244232 1.0 1.0 1.0
v -14.873015104288356 50.26677394236525 -10.501675154878043 1.0 1.0 1.0
v -15.242423300747094 54.024266581981394 -8.058440044484124 1.0 1.0 1.0
v -13.801677411654516 55.26730095004756 -9.67450561532792 1.0 1.0 1.0
v -14.37236797821223 52.778827107293466 -10.114154335244232 1.0 1.0 1.0
v -14.37236797821223 52.778827107293466 -10.114154335244232 0.55 0.55 0.55
v -13.801677411654516 55.26730095004756 -9.67450561532792 0.55 0.55 0.55
v -12.397536857533177 55.256433957090906 -11.396847396663585 0.55 0.55 0.55
v -12.920599698731133 52.76938985399463 -11.889070564331346 0.55 0.55 0.55
v -12.920599698731133 52.76938985399463 -11.889070564331346 0.55 0.55 0.55
v -12.397536857533177 55.256433957090906 -11.396847396663585 0.55 0.55 0.55
v -10.747243724043761 55.81299952724899 -12.687770953141088 0.55 0.55 0.55
v -11.295738561169212 53.259439512767386 -13.38267390336088 0.55 0.55 0.55
v -11.295738561169212 53.259439512767386 -13.38267390336088 0.55 0.55 0.55
v -10.747243724043761 55.81299952724899 -12.687770953141088 0.55 0.55 0.55
v -9.081927037498911 55.02710472329325 -14.13424214003062 0.55 0.55 0.55
v -9.508216583929459 52.552710276242934 -14.81366532955298 0.55 0.55 0.55
v -9.508216583929459 52.552710276242934 -14.81366532955298 0.55 0.55 0.55
v -9.081927037498911 55.02710472329325 -14.13424214003062 0.55 0.55 0.55
v -7.265996692526804 55.37895553671604 -15.25131759958699 0.55 0.55 0.55
v -7.6097773072312505 52.90269936635959 -16.059785053448223 0.55 0.55 0.55
v -7.6097773072312505 52.90269936635959 -16.059785053448223 0.55 0.55 0.55
v -7.265996692526804 55.37895553671604 -15.25131759958699 0.55 0.55 0.55
v -5.360067522496064 54.6334567934007 -16.277876025354733 0.55 0.55 0.55
v -5.600938945047299 52.20764753852989 -17.074503768649564 0.55 0.55 0.55
v -5.600938945047299 52.20764753852989 -17.074503768649564 0.55 0.55 0.55
v -5.360067522496064 54.6334567934007 -16.277876025354733 0.55 0.55 0.55
v -3.4323886928211786 50.428623167307414 -18.104454104839096 0.55 0.55 0.55
v -3.5247048337016618 47.885013650425414 -18.70835715589989 0.55 0.55 0.55
v -3.5247048337016618 47.885013650425414 -18.70835715589989 0.55 0.55 0.55
v -3.4323886928211786 50.428623167307414 -18.104454104839096 0.55 0.55 0.55
v -1.0701997120088662 50.248705823077344 -18.147308781256854 0.55 0.55 0.55
v -1.0835540274948137 47.71583091616276 -18.668989156633334 0.55 0.55 0.55
v -1.0835540274948137 47.71583091616276 -18.668989156633334 0.55 0.55 0.55
v -1.0701997120088662 50.248705823077344 -18.147308781256854 0.55 0.55 0.55
v 1.2337225706285226 49.76400886812915 -18.61950827644484 0.55 0.55 0.55
v 1.2876969051596392 47.236286830327806 -19.17011564175319 0.55 0.55 0.55
v 1.2876969051596392 47.236286830327806 -19.17011564175319 0.55 0.55 0.55
v 1.2337225706285226 49.76400886812915 -18.61950827644484 0.55 0.55 0.55
v 3.625085894682535 50.20854922884088 -18.145995712166016 0.55 0.55 0.55
v 3.765000650497002 47.68254339204006 -18.736186045956675 0.55 0.55 0.55
v 3.765000650497002 47.68254339204006 -18.736186045956675 0.55 0.55 0.55
v 3.625085894682535 50.20854922884088 -18.145995712166016 0.55 0.55 0.55
v 5.990830789004892 49.13656355540607 -17.692604315253867 0.55 0.55 0.55
v 6.178171348617363 46.617527598140505 -18.182097082748342 0.55 0.55 0.55
v 6.178171348617363 46.617527598140505 -18.182097082748342 0.55 0.55 0.55
v 5.990830789004892 49.13656355540607 -17.692604315253867 0.55 0.55 0.55
v 7.950735529751952 50.48722006065128 -16.357091300379253 0.55 0.55 0.55
v 8.25243528321715 47.997943506042326 -16.915095856585452 0.55 0.55 0.55
v 8.25243528321715 47.997943506042326 -16.915095856585452 0.55 0.55 0.55
v 7.950735529751952 50.48722006065128 -16.357091300379253 0.55 0.55 0.55
v 10.290475448494995 50.12267277259646 -15.547030057850295 0.55 0.55 0.55
v 10.635567322452653 47.59280752008443 -16.0141492063038 0.55 0.55 0.55
v 10.635567322452653 47.59280752008443 -16.0141492063038 0.0 0.0 0.0
v 10.290475448494995 50.12267277259646 -15.547030057850295 0.0 0.0 0.0
v 11.980924169546578 50.13800074334284 -13.933428967048888 0.0 0.0 0.0
v 10.290475448494995 50.12267277259646 -15.547030057850295 0.0 0.0 0.0
v 9.853460175095579 52.613045528929234 -14.95987345225493 0.0 0.0 0.0
v 11.980924169546578 50.13800074334284 -13.933428967048888 0.0 0.0 0.0
v 7.950735529751952 50.48722006065128 -16.357091300379253 0.55 0.55 0.55
v 7.602647307071892 52.94806105817454 -15.707079913225568 0.55 0.55 0.55
v 9.853460175095579 52.613045528929234 -14.95987345225493 0.55 0.55 0.55
v 10.290475448494995 50.12267277259646 -15.547030057850295 0.55 0.55 0.55
v 5.990830789004892 49.13656355540607 -17.692604315253867 0.55 0.55 0.55
v 5.752710823770168 51.62348275340009 -17.07663030739762 0.55 0.55 0.55
v 7.602647307071892 52.94806105817454 -15.707079913225568 0.55 0.55 0.55
v 7.950735529751952 50.48722006065128 -16.357091300379253 0.55 0.55 0.55
v 3.625085894682535 50.20854922884088 -18.145995712166016 0.55 0.55 0.55
v 3.4556702133849106 52.69808399352812 -17.423259279438845 0.55 0.55 0.55
v 5.752710823770168 51.62348275340009 -17.07663030739762 0.55 0.55 0.55
v 5.990830789004892 49.13656355540607 -17.692604315253867 0.55 0.55 0.55
v 1.2337225706285226 49.76400886812915 -18.61950827644484 0.55 0.55 0.55
v 1.1732124692086807 52.253336689602186 -17.91562986709611 0.55 0.55 0.55
v 3.4556702133849106 52.69808399352812 -17.423259279438845 0.55 0.55 0.55
v 3.625085894682535 50.20854922884088 -18.145995712166016 0.55 0.55 0.55
v -1.0701997120088662 50.248705823077344 -18.147308781256854 0.55 0.55 0.55
v -1.0530400908410977 52.756788575334106 -17.517164156714184 0.55 0.55 0.55
v 1.1732124692086807 52.253336689602186 -17.91562986709611 0.55 0.55 0.55
v 1.2337225706285226 49.76400886812915 -18.61950827644484 0.55 0.55 0.55
v -3.4323886928211786 50.428623167307414 -18.104454104839096 0.55 0.55 0.55
v -3.3190882916906164 52.93727377747218 -17.37126011865894 0.55 0.55 0.55
v -1.0530400908410977 52.756788575334106 -17.517164156714184 0.55 0.55 0.55
v -1.0701997120088662 50.248705823077344 -18.147308781256854 0.55 0.55 0.55
v -5.360067522496064 54.6334567934007 -16.277876025354733 1.0 1.0 1.0
v -3.3190882916906164 52.93727377747218 -17.37126011865894 1.0 1.0 1.0
v -3.4323886928211786 50.428623167307414 -18.104454104839096 1.0 1.0 1.0
v -5.360067522496064 54.6334567934007 -16.277876025354733 1.0 1.0 1.0
v -3.189007922864961 55.41113086490843 -16.530206023834495 1.0 1.0 1.0
v -3.3190882916906164 52.93727377747218 -17.37126011865894 1.0 1.0 1.0
v -3.3190882916906164 52.93727377747218 -17.37126011865894 0.55 0.55 0.55
v -3.189007922864961 55.41113086490843 -16.530206023834495 0.55 0.55 0.55
v -1.033436569697324 55.24147168146624 -16.800174157121038 0.55 0.55 0.55
v -1.0530400908410977 52.756788575334106 -17.517164156714184 0.55 0.55 0.55
v -1.0530400908410977 52.756788575334106 -17.517164156714184 0.55 0.55 0.55
v -1.033436569697324 55.24147168146624 -16.800174157121038 0.55 0.55 0.55
v 1.1081644874651317 54.70126969096976 -17.0793033748726 0.55 0.55 0.55
v 1.1732124692086807 52.253336689602186 -17.91562986709611 0.55 0.55 0.55
v 1.1732124692086807 52.253336689602186 -17.91562986709611 0.55 0.55 0.55
v 1.1081644874651317 54.70126969096976 -17.0793033748726 0.55 0.55 0.55
v 3.260557947737923 55.15045088858864 -16.588399739405215 0.55 0.55 0.55
v 3.4556702133849106 52.69808399352812 -17.423259279438845 0.55 0.55 0.55
v 3.4556702133849106 52.69808399352812 -17.423259279438845 0.55 0.55 0.55
v 3.260557947737923 55.15045088858864 -16.588399739405215 0.55 0.55 0.55
v 5.472039464349559 54.0771227780058 -16.353789475335585 0.55 0.55 0.55
v 5.752710823770168 51.62348275340009 -17.07663030739762 0.55 0.55 0.55
v 5.752710823770168 51.62348275340009 -17.07663030739762 0.55 0.55 0.55
v 5.472039464349559 54.0771227780058 -16.353789475335585 0.55 0.55 0.55
v 7.220853176126504 55.38486237063193 -14.988611027169869 0.55 0.55 0.55
v 7.602647307071892 52.94806105817454 -15.707079913225568 0.55 0.55 0.55
v 7.602647307071892 52.94806105817454 -15.707079913225568 0.55 0.55 0.55
v 7.220853176126504 55.38486237063193 -14.988611027169869 0.55 0.55 0.55
v 9.337695793357375 55.061338373459634 -14.268667343092876 0.55 0.55 0.55
v 9.853460175095579 52.613045528929234 -14.95987345225493 0.55 0.55 0.55
v 9.853460175095579 52.613045528929234 -14.95987345225493 0.55 0.55 0.55
v 9.337695793357375 55.061338373459634 -14.268667343092876 0.55 0.55 0.55
v 11.479796727312733 52.684624110732734 -13.440955985812336 0.55 0.55 0.55
v 11.980924169546578 50.13800074334284 -13.933428967048888 0.55 0.55 0.55
v 11.980924169546578 50.13800074334284 -13.933428967048888 0.55 0.55 0.55
v 11.479796727312733 52.684624110732734 -13.440955985812336 0.55 0.55 0.55
v 13.523087693671611 50.62670423024561 -12.156396011101542 0.55 0.55 0.55
v 14.03086895655447 48.129088845477696 -12.56324828762437 0.55 0.55 0.55
v 14.03086895655447 48.129088845477696 -12.56324828762437 0.55 0.55 0.55
v 13.523087693671611 50.62670423024561 -12.156396011101542 0.55 0.55 0.55
v 15.37445572983533 49.8060879690472 -10.587146780419435 0.55 0.55 0.55
v 15.91453238812219 47.28825913990942 -10.87470588527437 0.55 0.55 0.55
v 15.91453238812219 47.28825913990942 -10.87470588527437 0.55 0.55 0.55
v 15.37445572983533 49.8060879690472 -10.587146780419435 0.55 0.55 0.55
v 16.1067653841406 50.279886889307676 -8.387610444449113 0.55 0.55 0.55
v 16.595995579993797 47.74019913090334 -8.586582742138345 0.55 0.55 0.55
v 16.595995579993797 47.74019913090334 -8.586582742138345 0.55 0.55 0.55
v 16.1067653841406 50.279886889307676 -8.387610444449113 0.55 0.55 0.55
v 17.0999697618454 50.25295459417873 -6.206153009408882 0.55 0.55 0.55
v 17.59744241233655 47.719156552082204 -6.364013073606291 0.55 0.55 0.55
v 17.59744241233655 47.719156552082204 -6.364013073606291 0.55 0.55 0.55
v 17.0999697618454 50.25295459417873 -6.206153009408882 0.55 0.55 0.55
v 17.808278216973118 50.245027002621946 -3.8755253855964917 0.55 0.55 0.55
v 18.31295764935524 47.71287717535031 -4.003634351607688 0.55 0.55 0.55
v 18.31295764935524 47.71287717535031 -4.003634351607688 0.55 0.55 0.55
v 17.808278216973118 50.245027002621946 -3.8755253855964917 0.55 0.55 0.55
v 18.228615451973237 50.51051674687072 -1.4543444203306735 0.55 0.55 0.55
v 18.795392345326114 47.99533587183329 -1.5782445766547013 0.55 0.55 0.55
v 18.795392345326114 47.99533587183329 -1.5782445766547013 0.0 0.0 0.0
v 18.228615451973237 50.51051674687072 -1.4543444203306735 0.0 0.0 0.0
v 18.556640140252192 49.7767755780784 0.556763345842304 0.0 0.0 0.0
v 18.228615451973237 50.51051674687072 -1.4543444203306735 0.0 0.0 0.0
v 17.54655099616222 52.995795745787746 -1.3079129768606121 0.0 0.0 0.0
v 18.556640140252192 49.7767755780784 0.556763345842304 0.0 0.0 0.0
v 17.808278216973118 50.245027002621946 -3.8755253855964917 0.55 0.55 0.55
v 17.196370179578892 52.75244415512202 -3.7279015328246796 0.55 0.55 0.55
v 17.54655099616222 52.995795745787746 -1.3079129768606121 0.55 0.55 0.55
v 18.228615451973237 50.51051674687072 -1.4543444203306735 0.55 0.55 0.55
v 17.0999697618454 50.25295459417873 -6.206153009408882 0.55 0.55 0.55
v 16.495032746846164 52.76192937427992 -6.028096097126582 0.55 0.55 0.55
v 17.196370179578892 52.75244415512202 -3.7279015328246796 0.55 0.55 0.55
v 17.808278216973118 50.245027002621946 -3.8755253855964917 0.55 0.55 0.55
v 16.1067653841406 50.279886889307676 -8.387610444449113 0.55 0.55 0.55
v 15.507523134828423 52.79381090119491 -8.163621522857865 0.55 0.55 0.55
v 16.495032746846164 52.76192937427992 -6.028096097126582 0.55 0.55 0.55
v 17.0999697618454 50.25295459417873 -6.206153009408882 0.55 0.55 0.55
v 15.37445572983533 49.8060879690472 -10.587146780419435 0.55 0.55 0.55
v 14.677566234003189 52.27709787353088 -10.237347002154278 0.55 0.55 0.55
v 15.507523134828423 52.79381090119491 -8.163621522857865 0.55 0.55 0.55
v 16.1067653841406 50.279886889307676 -8.387610444449113 0.55 0.55 0.55
v 13.523087693671611 50.62670423024561 -12.156396011101542 0.55 0.55 0.55
v 12.92656484605274 53.094414261197834 -11.691475601145136 0.55 0.55 0.55
v 14.677566234003189 52.27709787353088 -10.237347002154278 0.55 0.55 0.55
v 15.37445572983533 49.8060879690472 -10.587146780419435 0.55 0.55 0.55
v 11.479796727312733 52.684624110732734 -13.440955985812336 1.0 1.0 1.0
v 12.92656484605274 53.094414261197834 -11.691475601145136 1.0 1.0 1.0
v 13.523087693671611 50.62670423024561 -12.156396011101542 1.0 1.0 1.0
v 11.479796727312733 52.684624110732734 -13.440955985812336 1.0 1.0 1.0
v 12.259110994495048 55.53636927239613 -11.191276557499343 1.0 1.0 1.0
v 12.92656484605274 53.094414261197834 -11.691475601145136 1.0 1.0 1.0
v 12.92656484605274 53.094414261197834 -11.691475601145136 0.55 0.55 0.55
v 12.259110994495048 55.53636927239613 -11.191276557499343 0.55 0.55 0.55
v 13.831272008497237 54.695455978819204 -9.852685615634128 0.55 0.55 0.55
v 14.677566234003189 52.27709787353088 -10.237347002154278 0.55 0.55 0.55
v 14.677566234003189 52.27709787353088 -10.237347002154278 0.55 0.55 0.55
v 13.831272008497237 54.695455978819204 -9.852685615634128 0.55 0.55 0.55
v 14.806748758299365 55.281506531507944 -7.946371615393183 0.55 0.55 0.55
v 15.507523134828423 52.79381090119491 -8.163621522857865 0.55 0.55 0.55
v 15.507523134828423 52.79381090119491 -8.163621522857865 0.55 0.55 0.55
v 14.806748758299365 55.281506531507944 -7.946371615393183 0.55 0.55 0.55
v 15.79910026648525 55.24731221347527 -5.850386428114183 0.55 0.55 0.55
v 16.495032746846164 52.76192937427992 -6.028096097126582 0.55 0.55 0.55
v 16.495032746846164 52.76192937427992 -6.028096097126582 0.55 0.55 0.55
v 15.79910026648525 55.24731221347527 -5.850386428114183 0.55 0.55 0.55
v 16.496796125263977 55.236292598779954 -3.570833363315885 0.55 0.55 0.55
v 17.196370179578892 52.75244415512202 -3.7279015328246796 0.55 0.55 0.55
v 17.196370179578892 52.75244415512202 -3.7279015328246796 0.55 0.55 0.55
v 16.496796125263977 55.236292598779954 -3.570833363315885 0.55 0.55 0.55
v 16.77014638587025 55.452332700671036 -1.1453460803529831 0.55 0.55 0.55
v 17.54655099616222 52.995795745787746 -1.3079129768606121 0.55 0.55 0.55
v 17.54655099616222 52.995795745787746 -1.3079129768606121 0.55 0.55 0.55
v 16.77014638587025 55.452332700671036 -1.1453460803529831 0.55 0.55 0.55
v 17.75632952343709 52.48614798652412 0.38169625078446123 0.55 0.55 0.55
v 18.556640140252192 49.7767755780784 0.556763345842304 0.55 0.55 0.55
v 18.556640140252192 49.7767755780784 0.556763345842304 0.55 0.55 0.55
v 17.75632952343709 52.48614798652412 0.38169625078446123 0.55 0.55 0.55
v 16.64342545965592 55.23892280701446 2.6421187536356445 0.55 0.55 0.55
v 17.346178589297253 52.754967323280454 2.802591457040956 0.55 0.55 0.55
v 16.64342545965592 55.23892280701446 2.6421187536356445 0.55 0.55 0.55
v 15.875367287631251 57.70317104150172 2.4765810947510705 0.55 0.55 0.55
v 15.307131060626011 57.700537750320194 4.803659210275107 0.55 0.55 0.55
v 16.073335054594097 55.23673873672279 4.966233698367747 0.55 0.55 0.55
v 16.073335054594097 55.23673873672279 4.966233698367747 0.0 0.0 0.0
v 15.307131060626011 57.700537750320194 4.803659210275107 0.0 0.0 0.0
v 15.237571665944982 55.259025687836264 7.162050596872864 0.0 0.0 0.0
v 15.307131060626011 57.700537750320194 4.803659210275107 0.0 0.0 0.0
v 14.493036714974387 60.14921964971065 4.645042928211956 0.0 0.0 0.0
v 15.237571665944982 55.259025687836264 7.162050596872864 0.0 0.0 0.0
v 15.875367287631251 57.70317104150172 2.4765810947510705 1.0 1.0 1.0
v 14.493036714974387 60.14921964971065 4.645042928211956 1.0 1.0 1.0
v 15.307131060626011 57.700537750320194 4.803659210275107 1.0 1.0 1.0
v 15.875367287631251 57.70317104150172 2.4765810947510705 1.0 1.0 1.0
v 13.656566388602457 62.589495838140856 4.473561164910147 1.0 1.0 1.0
v 14.493036714974387 60.14921964971065 4.645042928211956 1.0 1.0 1.0
v 14.493036714974387 60.14921964971065 4.645042928211956 0.55 0.55 0.55
v 13.656566388602457 62.589495838140856 4.473561164910147 0.55 0.55 0.55
v 14.441618967190887 57.71887355595288 6.998489771563916 0.55 0.55 0.55
v 15.237571665944982 55.259025687836264 7.162050596872864 0.55 0.55 0.55
v 15.237571665944982 55.259025687836264 7.162050596872864 0.55 0.55 0.55
v 14.441618967190887 57.71887355595288 6.998489771563916 0.55 0.55 0.55
v 13.271028628350045 57.77996726060963 9.03018822428094 0.55 0.55 0.55
v 14.111394986438526 55.32183300443256 9.168222404946647 0.55 0.55 0.55
v 14.111394986438526 55.32183300443256 9.168222404946647 0.55 0.55 0.55
v 13.271028628350045 57.77996726060963 9.03018822428094 0.55 0.55 0.55
v 12.480156007703563 56.40758430252883 10.439423220496732 0.55 0.55 0.55
v 13.26150979608274 53.98434236890921 10.949284584683484 0.55 0.55 0.55
v 13.26150979608274 53.98434236890921 10.949284584683484 0.55 0.55 0.55
v 12.480156007703563 56.40758430252883 10.439423220496732 0.55 0.55 0.55
v 11.708362246281501 54.632693054313734 12.474659295716387 0.55 0.55 0.55
v 12.282985758003573 52.142657473773774 13.000958610829192 0.55 0.55 0.55
v 12.282985758003573 52.142657473773774 13.000958610829192 0.0 0.0 0.0
v 11.708362246281501 54.632693054313734 12.474659295716387 0.0 0.0 0.0
v 9.76793465399647 54.975553918990876 13.654032905713638 0.0 0.0 0.0
v 11.708362246281501 54.632693054313734 12.474659295716387 0.0 0.0 0.0
v 11.122067181923157 57.097172019659304 11.849331513042987 0.0 0.0 0.0
v 9.76793465399647 54.975553918990876 13.654032905713638 0.0 0.0 0.0
v 12.480156007703563 56.40758430252883 10.439423220496732 1.0 1.0 1.0
v 11.122067181923157 57.097172019659304 11.849331513042987 1.0 1.0 1.0
v 11.708362246281501 54.632693054313734 12.474659295716387 1.0 1.0 1.0
v 12.480156007703563 56.40758430252883 10.439423220496732 1.0 1.0 1.0
v 10.554396944731895 59.53969945193809 11.128192105098947 1.0 1.0 1.0
v 11.122067181923157 57.097172019659304 11.849331513042987 1.0 1.0 1.0
v 11.122067181923157 57.097172019659304 11.849331513042987 0.55 0.55 0.55
v 10.554396944731895 59.53969945193809 11.128192105098947 0.55 0.55 0.55
v 9.22458869115967 57.44660756765805 12.964203969781385 0.55 0.55 0.55
v 9.76793465399647 54.975553918990876 13.654032905713638 0.55 0.55 0.55
v 9.76793465399647 54.975553918990876 13.654032905713638 0.55 0.55 0.55
v 9.22458869115967 57.44660756765805 12.964203969781385 0.55 0.55 0.55
v 7.7867660753159305 56.7537025398341 14.304726802235491 0.55 0.55 0.55
v 8.254702798222413 54.37165080043924 15.114062777612176 0.55 0.55 0.55
v 8.254702798222413 54.37165080043924 15.114062777612176 0.0 0.0 0.0
v 7.7867660753159305 56.7537025398341 14.304726802235491 0.0 0.0 0.0
v 6.132379951069366 55.26430323114667 15.715234957458431 0.0 0.0 0.0
v 7.7867660753159305 56.7537025398341 14.304726802235491 0.0 0.0 0.0
v 7.259197176375769 59.09583753271237 13.4190671727234 0.0 0.0 0.0
v 6.132379951069366 55.26430323114667 15.715234957458431 0.0 0.0 0.0
v 9.22458869115967 57.44660756765805 12.964203969781385 1.0 1.0 1.0
v 7.259197176375769 59.09583753271237 13.4190671727234 1.0 1.0 1.0
v 7.7867660753159305 56.7537025398341 14.304726802235491 1.0 1.0 1.0
v 9.22458869115967 57.44660756765805 12.964203969781385 1.0 1.0 1.0
v 6.645705921870256 61.3999503492484 12.491231830019572 1.0 1.0 1.0
v 7.259197176375769 59.09583753271237 13.4190671727234 1.0 1.0 1.0
v 7.259197176375769 59.09583753271237 13.4190671727234 0.55 0.55 0.55
v 6.645705921870256 61.3999503492484 12.491231830019572 0.55 0.55 0.55
v 5.761823628118472 57.69769771929086 14.857392988275238 0.55 0.55 0.55
v 6.132379951069366 55.26430323114667 15.715234957458431 0.55 0.55 0.55
v 6.132379951069366 55.26430323114667 15.715234957458431 0.55 0.55 0.55
v 5.761823628118472 57.69769771929086 14.857392988275238 0.55 0.55 0.55
v 3.883721019118901 57.734585615325656 15.569081106419759 0.55 0.55 0.55
v 4.088934909942867 55.26612054565227 16.324588001613908 0.55 0.55 0.55
v 4.088934909942867 55.26612054565227 16.324588001613908 0.55 0.55 0.55
v 3.883721019118901 57.734585615325656 15.569081106419759 0.55 0.55 0.55
v 1.7128537300050908 58.91484834652732 15.265569169028808 0.55 0.55 0.55
v 1.863495134920332 56.49186433715633 16.233821828016133 0.55 0.55 0.55
v 1.863495134920332 56.49186433715633 16.233821828016133 0.55 0.55 0.55
v 1.7128537300050908 58.91484834652732 15.265569169028808 0.55 0.55 0.55
v -0.1729848851757114 57.73340889508311 16.0832864582561 0.55 0.55 0.55
v -0.1698853836321219 55.26519900688074 16.870356578491222 0.55 0.55 0.55
v -0.1698853836321219 55.26519900688074 16.870356578491222 0.55 0.55 0.55
v -0.1729848851757114 57.73340889508311 16.0832864582561 0.55 0.55 0.55
v -2.3156772026367154 57.72010716377604 15.881519239869926 0.55 0.55 0.55
v -2.38540126283104 55.252916736840774 16.66173143789109 0.55 0.55 0.55
v -2.38540126283104 55.252916736840774 16.66173143789109 0.55 0.55 0.55
v -2.3156772026367154 57.72010716377604 15.881519239869926 0.55 0.55 0.55
v -4.154167117204668 58.81827002691729 14.898080383070583 0.55 0.55 0.55
v -4.380762063707144 56.41496917802975 15.814778440309105 0.55 0.55 0.55
v -4.380762063707144 56.41496917802975 15.814778440309105 0.55 0.55 0.55
v -4.154167117204668 58.81827002691729 14.898080383070583 0.55 0.55 0.55
v -6.523160884150715 55.01128678614236 15.511388470462183 0.55 0.55 0.55
v -6.810276523817704 52.539020834731105 16.277564147780918 0.55 0.55 0.55
v -6.810276523817704 52.539020834731105 16.277564147780918 0.0 0.0 0.0
v -6.523160884150715 55.01128678614236 15.511388470462183 0.0 0.0 0.0
v -8.578117405566864 54.70599470868581 14.811013090092938 0.0 0.0 0.0
v -6.523160884150715 55.01128678614236 15.511388470462183 0.0 0.0 0.0
v -6.220351369078316 57.46401486268185 14.690386379237534 0.0 0.0 0.0
v -8.578117405566864 54.70599470868581 14.811013090092938 0.0 0.0 0.0
v -4.154167117204668 58.81827002691729 14.898080383070583 1.0 1.0 1.0
v -6.220351369078316 57.46401486268185 14.690386379237534 1.0 1.0 1.0
v -6.523160884150715 55.01128678614236 15.511388470462183 1.0 1.0 1.0
v -4.154167117204668 58.81827002691729 14.898080383070583 1.0 1.0 1.0
v -5.910526016663269 59.90548029392387 13.839021985940898 1.0 1.0 1.0
v -6.220351369078316 57.46401486268185 14.690386379237534 1.0 1.0 1.0
v -6.220351369078316 57.46401486268185 14.690386379237534 0.55 0.55 0.55
v -5.910526016663269 59.90548029392387 13.839021985940898 0.55 0.55 0.55
v -8.100776604378526 57.12171104548292 13.98356417088427 0.55 0.55 0.55
v -8.578117405566864 54.70599470868581 14.811013090092938 0.55 0.55 0.55
v -8.578117405566864 54.70599470868581 14.811013090092938 0.55 0.55 0.55
v -8.100776604378526 57.12171104548292 13.98356417088427 0.55 0.55 0.55
v -9.768771995052115 57.71100716492068 12.73045380969345 0.55 0.55 0.55
v -10.220018952331776 55.24543788301017 13.37061060181066 0.55 0.55 0.55
v -10.220018952331776 55.24543788301017 13.37061060181066 0.55 0.55 0.55
v -9.768771995052115 57.71100716492068 12.73045380969345 0.55 0.55 0.55
v -11.918023957194206 55.11500574395512 12.057220773215507 0.55 0.55 0.55
v -12.487634237314339 52.6447615836726 12.650988574032239 0.55 0.55 0.55
v -12.487634237314339 52.6447615836726 12.650988574032239 0.0 0.0 0.0
v -11.918023957194206 55.11500574395512 12.057220773215507 0.0 0.0 0.0
v -13.263122022798187 55.23981353966557 10.354396456605603 0.0 0.0 0.0
v -11.918023957194206 55.11500574395512 12.057220773215507 0.0 0.0 0.0
v -11.293349822337866 57.556273985105534 11.40206767009074 0.0 0.0 0.0
v -13.263122022798187 55.23981353966557 10.354396456605603 0.0 0.0 0.0
v -9.768771995052115 57.71100716492068 12.73045380969345 1.0 1.0 1.0
v -11.293349822337866 57.556273985105534 11.40206767009074 1.0 1.0 1.0
v -11.918023957194206 55.11500574395512 12.057220773215507 1.0 1.0 1.0
v -9.768771995052115 57.71100716492068 12.73045380969345 1.0 1.0 1.0
v -10.626875918496447 59.97334735019262 10.700005353412022 1.0 1.0 1.0
v -11.293349822337866 57.556273985105534 11.40206767009074 1.0 1.0 1.0
v -11.293349822337866 57.556273985105534 11.40206767009074 0.55 0.55 0.55
v -10.626875918496447 59.97334735019262 10.700005353412022 0.55 0.55 0.55
v -12.66155359207662 57.704760819926385 9.856550679670987 0.55 0.55 0.55
v -13.263122022798187 55.23981353966557 10.354396456605603 0.55 0.55 0.55
v -13.263122022798187 55.23981353966557 10.354396456605603 0.55 0.55 0.55
v -12.66155359207662 57.704760819926385 9.856550679670987 0.55 0.55 0.55
v -13.913892614786734 57.10885571158241 8.239456223830356 0.55 0.55 0.55
v -14.713649822701369 54.701547985533956 8.758349850452845 0.55 0.55 0.55
v -14.713649822701369 54.701547985533956 8.758349850452845 0.55 0.55 0.55
v -13.913892614786734 57.10885571158241 8.239456223830356 0.55 0.55 0.55
v -15.446937716558358 55.31771087454303 6.668919394052651 0.55 0.55 0.55
v -16.23819187459717 52.848690504105605 7.019071778850907 0.55 0.55 0.55
v -16.23819187459717 52.848690504105605 7.019071778850907 0.55 0.55 0.55
v -15.446937716558358 55.31771087454303 6.668919394052651 0.55 0.55 0.55
v -16.59466628044551 53.99336737593858 4.776239551827605 0.55 0.55 0.55
v -17.336435975147232 51.53913412716197 4.98213973058167 0.55 0.55 0.55
v -17.336435975147232 51.53913412716197 4.98213973058167 0.0 0.0 0.0
v -16.59466628044551 53.99336737593858 4.776239551827605 0.0 0.0 0.0
v -16.64897922335731 55.241232593491766 2.5697339713481475 0.0 0.0 0.0
v -16.59466628044551 53.99336737593858 4.776239551827605 0.0 0.0 0.0
v -15.761290692685085 56.41604764941771 4.546643333768955 0.0 0.0 0.0
v -16.64897922335731 55.241232593491766 2.5697339713481475 0.0 0.0 0.0
v -15.446937716558358 55.31771087454303 6.668919394052651 0.55 0.55 0.55
v -14.571689867764949 57.75262387962412 6.281389478995123 0.55 0.55 0.55
v -15.761290692685085 56.41604764941771 4.546643333768955 0.55 0.55 0.55
v -16.59466628044551 53.99336737593858 4.776239551827605 0.55 0.55 0.55
v -13.913892614786734 57.10885571158241 8.239456223830356 1.0 1.0 1.0
v -14.571689867764949 57.75262387962412 6.281389478995123 1.0 1.0 1.0
v -15.446937716558358 55.31771087454303 6.668919394052651 1.0 1.0 1.0
v -13.913892614786734 57.10885571158241 8.239456223830356 1.0 1.0 1.0
v -13.632818766127013 60.158155771045394 5.860848461742771 1.0 1.0 1.0
v -14.571689867764949 57.75262387962412 6.281389478995123 1.0 1.0 1.0
v -14.571689867764949 57.75262387962412 6.281389478995123 0.55 0.55 0.55
v -13.632818766127013 60.158155771045394 5.860848461742771 0.55 0.55 0.55
v -14.85517826265965 58.81097949570476 4.300958765016617 0.55 0.55 0.55
v -15.761290692685085 56.41604764941771 4.546643333768955 0.55 0.55 0.55
v -15.761290692685085 56.41604764941771 4.546643333768955 0.55 0.55 0.55
v -14.85517826265965 58.81097949570476 4.300958765016617 0.55 0.55 0.55
v -15.876287770366114 57.7063095977413 2.4480223248796507 0.55 0.55 0.55
v -16.64897922335731 55.241232593491766 2.5697339713481475 0.55 0.55 0.55
v -16.64897922335731 55.241232593491766 2.5697339713481475 0.55 0.55 0.55
v -15.876287770366114 57.7063095977413 2.4480223248796507 0.55 0.55 0.55
v -16.792558148675496 55.453542038793714 0.40675464952727153 0.55 0.55 0.55
v -17.649470754948467 52.960490744792615 0.42776182008780617 0.55 0.55 0.55
v -17.649470754948467 52.960490744792615 0.42776182008780617 0.0 0.0 0.0
v -16.792558148675496 55.453542038793714 0.40675464952727153 0.0 0.0 0.0
v -16.733147486834234 55.241936824797214 -1.7117064945300202 0.0 0.0 0.0
v -16.792558148675496 55.453542038793714 0.40675464952727153 0.0 0.0 0.0
v -15.847604901736434 57.91459888260821 0.38250809615153036 0.0 0.0 0.0
v -16.733147486834234 55.241936824797214 -1.7117064945300202 0.0 0.0 0.0
v -15.876287770366114 57.7063095977413 2.4480223248796507 1.0 1.0 1.0
v -15.847604901736434 57.91459888260821 0.38250809615153036 1.0 1.0 1.0
v -16.792558148675496 55.453542038793714 0.40675464952727153 1.0 1.0 1.0
v -15.876287770366114 57.7063095977413 2.4480223248796507 1.0 1.0 1.0
v -14.835062010713047 60.348621162426724 0.35701192500373025 1.0 1.0 1.0
v -15.847604901736434 57.91459888260821 0.38250809615153036 1.0 1.0 1.0
v -15.847604901736434 57.91459888260821 0.38250809615153036 0.55 0.55 0.55
v -14.835062010713047 60.348621162426724 0.35701192500373025 0.55 0.55 0.55
v -15.957568338613973 57.70739632176547 -1.6174899868917818 0.55 0.55 0.55
v -16.733147486834234 55.241936824797214 -1.7117064945300202 0.55 0.55 0.55
v -16.733147486834234 55.241936824797214 -1.7117064945300202 0.55 0.55 0.55
v -15.957568338613973 57.70739632176547 -1.6174899868917818 0.55 0.55 0.55
v -16.410306134102797 55.25982630701829 -3.845892628063213 0.55 0.55 0.55
v -17.227731175814906 52.79421192094045 -4.045100797684134 0.55 0.55 0.55
v -17.227731175814906 52.79421192094045 -4.045100797684134 0.0 0.0 0.0
v -16.410306134102797 55.25982630701829 -3.845892628063213 0.0 0.0 0.0
v -15.783300329062378 55.26254759329077 -5.883290238201635 0.0 0.0 0.0
v -16.410306134102797 55.25982630701829 -3.845892628063213 0.0 0.0 0.0
v -15.506735978272701 57.693480307382806 -3.626250111959654 0.0 0.0 0.0
v -15.783300329062378 55.26254759329077 -5.883290238201635 0.0 0.0 0.0
v -15.957568338613973 57.70739632176547 -1.6174899868917818 1.0 1.0 1.0
v -15.506735978272701 57.693480307382806 -3.626250111959654 1.0 1.0 1.0
v -16.410306134102797 55.25982630701829 -3.845892628063213 1.0 1.0 1.0
v -15.957568338613973 57.70739632176547 -1.6174899868917818 1.0 1.0 1.0
v -14.53699722874292 60.09991979064057 -3.3893882447466774 1.0 1.0 1.0
v -15.506735978272701 57.693480307382806 -3.626250111959654 1.0 1.0 1.0
v -15.506735978272701 57.693480307382806 -3.626250111959654 0.55 0.55 0.55
v -14.53699722874292 60.09991979064057 -3.3893882447466774 0.55 0.55 0.55
v -15.05759383559562 57.72998337279992 -5.581666452771365 0.55 0.55 0.55
v -15.783300329062378 55.26254759329077 -5.883290238201635 0.55 0.55 0.55
v -15.783300329062378 55.26254759329077 -5.883290238201635 0.55 0.55 0.55
v -15.05759383559562 57.72998337279992 -5.581666452771365 0.55 0.55 0.55
v -14.455340765604648 56.4764469490805 -7.627173921822378 0.55 0.55 0.55
v -15.242423300747094 54.024266581981394 -8.058440044484124 0.55 0.55 0.55
v -15.242423300747094 54.024266581981394 -8.058440044484124 0.0 0.0 0.0
v -14.455340765604648 56.4764469490805 -7.627173921822378 0.0 0.0 0.0
v -13.801677411654516 55.26730095004756 -9.67450561532792 0.0 0.0 0.0
v -14.455340765604648 56.4764469490805 -7.627173921822378 0.0 0.0 0.0
v -13.598340882224191 58.89798432282404 -7.157043387266394 0.0 0.0 0.0
v -13.801677411654516 55.26730095004756 -9.67450561532792 0.0 0.0 0.0
v -15.05759383559562 57.72998337279992 -5.581666452771365 1.0 1.0 1.0
v -13.598340882224191 58.89798432282404 -7.157043387266394 1.0 1.0 1.0
v -14.455340765604648 56.4764469490805 -7.627173921822378 1.0 1.0 1.0
v -15.05759383559562 57.72998337279992 -5.581666452771365 1.0 1.0 1.0
v -12.688037041275646 61.29436856930179 -6.658714846884962 1.0 1.0 1.0
v -13.598340882224191 58.89798432282404 -7.157043387266394 1.0 1.0 1.0
v -13.598340882224191 58.89798432282404 -7.157043387266394 0.55 0.55 0.55
v -12.688037041275646 61.29436856930179 -6.658714846884962 0.55 0.55 0.55
v -13.181295513310005 57.73588052061873 -9.191907022406141 0.55 0.55 0.55
v -13.801677411654516 55.26730095004756 -9.67450561532792 0.55 0.55 0.55
v -13.801677411654516 55.26730095004756 -9.67450561532792 0.55 0.55 0.55
v -13.181295513310005 57.73588052061873 -9.191907022406141 0.55 0.55 0.55
v -11.827368946868678 57.723685663034146 -10.859245527701002 0.55 0.55 0.55
v -12.397536857533177 55.256433957090906 -11.396847396663585 0.55 0.55 0.55
v -12.397536857533177 55.256433957090906 -11.396847396663585 0.55 0.55 0.55
v -11.827368946868678 57.723685663034146 -10.859245527701002 0.55 0.55 0.55
v -10.145232902578982 58.33427923489387 -11.922548461182696 0.55 0.55 0.55
v -10.747243724043761 55.81299952724899 -12.687770953141088 0.55 0.55 0.55
v -10.747243724043761 55.81299952724899 -12.687770953141088 0.55 0.55 0.55
v -10.145232902578982 58.33427923489387 -11.922548461182696 0.55 0.55 0.55
v -8.626791604249014 57.4826729755286 -13.40690096602224 0.55 0.55 0.55
v -9.081927037498911 55.02710472329325 -14.13424214003062 0.55 0.55 0.55
v -9.081927037498911 55.02710472329325 -14.13424214003062 0.55 0.55 0.55
v -8.626791604249014 57.4826729755286 -13.40690096602224 0.55 0.55 0.55
v -6.883819880227277 57.81386062011976 -14.340712171011996 0.55 0.55 0.55
v -7.265996692526804 55.37895553671604 -15.25131759958699 0.55 0.55 0.55
v -7.265996692526804 55.37895553671604 -15.25131759958699 0.55 0.55 0.55
v -6.883819880227277 57.81386062011976 -14.340712171011996 0.55 0.55 0.55
v -5.084736106014746 57.01781496525372 -15.374404293010707 0.55 0.55 0.55
v -5.360067522496064 54.6334567934007 -16.277876025354733 0.55 0.55 0.55
v -5.360067522496064 54.6334567934007 -16.277876025354733 0.55 0.55 0.55
v -5.084736106014746 57.01781496525372 -15.374404293010707 0.55 0.55 0.55
v -3.04718955259967 57.85310343441462 -15.602150920157722 0.55 0.55 0.55
v -3.189007922864961 55.41113086490843 -16.530206023834495 0.55 0.55 0.55
v -3.189007922864961 55.41113086490843 -16.530206023834495 0.55 0.55 0.55
v -3.04718955259967 57.85310343441462 -15.602150920157722 0.55 0.55 0.55
v -1.0136453523580775 57.70627436775029 -16.017522721826754 0.55 0.55 0.55
v -1.033436569697324 55.24147168146624 -16.800174157121038 0.55 0.55 0.55
v -1.033436569697324 55.24147168146624 -16.800174157121038 0.55 0.55 0.55
v -1.0136453523580775 57.70627436775029 -16.017522721826754 0.55 0.55 0.55
v 1.0396945325095248 57.10808145710939 -16.131358873129365 0.55 0.55 0.55
v 1.1081644874651317 54.70126969096976 -17.0793033748726 0.55 0.55 0.55
v 1.1081644874651317 54.70126969096976 -17.0793033748726 0.55 0.55 0.55
v 1.0396945325095248 57.10808145710939 -16.131358873129365 0.55 0.55 0.55
v 3.043296367079832 57.56851860827653 -15.663711157296197 0.55 0.55 0.55
v 3.260557947737923 55.15045088858864 -16.588399739405215 0.55 0.55 0.55
v 3.260557947737923 55.15045088858864 -16.588399739405215 0.55 0.55 0.55
v 3.043296367079832 57.56851860827653 -15.663711157296197 0.55 0.55 0.55
v 5.15355957903097 56.49916091123394 -15.544749773227863 0.55 0.55 0.55
v 5.472039464349559 54.0771227780058 -16.353789475335585 0.55 0.55 0.55
v 5.472039464349559 54.0771227780058 -16.353789475335585 0.0 0.0 0.0
v 5.15355957903097 56.49916091123394 -15.544749773227863 0.0 0.0 0.0
v 7.220853176126504 55.38486237063193 -14.988611027169869 0.0 0.0 0.0
v 5.15355957903097 56.49916091123394 -15.544749773227863 0.0 0.0 0.0
v 4.799444372548721 58.89338381133235 -14.670114524982644 0.0 0.0 0.0
v 7.220853176126504 55.38486237063193 -14.988611027169869 0.0 0.0 0.0
v 3.043296367079832 57.56851860827653 -15.663711157296197 1.0 1.0 1.0
v 4.799444372548721 58.89338381133235 -14.670114524982644 1.0 1.0 1.0
v 5.15355957903097 56.49916091123394 -15.544749773227863 1.0 1.0 1.0
v 3.043296367079832 57.56851860827653 -15.663711157296197 1.0 1.0 1.0
v 4.403087221478208 61.26460767493927 -13.752088006182468 1.0 1.0 1.0
v 4.799444372548721 58.89338381133235 -14.670114524982644 1.0 1.0 1.0
v 4.799444372548721 58.89338381133235 -14.670114524982644 0.55 0.55 0.55
v 4.403087221478208 61.26460767493927 -13.752088006182468 0.55 0.55 0.55
v 6.81394362056709 57.80422149872468 -14.226257212529847 0.55 0.55 0.55
v 7.220853176126504 55.38486237063193 -14.988611027169869 0.55 0.55 0.55
v 7.220853176126504 55.38486237063193 -14.988611027169869 0.55 0.55 0.55
v 6.81394362056709 57.80422149872468 -14.226257212529847 0.55 0.55 0.55
v 8.75474451017789 57.467431037825726 -13.48826990551028 0.55 0.55 0.55
v 9.337695793357375 55.061338373459634 -14.268667343092876 0.55 0.55 0.55
v 9.337695793357375 55.061338373459634 -14.268667343092876 0.55 0.55 0.55
v 8.75474451017789 57.467431037825726 -13.48826990551028 0.55 0.55 0.55
v 10.9108048947435 55.20118614969668 -12.873397247768033 0.55 0.55 0.55
v 11.479796727312733 52.684624110732734 -13.440955985812336 0.55 0.55 0.55
v 11.479796727312733 52.684624110732734 -13.440955985812336 0.0 0.0 0.0
v 10.9108048947435 55.20118614969668 -12.873397247768033 0.0 0.0 0.0
v 12.259110994495048 55.53636927239613 -11.191276557499343 0.0 0.0 0.0
v 10.9108048947435 55.20118614969668 -12.873397247768033 0.0 0.0 0.0
v 10.326133312916985 57.69247674852927 -12.216751776749009 0.0 0.0 0.0
v 12.259110994495048 55.53636927239613 -11.191276557499343 0.0 0.0 0.0
v 8.75474451017789 57.467431037825726 -13.48826990551028 1.0 1.0 1.0
v 10.326133312916985 57.69247674852927 -12.216751776749009 1.0 1.0 1.0
v 10.9108048947435 55.20118614969668 -12.873397247768033 1.0 1.0 1.0
v 8.75474451017789 57.467431037825726 -13.48826990551028 1.0 1.0 1.0
v 9.712467730863839 60.161109383751864 -11.511416632014008 1.0 1.0 1.0
v 10.326133312916985 57.69247674852927 -12.216751776749009 1.0 1.0 1.0
v 10.326133312916985 57.69247674852927 -12.216751776749009 0.55 0.55 0.55
v 9.712467730863839 60.161109383751864 -11.511416632014008 0.55 0.55 0.55
v 12.00896508100006 57.80759242013639 -10.198760708714818 0.55 0.55 0.55
v 12.259110994495048 55.53636927239613 -11.191276557499343 0.55 0.55 0.55
v 12.259110994495048 55.53636927239613 -11.191276557499343 0.55 0.55 0.55
v 12.00896508100006 57.80759242013639 -10.198760708714818 0.55 0.55 0.55
v 12.814404449200325 57.050875321920834 -9.499904273282231 0.55 0.55 0.55
v 13.831272008497237 54.695455978819204 -9.852685615634128 0.55 0.55 0.55
v 13.831272008497237 54.695455978819204 -9.852685615634128 0.55 0.55 0.55
v 12.814404449200325 57.050875321920834 -9.499904273282231 0.55 0.55 0.55
v 13.999211946803374 57.74200605759295 -7.7956360733815915 0.55 0.55 0.55
v 14.806748758299365 55.281506531507944 -7.946371615393183 0.55 0.55 0.55
v 14.806748758299365 55.281506531507944 -7.946371615393183 0.55 0.55 0.55
v 13.999211946803374 57.74200605759295 -7.7956360733815915 0.55 0.55 0.55
v 15.028830817593999 57.71209461682931 -5.692281262084555 0.55 0.55 0.55
v 15.79910026648525 55.24731221347527 -5.850386428114183 0.55 0.55 0.55
v 15.79910026648525 55.24731221347527 -5.850386428114183 0.55 0.55 0.55
v 15.028830817593999 57.71209461682931 -5.692281262084555 0.55 0.55 0.55
v 15.7298943800058 57.70004395672597 -3.4105860613730345 0.55 0.55 0.55
v 16.496796125263977 55.236292598779954 -3.570833363315885 0.55 0.55 0.55
v 16.496796125263977 55.236292598779954 -3.570833363315885 0.55 0.55 0.55
v 15.7298943800058 57.70004395672597 -3.4105860613730345 0.55 0.55 0.55
v 15.919882425034851 57.883573376518115 -0.9713556525895529 0.55 0.55 0.55
v 16.77014638587025 55.452332700671036 -1.1453460803529831 0.55 0.55 0.55
v 16.77014638587025 55.452332700671036 -1.1453460803529831 0.55 0.55 0.55
v 15.919882425034851 57.883573376518115 -0.9713556525895529 0.55 0.55 0.55
v 16.811873317214964 55.14697482081283 0.18053524666166826 0.55 0.55 0.55
v 17.75632952343709 52.48614798652412 0.38169625078446123 0.55 0.55 0.55
v 17.75632952343709 52.48614798652412 0.38169625078446123 0.55 0.55 0.55
v 16.811873317214964 55.14697482081283 0.18053524666166826 0.55 0.55 0.55
v 15.875367287631251 57.70317104150172 2.4765810947510705 0.55 0.55 0.55
v 16.64342545965592 55.23892280701446 2.6421187536356445 0.55 0.55 0.55
v 15.875367287631251 57.70317104150172 2.4765810947510705 0.0 0.0 0.0
v 15.062581856946174 60.152770156918066 2.30704892281427 0.0 0.0 0.0
v 13.656566388602457 62.589495838140856 4.473561164910147 0.0 0.0 0.0
v 15.062581856946174 60.152770156918066 2.30704892281427 0.0 0.0 0.0
v 14.225442585555486 62.59365843116305 2.130496290873173 0.0 0.0 0.0
v 13.656566388602457 62.589495838140856 4.473561164910147 0.0 0.0 0.0
v 16.811873317214964 55.14697482081283 0.18053524666166826 1.0 0.0 0.0
v 15.919882425034851 57.883573376518115 -0.9713556525895529 1.0 0.0 0.0
v 15.015540046169505 60.29454028215626 -0.7877021910970413 1.0 0.0 0.0
v 15.062581856946174 60.152770156918066 2.30704892281427 1.0 0.0 0.0
v 15.875367287631251 57.70317104150172 2.4765810947510705 1.0 0.0 0.0
v 15.7298943800058 57.70004395672597 -3.4105860613730345 0.55 0.55 0.55
v 14.91727128048614 60.14888458943625 -3.2468509156167498 0.55 0.55 0.55
v 15.015540046169505 60.29454028215626 -0.7877021910970413 0.55 0.55 0.55
v 15.919882425034851 57.883573376518115 -0.9713556525895529 0.55 0.55 0.55
v 15.028830817593999 57.71209461682931 -5.692281262084555 0.55 0.55 0.55
v 14.209438963804413 60.16148122538057 -5.541542093794992 0.55 0.55 0.55
v 14.91727128048614 60.14888458943625 -3.2468509156167498 0.55 0.55 0.55
v 15.7298943800058 57.70004395672597 -3.4105860613730345 0.55 0.55 0.55
v 13.999211946803374 57.74200605759295 -7.7956360733815915 0.55 0.55 0.55
v 13.124774155371572 60.18146404628668 -7.679558070853316 0.55 0.55 0.55
v 14.209438963804413 60.16148122538057 -5.541542093794992 0.55 0.55 0.55
v 15.028830817593999 57.71209461682931 -5.692281262084555 0.55 0.55 0.55
v 12.814404449200325 57.050875321920834 -9.499904273282231 1.0 0.0 0.0
v 12.00896508100006 57.80759242013639 -10.198760708714818 1.0 0.0 0.0
v 11.203064611126448 60.21025077209358 -9.755533334501147 1.0 0.0 0.0
v 13.124774155371572 60.18146404628668 -7.679558070853316 1.0 0.0 0.0
v 13.999211946803374 57.74200605759295 -7.7956360733815915 1.0 0.0 0.0
v 9.712467730863839 60.161109383751864 -11.511416632014008 1.0 1.0 1.0
v 11.203064611126448 60.21025077209358 -9.755533334501147 1.0 1.0 1.0
v 12.00896508100006 57.80759242013639 -10.198760708714818 1.0 1.0 1.0
v 9.712467730863839 60.161109383751864 -11.511416632014008 1.0 1.0 1.0
v 10.31900192110872 62.61020601610496 -9.405452136724325 1.0 1.0 1.0
v 11.203064611126448 60.21025077209358 -9.755533334501147 1.0 1.0 1.0
v 11.203064611126448 60.21025077209358 -9.755533334501147 0.55 0.55 0.55
v 10.31900192110872 62.61020601610496 -9.405452136724325 0.55 0.55 0.55
v 12.256023901058672 62.618895863519185 -7.493620443621473 0.55 0.55 0.55
v 13.124774155371572 60.18146404628668 -7.679558070853316 0.55 0.55 0.55
v 13.124774155371572 60.18146404628668 -7.679558070853316 0.55 0.55 0.55
v 12.256023901058672 62.618895863519185 -7.493620443621473 0.55 0.55 0.55
v 13.3687707783813 62.60254139540746 -5.373696383092756 0.55 0.55 0.55
v 14.209438963804413 60.16148122538057 -5.541542093794992 0.55 0.55 0.55
v 14.209438963804413 60.16148122538057 -5.541542093794992 0.55 0.55 0.55
v 13.3687707783813 62.60254139540746 -5.373696383092756 0.55 0.55 0.55
v 14.081024979753579 62.589173655387604 -3.0745721614358343 0.55 0.55 0.55
v 14.91727128048614 60.14888458943625 -3.2468509156167498 0.55 0.55 0.55
v 14.91727128048614 60.14888458943625 -3.2468509156167498 0.55 0.55 0.55
v 14.081024979753579 62.589173655387604 -3.0745721614358343 0.55 0.55 0.55
v 14.076396672145393 62.6913876370353 -0.5940142841999723 0.55 0.55 0.55
v 15.015540046169505 60.29454028215626 -0.7877021910970413 0.55 0.55 0.55
v 15.015540046169505 60.29454028215626 -0.7877021910970413 0.55 0.55 0.55
v 14.076396672145393 62.6913876370353 -0.5940142841999723 0.55 0.55 0.55
v 14.225442585555486 62.59365843116305 2.130496290873173 0.55 0.55 0.55
v 15.062581856946174 60.152770156918066 2.30704892281427 0.55 0.55 0.55
v 14.225442585555486 62.59365843116305 2.130496290873173 0.55 0.55 0.55
v 13.38453164328161 65.0327506397517 1.94724887249066 0.55 0.55 0.55
v 12.817629109496009 65.02841532425188 4.29484548240895 0.55 0.55 0.55
v 13.656566388602457 62.589495838140856 4.473561164910147 0.55 0.55 0.55
v 13.656566388602457 62.589495838140856 4.473561164910147 0.55 0.55 0.55
v 12.817629109496009 65.02841532425188 4.29484548240895 0.55 0.55 0.55
v 13.585200440572946 60.15977972347434 6.8568387935868556 0.55 0.55 0.55
v 14.441618967190887 57.71887355595288 6.998489771563916 0.55 0.55 0.55
v 14.441618967190887 57.71887355595288 6.998489771563916 0.55 0.55 0.55
v 13.585200440572946 60.15977972347434 6.8568387935868556 0.55 0.55 0.55
v 12.319966316045164 60.19814081266044 8.909357706005297 0.55 0.55 0.55
v 13.271028628350045 57.77996726060963 9.03018822428094 0.55 0.55 0.55
v 12.480156007703563 56.40758430252883 10.439423220496732 1.0 1.0 0.0
v 13.271028628350045 57.77996726060963 9.03018822428094 1.0 1.0 0.0
v 12.319966316045164 60.19814081266044 8.909357706005297 1.0 1.0 0.0
v 10.554396944731895 59.53969945193809 11.128192105098947 1.0 1.0 0.0
v 12.319966316045164 60.19814081266044 8.909357706005297 0.0 0.0 0.0
v 11.418288150906495 62.62817146726413 8.676471201449756 0.0 0.0 0.0
v 10.554396944731895 59.53969945193809 11.128192105098947 0.0 0.0 0.0
v 13.585200440572946 60.15977972347434 6.8568387935868556 0.55 0.55 0.55
v 12.721371296175878 62.59543368356447 6.673075371032849 0.55 0.55 0.55
v 11.418288150906495 62.62817146726413 8.676471201449756 0.55 0.55 0.55
v 12.319966316045164 60.19814081266044 8.909357706005297 0.55 0.55 0.55
v 12.817629109496009 65.02841532425188 4.29484548240895 1.0 1.0 1.0
v 12.721371296175878 62.59543368356447 6.673075371032849 1.0 1.0 1.0
v 13.585200440572946 60.15977972347434 6.8568387935868556 1.0 1.0 1.0
v 12.817629109496009 65.02841532425188 4.29484548240895 1.0 1.0 1.0
v 11.853739221833232 65.02953443154905 6.486571064629446 1.0 1.0 1.0
v 12.721371296175878 62.59543368356447 6.673075371032849 1.0 1.0 1.0
v 12.721371296175878 62.59543368356447 6.673075371032849 0.55 0.55 0.55
v 11.853739221833232 65.02953443154905 6.486571064629446 0.55 0.55 0.55
v 10.497212977451747 65.05249419742833 8.459940056829925 0.55 0.55 0.55
v 11.418288150906495 62.62817146726413 8.676471201449756 0.55 0.55 0.55
v 11.418288150906495 62.62817146726413 8.676471201449756 0.55 0.55 0.55
v 10.497212977451747 65.05249419742833 8.459940056829925 0.55 0.55 0.55
v 9.702473096262407 61.94361670274863 10.597621758314869 0.55 0.55 0.55
v 10.554396944731895 59.53969945193809 11.128192105098947 0.55 0.55 0.55
v 10.554396944731895 59.53969945193809 11.128192105098947 0.55 0.55 0.55
v 9.702473096262407 61.94361670274863 10.597621758314869 0.55 0.55 0.55
v 8.646773436137174 59.90636950910836 12.263043208295013 0.55 0.55 0.55
v 9.22458869115967 57.44660756765805 12.964203969781385 0.55 0.55 0.55
v 6.645705921870256 61.3999503492484 12.491231830019572 1.0 0.0 0.0
v 9.22458869115967 57.44660756765805 12.964203969781385 1.0 0.0 0.0
v 8.646773436137174 59.90636950910836 12.263043208295013 1.0 0.0 0.0
v 5.355307347769903 60.10319022741147 13.939300879644142 1.0 0.0 0.0
v 5.761823628118472 57.69769771929086 14.857392988275238 1.0 0.0 0.0
v 5.761823628118472 57.69769771929086 14.857392988275238 0.55 0.55 0.55
v 5.355307347769903 60.10319022741147 13.939300879644142 0.55 0.55 0.55
v 3.6603166581243025 60.188506226061065 14.772737310741922 0.55 0.55 0.55
v 3.883721019118901 57.734585615325656 15.569081106419759 0.55 0.55 0.55
v 3.883721019118901 57.734585615325656 15.569081106419759 0.55 0.55 0.55
v 3.6603166581243025 60.188506226061065 14.772737310741922 0.55 0.55 0.55
v 1.5325476059260084 61.31200697855142 14.239987577507504 0.55 0.55 0.55
v 1.7128537300050908 58.91484834652732 15.265569169028808 0.55 0.55 0.55
v 1.7128537300050908 58.91484834652732 15.265569169028808 0.55 0.55 0.55
v 1.5325476059260084 61.31200697855142 14.239987577507504 0.55 0.55 0.55
v -0.1805033666526849 60.18681222206221 15.251165951297823 0.55 0.55 0.55
v -0.1729848851757114 57.73340889508311 16.0832864582561 0.55 0.55 0.55
v -0.1729848851757114 57.73340889508311 16.0832864582561 0.55 0.55 0.55
v -0.1805033666526849 60.18681222206221 15.251165951297823 0.55 0.55 0.55
v -2.2483666106366695 60.17250169556935 15.055929384421367 0.55 0.55 0.55
v -2.3156772026367154 57.72010716377604 15.881519239869926 0.55 0.55 0.55
v -2.3156772026367154 57.72010716377604 15.881519239869926 0.55 0.55 0.55
v -2.2483666106366695 60.17250169556935 15.055929384421367 0.55 0.55 0.55
v -3.921362128974381 61.19842762105396 13.924395537870184 0.55 0.55 0.55
v -4.154167117204668 58.81827002691729 14.898080383070583 0.55 0.55 0.55
v -4.154167117204668 58.81827002691729 14.898080383070583 0.0 0.0 0.0
v -3.921362128974381 61.19842762105396 13.924395537870184 0.0 0.0 0.0
v -5.910526016663269 59.90548029392387 13.839021985940898 0.0 0.0 0.0
v -3.921362128974381 61.19842762105396 13.924395537870184 0.0 0.0 0.0
v -3.667078706009228 63.562134060458504 12.91725974610339 0.0 0.0 0.0
v -5.910526016663269 59.90548029392387 13.839021985940898 0.0 0.0 0.0
v -2.2483666106366695 60.17250169556935 15.055929384421367 0.55 0.55 0.55
v -2.210863091045793 62.61617607296831 14.202494267622015 0.55 0.55 0.55
v -3.667078706009228 63.562134060458504 12.91725974610339 0.55 0.55 0.55
v -3.921362128974381 61.19842762105396 13.924395537870184 0.55 0.55 0.55
v -0.1805033666526849 60.18681222206221 15.251165951297823 0.55 0.55 0.55
v -0.15934732387316283 62.63258498929864 14.397098292744452 0.55 0.55 0.55
v -2.210863091045793 62.61617607296831 14.202494267622015 0.55 0.55 0.55
v -2.2483666106366695 60.17250169556935 15.055929384421367 0.55 0.55 0.55
v 1.5325476059260084 61.31200697855142 14.239987577507504 1.0 0.0 0.0
v 3.6603166581243025 60.188506226061065 14.772737310741922 1.0 0.0 0.0
v 3.4885672896452125 62.625072567246946 13.939086703502968 1.0 0.0 0.0
v -0.15934732387316283 62.63258498929864 14.397098292744452 1.0 0.0 0.0
v -0.1805033666526849 60.18681222206221 15.251165951297823 1.0 0.0 0.0
v 5.355307347769903 60.10319022741147 13.939300879644142 0.55 0.55 0.55
v 4.890624603652604 62.48495804634912 12.988235076477036 0.55 0.55 0.55
v 3.4885672896452125 62.625072567246946 13.939086703502968 0.55 0.55 0.55
v 3.6603166581243025 60.188506226061065 14.772737310741922 0.55 0.55 0.55
v 8.646773436137174 59.90636950910836 12.263043208295013 0.55 0.55 0.55
v 7.733086261788505 62.32462979952806 11.82867544598679 0.55 0.55 0.55
v 4.890624603652604 62.48495804634912 12.988235076477036 0.55 0.55 0.55
v 5.355307347769903 60.10319022741147 13.939300879644142 0.55 0.55 0.55
v 9.702473096262407 61.94361670274863 10.597621758314869 1.0 1.0 1.0
v 7.733086261788505 62.32462979952806 11.82867544598679 1.0 1.0 1.0
v 8.646773436137174 59.90636950910836 12.263043208295013 1.0 1.0 1.0
v 9.702473096262407 61.94361670274863 10.597621758314869 1.0 1.0 1.0
v 6.689553580987002 64.68613500081501 11.430659974174144 1.0 1.0 1.0
v 7.733086261788505 62.32462979952806 11.82867544598679 1.0 1.0 1.0
v 4.890624603652604 62.48495804634912 12.988235076477036 1.0 0.0 0.0
v 7.733086261788505 62.32462979952806 11.82867544598679 1.0 0.0 0.0
v 6.689553580987002 64.68613500081501 11.430659974174144 1.0 0.0 0.0
v 3.618651541173322 65.00085055112801 13.031644217321126 1.0 0.0 0.0
v 3.4885672896452125 62.625072567246946 13.939086703502968 1.0 0.0 0.0
v 3.4885672896452125 62.625072567246946 13.939086703502968 0.55 0.55 0.55
v 3.618651541173322 65.00085055112801 13.031644217321126 0.55 0.55 0.55
v 0.3591118322860908 64.99214918148454 13.548036530302372 0.55 0.55 0.55
v -0.15934732387316283 62.63258498929864 14.397098292744452 0.55 0.55 0.55
v -0.15934732387316283 62.63258498929864 14.397098292744452 0.55 0.55 0.55
v 0.3591118322860908 64.99214918148454 13.548036530302372 0.55 0.55 0.55
v -2.511291790311589 65.02602608253103 13.320770715102196 0.55 0.55 0.55
v -2.210863091045793 62.61617607296831 14.202494267622015 0.55 0.55 0.55
v -3.667078706009228 63.562134060458504 12.91725974610339 1.0 0.0 0.0
v -2.210863091045793 62.61617607296831 14.202494267622015 1.0 0.0 0.0
v -2.511291790311589 65.02602608253103 13.320770715102196 1.0 0.0 0.0
v -5.627074468170474 62.34360480850847 12.969126939662544 1.0 0.0 0.0
v -5.910526016663269 59.90548029392387 13.839021985940898 1.0 0.0 0.0
v -8.100776604378526 57.12171104548292 13.98356417088427 1.0 0.0 0.0
v -5.910526016663269 59.90548029392387 13.839021985940898 1.0 0.0 0.0
v -5.627074468170474 62.34360480850847 12.969126939662544 1.0 0.0 0.0
v -9.29610080092864 60.16172797526487 12.050043377408555 1.0 0.0 0.0
v -9.768771995052115 57.71100716492068 12.73045380969345 1.0 0.0 0.0
v -9.768771995052115 57.71100716492068 12.73045380969345 0.0 0.0 0.0
v -9.29610080092864 60.16172797526487 12.050043377408555 0.0 0.0 0.0
v -10.626875918496447 59.97334735019262 10.700005353412022 0.0 0.0 0.0
v -9.29610080092864 60.16172797526487 12.050043377408555 0.0 0.0 0.0
v -8.805281734487341 62.60357974401636 11.352680541831786 0.0 0.0 0.0
v -10.626875918496447 59.97334735019262 10.700005353412022 0.0 0.0 0.0
v -5.627074468170474 62.34360480850847 12.969126939662544 1.0 1.0 1.0
v -8.805281734487341 62.60357974401636 11.352680541831786 1.0 1.0 1.0
v -9.29610080092864 60.16172797526487 12.050043377408555 1.0 1.0 1.0
v -5.627074468170474 62.34360480850847 12.969126939662544 1.0 1.0 1.0
v -8.481333025724089 65.02580153145288 10.521017550394118 1.0 1.0 1.0
v -8.805281734487341 62.60357974401636 11.352680541831786 1.0 1.0 1.0
v -8.805281734487341 62.60357974401636 11.352680541831786 0.55 0.55 0.55
v -8.481333025724089 65.02580153145288 10.521017550394118 0.55 0.55 0.55
v -9.929579271970056 62.3732946222578 9.96971538542068 0.55 0.55 0.55
v -10.626875918496447 59.97334735019262 10.700005353412022 0.55 0.55 0.55
v -10.626875918496447 59.97334735019262 10.700005353412022 0.55 0.55 0.55
v -9.929579271970056 62.3732946222578 9.96971538542068 0.55 0.55 0.55
v -12.027989457983212 60.15499511465283 9.327033928438112 0.55 0.55 0.55
v -12.66155359207662 57.704760819926385 9.856550679670987 0.55 0.55 0.55
v -12.66155359207662 57.704760819926385 9.856550679670987 0.55 0.55 0.55
v -12.027989457983212 60.15499511465283 9.327033928438112 0.55 0.55 0.55
v -13.04065409896476 59.47751054832092 7.664054527607471 0.55 0.55 0.55
v -13.913892614786734 57.10885571158241 8.239456223830356 0.55 0.55 0.55
v -13.632818766127013 60.158155771045394 5.860848461742771 1.0 1.0 0.0
v -13.913892614786734 57.10885571158241 8.239456223830356 1.0 1.0 0.0
v -13.04065409896476 59.47751054832092 7.664054527607471 1.0 1.0 0.0
v -14.85517826265965 58.81097949570476 4.300958765016617 1.0 1.0 0.0
v -13.04065409896476 59.47751054832092 7.664054527607471 0.0 0.0 0.0
v -12.118336478503728 61.81079244349864 7.025113131712599 0.0 0.0 0.0
v -14.85517826265965 58.81097949570476 4.300958765016617 0.0 0.0 0.0
v -12.027989457983212 60.15499511465283 9.327033928438112 0.0 1.0 0.0
v -11.386967189120567 62.596643278340224 8.7674407843382 0.0 1.0 0.0
v -12.733830036088264 62.761648584743284 5.578384056098804 0.0 1.0 0.0
v -12.118336478503728 61.81079244349864 7.025113131712599 0.0 1.0 0.0
v -13.04065409896476 59.47751054832092 7.664054527607471 0.0 1.0 0.0
v -9.929579271970056 62.3732946222578 9.96971538542068 1.0 1.0 1.0
v -11.386967189120567 62.596643278340224 8.7674407843382 1.0 1.0 1.0
v -12.027989457983212 60.15499511465283 9.327033928438112 1.0 1.0 1.0
v -9.929579271970056 62.3732946222578 9.96971538542068 1.0 1.0 1.0
v -10.786249893972887 65.02746724040375 8.157021284796565 1.0 1.0 1.0
v -11.386967189120567 62.596643278340224 8.7674407843382 1.0 1.0 1.0
v -11.386967189120567 62.596643278340224 8.7674407843382 0.55 0.55 0.55
v -10.786249893972887 65.02746724040375 8.157021284796565 0.55 0.55 0.55
v -11.841198645775043 65.54420987138923 5.0761815930660354 0.55 0.55 0.55
v -12.733830036088264 62.761648584743284 5.578384056098804 0.55 0.55 0.55
v -12.118336478503728 61.81079244349864 7.025113131712599 1.0 0.0 0.0
v -12.733830036088264 62.761648584743284 5.578384056098804 1.0 0.0 0.0
v -11.841198645775043 65.54420987138923 5.0761815930660354 1.0 0.0 0.0
v -13.895502718306727 61.18343222357924 4.0416574255181885 1.0 0.0 0.0
v -14.85517826265965 58.81097949570476 4.300958765016617 1.0 0.0 0.0
v -14.85517826265965 58.81097949570476 4.300958765016617 0.55 0.55 0.55
v -13.895502718306727 61.18343222357924 4.0416574255181885 0.55 0.55 0.55
v -15.059409210124395 60.156685591786214 2.3178777167408198 0.55 0.55 0.55
v -15.876287770366114 57.7063095977413 2.4480223248796507 0.55 0.55 0.55
v -15.876287770366114 57.7063095977413 2.4480223248796507 0.0 0.0 0.0
v -15.059409210124395 60.156685591786214 2.3178777167408198 0.0 0.0 0.0
v -14.835062010713047 60.348621162426724 0.35701192500373025 0.0 0.0 0.0
v -15.059409210124395 60.156685591786214 2.3178777167408198 0.0 0.0 0.0
v -14.216202636512712 62.59870145503081 2.2013010309070977 0.0 0.0 0.0
v -14.835062010713047 60.348621162426724 0.35701192500373025 0.0 0.0 0.0
v -13.895502718306727 61.18343222357924 4.0416574255181885 1.0 1.0 1.0
v -14.216202636512712 62.59870145503081 2.2013010309070977 1.0 1.0 1.0
v -15.059409210124395 60.156685591786214 2.3178777167408198 1.0 1.0 1.0
v -13.895502718306727 61.18343222357924 4.0416574255181885 1.0 1.0 1.0
v -13.362762765448732 65.03027638899073 2.17593402371389 1.0 1.0 1.0
v -14.216202636512712 62.59870145503081 2.2013010309070977 1.0 1.0 1.0
v -14.216202636512712 62.59870145503081 2.2013010309070977 0.55 0.55 0.55
v -13.362762765448732 65.03027638899073 2.17593402371389 0.55 0.55 0.55
v -13.77754011496764 62.7607534657582 0.30704440478355405 0.55 0.55 0.55
v -14.835062010713047 60.348621162426724 0.35701192500373025 0.55 0.55 0.55
v -14.835062010713047 60.348621162426724 0.35701192500373025 0.55 0.55 0.55
v -13.77754011496764 62.7607534657582 0.30704440478355405 0.55 0.55 0.55
v -15.13767606308056 60.15817798625736 -1.5161691765361962 0.55 0.55 0.55
v -15.957568338613973 57.70739632176547 -1.6174899868917818 0.55 0.55 0.55
v -15.957568338613973 57.70739632176547 -1.6174899868917818 0.0 0.0 0.0
v -15.13767606308056 60.15817798625736 -1.5161691765361962 0.0 0.0 0.0
v -14.53699722874292 60.09991979064057 -3.3893882447466774 0.0 0.0 0.0
v -15.13767606308056 60.15817798625736 -1.5161691765361962 0.0 0.0 0.0
v -14.293487971361287 62.6002585950679 -1.4094425709041172 0.0 0.0 0.0
v -14.53699722874292 60.09991979064057 -3.3893882447466774 0.0 0.0 0.0
v -13.77754011496764 62.7607534657582 0.30704440478355405 1.0 1.0 1.0
v -14.293487971361287 62.6002585950679 -1.4094425709041172 1.0 1.0 1.0
v -15.13767606308056 60.15817798625736 -1.5161691765361962 1.0 1.0 1.0
v -13.77754011496764 62.7607534657582 0.30704440478355405 1.0 1.0 1.0
v -13.474296939313918 65.02391205138005 -1.0659009630756051 1.0 1.0 1.0
v -14.293487971361287 62.6002585950679 -1.4094425709041172 1.0 1.0 1.0
v -14.293487971361287 62.6002585950679 -1.4094425709041172 0.55 0.55 0.55
v -13.474296939313918 65.02391205138005 -1.0659009630756051 0.55 0.55 0.55
v -13.514122675592109 62.48470374179111 -3.1584270642381296 0.55 0.55 0.55
v -14.53699722874292 60.09991979064057 -3.3893882447466774 0.55 0.55 0.55
v -14.53699722874292 60.09991979064057 -3.3893882447466774 0.55 0.55 0.55
v -13.514122675592109 62.48470374179111 -3.1584270642381296 0.55 0.55 0.55
v -14.29196799888491 60.18261440513705 -5.258501882770887 0.55 0.55 0.55
v -15.05759383559562 57.72998337279992 -5.581666452771365 0.55 0.55 0.55
v -12.688037041275646 61.29436856930179 -6.658714846884962 1.0 0.0 0.0
v -15.05759383559562 57.72998337279992 -5.581666452771365 1.0 0.0 0.0
v -14.29196799888491 60.18261440513705 -5.258501882770887 1.0 0.0 0.0
v -12.527211491939275 60.18971542070969 -8.679439681199712 1.0 0.0 0.0
v -13.181295513310005 57.73588052061873 -9.191907022406141 1.0 0.0 0.0
v -13.181295513310005 57.73588052061873 -9.191907022406141 0.55 0.55 0.55
v -12.527211491939275 60.18971542070969 -8.679439681199712 0.55 0.55 0.55
v -11.226696183864927 60.17621414741251 -10.288599420217215 0.55 0.55 0.55
v -11.827368946868678 57.723685663034146 -10.859245527701002 0.55 0.55 0.55
v -11.827368946868678 57.723685663034146 -10.859245527701002 0.55 0.55 0.55
v -11.226696183864927 60.17621414741251 -10.288599420217215 0.55 0.55 0.55
v -9.507904145696019 60.829032709682295 -11.10087022868364 0.55 0.55 0.55
v -10.145232902578982 58.33427923489387 -11.922548461182696 0.55 0.55 0.55
v -10.145232902578982 58.33427923489387 -11.922548461182696 0.55 0.55 0.55
v -9.507904145696019 60.829032709682295 -11.10087022868364 0.55 0.55 0.55
v -8.15898821728977 59.92713635718409 -12.650642712432857 0.55 0.55 0.55
v -8.626791604249014 57.4826729755286 -13.40690096602224 0.55 0.55 0.55
v -8.626791604249014 57.4826729755286 -13.40690096602224 0.55 0.55 0.55
v -8.15898821728977 59.92713635718409 -12.650642712432857 0.55 0.55 0.55
v -6.474027817703163 60.21036880018576 -13.344215076620939 0.55 0.55 0.55
v -6.883819880227277 57.81386062011976 -14.340712171011996 0.55 0.55 0.55
v -6.883819880227277 57.81386062011976 -14.340712171011996 0.55 0.55 0.55
v -6.474027817703163 60.21036880018576 -13.344215076620939 0.55 0.55 0.55
v -4.7819832640653095 59.363075638559465 -14.381660304670715 0.55 0.55 0.55
v -5.084736106014746 57.01781496525372 -15.374404293010707 0.55 0.55 0.55
v -5.084736106014746 57.01781496525372 -15.374404293010707 0.55 0.55 0.55
v -4.7819832640653095 59.363075638559465 -14.381660304670715 0.55 0.55 0.55
v -2.9057612940670494 60.268049666128405 -14.605893026432145 0.55 0.55 0.55
v -3.04718955259967 57.85310343441462 -15.602150920157722 0.55 0.55 0.55
v -3.04718955259967 57.85310343441462 -15.602150920157722 0.55 0.55 0.55
v -2.9057612940670494 60.268049666128405 -14.605893026432145 0.55 0.55 0.55
v -0.9979967736446557 60.15626373975815 -15.189490250115046 0.55 0.55 0.55
v -1.0136453523580775 57.70627436775029 -16.017522721826754 0.55 0.55 0.55
v -1.0136453523580775 57.70627436775029 -16.017522721826754 0.55 0.55 0.55
v -0.9979967736446557 60.15626373975815 -15.189490250115046 0.55 0.55 0.55
v 0.9672313770737296 59.47663705125278 -15.09168957437596 0.55 0.55 0.55
v 1.0396945325095248 57.10808145710939 -16.131358873129365 0.55 0.55 0.55
v 1.0396945325095248 57.10808145710939 -16.131358873129365 0.55 0.55 0.55
v 0.9672313770737296 59.47663705125278 -15.09168957437596 0.55 0.55 0.55
v 2.802172708899598 59.95619088924498 -14.668628817610484 0.55 0.55 0.55
v 3.043296367079832 57.56851860827653 -15.663711157296197 0.55 0.55 0.55
v 3.043296367079832 57.56851860827653 -15.663711157296197 0.0 0.0 0.0
v 2.802172708899598 59.95619088924498 -14.668628817610484 0.0 0.0 0.0
v 4.403087221478208 61.26460767493927 -13.752088006182468 0.0 0.0 0.0
v 2.802172708899598 59.95619088924498 -14.668628817610484 0.0 0.0 0.0
v 2.53271353385383 62.393467234018125 -13.811496232763984 0.0 0.0 0.0
v 4.403087221478208 61.26460767493927 -13.752088006182468 0.0 0.0 0.0
v 0.9672313770737296 59.47663705125278 -15.09168957437596 0.55 0.55 0.55
v 0.8983132813014902 61.81092666691139 -13.977485360415741 0.55 0.55 0.55
v 2.53271353385383 62.393467234018125 -13.811496232763984 0.55 0.55 0.55
v 2.802172708899598 59.95619088924498 -14.668628817610484 0.55 0.55 0.55
v -0.9979967736446557 60.15626373975815 -15.189490250115046 0.55 0.55 0.55
v -0.9881937342428051 62.59762627918361 -14.335949512041703 0.55 0.55 0.55
v 0.8983132813014902 61.81092666691139 -13.977485360415741 0.55 0.55 0.55
v 0.9672313770737296 59.47663705125278 -15.09168957437596 0.55 0.55 0.55
v -2.9057612940670494 60.268049666128405 -14.605893026432145 0.55 0.55 0.55
v -2.929867498897416 62.6147838660867 -13.549066072599722 0.55 0.55 0.55
v -0.9881937342428051 62.59762627918361 -14.335949512041703 0.55 0.55 0.55
v -0.9979967736446557 60.15626373975815 -15.189490250115046 0.55 0.55 0.55
v -4.7819832640653095 59.363075638559465 -14.381660304670715 0.55 0.55 0.55
v -4.463517075976095 61.67320732245811 -13.313954226624372 0.55 0.55 0.55
v -2.929867498897416 62.6147838660867 -13.549066072599722 0.55 0.55 0.55
v -2.9057612940670494 60.268049666128405 -14.605893026432145 0.55 0.55 0.55
v -6.474027817703163 60.21036880018576 -13.344215076620939 0.55 0.55 0.55
v -6.0515622658069255 62.57251538632286 -12.274093397480591 0.55 0.55 0.55
v -4.463517075976095 61.67320732245811 -13.313954226624372 0.55 0.55 0.55
v -4.7819832640653095 59.363075638559465 -14.381660304670715 0.55 0.55 0.55
v -8.15898821728977 59.92713635718409 -12.650642712432857 0.55 0.55 0.55
v -7.675171804694316 62.36896356275253 -11.896098226988155 0.55 0.55 0.55
v -6.0515622658069255 62.57251538632286 -12.274093397480591 0.55 0.55 0.55
v -6.474027817703163 60.21036880018576 -13.344215076620939 0.55 0.55 0.55
v -9.507904145696019 60.829032709682295 -11.10087022868364 0.55 0.55 0.55
v -8.95279571786599 63.29190496535952 -10.159140337397773 0.55 0.55 0.55
v -7.675171804694316 62.36896356275253 -11.896098226988155 0.55 0.55 0.55
v -8.15898821728977 59.92713635718409 -12.650642712432857 0.55 0.55 0.55
v -11.226696183864927 60.17621414741251 -10.288599420217215 0.55 0.55 0.55
v -10.61218579132304 62.619831069998206 -9.696630941265047 0.55 0.55 0.55
v -8.95279571786599 63.29190496535952 -10.159140337397773 0.55 0.55 0.55
v -9.507904145696019 60.829032709682295 -11.10087022868364 0.55 0.55 0.55
v -12.527211491939275 60.18971542070969 -8.679439681199712 0.55 0.55 0.55
v -11.876979484647475 62.6348395942345 -8.123275939229607 0.55 0.55 0.55
v -10.61218579132304 62.619831069998206 -9.696630941265047 0.55 0.55 0.55
v -11.226696183864927 60.17621414741251 -10.288599420217215 0.55 0.55 0.55
v -14.29196799888491 60.18261440513705 -5.258501882770887 0.55 0.55 0.55
v -13.521708948868575 62.620222787278195 -4.875657225093289 0.55 0.55 0.55
v -11.876979484647475 62.6348395942345 -8.123275939229607 0.55 0.55 0.55
v -12.527211491939275 60.18971542070969 -8.679439681199712 0.55 0.55 0.55
v -13.514122675592109 62.48470374179111 -3.1584270642381296 1.0 1.0 1.0
v -13.521708948868575 62.620222787278195 -4.875657225093289 1.0 1.0 1.0
v -14.29196799888491 60.18261440513705 -5.258501882770887 1.0 1.0 1.0
v -13.514122675592109 62.48470374179111 -3.1584270642381296 1.0 1.0 1.0
v -12.835555325037557 65.01403093874265 -4.251448070733513 1.0 1.0 1.0
v -13.521708948868575 62.620222787278195 -4.875657225093289 1.0 1.0 1.0
v -13.521708948868575 62.620222787278195 -4.875657225093289 0.55 0.55 0.55
v -12.835555325037557 65.01403093874265 -4.251448070733513 0.55 0.55 0.55
v -11.445600640006969 65.01280483905805 -7.231620904513925 0.55 0.55 0.55
v -11.876979484647475 62.6348395942345 -8.123275939229607 0.55 0.55 0.55
v -11.876979484647475 62.6348395942345 -8.123275939229607 0.55 0.55 0.55
v -11.445600640006969 65.01280483905805 -7.231620904513925 0.55 0.55 0.55
v -9.66641734941725 65.01194931190659 -9.509127756887413 0.55 0.55 0.55
v -10.61218579132304 62.619831069998206 -9.696630941265047 0.55 0.55 0.55
v -8.95279571786599 63.29190496535952 -10.159140337397773 1.0 0.0 0.0
v -10.61218579132304 62.619831069998206 -9.696630941265047 1.0 0.0 0.0
v -9.66641734941725 65.01194931190659 -9.509127756887413 1.0 0.0 0.0
v -6.8792882388667 64.76324575780325 -11.352737989391361 1.0 0.0 0.0
v -7.675171804694316 62.36896356275253 -11.896098226988155 1.0 0.0 0.0
v -4.463517075976095 61.67320732245811 -13.313954226624372 1.0 0.0 0.0
v -6.0515622658069255 62.57251538632286 -12.274093397480591 1.0 0.0 0.0
v -7.675171804694316 62.36896356275253 -11.896098226988155 1.0 0.0 0.0
v -6.8792882388667 64.76324575780325 -11.352737989391361 1.0 0.0 0.0
v -3.7811699374041563 64.71821479478861 -12.572817895874193 1.0 0.0 0.0
v -2.929867498897416 62.6147838660867 -13.549066072599722 1.0 0.0 0.0
v -2.929867498897416 62.6147838660867 -13.549066072599722 0.55 0.55 0.55
v -3.7811699374041563 64.71821479478861 -12.572817895874193 0.55 0.55 0.55
v -0.7837599484122304 65.02899829803266 -13.5001935185894 0.55 0.55 0.55
v -0.9881937342428051 62.59762627918361 -14.335949512041703 0.55 0.55 0.55
v 0.8983132813014902 61.81092666691139 -13.977485360415741 1.0 0.0 0.0
v -0.9881937342428051 62.59762627918361 -14.335949512041703 1.0 0.0 0.0
v -0.7837599484122304 65.02899829803266 -13.5001935185894 1.0 0.0 0.0
v 2.4355920976820706 64.82753008004579 -12.91125786525578 1.0 0.0 0.0
v 2.53271353385383 62.393467234018125 -13.811496232763984 1.0 0.0 0.0
v 2.53271353385383 62.393467234018125 -13.811496232763984 0.55 0.55 0.55
v 2.4355920976820706 64.82753008004579 -12.91125786525578 0.55 0.55 0.55
v 3.743209511859117 63.58501767716014 -12.889526373667206 0.55 0.55 0.55
v 4.403087221478208 61.26460767493927 -13.752088006182468 0.55 0.55 0.55
v 4.403087221478208 61.26460767493927 -13.752088006182468 0.55 0.55 0.55
v 3.743209511859117 63.58501767716014 -12.889526373667206 0.55 0.55 0.55
v 6.375859364586616 60.213934893025666 -13.451401897912731 0.55 0.55 0.55
v 6.81394362056709 57.80422149872468 -14.226257212529847 0.55 0.55 0.55
v 6.81394362056709 57.80422149872468 -14.226257212529847 0.55 0.55 0.55
v 6.375859364586616 60.213934893025666 -13.451401897912731 0.55 0.55 0.55
v 8.083993531628563 59.83201262664826 -12.653729033863073 0.55 0.55 0.55
v 8.75474451017789 57.467431037825726 -13.48826990551028 0.55 0.55 0.55
v 8.75474451017789 57.467431037825726 -13.48826990551028 0.0 0.0 0.0
v 8.083993531628563 59.83201262664826 -12.653729033863073 0.0 0.0 0.0
v 9.712467730863839 60.161109383751864 -11.511416632014008 0.0 0.0 0.0
v 8.083993531628563 59.83201262664826 -12.653729033863073 0.0 0.0 0.0
v 7.251118032139342 62.147691837469765 -11.831148626269844 0.0 0.0 0.0
v 9.712467730863839 60.161109383751864 -11.511416632014008 0.0 0.0 0.0
v 6.375859364586616 60.213934893025666 -13.451401897912731 0.55 0.55 0.55
v 6.18674102487568 62.565899656611315 -12.566818263148068 0.55 0.55 0.55
v 7.251118032139342 62.147691837469765 -11.831148626269844 0.55 0.55 0.55
v 8.083993531628563 59.83201262664826 -12.653729033863073 0.55 0.55 0.55
v 3.743209511859117 63.58501767716014 -12.889526373667206 1.0 1.0 1.0
v 6.18674102487568 62.565899656611315 -12.566818263148068 1.0 1.0 1.0
v 6.375859364586616 60.213934893025666 -13.451401897912731 1.0 1.0 1.0
v 3.743209511859117 63.58501767716014 -12.889526373667206 1.0 1.0 1.0
v 5.45005708382781 64.95476461639767 -11.986485993125829 1.0 1.0 1.0
v 6.18674102487568 62.565899656611315 -12.566818263148068 1.0 1.0 1.0
v 7.251118032139342 62.147691837469765 -11.831148626269844 1.0 0.0 0.0
v 6.18674102487568 62.565899656611315 -12.566818263148068 1.0 0.0 0.0
v 5.45005708382781 64.95476461639767 -11.986485993125829 1.0 0.0 0.0
v 8.756095543581834 62.58151322813322 -11.05759384053448 1.0 0.0 0.0
v 9.712467730863839 60.161109383751864 -11.511416632014008 1.0 0.0 0.0
v 9.712467730863839 60.161109383751864 -11.511416632014008 0.55 0.55 0.55
v 8.756095543581834 62.58151322813322 -11.05759384053448 0.55 0.55 0.55
v 9.420119261139405 65.01272313955822 -9.115362445057725 0.55 0.55 0.55
v 10.31900192110872 62.61020601610496 -9.405452136724325 0.55 0.55 0.55
v 10.31900192110872 62.61020601610496 -9.405452136724325 0.55 0.55 0.55
v 9.420119261139405 65.01272313955822 -9.115362445057725 0.55 0.55 0.55
v 11.38084441257173 65.05399681521685 -7.307266771377824 0.55 0.55 0.55
v 12.256023901058672 62.618895863519185 -7.493620443621473 0.55 0.55 0.55
v 12.256023901058672 62.618895863519185 -7.493620443621473 0.55 0.55 0.55
v 11.38084441257173 65.05399681521685 -7.307266771377824 0.55 0.55 0.55
v 12.515548906622175 65.03822647705503 -5.192342815971055 0.55 0.55 0.55
v 13.3687707783813 62.60254139540746 -5.373696383092756 0.55 0.55 0.55
v 13.3687707783813 62.60254139540746 -5.373696383092756 0.55 0.55 0.55
v 12.515548906622175 65.03822647705503 -5.192342815971055 0.55 0.55 0.55
v 13.24237197262216 65.02810265794663 -2.8948863698482192 0.55 0.55 0.55
v 14.081024979753579 62.589173655387604 -3.0745721614358343 0.55 0.55 0.55
v 14.081024979753579 62.589173655387604 -3.0745721614358343 0.55 0.55 0.55
v 13.24237197262216 65.02810265794663 -2.8948863698482192 0.55 0.55 0.55
v 13.121816843669615 65.08130881482481 -0.39045231371839306 0.55 0.55 0.55
v 14.076396672145393 62.6913876370353 -0.5940142841999723 0.55 0.55 0.55
v 14.076396672145393 62.6913876370353 -0.5940142841999723 0.55 0.55 0.55
v 13.121816843669615 65.08130881482481 -0.39045231371839306 0.55 0.55 0.55
v 13.38453164328161 65.0327506397517 1.94724887249066 0.55 0.55 0.55
v 14.225442585555486 62.59365843116305 2.130496290873173 0.55 0.55 0.55
v 13.38453164328161 65.0327506397517 1.94724887249066 0.55 0.55 0.55
v 12.558375349704134 67.47641556933286 1.757895471586222 0.55 0.55 0.55
v 11.993394107372163 67.47227099268673 4.115134702221442 0.55 0.55 0.55
v 12.817629109496009 65.02841532425188 4.29484548240895 0.55 0.55 0.55
v 12.817629109496009 65.02841532425188 4.29484548240895 0.55 0.55 0.55
v 11.993394107372163 67.47227099268673 4.115134702221442 0.55 0.55 0.55
v 10.995710268117222 67.46788915760297 6.311645668532669 0.55 0.55 0.55
v 11.853739221833232 65.02953443154905 6.486571064629446 0.55 0.55 0.55
v 11.853739221833232 65.02953443154905 6.486571064629446 0.55 0.55 0.55
v 10.995710268117222 67.46788915760297 6.311645668532669 0.55 0.55 0.55
v 9.566042302581216 67.47617765751029 8.283979629247645 0.55 0.55 0.55
v 10.497212977451747 65.05249419742833 8.459940056829925 0.55 0.55 0.55
v 10.497212977451747 65.05249419742833 8.459940056829925 0.55 0.55 0.55
v 9.566042302581216 67.47617765751029 8.283979629247645 0.55 0.55 0.55
v 8.710738689931297 64.31749635549858 10.16231486308135 0.55 0.55 0.55
v 9.702473096262407 61.94361670274863 10.597621758314869 0.55 0.55 0.55
v 9.702473096262407 61.94361670274863 10.597621758314869 0.0 0.0 0.0
v 8.710738689931297 64.31749635549858 10.16231486308135 0.0 0.0 0.0
v 6.689553580987002 64.68613500081501 11.430659974174144 0.0 0.0 0.0
v 8.710738689931297 64.31749635549858 10.16231486308135 0.0 0.0 0.0
v 7.724350247090043 66.69131028527578 9.714343742083827 0.0 0.0 0.0
v 6.689553580987002 64.68613500081501 11.430659974174144 0.0 0.0 0.0
v 9.566042302581216 67.47617765751029 8.283979629247645 1.0 1.0 1.0
v 7.724350247090043 66.69131028527578 9.714343742083827 1.0 1.0 1.0
v 8.710738689931297 64.31749635549858 10.16231486308135 1.0 1.0 1.0
v 9.566042302581216 67.47617765751029 8.283979629247645 1.0 1.0 1.0
v 7.0714602100481665 69.05241862161682 9.010995539185664 1.0 1.0 1.0
v 7.724350247090043 66.69131028527578 9.714343742083827 1.0 1.0 1.0
v 7.724350247090043 66.69131028527578 9.714343742083827 0.55 0.55 0.55
v 7.0714602100481665 69.05241862161682 9.010995539185664 0.55 0.55 0.55
v 6.024978919070908 67.14708858000476 10.842194968373596 0.55 0.55 0.55
v 6.689553580987002 64.68613500081501 11.430659974174144 0.55 0.55 0.55
v 6.689553580987002 64.68613500081501 11.430659974174144 0.55 0.55 0.55
v 6.024978919070908 67.14708858000476 10.842194968373596 0.55 0.55 0.55
v 3.36046826026254 67.44947366771088 12.228959219635097 0.55 0.55 0.55
v 3.618651541173322 65.00085055112801 13.031644217321126 0.55 0.55 0.55
v 3.618651541173322 65.00085055112801 13.031644217321126 0.55 0.55 0.55
v 3.36046826026254 67.44947366771088 12.228959219635097 0.55 0.55 0.55
v 0.29086226078178157 67.44187435757655 12.708225977727515 0.55 0.55 0.55
v 0.3591118322860908 64.99214918148454 13.548036530302372 0.55 0.55 0.55
v 0.3591118322860908 64.99214918148454 13.548036530302372 0.55 0.55 0.55
v 0.29086226078178157 67.44187435757655 12.708225977727515 0.55 0.55 0.55
v -2.4775604998372667 67.46692617830168 12.461663288010724 0.55 0.55 0.55
v -2.511291790311589 65.02602608253103 13.320770715102196 0.55 0.55 0.55
v -2.511291790311589 65.02602608253103 13.320770715102196 0.55 0.55 0.55
v -2.4775604998372667 67.46692617830168 12.461663288010724 0.55 0.55 0.55
v -5.573981473769648 64.75727488950493 12.013329555369351 0.55 0.55 0.55
v -5.627074468170474 62.34360480850847 12.969126939662544 0.55 0.55 0.55
v -5.627074468170474 62.34360480850847 12.969126939662544 0.0 0.0 0.0
v -5.573981473769648 64.75727488950493 12.013329555369351 0.0 0.0 0.0
v -8.481333025724089 65.02580153145288 10.521017550394118 0.0 0.0 0.0
v -5.573981473769648 64.75727488950493 12.013329555369351 0.0 0.0 0.0
v -5.322481373463104 67.21843049143386 11.200738064049409 0.0 0.0 0.0
v -8.481333025724089 65.02580153145288 10.521017550394118 0.0 0.0 0.0
v -2.4775604998372667 67.46692617830168 12.461663288010724 1.0 1.0 1.0
v -5.322481373463104 67.21843049143386 11.200738064049409 1.0 1.0 1.0
v -5.573981473769648 64.75727488950493 12.013329555369351 1.0 1.0 1.0
v -2.4775604998372667 67.46692617830168 12.461663288010724 1.0 1.0 1.0
v -5.087025009459105 69.70375928529042 10.460259993839761 1.0 1.0 1.0
v -5.322481373463104 67.21843049143386 11.200738064049409 1.0 1.0 1.0
v -5.322481373463104 67.21843049143386 11.200738064049409 0.55 0.55 0.55
v -5.087025009459105 69.70375928529042 10.460259993839761 0.55 0.55 0.55
v -8.028303583101385 67.47010804390007 9.804627068908724 0.55 0.55 0.55
v -8.481333025724089 65.02580153145288 10.521017550394118 0.55 0.55 0.55
v -8.481333025724089 65.02580153145288 10.521017550394118 0.55 0.55 0.55
v -8.028303583101385 67.47010804390007 9.804627068908724 0.55 0.55 0.55
v -9.2223730521486 64.76404100914043 9.219097611357544 0.55 0.55 0.55
v -9.929579271970056 62.3732946222578 9.96971538542068 0.55 0.55 0.55
v -9.929579271970056 62.3732946222578 9.96971538542068 0.55 0.55 0.55
v -9.2223730521486 64.76404100914043 9.219097611357544 0.55 0.55 0.55
v -10.163886106196818 67.47208543060586 7.589365229899004 0.55 0.55 0.55
v -10.786249893972887 65.02746724040375 8.157021284796565 0.55 0.55 0.55
v -10.786249893972887 65.02746724040375 8.157021284796565 0.55 0.55 0.55
v -10.163886106196818 67.47208543060586 7.589365229899004 0.55 0.55 0.55
v -11.018406868336008 68.3585087947586 4.636856137318024 0.55 0.55 0.55
v -11.841198645775043 65.54420987138923 5.0761815930660354 0.55 0.55 0.55
v -11.841198645775043 65.54420987138923 5.0761815930660354 0.55 0.55 0.55
v -11.018406868336008 68.3585087947586 4.636856137318024 0.55 0.55 0.55
v -12.808558937892677 63.48983516864699 4.133852136549539 0.55 0.55 0.55
v -13.895502718306727 61.18343222357924 4.0416574255181885 0.55 0.55 0.55
v -13.895502718306727 61.18343222357924 4.0416574255181885 0.55 0.55 0.55
v -12.808558937892677 63.48983516864699 4.133852136549539 0.55 0.55 0.55
v -12.533167353047 67.47473961371583 2.0179414839311165 0.55 0.55 0.55
v -13.362762765448732 65.03027638899073 2.17593402371389 0.55 0.55 0.55
v -13.77754011496764 62.7607534657582 0.30704440478355405 1.0 0.0 0.0
v -13.362762765448732 65.03027638899073 2.17593402371389 1.0 0.0 0.0
v -12.533167353047 67.47473961371583 2.0179414839311165 1.0 0.0 0.0
v -12.638280178224226 67.4693148024473 -0.9685759211215337 1.0 0.0 0.0
v -13.474296939313918 65.02391205138005 -1.0659009630756051 1.0 0.0 0.0
v -13.514122675592109 62.48470374179111 -3.1584270642381296 1.0 0.0 0.0
v -13.474296939313918 65.02391205138005 -1.0659009630756051 1.0 0.0 0.0
v -12.638280178224226 67.4693148024473 -0.9685759211215337 1.0 0.0 0.0
v -12.05714818679381 67.46107983172747 -3.9162787305180284 1.0 0.0 0.0
v -12.835555325037557 65.01403093874265 -4.251448070733513 1.0 0.0 0.0
v -12.835555325037557 65.01403093874265 -4.251448070733513 0.55 0.55 0.55
v -12.05714818679381 67.46107983172747 -3.9162787305180284 0.55 0.55 0.55
v -10.781016729970515 67.45880706461993 -6.696104309761716 0.55 0.55 0.55
v -11.445600640006969 65.01280483905805 -7.231620904513925 0.55 0.55 0.55
v -11.445600640006969 65.01280483905805 -7.231620904513925 0.55 0.55 0.55
v -10.781016729970515 67.45880706461993 -6.696104309761716 0.55 0.55 0.55
v -9.110458645408311 67.460491865412 -8.878693758618647 0.55 0.55 0.55
v -9.66641734941725 65.01194931190659 -9.509127756887413 0.55 0.55 0.55
v -9.66641734941725 65.01194931190659 -9.509127756887413 0.55 0.55 0.55
v -9.110458645408311 67.460491865412 -8.878693758618647 0.55 0.55 0.55
v -6.509546059551757 67.22667479731358 -10.604390027553249 0.55 0.55 0.55
v -6.8792882388667 64.76324575780325 -11.352737989391361 0.55 0.55 0.55
v -6.8792882388667 64.76324575780325 -11.352737989391361 0.55 0.55 0.55
v -6.509546059551757 67.22667479731358 -10.604390027553249 0.55 0.55 0.55
v -3.6528991168654863 67.1863842646865 -11.714896010170698 0.55 0.55 0.55
v -3.7811699374041563 64.71821479478861 -12.572817895874193 0.55 0.55 0.55
v -3.7811699374041563 64.71821479478861 -12.572817895874193 0.55 0.55 0.55
v -3.6528991168654863 67.1863842646865 -11.714896010170698 0.55 0.55 0.55
v -0.8080475386363329 67.47235621515505 -12.652970774113475 0.55 0.55 0.55
v -0.7837599484122304 65.02899829803266 -13.5001935185894 0.55 0.55 0.55
v -0.7837599484122304 65.02899829803266 -13.5001935185894 0.55 0.55 0.55
v -0.8080475386363329 67.47235621515505 -12.652970774113475 0.55 0.55 0.55
v 2.2274475598521 67.27991145611206 -12.0796125680387 0.55 0.55 0.55
v 2.4355920976820706 64.82753008004579 -12.91125786525578 0.55 0.55 0.55
v 3.743209511859117 63.58501767716014 -12.889526373667206 1.0 0.0 0.0
v 2.4355920976820706 64.82753008004579 -12.91125786525578 1.0 0.0 0.0
v 2.2274475598521 67.27991145611206 -12.0796125680387 1.0 0.0 0.0
v 5.036238156781134 67.3871937631857 -11.276379155232275 1.0 0.0 0.0
v 5.45005708382781 64.95476461639767 -11.986485993125829 1.0 0.0 0.0
v 5.45005708382781 64.95476461639767 -11.986485993125829 0.55 0.55 0.55
v 5.036238156781134 67.3871937631857 -11.276379155232275 0.55 0.55 0.55
v 7.747692346058958 64.98554458741886 -10.629494855593029 0.55 0.55 0.55
v 8.756095543581834 62.58151322813322 -11.05759384053448 0.55 0.55 0.55
v 8.756095543581834 62.58151322813322 -11.05759384053448 0.0 0.0 0.0
v 7.747692346058958 64.98554458741886 -10.629494855593029 0.0 0.0 0.0
v 9.420119261139405 65.01272313955822 -9.115362445057725 0.0 0.0 0.0
v 7.747692346058958 64.98554458741886 -10.629494855593029 0.0 0.0 0.0
v 6.774436597771689 67.3926127576729 -10.145562225433101 0.0 0.0 0.0
v 9.420119261139405 65.01272313955822 -9.115362445057725 0.0 0.0 0.0
v 5.036238156781134 67.3871937631857 -11.276379155232275 1.0 1.0 1.0
v 6.774436597771689 67.3926127576729 -10.145562225433101 1.0 1.0 1.0
v 7.747692346058958 64.98554458741886 -10.629494855593029 1.0 1.0 1.0
v 5.036238156781134 67.3871937631857 -11.276379155232275 1.0 1.0 1.0
v 6.282391908847497 69.8489939702772 -9.337079854526156 1.0 1.0 1.0
v 6.774436597771689 67.3926127576729 -10.145562225433101 1.0 1.0 1.0
v 6.774436597771689 67.3926127576729 -10.145562225433101 0.55 0.55 0.55
v 6.282391908847497 69.8489939702772 -9.337079854526156 0.55 0.55 0.55
v 8.511185091699344 67.41531549129421 -8.861138770912069 0.55 0.55 0.55
v 9.420119261139405 65.01272313955822 -9.115362445057725 0.55 0.55 0.55
v 9.420119261139405 65.01272313955822 -9.115362445057725 0.55 0.55 0.55
v 8.511185091699344 67.41531549129421 -8.861138770912069 0.55 0.55 0.55
v 10.486455652012573 67.48193631424327 -7.119992763260694 0.55 0.55 0.55
v 11.38084441257173 65.05399681521685 -7.307266771377824 0.55 0.55 0.55
v 11.38084441257173 65.05399681521685 -7.307266771377824 0.55 0.55 0.55
v 10.486455652012573 67.48193631424327 -7.119992763260694 0.55 0.55 0.55
v 11.669447501581253 67.47625888854252 -5.0085701901503406 0.55 0.55 0.55
v 12.515548906622175 65.03822647705503 -5.192342815971055 0.55 0.55 0.55
v 12.515548906622175 65.03822647705503 -5.192342815971055 0.55 0.55 0.55
v 11.669447501581253 67.47625888854252 -5.0085701901503406 0.55 0.55 0.55
v 12.419785214034935 67.47207746575044 -2.7095962068724324 0.55 0.55 0.55
v 13.24237197262216 65.02810265794663 -2.8948863698482192 0.55 0.55 0.55
v 13.24237197262216 65.02810265794663 -2.8948863698482192 0.55 0.55 0.55
v 12.419785214034935 67.47207746575044 -2.7095962068724324 0.55 0.55 0.55
v 12.16976301280693 67.47135846570717 -0.17675640732583175 0.55 0.55 0.55
v 13.121816843669615 65.08130881482481 -0.39045231371839306 0.55 0.55 0.55
v 13.121816843669615 65.08130881482481 -0.39045231371839306 0.55 0.55 0.55
v 12.16976301280693 67.47135846570717 -0.17675640732583175 0.55 0.55 0.55
v 12.558375349704134 67.47641556933286 1.757895471586222 0.55 0.55 0.55
v 13.38453164328161 65.0327506397517 1.94724887249066 0.55 0.55 0.55
v 12.558375349704134 67.47641556933286 1.757895471586222 0.55 0.55 0.55
v 11.767411012541816 69.93135505270813 1.564358728302852 0.55 0.55 0.55
v 11.205517331351068 69.92802469203778 3.934632993989604 0.55 0.55 0.55
v 11.993394107372163 67.47227099268673 4.115134702221442 0.55 0.55 0.55
v 11.993394107372163 67.47227099268673 4.115134702221442 0.55 0.55 0.55
v 11.205517331351068 69.92802469203778 3.934632993989604 0.55 0.55 0.55
v 10.17229895257565 69.9186287026353 6.14382531667255 0.55 0.55 0.55
v 10.995710268117222 67.46788915760297 6.311645668532669 0.55 0.55 0.55
v 10.995710268117222 67.46788915760297 6.311645668532669 0.55 0.55 0.55
v 10.17229895257565 69.9186287026353 6.14382531667255 0.55 0.55 0.55
v 8.651355296430841 69.90817502069223 8.138948880603495 0.55 0.55 0.55
v 9.566042302581216 67.47617765751029 8.283979629247645 0.55 0.55 0.55
v 7.0714602100481665 69.05241862161682 9.010995539185664 1.0 0.0 0.0
v 9.566042302581216 67.47617765751029 8.283979629247645 1.0 0.0 0.0
v 8.651355296430841 69.90817502069223 8.138948880603495 1.0 0.0 0.0
v 5.898206397185818 69.62014567772842 10.049593959215372 1.0 0.0 0.0
v 6.024978919070908 67.14708858000476 10.842194968373596 1.0 0.0 0.0
v 6.024978919070908 67.14708858000476 10.842194968373596 0.55 0.55 0.55
v 5.898206397185818 69.62014567772842 10.049593959215372 0.55 0.55 0.55
v 3.1321071059458014 69.90971417914294 11.453003997244304 0.55 0.55 0.55
v 3.36046826026254 67.44947366771088 12.228959219635097 0.55 0.55 0.55
v 3.36046826026254 67.44947366771088 12.228959219635097 0.55 0.55 0.55
v 3.1321071059458014 69.90971417914294 11.453003997244304 0.55 0.55 0.55
v 0.2347878028113079 69.90309602174062 11.901596121077139 0.55 0.55 0.55
v 0.29086226078178157 67.44187435757655 12.708225977727515 0.55 0.55 0.55
v 0.29086226078178157 67.44187435757655 12.708225977727515 0.55 0.55 0.55
v 0.2347878028113079 69.90309602174062 11.901596121077139 0.55 0.55 0.55
v -2.4299270637854917 69.9219890519632 11.641996099113003 0.55 0.55 0.55
v -2.4775604998372667 67.46692617830168 12.461663288010724 0.55 0.55 0.55
v -2.4775604998372667 67.46692617830168 12.461663288010724 0.0 0.0 0.0
v -2.4299270637854917 69.9219890519632 11.641996099113003 0.0 0.0 0.0
v -5.087025009459105 69.70375928529042 10.460259993839761 0.0 0.0 0.0
v -2.4299270637854917 69.9219890519632 11.641996099113003 0.0 0.0 0.0
v -2.3913251369738155 72.3941432618997 10.874984493080438 0.0 0.0 0.0
v -5.087025009459105 69.70375928529042 10.460259993839761 0.0 0.0 0.0
v 0.2347878028113079 69.90309602174062 11.901596121077139 0.55 0.55 0.55
v 0.1831963249641048 72.38103281033182 11.147522782409961 0.55 0.55 0.55
v -2.3913251369738155 72.3941432618997 10.874984493080438 0.55 0.55 0.55
v -2.4299270637854917 69.9219890519632 11.641996099113003 0.55 0.55 0.55
v 3.1321071059458014 69.90971417914294 11.453003997244304 0.55 0.55 0.55
v 2.887991586561541 72.38646531179715 10.736936214165063 0.55 0.55 0.55
v 0.1831963249641048 72.38103281033182 11.147522782409961 0.55 0.55 0.55
v 0.2347878028113079 69.90309602174062 11.901596121077139 0.55 0.55 0.55
v 5.898206397185818 69.62014567772842 10.049593959215372 0.55 0.55 0.55
v 5.410895187356424 72.14694626570913 9.550827835991631 0.55 0.55 0.55
v 2.887991586561541 72.38646531179715 10.736936214165063 0.55 0.55 0.55
v 3.1321071059458014 69.90971417914294 11.453003997244304 0.55 0.55 0.55
v 8.651355296430841 69.90817502069223 8.138948880603495 0.55 0.55 0.55
v 7.828465596845573 72.36547353536993 7.902315134834379 0.55 0.55 0.55
v 5.410895187356424 72.14694626570913 9.550827835991631 0.55 0.55 0.55
v 5.898206397185818 69.62014567772842 10.049593959215372 0.55 0.55 0.55
v 10.17229895257565 69.9186287026353 6.14382531667255 0.55 0.55 0.55
v 9.416475066719507 72.38974044363196 5.957871354102762 0.55 0.55 0.55
v 7.828465596845573 72.36547353536993 7.902315134834379 0.55 0.55 0.55
v 8.651355296430841 69.90817502069223 8.138948880603495 0.55 0.55 0.55
v 11.205517331351068 69.92802469203778 3.934632993989604 0.55 0.55 0.55
v 10.473645996334199 72.40072031124743 3.749841552296179 0.55 0.55 0.55
v 9.416475066719507 72.38974044363196 5.957871354102762 0.55 0.55 0.55
v 10.17229895257565 69.9186287026353 6.14382531667255 0.55 0.55 0.55
v 11.767411012541816 69.93135505270813 1.564358728302852 0.55 0.55 0.55
v 11.029493850097246 72.4026609127577 1.3694579736969117 0.55 0.55 0.55
v 10.473645996334199 72.40072031124743 3.749841552296179 0.55 0.55 0.55
v 11.205517331351068 69.92802469203778 3.934632993989604 0.55 0.55 0.55
v 12.16976301280693 67.47135846570717 -0.17675640732583175 1.0 1.0 1.0
v 11.767411012541816 69.93135505270813 1.564358728302852 1.0 1.0 1.0
v 12.558375349704134 67.47641556933286 1.757895471586222 1.0 1.0 1.0
v 12.16976301280693 67.47135846570717 -0.17675640732583175 1.0 1.0 1.0
v 11.029493850097246 72.4026609127577 1.3694579736969117 1.0 1.0 1.0
v 11.767411012541816 69.93135505270813 1.564358728302852 1.0 1.0 1.0
v 11.029493850097246 72.4026609127577 1.3694579736969117 0.55 0.55 0.55
v 10.360231094694228 74.89409220000321 1.1835939139350775 0.55 0.55 0.55
v 9.8131843090035 74.89359418893534 3.5678397468355207 0.55 0.55 0.55
v 10.473645996334199 72.40072031124743 3.749841552296179 0.55 0.55 0.55
v 10.473645996334199 72.40072031124743 3.749841552296179 0.55 0.55 0.55
v 9.8131843090035 74.89359418893534 3.5678397468355207 0.55 0.55 0.55
v 8.743896886150429 74.88395370102398 5.761740549314249 0.55 0.55 0.55
v 9.416475066719507 72.38974044363196 5.957871354102762 0.55 0.55 0.55
v 9.416475066719507 72.38974044363196 5.957871354102762 0.55 0.55 0.55
v 8.743896886150429 74.88395370102398 5.761740549314249 0.55 0.55 0.55
v 7.1364445108520105 74.85995880955245 7.636649230034531 0.55 0.55 0.55
v 7.828465596845573 72.36547353536993 7.902315134834379 0.55 0.55 0.55
v 7.828465596845573 72.36547353536993 7.902315134834379 0.55 0.55 0.55
v 7.1364445108520105 74.85995880955245 7.636649230034531 0.55 0.55 0.55
v 5.013869345770057 74.70705831374303 9.146450921295973 0.55 0.55 0.55
v 5.410895187356424 72.14694626570913 9.550827835991631 0.55 0.55 0.55
v 5.410895187356424 72.14694626570913 9.550827835991631 0.55 0.55 0.55
v 5.013869345770057 74.70705831374303 9.146450921295973 0.55 0.55 0.55
v 2.6642475915929906 74.88350734576959 10.087882281195553 0.55 0.55 0.55
v 2.887991586561541 72.38646531179715 10.736936214165063 0.55 0.55 0.55
v 2.887991586561541 72.38646531179715 10.736936214165063 0.55 0.55 0.55
v 2.6642475915929906 74.88350734576959 10.087882281195553 0.55 0.55 0.55
v 0.14000757812235334 74.87926002602906 10.463162176636539 0.55 0.55 0.55
v 0.1831963249641048 72.38103281033182 11.147522782409961 0.55 0.55 0.55
v 0.1831963249641048 72.38103281033182 11.147522782409961 0.55 0.55 0.55
v 0.14000757812235334 74.87926002602906 10.463162176636539 0.55 0.55 0.55
v -2.36446650007587 74.88693619264288 10.177559885063436 0.55 0.55 0.55
v -2.3913251369738155 72.3941432618997 10.874984493080438 0.55 0.55 0.55
v -2.3913251369738155 72.3941432618997 10.874984493080438 0.55 0.55 0.55
v -2.36446650007587 74.88693619264288 10.177559885063436 0.55 0.55 0.55
v -4.889175295242699 72.21776960564618 9.811451266273538 0.55 0.55 0.55
v -5.087025009459105 69.70375928529042 10.460259993839761 0.55 0.55 0.55
v -5.087025009459105 69.70375928529042 10.460259993839761 0.55 0.55 0.55
v -4.889175295242699 72.21776960564618 9.811451266273538 0.55 0.55 0.55
v -7.594273927510537 69.92611647887774 9.117231112398237 0.55 0.55 0.55
v -8.028303583101385 67.47010804390007 9.804627068908724 0.55 0.55 0.55
v -9.2223730521486 64.76404100914043 9.219097611357544 1.0 0.0 0.0
v -8.028303583101385 67.47010804390007 9.804627068908724 1.0 0.0 0.0
v -7.594273927510537 69.92611647887774 9.117231112398237 1.0 0.0 0.0
v -9.571952360723845 69.92823305228167 7.039154472091638 1.0 0.0 0.0
v -10.163886106196818 67.47208543060586 7.589365229899004 1.0 0.0 0.0
v -10.163886106196818 67.47208543060586 7.589365229899004 0.0 0.0 0.0
v -9.571952360723845 69.92823305228167 7.039154472091638 0.0 0.0 0.0
v -11.018406868336008 68.3585087947586 4.636856137318024 0.0 0.0 0.0
v -9.571952360723845 69.92823305228167 7.039154472091638 0.0 0.0 0.0
v -9.025689616975866 72.40091972537553 6.516245900765897 0.0 0.0 0.0
v -11.018406868336008 68.3585087947586 4.636856137318024 0.0 0.0 0.0
v -7.594273927510537 69.92611647887774 9.117231112398237 0.55 0.55 0.55
v -7.193958093275817 72.39875030791147 8.470164267945563 0.55 0.55 0.55
v -9.025689616975866 72.40091972537553 6.516245900765897 0.55 0.55 0.55
v -9.571952360723845 69.92823305228167 7.039154472091638 0.55 0.55 0.55
v -4.889175295242699 72.21776960564618 9.811451266273538 1.0 1.0 1.0
v -7.193958093275817 72.39875030791147 8.470164267945563 1.0 1.0 1.0
v -7.594273927510537 69.92611647887774 9.117231112398237 1.0 1.0 1.0
v -4.889175295242699 72.21776960564618 9.811451266273538 1.0 1.0 1.0
v -6.836190452528536 74.89152916994983 7.877894736887597 1.0 1.0 1.0
v -7.193958093275817 72.39875030791147 8.470164267945563 1.0 1.0 1.0
v -7.193958093275817 72.39875030791147 8.470164267945563 0.55 0.55 0.55
v -6.836190452528536 74.89152916994983 7.877894736887597 0.55 0.55 0.55
v -8.536761334641609 74.89356765563532 6.03285006023399 0.55 0.55 0.55
v -9.025689616975866 72.40091972537553 6.516245900765897 0.55 0.55 0.55
v -9.025689616975866 72.40091972537553 6.516245900765897 0.55 0.55 0.55
v -8.536761334641609 74.89356765563532 6.03285006023399 0.55 0.55 0.55
v -10.321233170581918 71.21261037824387 4.240409620191241 0.55 0.55 0.55
v -11.018406868336008 68.3585087947586 4.636856137318024 0.55 0.55 0.55
v -12.808558937892677 63.48983516864699 4.133852136549539 1.0 0.0 0.0
v -11.018406868336008 68.3585087947586 4.636856137318024 1.0 0.0 0.0
v -10.321233170581918 71.21261037824387 4.240409620191241 1.0 0.0 0.0
v -11.737947954098171 69.9308513829626 1.8640365344341028 1.0 0.0 0.0
v -12.533167353047 67.47473961371583 2.0179414839311165 1.0 0.0 0.0
v -12.533167353047 67.47473961371583 2.0179414839311165 0.55 0.55 0.55
v -11.737947954098171 69.9308513829626 1.8640365344341028 0.55 0.55 0.55
v -11.836822002024233 69.92633712012982 -0.8729750671028847 0.55 0.55 0.55
v -12.638280178224226 67.4693148024473 -0.9685759211215337 0.55 0.55 0.55
v -12.638280178224226 67.4693148024473 -0.9685759211215337 0.55 0.55 0.55
v -11.836822002024233 69.92633712012982 -0.8729750671028847 0.55 0.55 0.55
v -11.312714681313354 69.91948943371627 -3.5870944528751636 0.55 0.55 0.55
v -12.05714818679381 67.46107983172747 -3.9162787305180284 0.55 0.55 0.55
v -12.05714818679381 67.46107983172747 -3.9162787305180284 0.55 0.55 0.55
v -11.312714681313354 69.91948943371627 -3.5870944528751636 0.55 0.55 0.55
v -10.14837195659534 69.91614245825149 -6.173814212317891 0.55 0.55 0.55
v -10.781016729970515 67.45880706461993 -6.696104309761716 0.55 0.55 0.55
v -10.781016729970515 67.45880706461993 -6.696104309761716 0.55 0.55 0.55
v -10.14837195659534 69.91614245825149 -6.173814212317891 0.55 0.55 0.55
v -8.56361172533818 69.91713057278832 -8.272006916180253 0.55 0.55 0.55
v -9.110458645408311 67.460491865412 -8.878693758618647 0.55 0.55 0.55
v -9.110458645408311 67.460491865412 -8.878693758618647 0.55 0.55 0.55
v -8.56361172533818 69.91713057278832 -8.272006916180253 0.55 0.55 0.55
v -6.164263285645366 69.71194561255582 -9.919185525867423 0.55 0.55 0.55
v -6.509546059551757 67.22667479731358 -10.604390027553249 0.55 0.55 0.55
v -6.509546059551757 67.22667479731358 -10.604390027553249 0.55 0.55 0.55
v -6.164263285645366 69.71194561255582 -9.919185525867423 0.55 0.55 0.55
v -3.5247844403487054 69.68615112537991 -10.954209165616431 0.55 0.55 0.55
v -3.6528991168654863 67.1863842646865 -11.714896010170698 0.55 0.55 0.55
v -3.6528991168654863 67.1863842646865 -11.714896010170698 0.55 0.55 0.55
v -3.5247844403487054 69.68615112537991 -10.954209165616431 0.55 0.55 0.55
v -0.824839551482799 69.92774333724934 -11.841020029436663 0.55 0.55 0.55
v -0.8080475386363329 67.47235621515505 -12.652970774113475 0.55 0.55 0.55
v -0.8080475386363329 67.47235621515505 -12.652970774113475 0.55 0.55 0.55
v -0.824839551482799 69.92774333724934 -11.841020029436663 0.55 0.55 0.55
v 2.0245653779827504 69.76203900696065 -11.340183440047117 0.55 0.55 0.55
v 2.2274475598521 67.27991145611206 -12.0796125680387 0.55 0.55 0.55
v 2.2274475598521 67.27991145611206 -12.0796125680387 0.55 0.55 0.55
v 2.0245653779827504 69.76203900696065 -11.340183440047117 0.55 0.55 0.55
v 4.777017230162017 69.83422430846393 -10.569519894779475 0.55 0.55 0.55
v 5.036238156781134 67.3871937631857 -11.276379155232275 0.55 0.55 0.55
v 6.282391908847497 69.8489939702772 -9.337079854526156 1.0 0.0 0.0
v 5.036238156781134 67.3871937631857 -11.276379155232275 1.0 0.0 0.0
v 4.777017230162017 69.83422430846393 -10.569519894779475 1.0 0.0 0.0
v 7.547784816984816 69.80392812632223 -8.723357791636627 1.0 0.0 0.0
v 8.511185091699344 67.41531549129421 -8.861138770912069 1.0 0.0 0.0
v 8.511185091699344 67.41531549129421 -8.861138770912069 0.55 0.55 0.55
v 7.547784816984816 69.80392812632223 -8.723357791636627 0.55 0.55 0.55
v 9.612128681562318 69.91827539905181 -6.947286174707853 0.55 0.55 0.55
v 10.486455652012573 67.48193631424327 -7.119992763260694 0.55 0.55 0.55
v 10.486455652012573 67.48193631424327 -7.119992763260694 0.55 0.55 0.55
v 9.612128681562318 69.91827539905181 -6.947286174707853 0.55 0.55 0.55
v 10.860837057746053 69.92713148310992 -4.827191627663821 0.55 0.55 0.55
v 11.669447501581253 67.47625888854252 -5.0085701901503406 0.55 0.55 0.55
v 11.669447501581253 67.47625888854252 -5.0085701901503406 0.55 0.55 0.55
v 10.860837057746053 69.92713148310992 -4.827191627663821 0.55 0.55 0.55
v 11.634558362879279 69.92798821983996 -2.520197576089616 0.55 0.55 0.55
v 12.419785214034935 67.47207746575044 -2.7095962068724324 0.55 0.55 0.55
v 12.419785214034935 67.47207746575044 -2.7095962068724324 0.0 0.0 0.0
v 11.634558362879279 69.92798821983996 -2.520197576089616 0.0 0.0 0.0
v 12.16976301280693 67.47135846570717 -0.17675640732583175 0.0 0.0 0.0
v 11.634558362879279 69.92798821983996 -2.520197576089616 0.0 0.0 0.0
v 10.90476115443417 72.40075271136422 -2.328565931583449 0.0 0.0 0.0
v 12.16976301280693 67.47135846570717 -0.17675640732583175 0.0 0.0 0.0
v 10.860837057746053 69.92713148310992 -4.827191627663821 0.55 0.55 0.55
v 10.114504831949091 72.3972073032755 -4.639544869260971 0.55 0.55 0.55
v 10.90476115443417 72.40075271136422 -2.328565931583449 0.55 0.55 0.55
v 11.634558362879279 69.92798821983996 -2.520197576089616 0.55 0.55 0.55
v 9.612128681562318 69.91827539905181 -6.947286174707853 0.55 0.55 0.55
v 8.827603953030234 72.3825310036664 -6.743091124620099 0.55 0.55 0.55
v 10.114504831949091 72.3972073032755 -4.639544869260971 0.55 0.55 0.55
v 10.860837057746053 69.92713148310992 -4.827191627663821 0.55 0.55 0.55
v 7.547784816984816 69.80392812632223 -8.723357791636627 0.55 0.55 0.55
v 6.8820649347661895 72.28162657667606 -8.44976672379883 0.55 0.55 0.55
v 8.827603953030234 72.3825310036664 -6.743091124620099 0.55 0.55 0.55
v 9.612128681562318 69.91827539905181 -6.947286174707853 0.55 0.55 0.55
v 4.777017230162017 69.83422430846393 -10.569519894779475 0.55 0.55 0.55
v 4.426254314520543 72.31909443365588 -10.020644203353063 0.55 0.55 0.55
v 6.8820649347661895 72.28162657667606 -8.44976672379883 0.55 0.55 0.55
v 7.547784816984816 69.80392812632223 -8.723357791636627 0.55 0.55 0.55
v 2.0245653779827504 69.76203900696065 -11.340183440047117 0.55 0.55 0.55
v 1.830532872780057 72.27773454626544 -10.722088358817953 0.55 0.55 0.55
v 4.426254314520543 72.31909443365588 -10.020644203353063 0.55 0.55 0.55
v 4.777017230162017 69.83422430846393 -10.569519894779475 0.55 0.55 0.55
v -0.824839551482799 69.92774333724934 -11.841020029436663 0.55 0.55 0.55
v -0.8398673369629581 72.4000299593311 -11.08195082894143 0.55 0.55 0.55
v 1.830532872780057 72.27773454626544 -10.722088358817953 0.55 0.55 0.55
v 2.0245653779827504 69.76203900696065 -11.340183440047117 0.55 0.55 0.55
v -3.5247844403487054 69.68615112537991 -10.954209165616431 0.55 0.55 0.55
v -3.40944721421128 72.22096056951396 -10.317879744157041 0.55 0.55 0.55
v -0.8398673369629581 72.4000299593311 -11.08195082894143 0.55 0.55 0.55
v -0.824839551482799 69.92774333724934 -11.841020029436663 0.55 0.55 0.55
v -6.164263285645366 69.71194561255582 -9.919185525867423 0.55 0.55 0.55
v -5.864010305263708 72.22410722655597 -9.315814218766644 0.55 0.55 0.55
v -3.40944721421128 72.22096056951396 -10.317879744157041 0.55 0.55 0.55
v -3.5247844403487054 69.68615112537991 -10.954209165616431 0.55 0.55 0.55
v -8.56361172533818 69.91713057278832 -8.272006916180253 0.55 0.55 0.55
v -8.049418874189518 72.39088476510953 -7.707939997563972 0.55 0.55 0.55
v -5.864010305263708 72.22410722655597 -9.315814218766644 0.55 0.55 0.55
v -6.164263285645366 69.71194561255582 -9.919185525867423 0.55 0.55 0.55
v -10.14837195659534 69.91614245825149 -6.173814212317891 0.55 0.55 0.55
v -9.564487169384163 72.38985926548902 -5.672265811159614 0.55 0.55 0.55
v -8.049418874189518 72.39088476510953 -7.707939997563972 0.55 0.55 0.55
v -8.56361172533818 69.91713057278832 -8.272006916180253 0.55 0.55 0.55
v -11.312714681313354 69.91948943371627 -3.5870944528751636 0.55 0.55 0.55
v -10.622150419633899 72.39416795463913 -3.262218190128807 0.55 0.55 0.55
v -9.564487169384163 72.38985926548902 -5.672265811159614 0.55 0.55 0.55
v -10.14837195659534 69.91614245825149 -6.173814212317891 0.55 0.55 0.55
v -11.836822002024233 69.92633712012982 -0.8729750671028847 0.55 0.55 0.55
v -11.088475148565179 72.39997234344587 -0.7755587848085306 0.55 0.55 0.55
v -10.622150419633899 72.39416795463913 -3.262218190128807 0.55 0.55 0.55
v -11.312714681313354 69.91948943371627 -3.5870944528751636 0.55 0.55 0.55
v -11.737947954098171 69.9308513829626 1.8640365344341028 0.55 0.55 0.55
v -10.995582139876362 72.40350184560123 1.7109725308536854 0.55 0.55 0.55
v -11.088475148565179 72.39997234344587 -0.7755587848085306 0.55 0.55 0.55
v -11.836822002024233 69.92633712012982 -0.8729750671028847 0.55 0.55 0.55
v -10.321233170581918 71.21261037824387 4.240409620191241 1.0 1.0 1.0
v -10.995582139876362 72.40350184560123 1.7109725308536854 1.0 1.0 1.0
v -11.737947954098171 69.9308513829626 1.8640365344341028 1.0 1.0 1.0
v -10.321233170581918 71.21261037824387 4.240409620191241 1.0 1.0 1.0
v -10.323266111439645 74.89589111938739 1.5555447225299013 1.0 1.0 1.0
v -10.995582139876362 72.40350184560123 1.7109725308536854 1.0 1.0 1.0
v -10.995582139876362 72.40350184560123 1.7109725308536854 0.55 0.55 0.55
v -10.323266111439645 74.89589111938739 1.5555447225299013 0.55 0.55 0.55
v -10.410394458291895 74.89356697610431 -0.6741690244039567 0.55 0.55 0.55
v -11.088475148565179 72.39997234344587 -0.7755587848085306 0.55 0.55 0.55
v -11.088475148565179 72.39997234344587 -0.7755587848085306 0.55 0.55 0.55
v -10.410394458291895 74.89356697610431 -0.6741690244039567 0.55 0.55 0.55
v -10.003662425845455 74.8883092614146 -2.94128932082639 0.55 0.55 0.55
v -10.622150419633899 72.39416795463913 -3.262218190128807 0.55 0.55 0.55
v -10.622150419633899 72.39416795463913 -3.262218190128807 0.55 0.55 0.55
v -10.003662425845455 74.8883092614146 -2.94128932082639 0.55 0.55 0.55
v -9.043936605638844 74.8836111121146 -5.201068080733641 0.55 0.55 0.55
v -9.564487169384163 72.38985926548902 -5.672265811159614 0.55 0.55 0.55
v -9.564487169384163 72.38985926548902 -5.672265811159614 0.55 0.55 0.55
v -9.043936605638844 74.8836111121146 -5.201068080733641 0.55 0.55 0.55
v -7.578813792826353 74.88546262865434 -7.200533161772366 0.55 0.55 0.55
v -8.049418874189518 72.39088476510953 -7.707939997563972 0.55 0.55 0.55
v -8.049418874189518 72.39088476510953 -7.707939997563972 0.55 0.55 0.55
v -7.578813792826353 74.88546262865434 -7.200533161772366 0.55 0.55 0.55
v -5.620430486020669 74.76524888694424 -8.817661761449331 0.55 0.55 0.55
v -5.864010305263708 72.22410722655597 -9.315814218766644 0.55 0.55 0.55
v -5.864010305263708 72.22410722655597 -9.315814218766644 0.55 0.55 0.55
v -5.620430486020669 74.76524888694424 -8.817661761449331 0.55 0.55 0.55
v -3.321872548067377 74.78992763715098 -9.832278239284886 0.55 0.55 0.55
v -3.40944721421128 72.22096056951396 -10.317879744157041 0.55 0.55 0.55
v -3.40944721421128 72.22096056951396 -10.317879744157041 0.55 0.55 0.55
v -3.321872548067377 74.78992763715098 -9.832278239284886 0.55 0.55 0.55
v -0.8522008406437114 74.89270213971736 -10.392733260241316 0.55 0.55 0.55
v -0.8398673369629581 72.4000299593311 -11.08195082894143 0.55 0.55 0.55
v -0.8398673369629581 72.4000299593311 -11.08195082894143 0.55 0.55 0.55
v -0.8522008406437114 74.89270213971736 -10.392733260241316 0.55 0.55 0.55
v 1.6690966534743286 74.82747395588089 -10.252304325006685 0.55 0.55 0.55
v 1.830532872780057 72.27773454626544 -10.722088358817953 0.55 0.55 0.55
v 1.830532872780057 72.27773454626544 -10.722088358817953 0.55 0.55 0.55
v 1.6690966534743286 74.82747395588089 -10.252304325006685 0.55 0.55 0.55
v 4.130926520099366 74.83359941583451 -9.58526704105373 0.55 0.55 0.55
v 4.426254314520543 72.31909443365588 -10.020644203353063 0.55 0.55 0.55
v 4.426254314520543 72.31909443365588 -10.020644203353063 0.55 0.55 0.55
v 4.130926520099366 74.83359941583451 -9.58526704105373 0.55 0.55 0.55
v 6.380774926630652 74.80212792992492 -8.20930148043725 0.55 0.55 0.55
v 6.8820649347661895 72.28162657667606 -8.44976672379883 0.55 0.55 0.55
v 6.8820649347661895 72.28162657667606 -8.44976672379883 0.55 0.55 0.55
v 6.380774926630652 74.80212792992492 -8.20930148043725 0.55 0.55 0.55
v 8.145568084268175 74.87566327467239 -6.52192406876172 0.55 0.55 0.55
v 8.827603953030234 72.3825310036664 -6.743091124620099 0.55 0.55 0.55
v 8.827603953030234 72.3825310036664 -6.743091124620099 0.55 0.55 0.55
v 8.145568084268175 74.87566327467239 -6.52192406876172 0.55 0.55 0.55
v 9.447393611506696 74.8896876639424 -4.450377590667814 0.55 0.55 0.55
v 10.114504831949091 72.3972073032755 -4.639544869260971 0.55 0.55 0.55
v 10.114504831949091 72.3972073032755 -4.639544869260971 0.55 0.55 0.55
v 9.447393611506696 74.8896876639424 -4.450377590667814 0.55 0.55 0.55
v 10.245163854756708 74.89362974676655 -2.143786324925749 0.55 0.55 0.55
v 10.90476115443417 72.40075271136422 -2.328565931583449 0.55 0.55 0.55
v 10.90476115443417 72.40075271136422 -2.328565931583449 0.55 0.55 0.55
v 10.245163854756708 74.89362974676655 -2.143786324925749 0.55 0.55 0.55
v 11.240415359984313 69.86954523666004 0.045511177247184474 0.55 0.55 0.55
v 12.16976301280693 67.47135846570717 -0.17675640732583175 0.55 0.55 0.55
v 12.16976301280693 67.47135846570717 -0.17675640732583175 0.55 0.55 0.55
v 11.240415359984313 69.86954523666004 0.045511177247184474 0.55 0.55 0.55
v 10.360231094694228 74.89409220000321 1.1835939139350775 0.55 0.55 0.55
v 11.029493850097246 72.4026609127577 1.3694579736969117 0.55 0.55 0.55
v 10.360231094694228 74.89409220000321 1.1835939139350775 0.55 0.55 0.55
v 9.279129672133072 79.9436857191761 0.899820027283682 0.55 0.55 0.55
v 8.746244712633157 79.94391253368377 3.2832702194455035 0.55 0.55 0.55
v 9.8131843090035 74.89359418893534 3.5678397468355207 0.55 0.55 0.55
v 9.8131843090035 74.89359418893534 3.5678397468355207 0.55 0.55 0.55
v 8.746244712633157 79.94391253368377 3.2832702194455035 0.55 0.55 0.55
v 7.6528465390806275 79.93862323949713 5.4491618255632 0.55 0.55 0.55
v 8.743896886150429 74.88395370102398 5.761740549314249 0.55 0.55 0.55
v 8.743896886150429 74.88395370102398 5.761740549314249 0.55 0.55 0.55
v 7.6528465390806275 79.93862323949713 5.4491618255632 0.55 0.55 0.55
v 6.011302282174188 79.9257250916045 7.250626658806729 0.55 0.55 0.55
v 7.1364445108520105 74.85995880955245 7.636649230034531 0.55 0.55 0.55
v 7.1364445108520105 74.85995880955245 7.636649230034531 0.55 0.55 0.55
v 6.011302282174188 79.9257250916045 7.250626658806729 0.55 0.55 0.55
v 4.56317561839874 79.90952775970325 8.69929072622869 0.55 0.55 0.55
v 5.013869345770057 74.70705831374303 9.146450921295973 0.55 0.55 0.55
v 5.013869345770057 74.70705831374303 9.146450921295973 0.55 0.55 0.55
v 4.56317561839874 79.90952775970325 8.69929072622869 0.55 0.55 0.55
v 2.3450998038340236 79.942803171858 9.030507250035253 0.55 0.55 0.55
v 2.6642475915929906 74.88350734576959 10.087882281195553 0.55 0.55 0.55
v 2.6642475915929906 74.88350734576959 10.087882281195553 0.55 0.55 0.55
v 2.3450998038340236 79.942803171858 9.030507250035253 0.55 0.55 0.55
v 0.11473811075184809 79.94030982912493 9.358359932084351 0.55 0.55 0.55
v 0.14000757812235334 74.87926002602906 10.463162176636539 0.55 0.55 0.55
v 0.14000757812235334 74.87926002602906 10.463162176636539 0.55 0.55 0.55
v 0.11473811075184809 79.94030982912493 9.358359932084351 0.55 0.55 0.55
v -2.340400388137979 79.93987825253815 9.054392704739524 0.55 0.55 0.55
v -2.36446650007587 74.88693619264288 10.177559885063436 0.55 0.55 0.55
v -2.36446650007587 74.88693619264288 10.177559885063436 0.55 0.55 0.55
v -2.340400388137979 79.93987825253815 9.054392704739524 0.55 0.55 0.55
v -4.739630310750783 74.76230871419513 9.279503176133302 0.55 0.55 0.55
v -4.889175295242699 72.21776960564618 9.811451266273538 0.55 0.55 0.55
v -4.889175295242699 72.21776960564618 9.811451266273538 0.0 0.0 0.0
v -4.739630310750783 74.76230871419513 9.279503176133302 0.0 0.0 0.0
v -6.836190452528536 74.89152916994983 7.877894736887597 0.0 0.0 0.0
v -4.739630310750783 74.76230871419513 9.279503176133302 0.0 0.0 0.0
v -4.644396191337337 77.3351452271154 8.890532628036496 0.0 0.0 0.0
v -6.836190452528536 74.89152916994983 7.877894736887597 0.0 0.0 0.0
v -2.340400388137979 79.93987825253815 9.054392704739524 1.0 1.0 1.0
v -4.644396191337337 77.3351452271154 8.890532628036496 1.0 1.0 1.0
v -4.739630310750783 74.76230871419513 9.279503176133302 1.0 1.0 1.0
v -2.340400388137979 79.93987825253815 9.054392704739524 1.0 1.0 1.0
v -4.6057238779715455 79.92920964682051 8.66764189430086 1.0 1.0 1.0
v -4.644396191337337 77.3351452271154 8.890532628036496 1.0 1.0 1.0
v -4.644396191337337 77.3351452271154 8.890532628036496 0.55 0.55 0.55
v -4.6057238779715455 79.92920964682051 8.66764189430086 0.55 0.55 0.55
v -6.2603998612092315 79.9428953321731 6.922402716774289 0.55 0.55 0.55
v -6.836190452528536 74.89152916994983 7.877894736887597 0.55 0.55 0.55
v -6.836190452528536 74.89152916994983 7.877894736887597 0.55 0.55 0.55
v -6.2603998612092315 79.9428953321731 6.922402716774289 0.55 0.55 0.55
v -7.744411866928731 79.94394670712937 5.258442219615223 0.55 0.55 0.55
v -8.536761334641609 74.89356765563532 6.03285006023399 0.55 0.55 0.55
v -8.536761334641609 74.89356765563532 6.03285006023399 0.55 0.55 0.55
v -7.744411866928731 79.94394670712937 5.258442219615223 0.55 0.55 0.55
v -9.784404929891622 74.10768316345404 3.8981504035403582 0.55 0.55 0.55
v -10.321233170581918 71.21261037824387 4.240409620191241 0.55 0.55 0.55
v -10.321233170581918 71.21261037824387 4.240409620191241 0.0 0.0 0.0
v -9.784404929891622 74.10768316345404 3.8981504035403582 0.0 0.0 0.0
v -10.323266111439645 74.89589111938739 1.5555447225299013 0.0 0.0 0.0
v -9.784404929891622 74.10768316345404 3.8981504035403582 0.0 0.0 0.0
v -9.448834042630022 77.04146846418021 3.6414898461401033 0.0 0.0 0.0
v -10.323266111439645 74.89589111938739 1.5555447225299013 0.0 0.0 0.0
v -7.744411866928731 79.94394670712937 5.258442219615223 1.0 1.0 1.0
v -9.448834042630022 77.04146846418021 3.6414898461401033 1.0 1.0 1.0
v -9.784404929891622 74.10768316345404 3.8981504035403582 1.0 1.0 1.0
v -7.744411866928731 79.94394670712937 5.258442219615223 1.0 1.0 1.0
v -9.333255399673117 80.00111234826409 3.5240891615063417 1.0 1.0 1.0
v -9.448834042630022 77.04146846418021 3.6414898461401033 1.0 1.0 1.0
v -9.448834042630022 77.04146846418021 3.6414898461401033 0.55 0.55 0.55
v -9.333255399673117 80.00111234826409 3.5240891615063417 0.55 0.55 0.55
v -9.239303535224636 79.94413245320283 1.3028417244848152 0.55 0.55 0.55
v -10.323266111439645 74.89589111938739 1.5555447225299013 0.55 0.55 0.55
v -10.323266111439645 74.89589111938739 1.5555447225299013 0.55 0.55 0.55
v -9.239303535224636 79.94413245320283 1.3028417244848152 0.55 0.55 0.55
v -9.319802548421139 79.94358673253586 -0.48628453543306494 0.55 0.55 0.55
v -10.410394458291895 74.89356697610431 -0.6741690244039567 0.55 0.55 0.55
v -10.410394458291895 74.89356697610431 -0.6741690244039567 0.55 0.55 0.55
v -9.319802548421139 79.94358673253586 -0.48628453543306494 0.55 0.55 0.55
v -9.017381252987938 79.94164524916044 -2.389919164604015 0.55 0.55 0.55
v -10.003662425845455 74.8883092614146 -2.94128932082639 0.55 0.55 0.55
v -10.003662425845455 74.8883092614146 -2.94128932082639 0.55 0.55 0.55
v -9.017381252987938 79.94164524916044 -2.389919164604015 0.55 0.55 0.55
v -8.21525059447785 79.9384720746051 -4.427719231091029 0.55 0.55 0.55
v -9.043936605638844 74.8836111121146 -5.201068080733641 0.55 0.55 0.55
v -9.043936605638844 74.8836111121146 -5.201068080733641 0.55 0.55 0.55
v -8.21525059447785 79.9384720746051 -4.427719231091029 0.55 0.55 0.55
v -6.789953301666924 79.9415973430003 -6.419957208460757 0.55 0.55 0.55
v -7.578813792826353 74.88546262865434 -7.200533161772366 0.55 0.55 0.55
v -7.578813792826353 74.88546262865434 -7.200533161772366 0.55 0.55 0.55
v -6.789953301666924 79.9415973430003 -6.419957208460757 0.55 0.55 0.55
v -5.331515696813867 79.92296892443167 -8.228893860886297 0.55 0.55 0.55
v -5.620430486020669 74.76524888694424 -8.817661761449331 0.55 0.55 0.55
v -5.620430486020669 74.76524888694424 -8.817661761449331 0.55 0.55 0.55
v -5.331515696813867 79.92296892443167 -8.228893860886297 0.55 0.55 0.55
v -3.267535925624359 80.00064613627994 -9.410947747771015 0.55 0.55 0.55
v -3.321872548067377 74.78992763715098 -9.832278239284886 0.55 0.55 0.55
v -3.321872548067377 74.78992763715098 -9.832278239284886 0.55 0.55 0.55
v -3.267535925624359 80.00064613627994 -9.410947747771015 0.55 0.55 0.55
v -0.8491296953753599 79.9438837414072 -9.283812145925989 0.55 0.55 0.55
v -0.8522008406437114 74.89270213971736 -10.392733260241316 0.55 0.55 0.55
v -0.8522008406437114 74.89270213971736 -10.392733260241316 0.55 0.55 0.55
v -0.8491296953753599 79.9438837414072 -9.283812145925989 0.55 0.55 0.55
v 1.5338861319686532 80.00145069865086 -9.85165262138491 0.55 0.55 0.55
v 1.6690966534743286 74.82747395588089 -10.252304325006685 0.55 0.55 0.55
v 1.6690966534743286 74.82747395588089 -10.252304325006685 0.55 0.55 0.55
v 1.5338861319686532 80.00145069865086 -9.85165262138491 0.55 0.55 0.55
v 3.8056252809606708 79.93618782299828 -9.109732947305211 0.55 0.55 0.55
v 4.130926520099366 74.83359941583451 -9.58526704105373 0.55 0.55 0.55
v 4.130926520099366 74.83359941583451 -9.58526704105373 0.55 0.55 0.55
v 3.8056252809606708 79.93618782299828 -9.109732947305211 0.55 0.55 0.55
v 5.772975650434434 79.92292567244232 -8.05294460349902 0.55 0.55 0.55
v 6.380774926630652 74.80212792992492 -8.20930148043725 0.55 0.55 0.55
v 6.380774926630652 74.80212792992492 -8.20930148043725 0.55 0.55 0.55
v 5.772975650434434 79.92292567244232 -8.05294460349902 0.55 0.55 0.55
v 7.048158912557385 79.93406753468042 -6.179347082308361 0.55 0.55 0.55
v 8.145568084268175 74.87566327467239 -6.52192406876172 0.55 0.55 0.55
v 8.145568084268175 74.87566327467239 -6.52192406876172 0.55 0.55 0.55
v 7.048158912557385 79.93406753468042 -6.179347082308361 0.55 0.55 0.55
v 8.374547787539184 79.94153959850819 -4.149037203232077 0.55 0.55 0.55
v 9.447393611506696 74.8896876639424 -4.450377590667814 0.55 0.55 0.55
v 9.447393611506696 74.8896876639424 -4.450377590667814 0.55 0.55 0.55
v 8.374547787539184 79.94153959850819 -4.149037203232077 0.55 0.55 0.55
v 9.179495064657376 79.94394917535261 -1.855190157029187 0.55 0.55 0.55
v 10.245163854756708 74.89362974676655 -2.143786324925749 0.55 0.55 0.55
v 11.240415359984313 69.86954523666004 0.045511177247184474 1.0 0.0 0.0
v 10.245163854756708 74.89362974676655 -2.143786324925749 1.0 0.0 0.0
v 9.179495064657376 79.94394917535261 -1.855190157029187 1.0 0.0 0.0
v 9.279129672133072 79.9436857191761 0.899820027283682 1.0 0.0 0.0
v 10.360231094694228 74.89409220000321 1.1835939139350775 1.0 0.0 0.0
f 1 2 3 4
f 5 6 7 8
f 9 10 11 12
f 13 14 15 16
f 17 18 19 20
f 21 22 23 24
f 25 26 27 28
f 29 30 31 32
f 33 34 35 36
f 37 38 39 40
f 41 42 43 44
f 45 46 47 48
f 49 50 51 52
f 53 54 55 56
f 57 58 59 60
f 61 62 63 64
f 65 66 67 68
f 69 70 71 72
f 73 74 75 76
f 77 78 79 80
f 81 82 83 84
f 85 86 87 88
f 89 90 91 92
f 93 94 95 96
f 97 98 99 100
f 101 102 103 104
f 105 106 107 108
f 109 110 111 112
f 113 114 115 116
f 117 118 119 120
f 121 122 123 124
f 125 126 127 128
f 129 130 131 132
f 133 134 135 136
f 137 138 139 140
f 141 142 143 144
f 145 146 147 148
f 149 150 151 152
f 153 154 155 156
f 157 158 159 160
f 161 162 163 164
f 165 166 167 168
f 169 170 171 172
f 173 174 175 176
f 177 178 179 180
f 181 182 183 184
f 185 186 187 188
f 189 190 191 192
f 193 194 195 196
f 197 198 199 200
f 201 202 203 204
f 205 206 207 208
f 209 210 211 212
f 213 214 215 216
f 217 218 219 220
f 221 222 223 224
f 225 226 227 228
f 229 230 231 232
f 233 234 235 236
f 237 238 239 240
f 241 242 243 244
f 245 246 247 248
f 249 250 251 252
f 253 254 255 256
f 257 258 259 260
f 261 262 263 264
f 265 266 267 268
f 269 270 271 272
f 273 274 275 276
f 277 278 279 280
f 281 282 283 284
f 285 286 287 288
f 289 290 291 292
f 293 294 295 296
f 297 298 299 300
f 301 302 303 304
f 305 306 307 308
f 309 310 311 312
f 313 314 315 316
f 317 318 319 320
f 321 322 323 324
f 325 326 327 328 329
f 330 331 332 333
f 334 335 336 337
f 338 339 340 341
f 342 343 344 345
f 346 347 348 349
f 350 351 352 353
f 354 355 356 357
f 358 359 360 361
f 362 363 364 365
f 366 367 368 369
f 370 371 372 373
f 374 375 376 377
f 378 379 380 381
f 382 383 384 385
f 386 387 388 389
f 390 391 392 393
f 394 395 396 397
f 398 399 400 401 402
f 403 404 405 406
f 407 408 409 410
f 411 412 413 414
f 415 416 417 418 419
f 420 421 422 423
f 424 425 426 427
f 428 429 430 431
f 432 433 434 435
f 436 437 438 439
f 440 441 442 443 444
f 445 446 447 448
f 449 450 451 452
f 453 454 455 456
f 457 458 459 460
f 461 462 463 464
f 465 466 467 468
f 469 470 471 472
f 473 474 475 476
f 477 478 479 480
f 481 482 483 484
f 485 486 487 488
f 489 490 491 492
f 493 494 495 496
f 497 498 499 500
f 501 502 503 504
f 505 506 507 508
f 509 510 511 512
f 513 514 515 516 517
f 518 519 520 521
f 522 523 524 525
f 526 527 528 529
f 530 531 532 533
f 534 535 536 537
f 538 539 540 541
f 542 543 544 545
f 546 547 548 549
f 550 551 552 553
f 554 555 556 557 558
f 559 560 561 562
f 563 564 565 566
f 567 568 569 570
f 571 572 573 574
f 575 576 577 578 579
f 580 581 582 583 584
f 585 586 587 588 589
f 590 591 592 593
f 594 595 596 597 598
f 599 600 601 602 603
f 604 605 606 607
f 608 609 610 611
f 612 613 614 615
f 616 617 618
f 619 620 621 622 623
f 624 625 626 627
f 628 629 630 631
f 632 633 634 635 636
f 637 638 639 640
f 641 642 643 644
f 645 646 647 648
f 649 650 651 652 653
f 654 655 656 657
f 658 659 660 661
f 662 663 664 665
f 666 667 668 669 670
f 671 672 673 674 675
f 676 677 678 679
f 680 681 682 683
f 684 685 686 687 688
f 689 690 691
f 692 693 694
f 695 696 697 698
f 699 700 701 702
f 703 704 705 706
f 707 708 709 710
f 711 712 713 714
f 715 716 717 718
f 719 720 721 722
f 723 724 725 726
f 727 728 729 730
f 731 732 733 734
f 735 736 737 738
f 739 740 741 742
f 743 744 745 746
f 747 748 749 750
f 751 752 753 754
f 755 756 757 758 759
f 760 761 762 763
f 764 765 766
f 767 768 769
f 770 771 772
f 773 774 775 776
f 777 778 779 780
f 781 782 783 784
f 785 786 787 788
f 789 790 791
f 792 793 794
f 795 796 797 798
f 799 800 801
f 802 803 804
f 805 806 807 808
f 809 810 811 812
f 813 814 815 816
f 817 818 819
f 820 821 822 823
f 824 825 826
f 827 828 829
f 830 831 832 833
f 834 835 836
f 837 838 839
f 840 841 842
f 843 844 845
f 846 847 848 849
f 850 851 852 853
f 854 855 856 857 858
f 859 860 861
f 862 863 864
f 865 866 867 868
f 869 870 871 872
f 873 874 875
f 876 877 878
f 879 880 881 882 883
f 884 885 886 887
f 888 889 890
f 891 892 893 894
f 895 896 897 898
f 899 900 901
f 902 903 904
f 905 906 907 908 909
f 910 911 912 913
f 914 915 916 917
f 918 919 920 921
f 922 923 924 925
f 926 927 928 929
f 930 931 932 933
f 934 935 936 937
f 938 939 940 941
f 942 943 944 945 946
f 947 948 949 950
f 951 952 953 954
f 955 956 957 958
f 959 960 961 962
f 963 964 965
f 966 967 968
f 969 970 971 972
f 973 974 975 976
f 977 978 979 980
f 981 982 983 984
f 985 986 987
f 988 989 990
f 991 992 993 994
f 995 996 997 998
f 999 1000 1001 1002
f 1003 1004 1005
f 1006 1007 1008 1009
f 1010 1011 1012 1013
f 1014 1015 1016 1017
f 1018 1019 1020 1021
f 1022 1023 1024
f 1025 1026 1027
f 1028 1029 1030 1031
f 1032 1033 1034 1035
f 1036 1037 1038 1039
f 1040 1041 1042 1043
f 1044 1045 1046 1047
f 1048 1049 1050 1051
f 1052 1053 1054 1055
f 1056 1057 1058
f 1059 1060 1061
f 1062 1063 1064
f 1065 1066 1067
f 1068 1069 1070 1071
f 1072 1073 1074 1075
f 1076 1077 1078 1079
f 1080 1081 1082 1083
f 1084 1085 1086 1087
f 1088 1089 1090 1091
f 1092 1093 1094 1095
f 1096 1097 1098 1099
f 1100 1101 1102 1103
f 1104 1105 1106 1107
f 1108 1109 1110 1111
f 1112 1113 1114 1115
f 1116 1117 1118 1119
f 1120 1121 1122 1123
f 1124 1125 1126 1127
f 1128 1129 1130 1131
f 1132 1133 1134 1135
f 1136 1137 1138 1139
f 1140 1141 1142 1143
f 1144 1145 1146
f 1147 1148 1149
f 1150 1151 1152 1153
f 1154 1155 1156 1157
f 1158 1159 1160 1161
f 1162 1163 1164 1165
f 1166 1167 1168 1169
f 1170 1171 1172 1173
f 1174 1175 1176 1177
f 1178 1179 1180 1181
f 1182 1183 1184 1185
f 1186 1187 1188 1189
f 1190 1191 1192 1193
f 1194 1195 1196 1197
f 1198 1199 1200 1201
f 1202 1203 1204 1205
f 1206 1207 1208 1209
f 1210 1211 1212 1213
f 1214 1215 1216 1217
f 1218 1219 1220 1221
f 1222 1223 1224 1225
f 1226 1227 1228 1229
f 1230 1231 1232 1233
f 1234 1235 1236 1237
f 1238 1239 1240
f 1241 1242 1243
f 1244 1245 1246 1247
f 1248 1249 1250 1251
f 1252 1253 1254 1255
f 1256 1257 1258 1259
f 1260 1261 1262 1263
f 1264 1265 1266 1267
f 1268 1269 1270 1271
f 1272 1273 1274 1275
f 1276 1277 1278 1279
f 1280 1281 1282 1283
f 1284 1285 1286 1287
f 1288 1289 1290 1291
f 1292 1293 1294 1295
f 1296 1297 1298 1299
f 1300 1301 1302 1303
f 1304 1305 1306 1307
f 1308 1309 1310 1311
f 1312 1313 1314 1315
f 1316 1317 1318 1319
f 1320 1321 1322 1323
f 1324 1325 1326 1327
f 1328 1329 1330 1331
f 1332 1333 1334 1335
f 1336 1337 1338 1339
f 1340 1341 1342 1343
f 1344 1345 1346
f 1347 1348 1349
f 1350 1351 1352 1353
f 1354 1355 1356
f 1357 1358 1359
f 1360 1361 1362 1363
f 1364 1365 1366 1367
f 1368 1369 1370 1371
f 1372 1373 1374 1375
f 1376 1377 1378
f 1379 1380 1381
f 1382 1383 1384
f 1385 1386 1387
f 1388 1389 1390 1391
f 1392 1393 1394
f 1395 1396 1397
f 1398 1399 1400 1401
f 1402 1403 1404
f 1405 1406 1407
f 1408 1409 1410 1411
f 1412 1413 1414 1415
f 1416 1417 1418 1419
f 1420 1421 1422
f 1423 1424 1425
f 1426 1427 1428
f 1429 1430 1431
f 1432 1433 1434 1435
f 1436 1437 1438
f 1439 1440 1441
f 1442 1443 1444 1445
f 1446 1447 1448
f 1449 1450 1451
f 1452 1453 1454 1455
f 1456 1457 1458 1459
f 1460 1461 1462 1463
f 1464 1465 1466 1467
f 1468 1469 1470 1471
f 1472 1473 1474 1475
f 1476 1477 1478
f 1479 1480 1481
f 1482 1483 1484
f 1485 1486 1487
f 1488 1489 1490
f 1491 1492 1493
f 1494 1495 1496 1497
f 1498 1499 1500
f 1501 1502 1503
f 1504 1505 1506 1507
f 1508 1509 1510 1511
f 1512 1513 1514 1515
f 1516 1517 1518 1519
f 1520 1521 1522 1523
f 1524 1525 1526 1527
f 1528 1529 1530 1531
f 1532 1533 1534
f 1535 1536 1537
f 1538 1539 1540 1541
f 1542 1543 1544 1545
f 1546 1547 1548 1549
f 1550 1551 1552 1553
f 1554 1555 1556
f 1557 1558 1559
f 1560 1561 1562 1563
f 1564 1565 1566 1567
f 1568 1569 1570 1571
f 1572 1573 1574 1575
f 1576 1577 1578
f 1579 1580 1581
f 1582 1583 1584 1585
f 1586 1587 1588 1589
f 1590 1591 1592 1593
f 1594 1595 1596 1597
f 1598 1599 1600
f 1601 1602 1603
f 1604 1605 1606 1607
f 1608 1609 1610 1611
f 1612 1613 1614 1615
f 1616 1617 1618 1619
f 1620 1621 1622 1623
f 1624 1625 1626 1627
f 1628 1629 1630 1631
f 1632 1633 1634 1635
f 1636 1637 1638 1639
f 1640 1641 1642
f 1643 1644 1645
f 1646 1647 1648 1649
f 1650 1651 1652 1653
f 1654 1655 1656 1657
f 1658 1659 1660 1661
f 1662 1663 1664 1665
f 1666 1667 1668 1669
f 1670 1671 1672 1673
f 1674 1675 1676 1677
f 1678 1679 1680 1681
f 1682 1683 1684 1685
f 1686 1687 1688
f 1689 1690 1691
f 1692 1693 1694 1695
f 1696 1697 1698 1699
f 1700 1701 1702 1703
f 1704 1705 1706 1707
f 1708 1709 1710 1711
f 1712 1713 1714 1715
f 1716 1717 1718 1719
f 1720 1721 1722 1723
f 1724 1725 1726 1727
f 1728 1729 1730 1731
f 1732 1733 1734 1735
f 1736 1737 1738 1739
f 1740 1741 1742 1743
f 1744 1745 1746 1747
f 1748 1749 1750 1751
f 1752 1753 1754 1755
f 1756 1757 1758
f 1759 1760 1761
f 1762 1763 1764 1765
f 1766 1767 1768 1769
f 1770 1771 1772 1773
f 1774 1775 1776
f 1777 1778 1779
f 1780 1781 1782 1783
f 1784 1785 1786 1787
f 1788 1789 1790 1791
f 1792 1793 1794 1795
f 1796 1797 1798 1799
f 1800 1801 1802 1803
f 1804 1805 1806
f 1807 1808 1809
f 1810 1811 1812 1813
f 1814 1815 1816
f 1817 1818 1819
f 1820 1821 1822 1823
f 1824 1825 1826 1827
f 1828 1829 1830 1831
f 1832 1833 1834 1835
f 1836 1837 1838 1839
f 1840 1841 1842
f 1843 1844 1845
f 1846 1847 1848 1849
f 1850 1851 1852
f 1853 1854 1855
f 1856 1857 1858 1859
f 1860 1861 1862 1863
f 1864 1865 1866 1867
f 1868 1869 1870 1871
f 1872 1873 1874
f 1875 1876 1877
f 1878 1879 1880 1881
f 1882 1883 1884
f 1885 1886 1887
f 1888 1889 1890 1891
f 1892 1893 1894 1895
f 1896 1897 1898 1899
f 1900 1901 1902 1903
f 1904 1905 1906
f 1907 1908 1909
f 1910 1911 1912 1913
f 1914 1915 1916
f 1917 1918 1919
f 1920 1921 1922 1923
f 1924 1925 1926 1927
f 1928 1929 1930 1931
f 1932 1933 1934
f 1935 1936 1937
f 1938 1939 1940
f 1941 1942 1943
f 1944 1945 1946 1947
f 1948 1949 1950 1951
f 1952 1953 1954 1955
f 1956 1957 1958 1959
f 1960 1961 1962 1963
f 1964 1965 1966 1967
f 1968 1969 1970 1971
f 1972 1973 1974 1975
f 1976 1977 1978 1979
f 1980 1981 1982 1983
f 1984 1985 1986 1987
f 1988 1989 1990 1991
f 1992 1993 1994 1995
f 1996 1997 1998 1999
f 2000 2001 2002 2003
f 2004 2005 2006 2007
f 2008 2009 2010
f 2011 2012 2013
f 2014 2015 2016 2017
f 2018 2019 2020 2021
f 2022 2023 2024 2025
f 2026 2027 2028 2029
f 2030 2031 2032 2033
f 2034 2035 2036 2037
f 2038 2039 2040 2041
f 2042 2043 2044 2045
f 2046 2047 2048 2049
f 2050 2051 2052 2053
f 2054 2055 2056 2057
f 2058 2059 2060 2061
f 2062 2063 2064 2065
f 2066 2067 2068 2069
f 2070 2071 2072
f 2073 2074 2075
f 2076 2077 2078 2079
f 2080 2081 2082 2083
f 2084 2085 2086 2087
f 2088 2089 2090 2091
f 2092 2093 2094 2095
f 2096 2097 2098 2099
f 2100 2101 2102 2103
f 2104 2105 2106 2107
f 2108 2109 2110 2111
f 2112 2113 2114 2115
f 2116 2117 2118 2119
f 2120 2121 2122 2123
f 2124 2125 2126 2127
f 2128 2129 2130 2131
f 2132 2133 2134 2135
f 2136 2137 2138 2139
f 2140 2141 2142 2143
f 2144 2145 2146 2147
f 2148 2149 2150 2151
f 2152 2153 2154 2155
f 2156 2157 2158 2159
f 2160 2161 2162 2163
f 2164 2165 2166 2167
f 2168 2169 2170 2171
f 2172 2173 2174 2175
f 2176 2177 2178 2179
f 2180 2181 2182 2183
f 2184 2185 2186 2187
f 2188 2189 2190
f 2191 2192 2193
f 2194 2195 2196 2197
f 2198 2199 2200
f 2201 2202 2203
f 2204 2205 2206 2207
f 2208 2209 2210 2211
f 2212 2213 2214 2215
f 2216 2217 2218 2219
f 2220 2221 2222 2223
f 2224 2225 2226 2227
f 2228 2229 2230
f 2231 2232 2233
f 2234 2235 2236
f 2237 2238 2239
f 2240 2241 2242 2243
f 2244 2245 2246 2247
f 2248 2249 2250 2251
f 2252 2253 2254 2255
f 2256 2257 2258
f 2259 2260 2261
f 2262 2263 2264 2265
f 2266 2267 2268
f 2269 2270 2271
f 2272 2273 2274 2275
f 2276 2277 2278 2279
f 2280 2281 2282 2283
f 2284 2285 2286 2287
f 2288 2289 2290
f 2291 2292 2293
f 2294 2295 2296
f 2297 2298 2299
f 2300 2301 2302 2303
f 2304 2305 2306 2307
f 2308 2309 2310 2311
f 2312 2313 2314
f 2315 2316 2317
f 2318 2319 2320
f 2321 2322 2323
f 2324 2325 2326 2327
f 2328 2329 2330 2331
f 2332 2333 2334 2335
f 2336 2337 2338
f 2339 2340 2341
f 2342 2343 2344
f 2345 2346 2347
f 2348 2349 2350 2351
f 2352 2353 2354 2355
f 2356 2357 2358
f 2359 2360 2361
f 2362 2363 2364
f 2365 2366 2367
f 2368 2369 2370 2371
f 2372 2373 2374 2375
f 2376 2377 2378
f 2379 2380 2381
f 2382 2383 2384
f 2385 2386 2387
f 2388 2389 2390 2391
f 2392 2393 2394 2395
f 2396 2397 2398 2399
f 2400 2401 2402 2403
f 2404 2405 2406 2407
f 2408 2409 2410 2411
f 2412 2413 2414 2415
f 2416 2417 2418 2419
f 2420 2421 2422 2423
f 2424 2425 2426 2427
f 2428 2429 2430 2431
f 2432 2433 2434 2435
f 2436 2437 2438 2439
f 2440 2441 2442 2443
f 2444 2445 2446
f 2447 2448 2449
f 2450 2451 2452
f 2453 2454 2455
f 2456 2457 2458 2459
f 2460 2461 2462 2463
f 2464 2465 2466 2467
f 2468 2469 2470 2471
f 2472 2473 2474 2475
f 2476 2477 2478 2479
f 2480 2481 2482 2483
f 2484 2485 2486 2487
f 2488 2489 2490 2491
f 2492 2493 2494 2495
f 2496 2497 2498 2499
f 2500 2501 2502
f 2503 2504 2505
f 2506 2507 2508 2509
f 2510 2511 2512 2513
f 2514 2515 2516 2517
f 2518 2519 2520
f 2521 2522 2523
f 2524 2525 2526 2527
f 2528 2529 2530 2531
f 2532 2533 2534 2535
f 2536 2537 2538 2539
f 2540 2541 2542 2543
f 2544 2545 2546 2547
f 2548 2549 2550 2551
f 2552 2553 2554 2555
f 2556 2557 2558 2559
f 2560 2561 2562
f 2563 2564 2565
f 2566 2567 2568 2569
f 2570 2571 2572 2573
f 2574 2575 2576 2577
f 2578 2579 2580
f 2581 2582 2583
f 2584 2585 2586 2587
f 2588 2589 2590 2591
f 2592 2593 2594 2595
f 2596 2597 2598 2599
f 2600 2601 2602 2603
f 2604 2605 2606 2607
f 2608 2609 2610
f 2611 2612 2613
f 2614 2615 2616 2617
f 2618 2619 2620
f 2621 2622 2623
f 2624 2625 2626 2627
f 2628 2629 2630 2631
f 2632 2633 2634 2635
f 2636 2637 2638 2639
f 2640 2641 2642 2643
f 2644 2645 2646
f 2647 2648 2649
f 2650 2651 2652 2653
f 2654 2655 2656
f 2657 2658 2659
f 2660 2661 2662 2663
f 2664 2665 2666 2667
f 2668 2669 2670 2671
f 2672 2673 2674 2675
f 2676 2677 2678
f 2679 2680 2681
f 2682 2683 2684 2685
f 2686 2687 2688
f 2689 2690 2691
f 2692 2693 2694 2695
f 2696 2697 2698 2699
f 2700 2701 2702 2703
f 2704 2705 2706 2707
f 2708 2709 2710
f 2711 2712 2713
f 2714 2715 2716
f 2717 2718 2719
f 2720 2721 2722 2723
f 2724 2725 2726 2727
f 2728 2729 2730
f 2731 2732 2733
f 2734 2735 2736
f 2737 2738 2739
f 2740 2741 2742 2743
f 2744 2745 2746 2747
f 2748 2749 2750
f 2751 2752 2753
f 2754 2755 2756
f 2757 2758 2759
f 2760 2761 2762 2763
f 2764 2765 2766 2767
f 2768 2769 2770 2771
f 2772 2773 2774 2775
f 2776 2777 2778 2779
f 2780 2781 2782 2783
f 2784 2785 2786 2787
f 2788 2789 2790 2791
f 2792 2793 2794 2795
f 2796 2797 2798 2799
f 2800 2801 2802 2803
f 2804 2805 2806 2807
f 2808 2809 2810 2811
f 2812 2813 2814 2815
f 2816 2817 2818
f 2819 2820 2821
f 2822 2823 2824 2825
f 2826 2827 2828 2829
f 2830 2831 2832 2833
f 2834 2835 2836 2837
f 2838 2839 2840 2841
f 2842 2843 2844 2845
f 2846 2847 2848 2849
f 2850 2851 2852 2853
f 2854 2855 2856 2857
f 2858 2859 2860 2861
f 2862 2863 2864 2865
f 2866 2867 2868 2869
f 2870 2871 2872
f 2873 2874 2875
f 2876 2877 2878 2879
f 2880 2881 2882 2883
f 2884 2885 2886 2887
f 2888 2889 2890 2891
f 2892 2893 2894 2895
f 2896 2897 2898 2899
f 2900 2901 2902 2903
f 2904 2905 2906 2907
f 2908 2909 2910 2911
f 2912 2913 2914 2915
f 2916 2917 2918 2919
f 2920 2921 2922 2923
f 2924 2925 2926 2927
f 2928 2929 2930 2931
f 2932 2933 2934 2935
f 2936 2937 2938 2939
f 2940 2941 2942 2943
f 2944 2945 2946 2947
f 2948 2949 2950 2951
f 2952 2953 2954
f 2955 2956 2957
f 2958 2959 2960 2961
f 2962 2963 2964 2965
f 2966 2967 2968 2969
f 2970 2971 2972 2973
f 2974 2975 2976 2977
f 2978 2979 2980
f 2981 2982 2983
f 2984 2985 2986 2987
f 2988 2989 2990 2991
f 2992 2993 2994 2995
f 2996 2997 2998 2999
f 3000 3001 3002 3003
f 3004 3005 3006 3007
f 3008 3009 3010 3011
f 3012 3013 3014 3015
f 3016 3017 3018 3019
f 3020 3021 3022 3023
f 3024 3025 3026 3027
f 3028 3029 3030 3031
f 3032 3033 3034
f 3035 3036 3037
f 3038 3039 3040 3041
f 3042 3043 3044
f 3045 3046 3047
f 3048 3049 3050 3051
f 3052 3053 3054 3055
f 3056 3057 3058 3059
f 3060 3061 3062
f 3063 3064 3065
f 3066 3067 3068
f 3069 3070 3071
f 3072 3073 3074 3075
f 3076 3077 3078 3079
f 3080 3081 3082 3083
f 3084 3085 3086
f 3087 3088 3089
f 3090 3091 3092
f 3093 3094 3095
f 3096 3097 3098 3099
f 3100 3101 3102 3103
f 3104 3105 3106 3107
f 3108 3109 3110 3111
f 3112 3113 3114
f 3115 3116 3117
f 3118 3119 3120 3121
f 3122 3123 3124
f 3125 3126 3127
f 3128 3129 3130 3131
f 3132 3133 3134 3135
f 3136 3137 3138 3139
f 3140 3141 3142 3143
f 3144 3145 3146
f 3147 3148 3149
f 3150 3151 3152
f 3153 3154 3155
f 3156 3157 3158 3159
f 3160 3161 3162 3163
f 3164 3165 3166 3167
f 3168 3169 3170 3171
f 3172 3173 3174
f 3175 3176 3177
f 3178 3179 3180 3181
f 3182 3183 3184
f 3185 3186 3187
f 3188 3189 3190 3191
f 3192 3193 3194 3195
f 3196 3197 3198 3199
f 3200 3201 3202
f 3203 3204 3205
f 3206 3207 3208
f 3209 3210 3211
f 3212 3213 3214 3215
f 3216 3217 3218 3219
f 3220 3221 3222
f 3223 3224 3225
f 3226 3227 3228
f 3229 3230 3231
f 3232 3233 3234 3235
f 3236 3237 3238 3239
f 3240 3241 3242
f 3243 3244 3245
f 3246 3247 3248
f 3249 3250 3251
f 3252 3253 3254 3255
f 3256 3257 3258 3259
f 3260 3261 3262 3263
f 3264 3265 3266 3267
f 3268 3269 3270 3271
f 3272 3273 3274 3275
f 3276 3277 3278
f 3279 3280 3281
f 3282 3283 3284
f 3285 3286 3287
f 3288 3289 3290 3291
f 3292 3293 3294 3295
f 3296 3297 3298 3299
f 3300 3301 3302 3303
f 3304 3305 3306 3307
f 3308 3309 3310 3311
f 3312 3313 3314 3315
f 3316 3317 3318 3319
f 3320 3321 3322
f 3323 3324 3325
f 3326 3327 3328
f 3329 3330 3331
f 3332 3333 3334 3335
f 3336 3337 3338 3339
f 3340 3341 3342 3343
f 3344 3345 3346 3347
f 3348 3349 3350 3351
f 3352 3353 3354 3355
f 3356 3357 3358 3359
f 3360 3361 3362
f 3363 3364 3365
f 3366 3367 3368
f 3369 3370 3371
f 3372 3373 3374 3375
f 3376 3377 3378 3379
f 3380 3381 3382 3383
f 3384 3385 3386 3387
f 3388 3389 3390
f 3391 3392 3393
f 3394 3395 3396 3397
f 3398 3399 3400 3401
f 3402 3403 3404 3405
f 3406 3407 3408
f 3409 3410 3411
f 3412 3413 3414 3415
f 3416 3417 3418 3419
f 3420 3421 3422 3423
f 3424 3425 3426 3427
f 3428 3429 3430 3431
f 3432 3433 3434 3435
f 3436 3437 3438
f 3439 3440 3441
f 3442 3443 3444
f 3445 3446 3447
f 3448 3449 3450 3451
f 3452 3453 3454 3455
f 3456 3457 3458 3459
f 3460 3461 3462 3463
f 3464 3465 3466 3467
f 3468 3469 3470 3471
f 3472 3473 3474 3475
f 3476 3477 3478
f 3479 3480 3481
f 3482 3483 3484 3485
f 3486 3487 3488 3489
f 3490 3491 3492 3493
f 3494 3495 3496 3497
f 3498 3499 3500 3501
f 3502 3503 3504
f 3505 3506 3507
f 3508 3509 3510 3511
f 3512 3513 3514 3515
f 3516 3517 3518 3519
f 3520 3521 3522 3523
f 3524 3525 3526 3527
f 3528 3529 3530 3531
f 3532 3533 3534 3535
f 3536 3537 3538 3539
f 3540 3541 3542
f 3543 3544 3545
f 3546 3547 3548 3549
f 3550 3551 3552
f 3553 3554 3555
f 3556 3557 3558 3559
f 3560 3561 3562 3563
f 3564 3565 3566 3567
f 3568 3569 3570 3571
f 3572 3573 3574
f 3575 3576 3577
f 3578 3579 3580 3581
f 3582 3583 3584
f 3585 3586 3587
f 3588 3589 3590 3591
f 3592 3593 3594 3595
f 3596 3597 3598 3599
f 3600 3601 3602 3603
f 3604 3605 3606
f 3607 3608 3609
f 3610 3611 3612
f 3613 3614 3615
f 3616 3617 3618 3619
f 3620 3621 3622 3623
f 3624 3625 3626
f 3627 3628 3629
f 3630 3631 3632
f 3633 3634 3635
f 3636 3637 3638 3639
f 3640 3641 3642 3643
f 3644 3645 3646
f 3647 3648 3649
f 3650 3651 3652
f 3653 3654 3655
f 3656 3657 3658 3659
f 3660 3661 3662 3663
f 3664 3665 3666 3667
f 3668 3669 3670 3671
f 3672 3673 3674 3675
f 3676 3677 3678 3679
f 3680 3681 3682
f 3683 3684 3685
f 3686 3687 3688 3689
f 3690 3691 3692 3693
f 3694 3695 3696 3697
f 3698 3699 3700 3701
f 3702 3703 3704
f 3705 3706 3707
f 3708 3709 3710 3711
f 3712 3713 3714 3715
f 3716 3717 3718 3719
f 3720 3721 3722 3723
f 3724 3725 3726 3727
f 3728 3729 3730 3731
f 3732 3733 3734 3735
f 3736 3737 3738 3739
f 3740 3741 3742 3743
f 3744 3745 3746 3747
f 3748 3749 3750 3751
f 3752 3753 3754 3755
f 3756 3757 3758
f 3759 3760 3761
f 3762 3763 3764 3765
f 3766 3767 3768 3769
f 3770 3771 3772 3773
f 3774 3775 3776 3777
f 3778 3779 3780 3781
f 3782 3783 3784 3785
f 3786 3787 3788
f 3789 3790 3791
f 3792 3793 3794 3795
f 3796 3797 3798 3799
f 3800 3801 3802 3803
f 3804 3805 3806 3807
f 3808 3809 3810 3811
f 3812 3813 3814 3815
f 3816 3817 3818 3819
f 3820 3821 3822 3823
f 3824 3825 3826 3827
f 3828 3829 3830 3831
f 3832 3833 3834 3835
f 3836 3837 3838 3839
f 3840 3841 3842 3843
f 3844 3845 3846
f 3847 3848 3849
f 3850 3851 3852 3853
f 3854 3855 3856 3857
f 3858 3859 3860 3861
f 3862 3863 3864 3865
f 3866 3867 3868 3869
f 3870 3871 3872
f 3873 3874 3875
f 3876 3877 3878 3879
f 3880 3881 3882 3883
f 3884 3885 3886 3887
f 3888 3889 3890 3891
f 3892 3893 3894 3895
f 3896 3897 3898 3899
f 3900 3901 3902 3903
f 3904 3905 3906 3907
f 3908 3909 3910
f 3911 3912 3913
f 3914 3915 3916
f 3917 3918 3919
f 3920 3921 3922 3923
f 3924 3925 3926 3927
f 3928 3929 3930 3931
f 3932 3933 3934 3935
f 3936 3937 3938
f 3939 3940 3941
f 3942 3943 3944
f 3945 3946 3947
f 3948 3949 3950 3951
f 3952 3953 3954 3955
f 3956 3957 3958
f 3959 3960 3961
f 3962 3963 3964
f 3965 3966 3967
f 3968 3969 3970 3971
f 3972 3973 3974 3975
f 3976 3977 3978 3979
f 3980 3981 3982 3983
f 3984 3985 3986 3987
f 3988 3989 3990 3991
f 3992 3993 3994 3995
f 3996 3997 3998
f 3999 4000 4001
f 4002 4003 4004
f 4005 4006 4007
f 4008 4009 4010 4011
f 4012 4013 4014 4015
f 4016 4017 4018 4019
f 4020 4021 4022
f 4023 4024 4025
f 4026 4027 4028
f 4029 4030 4031
f 4032 4033 4034 4035
f 4036 4037 4038 4039
f 4040 4041 4042 4043
f 4044 4045 4046 4047
f 4048 4049 4050
f 4051 4052 4053
f 4054 4055 4056 4057
f 4058 4059 4060
f 4061 4062 4063
f 4064 4065 4066 4067
f 4068 4069 4070 4071
f 4072 4073 4074 4075
f 4076 4077 4078
f 4079 4080 4081
f 4082 4083 4084
f 4085 4086 4087
f 4088 4089 4090 4091
f 4092 4093 4094 4095
f 4096 4097 4098
f 4099 4100 4101
f 4102 4103 4104
f 4105 4106 4107
f 4108 4109 4110 4111
f 4112 4113 4114 4115
f 4116 4117 4118
f 4119 4120 4121
f 4122 4123 4124
f 4125 4126 4127
f 4128 4129 4130 4131
f 4132 4133 4134 4135
f 4136 4137 4138 4139
f 4140 4141 4142 4143
f 4144 4145 4146 4147
f 4148 4149 4150 4151
f 4152 4153 4154 4155
f 4156 4157 4158 4159
f 4160 4161 4162 4163
f 4164 4165 4166 4167
f 4168 4169 4170 4171
f 4172 4173 4174
f 4175 4176 4177
f 4178 4179 4180
f 4181 4182 4183
f 4184 4185 4186 4187
f 4188 4189 4190 4191
f 4192 4193 4194 4195
f 4196 4197 4198
f 4199 4200 4201
f 4202 4203 4204
f 4205 4206 4207
f 4208 4209 4210 4211
f 4212 4213 4214 4215
f 4216 4217 4218 4219
f 4220 4221 4222 4223
f 4224 4225 4226 4227
f 4228 4229 4230 4231
f 4232 4233 4234 4235
f 4236 4237 4238 4239
f 4240 4241 4242
f 4243 4244 4245
f 4246 4247 4248 4249 4250
f 4251 4252 4253 4254
f 4255 4256 4257 4258
f 4259 4260 4261 4262
f 4263 4264 4265 4266 4267
f 4268 4269 4270
f 4271 4272 4273
f 4274 4275 4276 4277
f 4278 4279 4280 4281
f 4282 4283 4284 4285
f 4286 4287 4288 4289
f 4290 4291 4292 4293
f 4294 4295 4296 4297
f 4298 4299 4300 4301
f 4302 4303 4304 4305
f 4306 4307 4308 4309
f 4310 4311 4312
f 4313 4314 4315 4316
f 4317 4318 4319
f 4320 4321 4322
f 4323 4324 4325 4326
f 4327 4328 4329 4330
f 4331 4332 4333 4334
f 4335 4336 4337 4338 4339
f 4340 4341 4342 4343
f 4344 4345 4346 4347
f 4348 4349 4350 4351
f 4352 4353 4354 4355
f 4356 4357 4358 4359
f 4360 4361 4362
f 4363 4364 4365
f 4366 4367 4368 4369
f 4370 4371 4372 4373
f 4374 4375 4376 4377 4378
f 4379 4380 4381 4382
f 4383 4384 4385 4386
f 4387 4388 4389
f 4390 4391 4392
f 4393 4394 4395 4396 4397
f 4398 4399 4400 4401
f 4402 4403 4404 4405
f 4406 4407 4408 4409 4410
f 4411 4412 4413 4414 4415
f 4416 4417 4418
f 4419 4420 4421
f 4422 4423 4424
f 4425 4426 4427
f 4428 4429 4430 4431
f 4432 4433 4434 4435
f 4436 4437 4438 4439
f 4440 4441 4442 4443
f 4444 4445 4446
f 4447 4448 4449 4450 4451
f 4452 4453 4454
f 4455 4456 4457
f 4458 4459 4460 4461
f 4462 4463 4464 4465 4466
f 4467 4468 4469 4470
f 4471 4472 4473
f 4474 4475 4476
f 4477 4478 4479
f 4480 4481 4482
f 4483 4484 4485 4486
f 4487 4488 4489 4490
f 4491 4492 4493
f 4494 4495 4496
f 4497 4498 4499
f 4500 4501 4502
f 4503 4504 4505 4506
f 4507 4508 4509 4510
f 4511 4512 4513 4514 4515
f 4516 4517 4518 4519
f 4520 4521 4522 4523
f 4524 4525 4526 4527
f 4528 4529 4530 4531
f 4532 4533 4534 4535
f 4536 4537 4538 4539
f 4540 4541 4542 4543
f 4544 4545 4546 4547
f 4548 4549 4550 4551
f 4552 4553 4554
f 4555 4556 4557
f 4558 4559 4560 4561
f 4562 4563 4564 4565
f 4566 4567 4568 4569
f 4570 4571 4572 4573
f 4574 4575 4576 4577
f 4578 4579 4580 4581
f 4582 4583 4584 4585
f 4586 4587 4588 4589
f 4590 4591 4592 4593
f 4594 4595 4596 4597
f 4598 4599 4600
f 4601 4602 4603
f 4604 4605 4606 4607
f 4608 4609 4610 4611
f 4612 4613 4614 4615 4616
f 4617 4618 4619 4620 4621 4622
f 4623 4624 4625 4626
f 4627 4628 4629 4630 4631
f 4632 4633 4634 4635
f 4636 4637 4638 4639
f 4640 4641 4642 4643
f 4644 4645 4646
f 4647 4648 4649
f 4650 4651 4652 4653
f 4654 4655 4656
f 4657 4658 4659
f 4660 4661 4662 4663 4664
f 4665 4666 4667 4668
f 4669 4670 4671 4672
f 4673 4674 4675 4676
f 4677 4678 4679 4680
f 4681 4682 4683 4684
f 4685 4686 4687 4688
f 4689 4690 4691 4692
f 4693 4694 4695 4696
f 4697 4698 4699 4700
f 4701 4702 4703 4704
f 4705 4706 4707
f 4708 4709 4710
f 4711 4712 4713
f 4714 4715 4716
f 4717 4718 4719 4720
f 4721 4722 4723 4724
f 4725 4726 4727 4728
f 4729 4730 4731 4732
f 4733 4734 4735 4736
f 4737 4738 4739
f 4740 4741 4742
f 4743 4744 4745
f 4746 4747 4748
f 4749 4750 4751 4752
f 4753 4754 4755 4756
f 4757 4758 4759 4760
f 4761 4762 4763 4764
f 4765 4766 4767 4768
f 4769 4770 4771 4772
f 4773 4774 4775 4776 4777
f 4778 4779 4780 4781 4782
f 4783 4784 4785 4786
f 4787 4788 4789 4790
f 4791 4792 4793 4794
f 4795 4796 4797 4798
f 4799 4800 4801 4802
f 4803 4804 4805 4806
f 4807 4808 4809 4810 4811
f 4812 4813 4814 4815
f 4816 4817 4818
f 4819 4820 4821
f 4822 4823 4824
f 4825 4826 4827
f 4828 4829 4830 4831
f 4832 4833 4834 4835
f 4836 4837 4838 4839
f 4840 4841 4842 4843
f 4844 4845 4846 4847
f 4848 4849 4850 4851
f 4852 4853 4854 4855
f 4856 4857 4858 4859
f 4860 4861 4862 4863
f 4864 4865 4866 4867 4868
f 4869 4870 4871 4872
f 4873 4874 4875 4876
f 4877 4878 4879 4880
f 4881 4882 4883
f 4884 4885 4886
f 4887 4888 4889 4890
f 4891 4892 4893 4894
f 4895 4896 4897 4898
f 4899 4900 4901 4902
f 4903 4904 4905 4906
f 4907 4908 4909 4910
f 4911 4912 4913 4914
f 4915 4916 4917
f 4918 4919 4920
f 4921 4922 4923 4924
f 4925 4926 4927 4928
f 4929 4930 4931 4932
f 4933 4934 4935 4936
f 4937 4938 4939 4940
f 4941 4942 4943 4944
f 4945 4946 4947 4948
f 4949 4950 4951 4952
f 4953 4954 4955 4956
f 4957 4958 4959 4960 4961
f 4962 4963 4964
f 4965 4966 4967
f 4968 4969 4970 4971
f 4972 4973 4974
f 4975 4976 4977
f 4978 4979 4980 4981
f 4982 4983 4984 4985
f 4986 4987 4988 4989 4990
f 4991 4992 4993 4994
f 4995 4996 4997 4998
f 4999 5000 5001 5002
f 5003 5004 5005 5006
f 5007 5008 5009 5010
f 5011 5012 5013 5014
f 5015 5016 5017 5018
f 5019 5020 5021 5022
f 5023 5024 5025 5026
f 5027 5028 5029 5030 5031
f 5032 5033 5034 5035
f 5036 5037 5038 5039
f 5040 5041 5042 5043
f 5044 5045 5046
f 5047 5048 5049
f 5050 5051 5052 5053
f 5054 5055 5056 5057
f 5058 5059 5060 5061
f 5062 5063 5064 5065
f 5066 5067 5068 5069
f 5070 5071 5072 5073
f 5074 5075 5076 5077
f 5078 5079 5080 5081
f 5082 5083 5084 5085
f 5086 5087 5088 5089
f 5090 5091 5092 5093
f 5094 5095 5096 5097
f 5098 5099 5100 5101
f 5102 5103 5104
f 5105 5106 5107
f 5108 5109 5110 5111
f 5112 5113 5114 5115
f 5116 5117 5118 5119
f 5120 5121 5122 5123
f 5124 5125 5126 5127
f 5128 5129 5130 5131
f 5132 5133 5134 5135
f 5136 5137 5138 5139
f 5140 5141 5142 5143
f 5144 5145 5146 5147
f 5148 5149 5150 5151
f 5152 5153 5154 5155
f 5156 5157 5158 5159
f 5160 5161 5162 5163
f 5164 5165 5166 5167
f 5168 5169 5170 5171
f 5172 5173 5174 5175
f 5176 5177 5178 5179
f 5180 5181 5182 5183
f 5184 5185 5186 5187
f 5188 5189 5190 5191
f 5192 5193 5194 5195
f 5196 5197 5198 5199
f 5200 5201 5202
f 5203 5204 5205
f 5206 5207 5208
f 5209 5210 5211
f 5212 5213 5214 5215
f 5216 5217 5218 5219
f 5220 5221 5222 5223
f 5224 5225 5226
f 5227 5228 5229
f 5230 5231 5232
f 5233 5234 5235
f 5236 5237 5238 5239
f 5240 5241 5242 5243
f 5244 5245 5246 5247
f 5248 5249 5250 5251
f 5252 5253 5254 5255
f 5256 5257 5258 5259
f 5260 5261 5262 5263
f 5264 5265 5266 5267
f 5268 5269 5270 5271
f 5272 5273 5274 5275
f 5276 5277 5278 5279
f 5280 5281 5282 5283
f 5284 5285 5286 5287
f 5288 5289 5290 5291
f 5292 5293 5294 5295 5296
