# KnittingStitches from conjugate-height scales + smooth
v 9.953689415281588 0.0002110168393398161 0.4707348671183904 0.55 0.55 0.55
v 10.6049818961894 2.6671069924147166 0.6274136505712229 0.55 0.55 0.55
v 10.17388254461353 2.666715118261934 3.0298437553581077 0.55 0.55 0.55
v 9.541141141246069 -2.581750888930778e-05 2.830111537288678 0.55 0.55 0.55
v 9.541141141246069 -2.581750888930778e-05 2.830111537288678 0.55 0.55 0.55
v 10.17388254461353 2.666715118261934 3.0298437553581077 0.55 0.55 0.55
v 9.232704997467863 2.6697243434078057 5.24726923442891 0.55 0.55 0.55
v 8.624642180218808 0.00021322173324995656 4.975946489423732 0.55 0.55 0.55
v 8.624642180218808 0.00021322173324995656 4.975946489423732 0.55 0.55 0.55
v 9.232704997467863 2.6697243434078057 5.24726923442891 0.55 0.55 0.55
v 7.821909330419094 2.6748524917570062 7.204868681008735 0.55 0.55 0.55
v 7.249846486960694 0.002560588891191676 6.845199439870606 0.55 0.55 0.55
v 7.249846486960694 0.002560588891191676 6.845199439870606 0.55 0.55 0.55
v 7.821909330419094 2.6748524917570062 7.204868681008735 0.55 0.55 0.55
v 5.986774138694289 2.6844379745455718 8.825492980589178 0.55 0.55 0.55
v 5.473288940950138 0.006755978331026003 8.35543384496518 0.55 0.55 0.55
v 5.473288940950138 0.006755978331026003 8.35543384496518 0.55 0.55 0.55
v 5.986774138694289 2.6844379745455718 8.825492980589178 0.55 0.55 0.55
v 3.700818350836869 2.6762471025989343 9.978359548156693 0.55 0.55 0.55
v 3.4413105350039763 0.0028769813589279805 9.35354009888734 0.55 0.55 0.55
v 3.4413105350039763 0.0028769813589279805 9.35354009888734 0.55 0.55 0.55
v 3.700818350836869 2.6762471025989343 9.978359548156693 0.55 0.55 0.55
v 1.258049465521306 2.6878039595523266 10.556230733103881 0.55 0.55 0.55
v 1.141766113964576 0.0035403951025029983 9.882110239308592 0.55 0.55 0.55
v 1.141766113964576 0.0035403951025029983 9.882110239308592 0.55 0.55 0.55
v 1.258049465521306 2.6878039595523266 10.556230733103881 0.55 0.55 0.55
v -1.1828120489659664 2.6696204781476416 10.550908299276168 0.55 0.55 0.55
v -1.2005550285666757 0.0013689907508973428 9.882097894793539 0.55 0.55 0.55
v -1.2005550285666757 0.0013689907508973428 9.882097894793539 0.55 0.55 0.55
v -1.1828120489659664 2.6696204781476416 10.550908299276168 0.55 0.55 0.55
v -3.596623728108456 2.6716421681827445 10.00323270178706 0.55 0.55 0.55
v -3.480379493946231 0.002149919038704372 9.344450177054695 0.55 0.55 0.55
v -3.480379493946231 0.002149919038704372 9.344450177054695 0.55 0.55 0.55
v -3.596623728108456 2.6716421681827445 10.00323270178706 0.55 0.55 0.55
v -5.865554376202904 2.6769550949045855 8.904264542441915 0.55 0.55 0.55
v -5.57358700756895 0.0021451678152734316 8.305741681771602 0.55 0.55 0.55
v -5.57358700756895 0.0021451678152734316 8.305741681771602 0.55 0.55 0.55
v -5.865554376202904 2.6769550949045855 8.904264542441915 0.55 0.55 0.55
v -7.757296443736442 2.6690830942844306 7.286552181181502 0.55 0.55 0.55
v -7.331499510675611 0.0018257397318449371 6.760695374746531 0.55 0.55 0.55
v -7.331499510675611 0.0018257397318449371 6.760695374746531 0.55 0.55 0.55
v -7.757296443736442 2.6690830942844306 7.286552181181502 0.55 0.55 0.55
v -9.220260658260573 2.669024114860394 5.270764943059695 0.55 0.55 0.55
v -8.685141315623005 0.002512886862918197 4.858136276011283 0.55 0.55 0.55
v -8.685141315623005 0.002512886862918197 4.858136276011283 0.55 0.55 0.55
v -9.220260658260573 2.669024114860394 5.270764943059695 0.55 0.55 0.55
v -10.194828044536326 2.673243272174081 2.9663908244160844 0.55 0.55 0.55
v -9.585073616293238 0.0032398513753001752 2.6880845017165313 0.55 0.55 0.55
v -9.585073616293238 0.0032398513753001752 2.6880845017165313 0.55 0.55 0.55
v -10.194828044536326 2.673243272174081 2.9663908244160844 0.55 0.55 0.55
v -10.626677911277229 2.6946076475384277 0.4769350257967141 0.55 0.55 0.55
v -9.967863085766677 0.009361048756030875 0.35005263668334863 0.55 0.55 0.55
v -9.967863085766677 0.009361048756030875 0.35005263668334863 0.55 0.55 0.55
v -10.626677911277229 2.6946076475384277 0.4769350257967141 0.55 0.55 0.55
v -10.457835479626581 2.6931947670817684 -2.131671464093073 0.55 0.55 0.55
v -9.796158804458475 0.014538677644783653 -2.055287900707232 0.55 0.55 0.55
v -9.796158804458475 0.014538677644783653 -2.055287900707232 0.55 0.55 0.55
v -10.457835479626581 2.6931947670817684 -2.131671464093073 0.55 0.55 0.55
v -9.618878558005498 2.675887153838908 -4.528041974258065 0.55 0.55 0.55
v -9.056131920880457 0.0032702240818742235 -4.1702994108285365 0.55 0.55 0.55
v -9.056131920880457 0.0032702240818742235 -4.1702994108285365 0.55 0.55 0.55
v -9.618878558005498 2.675887153838908 -4.528041974258065 0.55 0.55 0.55
v -8.267736110918825 2.677094714642538 -6.666302536892419 0.55 0.55 0.55
v -7.800904265145008 0.004352320762148539 -6.178229631569222 0.55 0.55 0.55
v -7.800904265145008 0.004352320762148539 -6.178229631569222 0.55 0.55 0.55
v -8.267736110918825 2.677094714642538 -6.666302536892419 0.55 0.55 0.55
v -6.483836457297619 2.683814848868711 -8.424812516515548 0.55 0.55 0.55
v -6.134042882292549 0.005802616943515351 -7.839688806932463 0.55 0.55 0.55
v -6.134042882292549 0.005802616943515351 -7.839688806932463 0.55 0.55 0.55
v -6.483836457297619 2.683814848868711 -8.424812516515548 0.55 0.55 0.55
v -4.316151383555495 2.6673197235748924 -9.730290433122853 0.55 0.55 0.55
v -4.144487200336321 0.0011775863025853608 -9.075030190486666 0.55 0.55 0.55
v -4.144487200336321 0.0011775863025853608 -9.075030190486666 0.55 0.55 0.55
v -4.316151383555495 2.6673197235748924 -9.730290433122853 0.55 0.55 0.55
v -1.9433563627099182 2.669826344777871 -10.476052688422959 0.55 0.55 0.55
v -1.9168681405210117 0.0009827422876660069 -9.81145064701581 0.55 0.55 0.55
v -1.9168681405210117 0.0009827422876660069 -9.81145064701581 0.55 0.55 0.55
v -1.9433563627099182 2.669826344777871 -10.476052688422959 0.55 0.55 0.55
v 0.4982304883146311 2.6961440320791112 -10.630546837755757 0.55 0.55 0.55
v 0.43107440897088106 0.003353575914925774 -9.947447548779476 0.55 0.55 0.55
v 0.43107440897088106 0.003353575914925774 -9.947447548779476 0.55 0.55 0.55
v 0.4982304883146311 2.6961440320791112 -10.630546837755757 0.55 0.55 0.55
v 2.9667433751486016 2.6238158433129644 -10.184330036128245 0.55 0.55 0.55
v 2.7537578494509636 0.002217749474730642 -9.558218715297013 0.55 0.55 0.55
v 2.7537578494509636 0.002217749474730642 -9.558218715297013 0.55 0.55 0.55
v 2.9667433751486016 2.6238158433129644 -10.184330036128245 0.55 0.55 0.55
v 5.317417603799385 2.6315433632798286 -9.188105460093738 0.55 0.55 0.55
v 4.840904238636976 0.008114594107526154 -8.692419475514214 0.55 0.55 0.55
v 4.840904238636976 0.008114594107526154 -8.692419475514214 0.55 0.55 0.55
v 5.317417603799385 2.6315433632798286 -9.188105460093738 0.55 0.55 0.55
v 7.31292549575175 2.6745813522043784 -7.734269779662008 0.55 0.55 0.55
v 6.751312965884932 0.0009192310807351068 -7.341133481490361 0.55 0.55 0.55
v 6.751312965884932 0.0009192310807351068 -7.341133481490361 0.55 0.55 0.55
v 7.31292549575175 2.6745813522043784 -7.734269779662008 0.55 0.55 0.55
v 8.88839195007969 2.6682802838377495 -5.88875086007216 0.55 0.55 0.55
v 8.28511451489186 -0.00012900774267452831 -5.5966303220228415 0.55 0.55 0.55
v 8.28511451489186 -0.00012900774267452831 -5.5966303220228415 0.55 0.55 0.55
v 8.88839195007969 2.6682802838377495 -5.88875086007216 0.55 0.55 0.55
v 9.961224084299843 2.6666545228104552 -3.7308327815575706 0.55 0.55 0.55
v 9.332638877027579 -3.399149739634157e-05 -3.5174443460640417 0.55 0.55 0.55
v 9.332638877027579 -3.399149739634157e-05 -3.5174443460640417 0.55 0.55 0.55
v 9.961224084299843 2.6666545228104552 -3.7308327815575706 0.55 0.55 0.55
v 10.53194533038745 2.667174865418875 -1.3691386222793087 0.55 0.55 0.55
v 9.880969584915052 0.00024285056179213592 -1.209152477437996 0.55 0.55 0.55
v 9.880969584915052 0.00024285056179213592 -1.209152477437996 0.55 0.55 0.55
v 10.53194533038745 2.667174865418875 -1.3691386222793087 0.55 0.55 0.55
v 10.6049818961894 2.6671069924147166 0.6274136505712229 0.55 0.55 0.55
v 9.953689415281588 0.0002110168393398161 0.4707348671183904 0.55 0.55 0.55
v 10.6049818961894 2.6671069924147166 0.6274136505712229 0.55 0.55 0.55
v 11.253125875912797 5.332910928667677 0.8132877764823304 0.55 0.55 0.55
v 10.808696567966388 5.33348834883516 3.2227710791860398 0.55 0.55 0.55
v 10.17388254461353 2.666715118261934 3.0298437553581077 0.55 0.55 0.55
v 10.17388254461353 2.666715118261934 3.0298437553581077 0.55 0.55 0.55
v 10.808696567966388 5.33348834883516 3.2227710791860398 0.55 0.55 0.55
v 9.868157221504147 5.337702663950326 5.466540985122332 0.55 0.55 0.55
v 9.232704997467863 2.6697243434078057 5.24726923442891 0.55 0.55 0.55
v 9.232704997467863 2.6697243434078057 5.24726923442891 0.55 0.55 0.55
v 9.868157221504147 5.337702663950326 5.466540985122332 0.55 0.55 0.55
v 8.46102487296695 5.342242812731345 7.477680668170217 0.55 0.55 0.55
v 7.821909330419094 2.6748524917570062 7.204868681008735 0.55 0.55 0.55
v 7.821909330419094 2.6748524917570062 7.204868681008735 0.55 0.55 0.55
v 8.46102487296695 5.342242812731345 7.477680668170217 0.55 0.55 0.55
v 6.600704385676265 5.356390541562797 9.194059050145224 0.55 0.55 0.55
v 5.986774138694289 2.6844379745455718 8.825492980589178 0.55 0.55 0.55
v 5.986774138694289 2.6844379745455718 8.825492980589178 0.55 0.55 0.55
v 6.600704385676265 5.356390541562797 9.194059050145224 0.55 0.55 0.55
v 4.04617863606072 5.347618520867182 10.569248303156964 0.55 0.55 0.55
v 3.700818350836869 2.6762471025989343 9.978359548156693 0.55 0.55 0.55
v 3.700818350836869 2.6762471025989343 9.978359548156693 0.55 0.55 0.55
v 4.04617863606072 5.347618520867182 10.569248303156964 0.55 0.55 0.55
v 1.4677473592691497 5.3717409102610105 11.209279016506468 0.55 0.55 0.55
v 1.258049465521306 2.6878039595523266 10.556230733103881 0.55 0.55 0.55
v 1.258049465521306 2.6878039595523266 10.556230733103881 0.55 0.55 0.55
v 1.4677473592691497 5.3717409102610105 11.209279016506468 0.55 0.55 0.55
v -1.1239770371619033 5.336423494055067 11.223403795127018 0.55 0.55 0.55
v -1.1828120489659664 2.6696204781476416 10.550908299276168 0.55 0.55 0.55
v -1.1828120489659664 2.6696204781476416 10.550908299276168 0.55 0.55 0.55
v -1.1239770371619033 5.336423494055067 11.223403795127018 0.55 0.55 0.55
v -3.682737949070925 5.3401110241384835 10.670888974864226 0.55 0.55 0.55
v -3.596623728108456 2.6716421681827445 10.00323270178706 0.55 0.55 0.55
v -3.596623728108456 2.6716421681827445 10.00323270178706 0.55 0.55 0.55
v -3.682737949070925 5.3401110241384835 10.670888974864226 0.55 0.55 0.55
v -6.095584049958615 5.350292344471884 9.535478334242228 0.55 0.55 0.55
v -5.865554376202904 2.6769550949045855 8.904264542441915 0.55 0.55 0.55
v -5.865554376202904 2.6769550949045855 8.904264542441915 0.55 0.55 0.55
v -6.095584049958615 5.350292344471884 9.535478334242228 0.55 0.55 0.55
v -8.141681880266537 5.333688604915823 7.856187947863682 0.55 0.55 0.55
v -7.757296443736442 2.6690830942844306 7.286552181181502 0.55 0.55 0.55
v -7.757296443736442 2.6690830942844306 7.286552181181502 0.55 0.55 0.55
v -8.141681880266537 5.333688604915823 7.856187947863682 0.55 0.55 0.55
v -9.730199738381287 5.333461760487758 5.726557282673303 0.55 0.55 0.55
v -9.220260658260573 2.669024114860394 5.270764943059695 0.55 0.55 0.55
v -9.220260658260573 2.669024114860394 5.270764943059695 0.55 0.55 0.55
v -9.730199738381287 5.333461760487758 5.726557282673303 0.55 0.55 0.55
v -10.793252568493294 5.341832390534394 3.280834606088978 0.55 0.55 0.55
v -10.194828044536326 2.673243272174081 2.9663908244160844 0.55 0.55 0.55
v -10.194828044536326 2.673243272174081 2.9663908244160844 0.55 0.55 0.55
v -10.793252568493294 5.341832390534394 3.280834606088978 0.55 0.55 0.55
v -11.28354583890772 5.379353120826344 0.6223125828025062 0.55 0.55 0.55
v -10.626677911277229 2.6946076475384277 0.4769350257967141 0.55 0.55 0.55
v -10.626677911277229 2.6946076475384277 0.4769350257967141 0.55 0.55 0.55
v -11.28354583890772 5.379353120826344 0.6223125828025062 0.55 0.55 0.55
v -11.122873291137777 5.371602715874053 -2.183734881616238 0.55 0.55 0.55
v -10.457835479626581 2.6931947670817684 -2.131671464093073 0.55 0.55 0.55
v -10.457835479626581 2.6931947670817684 -2.131671464093073 0.55 0.55 0.55
v -11.122873291137777 5.371602715874053 -2.183734881616238 0.55 0.55 0.55
v -10.162315926926427 5.347406755183461 -4.921330431305521 0.55 0.55 0.55
v -9.618878558005498 2.675887153838908 -4.528041974258065 0.55 0.55 0.55
v -9.618878558005498 2.675887153838908 -4.528041974258065 0.55 0.55 0.55
v -10.162315926926427 5.347406755183461 -4.921330431305521 0.55 0.55 0.55
v -8.69356185255356 5.348367574882633 -7.197904311327973 0.55 0.55 0.55
v -8.267736110918825 2.677094714642538 -6.666302536892419 0.55 0.55 0.55
v -8.267736110918825 2.677094714642538 -6.666302536892419 0.55 0.55 0.55
v -8.69356185255356 5.348367574882633 -7.197904311327973 0.55 0.55 0.55
v -6.772768858397126 5.360195236181901 -9.049266535043516 0.55 0.55 0.55
v -6.483836457297619 2.683814848868711 -8.424812516515548 0.55 0.55 0.55
v -6.483836457297619 2.683814848868711 -8.424812516515548 0.55 0.55 0.55
v -6.772768858397126 5.360195236181901 -9.049266535043516 0.55 0.55 0.55
v -4.4539586374797455 5.331283819602053 -10.402286170572983 0.55 0.55 0.55
v -4.316151383555495 2.6673197235748924 -9.730290433122853 0.55 0.55 0.55
v -4.316151383555495 2.6673197235748924 -9.730290433122853 0.55 0.55 0.55
v -4.4539586374797455 5.331283819602053 -10.402286170572983 0.55 0.55 0.55
v -1.9257374252491806 5.337707930955292 -11.14475839600454 0.55 0.55 0.55
v -1.9433563627099182 2.669826344777871 -10.476052688422959 0.55 0.55 0.55
v -1.9433563627099182 2.669826344777871 -10.476052688422959 0.55 0.55 0.55
v -1.9257374252491806 5.337707930955292 -11.14475839600454 0.55 0.55 0.55
v 0.6619389077844458 5.389696141058152 -11.294180213359951 0.55 0.55 0.55
v 0.4982304883146311 2.6961440320791112 -10.630546837755757 0.55 0.55 0.55
v 0.4982304883146311 2.6961440320791112 -10.630546837755757 0.55 0.55 0.55
v 0.6619389077844458 5.389696141058152 -11.294180213359951 0.55 0.55 0.55
v 3.2571786147159854 5.244699113807146 -10.78163765255743 0.55 0.55 0.55
v 2.9667433751486016 2.6238158433129644 -10.184330036128245 0.55 0.55 0.55
v 2.9667433751486016 2.6238158433129644 -10.184330036128245 0.55 0.55 0.55
v 3.2571786147159854 5.244699113807146 -10.78163765255743 0.55 0.55 0.55
v 5.8866494372436 5.247994319325519 -9.617872973677402 0.55 0.55 0.55
v 5.317417603799385 2.6315433632798286 -9.188105460093738 0.55 0.55 0.55
v 5.317417603799385 2.6315433632798286 -9.188105460093738 0.55 0.55 0.55
v 5.8866494372436 5.247994319325519 -9.617872973677402 0.55 0.55 0.55
v 7.965644974531202 5.338565554352058 -8.042092836645976 0.55 0.55 0.55
v 7.31292549575175 2.6745813522043784 -7.734269779662008 0.55 0.55 0.55
v 7.31292549575175 2.6745813522043784 -7.734269779662008 0.55 0.55 0.55
v 7.965644974531202 5.338565554352058 -8.042092836645976 0.55 0.55 0.55
v 9.51876838519087 5.336507121860741 -6.1186921887482155 0.55 0.55 0.55
v 8.88839195007969 2.6682802838377495 -5.88875086007216 0.55 0.55 0.55
v 8.88839195007969 2.6682802838377495 -5.88875086007216 0.55 0.55 0.55
v 9.51876838519087 5.336507121860741 -6.1186921887482155 0.55 0.55 0.55
v 10.593836116575321 5.333430184604131 -3.931021183990505 0.55 0.55 0.55
v 9.961224084299843 2.6666545228104552 -3.7308327815575706 0.55 0.55 0.55
v 9.961224084299843 2.6666545228104552 -3.7308327815575706 0.55 0.55 0.55
v 10.593836116575321 5.333430184604131 -3.931021183990505 0.55 0.55 0.55
v 11.17971812881672 5.332961652941399 -1.5587378685524726 0.55 0.55 0.55
v 10.53194533038745 2.667174865418875 -1.3691386222793087 0.55 0.55 0.55
v 10.53194533038745 2.667174865418875 -1.3691386222793087 0.55 0.55 0.55
v 11.17971812881672 5.332961652941399 -1.5587378685524726 0.55 0.55 0.55
v 11.253125875912797 5.332910928667677 0.8132877764823304 0.55 0.55 0.55
v 10.6049818961894 2.6671069924147166 0.6274136505712229 0.55 0.55 0.55
v 11.253125875912797 5.332910928667677 0.8132877764823304 0.55 0.55 0.55
v 11.901255581156567 7.998706091226591 0.9992845693986515 0.55 0.55 0.55
v 11.446816902505518 8.000240624471315 3.4047810823186544 0.55 0.55 0.55
v 10.808696567966388 5.33348834883516 3.2227710791860398 0.55 0.55 0.55
v 10.808696567966388 5.33348834883516 3.2227710791860398 0.55 0.55 0.55
v 11.446816902505518 8.000240624471315 3.4047810823186544 0.55 0.55 0.55
v 10.521271470507438 8.004009558627216 5.651887305678934 0.55 0.55 0.55
v 9.868157221504147 5.337702663950326 5.466540985122332 0.55 0.55 0.55
v 9.868157221504147 5.337702663950326 5.466540985122332 0.55 0.55 0.55
v 10.521271470507438 8.004009558627216 5.651887305678934 0.55 0.55 0.55
v 9.156243493091674 8.002275506927676 7.676244213707216 0.55 0.55 0.55
v 8.46102487296695 5.342242812731345 7.477680668170217 0.55 0.55 0.55
v 8.46102487296695 5.342242812731345 7.477680668170217 0.55 0.55 0.55
v 9.156243493091674 8.002275506927676 7.676244213707216 0.55 0.55 0.55
v 7.3667018210615165 8.004426959308908 9.42142414323411 0.55 0.55 0.55
v 6.600704385676265 5.356390541562797 9.194059050145224 0.55 0.55 0.55
v 6.600704385676265 5.356390541562797 9.194059050145224 0.0 1.0 0.0
v 7.3667018210615165 8.004426959308908 9.42142414323411 0.0 1.0 0.0
v 6.150099556370575 9.998678032363378 10.83397112930135 0.0 1.0 0.0
v 4.334658084538287 8.020338007214477 11.17146700154344 0.0 1.0 0.0
v 4.04617863606072 5.347618520867182 10.569248303156964 0.0 1.0 0.0
v 4.04617863606072 5.347618520867182 10.569248303156964 0.55 0.55 0.55
v 4.334658084538287 8.020338007214477 11.17146700154344 0.55 0.55 0.55
v 1.7161517887728237 8.055800331382718 11.848467874000642 0.55 0.55 0.55
v 1.4677473592691497 5.3717409102610105 11.209279016506468 0.55 0.55 0.55
v 1.4677473592691497 5.3717409102610105 11.209279016506468 0.55 0.55 0.55
v 1.7161517887728237 8.055800331382718 11.848467874000642 0.55 0.55 0.55
v -1.0478038277700124 8.002425962938615 11.89740681922199 0.55 0.55 0.55
v -1.1239770371619033 5.336423494055067 11.223403795127018 0.55 0.55 0.55
v -1.1239770371619033 5.336423494055067 11.223403795127018 0.55 0.55 0.55
v -1.0478038277700124 8.002425962938615 11.89740681922199 0.55 0.55 0.55
v -3.7580205730044742 8.008122619360377 11.341712119985537 0.55 0.55 0.55
v -3.682737949070925 5.3401110241384835 10.670888974864226 0.55 0.55 0.55
v -3.682737949070925 5.3401110241384835 10.670888974864226 0.55 0.55 0.55
v -3.7580205730044742 8.008122619360377 11.341712119985537 0.55 0.55 0.55
v -6.2869488836384635 8.02181431911033 10.18684682695062 0.55 0.55 0.55
v -6.095584049958615 5.350292344471884 9.535478334242228 0.55 0.55 0.55
v -6.095584049958615 5.350292344471884 9.535478334242228 0.55 0.55 0.55
v -6.2869488836384635 8.02181431911033 10.18684682695062 0.55 0.55 0.55
v -8.497607744193807 7.99592455560052 8.454835605238786 0.55 0.55 0.55
v -8.141681880266537 5.333688604915823 7.856187947863682 0.55 0.55 0.55
v -8.141681880266537 5.333688604915823 7.856187947863682 0.55 0.55 0.55
v -8.497607744193807 7.99592455560052 8.454835605238786 0.55 0.55 0.55
v -10.22273634486567 7.996065664715797 6.211365072401635 0.55 0.55 0.55
v -9.730199738381287 5.333461760487758 5.726557282673303 0.55 0.55 0.55
v -9.730199738381287 5.333461760487758 5.726557282673303 0.55 0.55 0.55
v -10.22273634486567 7.996065664715797 6.211365072401635 0.55 0.55 0.55
v -11.380766288282027 8.00857405022546 3.629663114047988 0.55 0.55 0.55
v -10.793252568493294 5.341832390534394 3.280834606088978 0.55 0.55 0.55
v -10.793252568493294 5.341832390534394 3.280834606088978 0.55 0.55 0.55
v -11.380766288282027 8.00857405022546 3.629663114047988 0.55 0.55 0.55
v -11.935977057950218 8.062475354675383 0.8086165577978301 0.55 0.55 0.55
v -11.28354583890772 5.379353120826344 0.6223125828025062 0.55 0.55 0.55
v -11.28354583890772 5.379353120826344 0.6223125828025062 0.55 0.55 0.55
v -11.935977057950218 8.062475354675383 0.8086165577978301 0.55 0.55 0.55
v -11.790595523351794 8.049622983889629 -2.216292969709114 0.55 0.55 0.55
v -11.122873291137777 5.371602715874053 -2.183734881616238 0.55 0.55 0.55
v -11.122873291137777 5.371602715874053 -2.183734881616238 0.0 1.0 0.0
v -11.790595523351794 8.049622983889629 -2.216292969709114 0.0 1.0 0.0
v -12.312503735067583 11.638951658777197 -3.6761938127119063 0.0 1.0 0.0
v -10.674188434841893 8.015875967808922 -5.372062708346012 0.0 1.0 0.0
v -10.162315926926427 5.347406755183461 -4.921330431305521 0.0 1.0 0.0
v -10.162315926926427 5.347406755183461 -4.921330431305521 0.55 0.55 0.55
v -10.674188434841893 8.015875967808922 -5.372062708346012 0.55 0.55 0.55
v -9.076776585098141 8.016606221544757 -7.7752076708527325 0.55 0.55 0.55
v -8.69356185255356 5.348367574882633 -7.197904311327973 0.55 0.55 0.55
v -8.69356185255356 5.348367574882633 -7.197904311327973 0.55 0.55 0.55
v -9.076776585098141 8.016606221544757 -7.7752076708527325 0.55 0.55 0.55
v -7.009683957251719 8.033757197711179 -9.706936230658949 0.55 0.55 0.55
v -6.772768858397126 5.360195236181901 -9.049266535043516 0.55 0.55 0.55
v -6.772768858397126 5.360195236181901 -9.049266535043516 0.55 0.55 0.55
v -7.009683957251719 8.033757197711179 -9.706936230658949 0.55 0.55 0.55
v -4.56671325832724 7.9933313596910205 -11.086518862743317 0.55 0.55 0.55
v -4.4539586374797455 5.331283819602053 -10.402286170572983 0.55 0.55 0.55
v -4.4539586374797455 5.331283819602053 -10.402286170572983 0.55 0.55 0.55
v -4.56671325832724 7.9933313596910205 -11.086518862743317 0.55 0.55 0.55
v -1.8779662780197175 8.004520804625383 -11.816166664396697 0.55 0.55 0.55
v -1.9257374252491806 5.337707930955292 -11.14475839600454 0.55 0.55 0.55
v -1.9257374252491806 5.337707930955292 -11.14475839600454 0.55 0.55 0.55
v -1.8779662780197175 8.004520804625383 -11.816166664396697 0.55 0.55 0.55
v 0.8861811014354789 8.082599009636358 -11.942907983555124 0.55 0.55 0.55
v 0.6619389077844458 5.389696141058152 -11.294180213359951 0.55 0.55 0.55
v 0.6619389077844458 5.389696141058152 -11.294180213359951 0.55 0.55 0.55
v 0.8861811014354789 8.082599009636358 -11.942907983555124 0.55 0.55 0.55
v 3.5310003671887658 7.866443020192301 -11.379766773592102 0.55 0.55 0.55
v 3.2571786147159854 5.244699113807146 -10.78163765255743 0.55 0.55 0.55
v 3.2571786147159854 5.244699113807146 -10.78163765255743 0.0 1.0 0.0
v 3.5310003671887658 7.866443020192301 -11.379766773592102 0.0 1.0 0.0
v 5.261030443697667 8.325914265668299 -10.822560572251541 0.0 1.0 0.0
v 6.6909364519841 7.8202201041968165 -9.891081995717805 0.0 1.0 0.0
v 5.8866494372436 5.247994319325519 -9.617872973677402 0.0 1.0 0.0
v 5.8866494372436 5.247994319325519 -9.617872973677402 0.55 0.55 0.55
v 6.6909364519841 7.8202201041968165 -9.891081995717805 0.55 0.55 0.55
v 8.67315991454948 7.998494356121161 -8.248408722874546 0.55 0.55 0.55
v 7.965644974531202 5.338565554352058 -8.042092836645976 0.55 0.55 0.55
v 7.965644974531202 5.338565554352058 -8.042092836645976 0.55 0.55 0.55
v 8.67315991454948 7.998494356121161 -8.248408722874546 0.55 0.55 0.55
v 10.171470159258856 8.002770043786642 -6.305505441205813 0.55 0.55 0.55
v 9.51876838519087 5.336507121860741 -6.1186921887482155 0.55 0.55 0.55
v 9.51876838519087 5.336507121860741 -6.1186921887482155 0.55 0.55 0.55
v 10.171470159258856 8.002770043786642 -6.305505441205813 0.55 0.55 0.55
v 11.231502342752517 8.000204657902957 -4.114547168709836 0.55 0.55 0.55
v 10.593836116575321 5.333430184604131 -3.931021183990505 0.55 0.55 0.55
v 10.593836116575321 5.333430184604131 -3.931021183990505 0.55 0.55 0.55
v 11.231502342752517 8.000204657902957 -4.114547168709836 0.55 0.55 0.55
v 11.827713360918995 7.998836748899011 -1.7463029063015618 0.55 0.55 0.55
v 11.17971812881672 5.332961652941399 -1.5587378685524726 0.55 0.55 0.55
v 11.17971812881672 5.332961652941399 -1.5587378685524726 0.55 0.55 0.55
v 11.827713360918995 7.998836748899011 -1.7463029063015618 0.55 0.55 0.55
v 11.901255581156567 7.998706091226591 0.9992845693986515 0.55 0.55 0.55
v 11.253125875912797 5.332910928667677 0.8132877764823304 0.55 0.55 0.55
v 11.901255581156567 7.998706091226591 0.9992845693986515 0.55 0.55 0.55
v 12.550118567668198 10.664780750956533 1.1785456770637868 0.55 0.55 0.55
v 12.08768414414617 10.666940624777558 3.577690895378022 0.55 0.55 0.55
v 11.446816902505518 8.000240624471315 3.4047810823186544 0.55 0.55 0.55
v 11.446816902505518 8.000240624471315 3.4047810823186544 0.55 0.55 0.55
v 12.08768414414617 10.666940624777558 3.577690895378022 0.55 0.55 0.55
v 11.181426606104772 10.66950192313742 5.823631193709515 0.55 0.55 0.55
v 10.521271470507438 8.004009558627216 5.651887305678934 0.55 0.55 0.55
v 10.521271470507438 8.004009558627216 5.651887305678934 0.55 0.55 0.55
v 11.181426606104772 10.66950192313742 5.823631193709515 0.55 0.55 0.55
v 9.86619933745757 10.659983052925586 7.853165723767628 0.55 0.55 0.55
v 9.156243493091674 8.002275506927676 7.676244213707216 0.55 0.55 0.55
v 9.156243493091674 8.002275506927676 7.676244213707216 0.55 0.55 0.55
v 9.86619933745757 10.659983052925586 7.853165723767628 0.55 0.55 0.55
v 8.186581164780048 10.640759268624553 9.593229709471945 0.55 0.55 0.55
v 7.3667018210615165 8.004426959308908 9.42142414323411 0.55 0.55 0.55
v 7.3667018210615165 8.004426959308908 9.42142414323411 0.55 0.55 0.55
v 8.186581164780048 10.640759268624553 9.593229709471945 0.55 0.55 0.55
v 6.947731012225663 12.700302927619465 11.145447650408391 0.55 0.55 0.55
v 6.150099556370575 9.998678032363378 10.83397112930135 0.55 0.55 0.55
v 6.150099556370575 9.998678032363378 10.83397112930135 0.55 0.55 0.55
v 6.947731012225663 12.700302927619465 11.145447650408391 0.55 0.55 0.55
v 4.491088134395891 10.690821210946249 11.807957836350768 0.55 0.55 0.55
v 4.334658084538287 8.020338007214477 11.17146700154344 0.55 0.55 0.55
v 4.334658084538287 8.020338007214477 11.17146700154344 0.55 0.55 0.55
v 4.491088134395891 10.690821210946249 11.807957836350768 0.55 0.55 0.55
v 2.0366447628537556 10.735408900242094 12.471135209626132 0.55 0.55 0.55
v 1.7161517887728237 8.055800331382718 11.848467874000642 0.55 0.55 0.55
v 1.7161517887728237 8.055800331382718 11.848467874000642 0.55 0.55 0.55
v 2.0366447628537556 10.735408900242094 12.471135209626132 0.55 0.55 0.55
v -0.9455273378805958 10.666977355803308 12.573618022819788 0.55 0.55 0.55
v -1.0478038277700124 8.002425962938615 11.89740681922199 0.55 0.55 0.55
v -1.0478038277700124 8.002425962938615 11.89740681922199 0.55 0.55 0.55
v -0.9455273378805958 10.666977355803308 12.573618022819788 0.55 0.55 0.55
v -3.820213891370202 10.675510734163197 12.016343754781298 0.55 0.55 0.55
v -3.7580205730044742 8.008122619360377 11.341712119985537 0.55 0.55 0.55
v -3.7580205730044742 8.008122619360377 11.341712119985537 0.55 0.55 0.55
v -3.820213891370202 10.675510734163197 12.016343754781298 0.55 0.55 0.55
v -6.444011715852418 10.691162584180526 10.855936932210566 0.55 0.55 0.55
v -6.2869488836384635 8.02181431911033 10.18684682695062 0.55 0.55 0.55
v -6.2869488836384635 8.02181431911033 10.18684682695062 0.55 0.55 0.55
v -6.444011715852418 10.691162584180526 10.855936932210566 0.55 0.55 0.55
v -8.820489007295432 10.660311228980675 9.062383249250757 0.55 0.55 0.55
v -8.497607744193807 7.99592455560052 8.454835605238786 0.55 0.55 0.55
v -8.497607744193807 7.99592455560052 8.454835605238786 0.55 0.55 0.55
v -8.820489007295432 10.660311228980675 9.062383249250757 0.55 0.55 0.55
v -10.696980237705912 10.656262400435972 6.726826024992688 0.55 0.55 0.55
v -10.22273634486567 7.996065664715797 6.211365072401635 0.55 0.55 0.55
v -10.22273634486567 7.996065664715797 6.211365072401635 0.55 0.55 0.55
v -10.696980237705912 10.656262400435972 6.726826024992688 0.55 0.55 0.55
v -11.954943104982599 10.672455621919704 4.020006281463626 0.55 0.55 0.55
v -11.380766288282027 8.00857405022546 3.629663114047988 0.55 0.55 0.55
v -11.380766288282027 8.00857405022546 3.629663114047988 0.55 0.55 0.55
v -11.954943104982599 10.672455621919704 4.020006281463626 0.55 0.55 0.55
v -12.576477186740883 10.739189630311234 1.0997936272698017 0.55 0.55 0.55
v -11.935977057950218 8.062475354675383 0.8086165577978301 0.55 0.55 0.55
v -11.935977057950218 8.062475354675383 0.8086165577978301 0.55 0.55 0.55
v -12.576477186740883 10.739189630311234 1.0997936272698017 0.55 0.55 0.55
v -12.47636930505499 10.677323399897727 -1.9533763873247325 0.55 0.55 0.55
v -11.790595523351794 8.049622983889629 -2.216292969709114 0.55 0.55 0.55
v -11.790595523351794 8.049622983889629 -2.216292969709114 0.55 0.55 0.55
v -12.47636930505499 10.677323399897727 -1.9533763873247325 0.55 0.55 0.55
v -12.908889959683687 14.3337626335205 -4.01413064774555 0.55 0.55 0.55
v -12.312503735067583 11.638951658777197 -3.6761938127119063 0.55 0.55 0.55
v -12.312503735067583 11.638951658777197 -3.6761938127119063 0.55 0.55 0.55
v -12.908889959683687 14.3337626335205 -4.01413064774555 0.55 0.55 0.55
v -11.123596861027808 10.674432862842945 -5.934425514129861 0.55 0.55 0.55
v -10.674188434841893 8.015875967808922 -5.372062708346012 0.55 0.55 0.55
v -10.674188434841893 8.015875967808922 -5.372062708346012 0.55 0.55 0.55
v -11.123596861027808 10.674432862842945 -5.934425514129861 0.55 0.55 0.55
v -9.414856752928271 10.679927772384945 -8.401384865230336 0.55 0.55 0.55
v -9.076776585098141 8.016606221544757 -7.7752076708527325 0.55 0.55 0.55
v -9.076776585098141 8.016606221544757 -7.7752076708527325 0.55 0.55 0.55
v -9.414856752928271 10.679927772384945 -8.401384865230336 0.55 0.55 0.55
v -7.196209442807241 10.703025168157346 -10.397564633999707 0.55 0.55 0.55
v -7.009683957251719 8.033757197711179 -9.706936230658949 0.55 0.55 0.55
v -7.009683957251719 8.033757197711179 -9.706936230658949 0.55 0.55 0.55
v -7.196209442807241 10.703025168157346 -10.397564633999707 0.55 0.55 0.55
v -4.65051825297828 10.659583030302366 -11.75830375242087 0.55 0.55 0.55
v -4.56671325832724 7.9933313596910205 -11.086518862743317 0.55 0.55 0.55
v -4.56671325832724 7.9933313596910205 -11.086518862743317 0.55 0.55 0.55
v -4.65051825297828 10.659583030302366 -11.75830375242087 0.55 0.55 0.55
v -1.797365385136635 10.669769846062652 -12.490417417527466 0.55 0.55 0.55
v -1.8779662780197175 8.004520804625383 -11.816166664396697 0.55 0.55 0.55
v -1.8779662780197175 8.004520804625383 -11.816166664396697 0.55 0.55 0.55
v -1.797365385136635 10.669769846062652 -12.490417417527466 0.55 0.55 0.55
v 1.1977984355213853 10.770336927004742 -12.574393584378523 0.55 0.55 0.55
v 0.8861811014354789 8.082599009636358 -11.942907983555124 0.55 0.55 0.55
v 0.8861811014354789 8.082599009636358 -11.942907983555124 0.55 0.55 0.55
v 1.1977984355213853 10.770336927004742 -12.574393584378523 0.55 0.55 0.55
v 3.731188278247737 10.487882880140232 -11.99639559472071 0.55 0.55 0.55
v 3.5310003671887658 7.866443020192301 -11.379766773592102 0.55 0.55 0.55
v 3.5310003671887658 7.866443020192301 -11.379766773592102 0.55 0.55 0.55
v 3.731188278247737 10.487882880140232 -11.99639559472071 0.55 0.55 0.55
v 5.8854180894028145 10.941227157788843 -11.224870514141728 0.55 0.55 0.55
v 5.261030443697667 8.325914265668299 -10.822560572251541 0.55 0.55 0.55
v 5.261030443697667 8.325914265668299 -10.822560572251541 0.55 0.55 0.55
v 5.8854180894028145 10.941227157788843 -11.224870514141728 0.55 0.55 0.55
v 7.541435205626777 10.390739058211848 -10.030494178906762 0.55 0.55 0.55
v 6.6909364519841 7.8202201041968165 -9.891081995717805 0.55 0.55 0.55
v 6.6909364519841 7.8202201041968165 -9.891081995717805 0.55 0.55 0.55
v 7.541435205626777 10.390739058211848 -10.030494178906762 0.55 0.55 0.55
v 9.392307626354132 10.657789915867008 -8.42088298150318 0.55 0.55 0.55
v 8.67315991454948 7.998494356121161 -8.248408722874546 0.55 0.55 0.55
v 8.67315991454948 7.998494356121161 -8.248408722874546 0.55 0.55 0.55
v 9.392307626354132 10.657789915867008 -8.42088298150318 0.55 0.55 0.55
v 10.832862075042039 10.668038332184777 -6.475259523236369 0.55 0.55 0.55
v 10.171470159258856 8.002770043786642 -6.305505441205813 0.55 0.55 0.55
v 10.171470159258856 8.002770043786642 -6.305505441205813 0.55 0.55 0.55
v 10.832862075042039 10.668038332184777 -6.475259523236369 0.55 0.55 0.55
v 11.872489936008956 10.666917861877376 -4.287071674814478 0.55 0.55 0.55
v 11.231502342752517 8.000204657902957 -4.114547168709836 0.55 0.55 0.55
v 11.231502342752517 8.000204657902957 -4.114547168709836 0.55 0.55 0.55
v 11.872489936008956 10.666917861877376 -4.287071674814478 0.55 0.55 0.55
v 12.476583363034965 10.66505184151322 -1.9258492191337988 0.55 0.55 0.55
v 11.827713360918995 7.998836748899011 -1.7463029063015618 0.55 0.55 0.55
v 11.827713360918995 7.998836748899011 -1.7463029063015618 0.55 0.55 0.55
v 12.476583363034965 10.66505184151322 -1.9258492191337988 0.55 0.55 0.55
v 12.550118567668198 10.664780750956533 1.1785456770637868 0.55 0.55 0.55
v 11.901255581156567 7.998706091226591 0.9992845693986515 0.55 0.55 0.55
v 12.550118567668198 10.664780750956533 1.1785456770637868 0.55 0.55 0.55
v 13.1996196621332 13.331088547767619 1.351919732098613 0.55 0.55 0.55
v 12.730033111005488 13.333598264021225 3.745679805774437 0.55 0.55 0.55
v 12.08768414414617 10.666940624777558 3.577690895378022 0.55 0.55 0.55
v 12.08768414414617 10.666940624777558 3.577690895378022 0.55 0.55 0.55
v 12.730033111005488 13.333598264021225 3.745679805774437 0.55 0.55 0.55
v 11.84213721748704 13.334924548976915 5.994298948122324 0.55 0.55 0.55
v 11.181426606104772 10.66950192313742 5.823631193709515 0.55 0.55 0.55
v 11.181426606104772 10.66950192313742 5.823631193709515 0.55 0.55 0.55
v 11.84213721748704 13.334924548976915 5.994298948122324 0.55 0.55 0.55
v 10.565515569441501 13.3197418467453 8.041312116289621 0.55 0.55 0.55
v 9.86619933745757 10.659983052925586 7.853165723767628 0.55 0.55 0.55
v 9.86619933745757 10.659983052925586 7.853165723767628 0.55 0.55 0.55
v 10.565515569441501 13.3197418467453 8.041312116289621 0.55 0.55 0.55
v 8.933742489465875 13.294796710794108 9.823983947067743 0.55 0.55 0.55
v 8.186581164780048 10.640759268624553 9.593229709471945 0.55 0.55 0.55
v 8.186581164780048 10.640759268624553 9.593229709471945 0.55 0.55 0.55
v 8.933742489465875 13.294796710794108 9.823983947067743 0.55 0.55 0.55
v 7.723984935310263 15.406356494295848 11.47536915317936 0.55 0.55 0.55
v 6.947731012225663 12.700302927619465 11.145447650408391 0.55 0.55 0.55
v 6.947731012225663 12.700302927619465 11.145447650408391 0.55 0.55 0.55
v 7.723984935310263 15.406356494295848 11.47536915317936 0.55 0.55 0.55
v 5.060380135788795 13.341056412220816 12.309956402455116 0.55 0.55 0.55
v 4.491088134395891 10.690821210946249 11.807957836350768 0.55 0.55 0.55
v 4.491088134395891 10.690821210946249 11.807957836350768 0.0 1.0 0.0
v 5.060380135788795 13.341056412220816 12.309956402455116 0.0 1.0 0.0
v 2.131739606198453 15.27194172476565 13.608027399209028 0.0 1.0 0.0
v 2.6238835525899065 13.374810180185312 13.050975664151677 0.0 1.0 0.0
v 2.0366447628537556 10.735408900242094 12.471135209626132 0.0 1.0 0.0
v 2.0366447628537556 10.735408900242094 12.471135209626132 0.0 0.0 0.0
v 2.6238835525899065 13.374810180185312 13.050975664151677 0.0 0.0 0.0
v -0.9455273378805958 10.666977355803308 12.573618022819788 0.0 0.0 0.0
v 2.6238835525899065 13.374810180185312 13.050975664151677 0.0 0.0 1.0
v 3.402527988697004 15.992507631912169 13.512063046327466 0.0 0.0 1.0
v 1.1995228405996925 16.11595432427412 13.910845889684271 0.0 0.0 1.0
v -0.9455273378805958 10.666977355803308 12.573618022819788 0.0 0.0 1.0
v 2.131739606198453 15.27194172476565 13.608027399209028 1.0 1.0 1.0
v 3.402527988697004 15.992507631912169 13.512063046327466 1.0 1.0 1.0
v 2.6238835525899065 13.374810180185312 13.050975664151677 1.0 1.0 1.0
v 2.131739606198453 15.27194172476565 13.608027399209028 1.0 1.0 1.0
v 4.233666027102948 18.5995397088576 13.943623157160696 1.0 1.0 1.0
v 3.402527988697004 15.992507631912169 13.512063046327466 1.0 1.0 1.0
v 3.402527988697004 15.992507631912169 13.512063046327466 0.0 1.0 0.0
v 4.233666027102948 18.5995397088576 13.943623157160696 0.0 1.0 0.0
v 3.3301482904306634 22.82973907636059 15.324997394084635 0.0 1.0 0.0
v 1.1292795493546555 18.72784691566596 14.570737399379027 0.0 1.0 0.0
v 1.1995228405996925 16.11595432427412 13.910845889684271 0.0 1.0 0.0
v 1.1995228405996925 16.11595432427412 13.910845889684271 0.55 0.55 0.55
v 1.1292795493546555 18.72784691566596 14.570737399379027 0.55 0.55 0.55
v -0.8081829220688476 13.329094981590721 13.252674673067215 0.55 0.55 0.55
v -0.9455273378805958 10.666977355803308 12.573618022819788 0.55 0.55 0.55
v -0.9455273378805958 10.666977355803308 12.573618022819788 0.0 1.0 0.0
v -0.8081829220688476 13.329094981590721 13.252674673067215 0.0 1.0 0.0
v -2.8032923975261794 17.498456444024548 14.098217213709521 0.0 1.0 0.0
v -3.8618772947299953 13.341824821057212 12.696923821906541 0.0 1.0 0.0
v -3.820213891370202 10.675510734163197 12.016343754781298 0.0 1.0 0.0
v -3.820213891370202 10.675510734163197 12.016343754781298 0.55 0.55 0.55
v -3.8618772947299953 13.341824821057212 12.696923821906541 0.55 0.55 0.55
v -6.5621672969519445 13.357383246808784 11.544941021796106 0.55 0.55 0.55
v -6.444011715852418 10.691162584180526 10.855936932210566 0.55 0.55 0.55
v -6.444011715852418 10.691162584180526 10.855936932210566 0.55 0.55 0.55
v -6.5621672969519445 13.357383246808784 11.544941021796106 0.55 0.55 0.55
v -9.107169691371404 13.324587663468064 9.687841860176164 0.55 0.55 0.55
v -8.820489007295432 10.660311228980675 9.062383249250757 0.55 0.55 0.55
v -8.820489007295432 10.660311228980675 9.062383249250757 0.55 0.55 0.55
v -9.107169691371404 13.324587663468064 9.687841860176164 0.55 0.55 0.55
v -11.165180529782997 13.315770856117915 7.2512051936648465 0.55 0.55 0.55
v -10.696980237705912 10.656262400435972 6.726826024992688 0.55 0.55 0.55
v -10.696980237705912 10.656262400435972 6.726826024992688 0.55 0.55 0.55
v -11.165180529782997 13.315770856117915 7.2512051936648465 0.55 0.55 0.55
v -12.523707230497175 13.334978576100898 4.427028119032353 0.55 0.55 0.55
v -11.954943104982599 10.672455621919704 4.020006281463626 0.55 0.55 0.55
v -11.954943104982599 10.672455621919704 4.020006281463626 0.55 0.55 0.55
v -12.523707230497175 13.334978576100898 4.427028119032353 0.55 0.55 0.55
v -13.213625996083193 13.413523970856003 1.4189562713128347 0.55 0.55 0.55
v -12.576477186740883 10.739189630311234 1.0997936272698017 0.55 0.55 0.55
v -12.576477186740883 10.739189630311234 1.0997936272698017 0.55 0.55 0.55
v -13.213625996083193 13.413523970856003 1.4189562713128347 0.55 0.55 0.55
v -13.178980827323361 13.267665071437573 -1.3970406370564465 0.55 0.55 0.55
v -12.47636930505499 10.677323399897727 -1.9533763873247325 0.55 0.55 0.55
v -12.47636930505499 10.677323399897727 -1.9533763873247325 0.0 0.0 0.0
v -13.178980827323361 13.267665071437573 -1.3970406370564465 0.0 0.0 0.0
v -12.908889959683687 14.3337626335205 -4.01413064774555 0.0 0.0 0.0
v -13.178980827323361 13.267665071437573 -1.3970406370564465 0.0 0.0 0.0
v -13.858205882802547 15.940773323600283 -1.2876480681701232 0.0 0.0 0.0
v -12.908889959683687 14.3337626335205 -4.01413064774555 0.0 0.0 0.0
v -13.213625996083193 13.413523970856003 1.4189562713128347 0.55 0.55 0.55
v -13.879495615899623 15.862440419576972 0.8743350557492141 0.55 0.55 0.55
v -13.858205882802547 15.940773323600283 -1.2876480681701232 0.55 0.55 0.55
v -13.178980827323361 13.267665071437573 -1.3970406370564465 0.55 0.55 0.55
v -12.523707230497175 13.334978576100898 4.427028119032353 0.55 0.55 0.55
v -13.16200622192008 15.98663575024535 4.595511458000723 0.55 0.55 0.55
v -13.879495615899623 15.862440419576972 0.8743350557492141 0.55 0.55 0.55
v -13.213625996083193 13.413523970856003 1.4189562713128347 0.55 0.55 0.55
v -11.165180529782997 13.315770856117915 7.2512051936648465 0.55 0.55 0.55
v -11.665540273715173 15.97984448778137 7.716074613533744 0.55 0.55 0.55
v -13.16200622192008 15.98663575024535 4.595511458000723 0.55 0.55 0.55
v -12.523707230497175 13.334978576100898 4.427028119032353 0.55 0.55 0.55
v -9.107169691371404 13.324587663468064 9.687841860176164 0.0 1.0 0.0
v -9.368016371670238 15.983918076521812 10.331533287476871 0.0 1.0 0.0
v -10.7925868272667 17.49992632533584 9.399500042690272 0.0 1.0 0.0
v -11.665540273715173 15.97984448778137 7.716074613533744 0.0 1.0 0.0
v -11.165180529782997 13.315770856117915 7.2512051936648465 0.0 1.0 0.0
v -6.5621672969519445 13.357383246808784 11.544941021796106 0.0 1.0 0.0
v -6.443707420166931 15.970143428387471 12.345337142625953 0.0 1.0 0.0
v -7.983587957620885 17.497450884113693 11.953118005643189 0.0 1.0 0.0
v -9.368016371670238 15.983918076521812 10.331533287476871 0.0 1.0 0.0
v -9.107169691371404 13.324587663468064 9.687841860176164 0.0 1.0 0.0
v -3.8618772947299953 13.341824821057212 12.696923821906541 0.55 0.55 0.55
v -4.078656247437159 15.999309116881909 13.32208748690652 0.55 0.55 0.55
v -6.443707420166931 15.970143428387471 12.345337142625953 0.55 0.55 0.55
v -6.5621672969519445 13.357383246808784 11.544941021796106 0.55 0.55 0.55
v -2.8032923975261794 17.498456444024548 14.098217213709521 1.0 1.0 1.0
v -4.078656247437159 15.999309116881909 13.32208748690652 1.0 1.0 1.0
v -3.8618772947299953 13.341824821057212 12.696923821906541 1.0 1.0 1.0
v -2.8032923975261794 17.498456444024548 14.098217213709521 1.0 1.0 1.0
v -4.5425899547369655 18.641720653079247 13.868358806551589 1.0 1.0 1.0
v -4.078656247437159 15.999309116881909 13.32208748690652 1.0 1.0 1.0
v -4.078656247437159 15.999309116881909 13.32208748690652 0.55 0.55 0.55
v -4.5425899547369655 18.641720653079247 13.868358806551589 0.55 0.55 0.55
v -6.495069330996034 18.625807565315384 13.06706511690516 0.55 0.55 0.55
v -6.443707420166931 15.970143428387471 12.345337142625953 0.55 0.55 0.55
v -6.443707420166931 15.970143428387471 12.345337142625953 0.55 0.55 0.55
v -6.495069330996034 18.625807565315384 13.06706511690516 0.55 0.55 0.55
v -8.279918687803473 20.31014079137595 12.58820549903949 0.55 0.55 0.55
v -7.983587957620885 17.497450884113693 11.953118005643189 0.55 0.55 0.55
v -7.983587957620885 17.497450884113693 11.953118005643189 0.55 0.55 0.55
v -8.279918687803473 20.31014079137595 12.58820549903949 0.55 0.55 0.55
v -9.64752070020867 18.644093200093014 10.959082844456933 0.55 0.55 0.55
v -9.368016371670238 15.983918076521812 10.331533287476871 0.55 0.55 0.55
v -9.368016371670238 15.983918076521812 10.331533287476871 0.55 0.55 0.55
v -9.64752070020867 18.644093200093014 10.959082844456933 0.55 0.55 0.55
v -11.239167297836813 20.3105432214114 9.957607078097917 0.55 0.55 0.55
v -10.7925868272667 17.49992632533584 9.399500042690272 0.55 0.55 0.55
v -10.7925868272667 17.49992632533584 9.399500042690272 0.55 0.55 0.55
v -11.239167297836813 20.3105432214114 9.957607078097917 0.55 0.55 0.55
v -12.186820266384096 18.646599022243706 8.14171899810104 0.55 0.55 0.55
v -11.665540273715173 15.97984448778137 7.716074613533744 0.55 0.55 0.55
v -11.665540273715173 15.97984448778137 7.716074613533744 0.0 0.0 1.0
v -12.186820266384096 18.646599022243706 8.14171899810104 0.0 0.0 1.0
v -12.781678449271329 16.830464980814234 6.081435134536823 0.0 0.0 1.0
v -13.16200622192008 15.98663575024535 4.595511458000723 0.0 0.0 1.0
v -12.781678449271329 16.830464980814234 6.081435134536823 0.0 0.0 0.0
v -13.260440429826048 19.39779048230162 6.5407306762714486 0.0 0.0 0.0
v -13.16200622192008 15.98663575024535 4.595511458000723 0.0 0.0 0.0
v -12.186820266384096 18.646599022243706 8.14171899810104 1.0 1.0 1.0
v -13.260440429826048 19.39779048230162 6.5407306762714486 1.0 1.0 1.0
v -12.781678449271329 16.830464980814234 6.081435134536823 1.0 1.0 1.0
v -12.186820266384096 18.646599022243706 8.14171899810104 1.0 1.0 1.0
v -13.779491025796458 21.971660451755035 6.92810554536719 1.0 1.0 1.0
v -13.260440429826048 19.39779048230162 6.5407306762714486 1.0 1.0 1.0
v -13.260440429826048 19.39779048230162 6.5407306762714486 0.55 0.55 0.55
v -13.779491025796458 21.971660451755035 6.92810554536719 0.55 0.55 0.55
v -13.816357236423622 18.64340169364349 4.715456922910525 0.55 0.55 0.55
v -13.16200622192008 15.98663575024535 4.595511458000723 0.55 0.55 0.55
v -13.16200622192008 15.98663575024535 4.595511458000723 0.0 0.0 1.0
v -13.816357236423622 18.64340169364349 4.715456922910525 0.0 0.0 1.0
v -14.08234135606666 17.37138926113489 2.6608545144045608 0.0 0.0 1.0
v -13.879495615899623 15.862440419576972 0.8743350557492141 0.0 0.0 1.0
v -14.08234135606666 17.37138926113489 2.6608545144045608 0.0 0.0 0.0
v -14.74033619286612 20.192711602131045 2.989748399394968 0.0 0.0 0.0
v -13.879495615899623 15.862440419576972 0.8743350557492141 0.0 0.0 0.0
v -13.816357236423622 18.64340169364349 4.715456922910525 1.0 1.0 1.0
v -14.74033619286612 20.192711602131045 2.989748399394968 1.0 1.0 1.0
v -14.08234135606666 17.37138926113489 2.6608545144045608 1.0 1.0 1.0
v -13.816357236423622 18.64340169364349 4.715456922910525 1.0 1.0 1.0
v -15.404480596263566 23.021643021879083 3.2337193875756016 1.0 1.0 1.0
v -14.74033619286612 20.192711602131045 2.989748399394968 1.0 1.0 1.0
v -14.74033619286612 20.192711602131045 2.989748399394968 0.55 0.55 0.55
v -15.404480596263566 23.021643021879083 3.2337193875756016 0.55 0.55 0.55
v -14.533670057655147 18.537901819234616 1.0234943555044789 0.55 0.55 0.55
v -13.879495615899623 15.862440419576972 0.8743350557492141 0.55 0.55 0.55
v -13.879495615899623 15.862440419576972 0.8743350557492141 0.55 0.55 0.55
v -14.533670057655147 18.537901819234616 1.0234943555044789 0.55 0.55 0.55
v -14.54706925539597 18.59575013668995 -1.0338739595757347 0.55 0.55 0.55
v -13.858205882802547 15.940773323600283 -1.2876480681701232 0.55 0.55 0.55
v -13.858205882802547 15.940773323600283 -1.2876480681701232 0.55 0.55 0.55
v -14.54706925539597 18.59575013668995 -1.0338739595757347 0.55 0.55 0.55
v -13.405727544194447 16.910225563681696 -4.574914519610919 0.55 0.55 0.55
v -12.908889959683687 14.3337626335205 -4.01413064774555 0.55 0.55 0.55
v -12.908889959683687 14.3337626335205 -4.01413064774555 0.0 1.0 0.0
v -13.405727544194447 16.910225563681696 -4.574914519610919 0.0 1.0 0.0
v -13.876843251397457 18.568178317717525 -4.451589080208215 0.0 1.0 0.0
v -13.453958208976953 19.487900759743205 -6.226243231562457 0.0 1.0 0.0
v -11.549576317249468 13.327874741740645 -6.537921120931109 0.0 1.0 0.0
v -11.123596861027808 10.674432862842945 -5.934425514129861 0.0 1.0 0.0
v -11.123596861027808 10.674432862842945 -5.934425514129861 0.55 0.55 0.55
v -11.549576317249468 13.327874741740645 -6.537921120931109 0.55 0.55 0.55
v -9.721519579804554 13.3390140453226 -9.06082517289686 0.55 0.55 0.55
v -9.414856752928271 10.679927772384945 -8.401384865230336 0.55 0.55 0.55
v -9.414856752928271 10.679927772384945 -8.401384865230336 0.55 0.55 0.55
v -9.721519579804554 13.3390140453226 -9.06082517289686 0.55 0.55 0.55
v -7.3521715653793756 13.369373937118134 -11.106891358828808 0.55 0.55 0.55
v -7.196209442807241 10.703025168157346 -10.397564633999707 0.55 0.55 0.55
v -7.196209442807241 10.703025168157346 -10.397564633999707 0.55 0.55 0.55
v -7.3521715653793756 13.369373937118134 -11.106891358828808 0.55 0.55 0.55
v -4.707802076857673 13.324988767731975 -12.436017190293748 0.55 0.55 0.55
v -4.65051825297828 10.659583030302366 -11.75830375242087 0.55 0.55 0.55
v -4.65051825297828 10.659583030302366 -11.75830375242087 0.55 0.55 0.55
v -4.707802076857673 13.324988767731975 -12.436017190293748 0.55 0.55 0.55
v -1.6865314695580667 13.333297650748316 -13.167215558962408 0.55 0.55 0.55
v -1.797365385136635 10.669769846062652 -12.490417417527466 0.55 0.55 0.55
v -1.797365385136635 10.669769846062652 -12.490417417527466 0.0 0.0 1.0
v -1.6865314695580667 13.333297650748316 -13.167215558962408 0.0 0.0 1.0
v 0.7287845758808036 15.65436937425326 -13.84181332703017 0.0 0.0 1.0
v 1.1977984355213853 10.770336927004742 -12.574393584378523 0.0 0.0 1.0
v 0.7287845758808036 15.65436937425326 -13.84181332703017 0.0 0.0 0.0
v 0.5614772452191744 18.33532008549633 -14.528529338041686 0.0 0.0 0.0
v 1.1977984355213853 10.770336927004742 -12.574393584378523 0.0 0.0 0.0
v -1.6865314695580667 13.333297650748316 -13.167215558962408 0.55 0.55 0.55
v -1.592832221339982 15.997891966907147 -13.842592706587403 0.55 0.55 0.55
v 0.5614772452191744 18.33532008549633 -14.528529338041686 0.55 0.55 0.55
v 0.7287845758808036 15.65436937425326 -13.84181332703017 0.55 0.55 0.55
v -4.707802076857673 13.324988767731975 -12.436017190293748 0.0 1.0 0.0
v -4.849872336065847 15.989076427915943 -13.086676759293212 0.0 1.0 0.0
v -3.189393977626602 17.122307382491552 -13.883812053071242 0.0 1.0 0.0
v -1.592832221339982 15.997891966907147 -13.842592706587403 0.0 1.0 0.0
v -1.6865314695580667 13.333297650748316 -13.167215558962408 0.0 1.0 0.0
v -7.3521715653793756 13.369373937118134 -11.106891358828808 0.55 0.55 0.55
v -7.1878639394601604 15.967475371227295 -11.93952994497285 0.55 0.55 0.55
v -4.849872336065847 15.989076427915943 -13.086676759293212 0.55 0.55 0.55
v -4.707802076857673 13.324988767731975 -12.436017190293748 0.55 0.55 0.55
v -9.721519579804554 13.3390140453226 -9.06082517289686 0.0 1.0 0.0
v -9.899822757174306 15.960036498653176 -9.856370978591887 0.0 1.0 0.0
v -8.344463096702203 16.986499165053647 -11.493184879387588 0.0 1.0 0.0
v -7.1878639394601604 15.967475371227295 -11.93952994497285 0.0 1.0 0.0
v -7.3521715653793756 13.369373937118134 -11.106891358828808 0.0 1.0 0.0
v -11.549576317249468 13.327874741740645 -6.537921120931109 0.0 1.0 0.0
v -12.015132062668808 15.989478891919784 -7.071682646082684 0.0 1.0 0.0
v -10.971874334746861 15.884984394136964 -8.547690106334244 0.0 1.0 0.0
v -9.899822757174306 15.960036498653176 -9.856370978591887 0.0 1.0 0.0
v -9.721519579804554 13.3390140453226 -9.06082517289686 0.0 1.0 0.0
v -13.453958208976953 19.487900759743205 -6.226243231562457 0.55 0.55 0.55
v -14.079800749305454 22.41748822614539 -6.601566828927998 0.55 0.55 0.55
v -12.015132062668808 15.989478891919784 -7.071682646082684 0.55 0.55 0.55
v -11.549576317249468 13.327874741740645 -6.537921120931109 0.55 0.55 0.55
v -13.876843251397457 18.568178317717525 -4.451589080208215 0.55 0.55 0.55
v -14.511105496405138 21.24700793750295 -4.656668608134894 0.55 0.55 0.55
v -14.079800749305454 22.41748822614539 -6.601566828927998 0.55 0.55 0.55
v -13.453958208976953 19.487900759743205 -6.226243231562457 0.55 0.55 0.55
v -13.405727544194447 16.910225563681696 -4.574914519610919 1.0 1.0 1.0
v -14.511105496405138 21.24700793750295 -4.656668608134894 1.0 1.0 1.0
v -13.876843251397457 18.568178317717525 -4.451589080208215 1.0 1.0 1.0
v -13.405727544194447 16.910225563681696 -4.574914519610919 1.0 1.0 1.0
v -15.145441647862318 23.92596363264538 -4.861612605837323 1.0 1.0 1.0
v -14.511105496405138 21.24700793750295 -4.656668608134894 1.0 1.0 1.0
v -14.511105496405138 21.24700793750295 -4.656668608134894 0.55 0.55 0.55
v -15.145441647862318 23.92596363264538 -4.861612605837323 0.55 0.55 0.55
v -14.72660856462143 25.348007220157363 -6.938158838568499 0.55 0.55 0.55
v -14.079800749305454 22.41748822614539 -6.601566828927998 0.55 0.55 0.55
v -14.079800749305454 22.41748822614539 -6.601566828927998 0.55 0.55 0.55
v -14.72660856462143 25.348007220157363 -6.938158838568499 0.55 0.55 0.55
v -12.445727951478313 18.635284853124393 -7.662511394120342 0.55 0.55 0.55
v -12.015132062668808 15.989478891919784 -7.071682646082684 0.55 0.55 0.55
v -12.015132062668808 15.989478891919784 -7.071682646082684 0.55 0.55 0.55
v -12.445727951478313 18.635284853124393 -7.662511394120342 0.55 0.55 0.55
v -11.297345635915232 18.54282564764833 -9.193453596473883 0.55 0.55 0.55
v -10.971874334746861 15.884984394136964 -8.547690106334244 0.55 0.55 0.55
v -10.971874334746861 15.884984394136964 -8.547690106334244 0.0 0.0 0.0
v -11.297345635915232 18.54282564764833 -9.193453596473883 0.0 0.0 0.0
v -9.899822757174306 15.960036498653176 -9.856370978591887 0.0 0.0 0.0
v -11.297345635915232 18.54282564764833 -9.193453596473883 0.0 0.0 0.0
v -11.713810956381675 21.22099581736588 -9.7363132010311 0.0 0.0 0.0
v -9.899822757174306 15.960036498653176 -9.856370978591887 0.0 0.0 0.0
v -12.445727951478313 18.635284853124393 -7.662511394120342 1.0 1.0 1.0
v -11.713810956381675 21.22099581736588 -9.7363132010311 1.0 1.0 1.0
v -11.297345635915232 18.54282564764833 -9.193453596473883 1.0 1.0 1.0
v -12.445727951478313 18.635284853124393 -7.662511394120342 1.0 1.0 1.0
v -12.17074922367189 23.902408186239338 -10.231127838400136 1.0 1.0 1.0
v -11.713810956381675 21.22099581736588 -9.7363132010311 1.0 1.0 1.0
v -11.713810956381675 21.22099581736588 -9.7363132010311 0.55 0.55 0.55
v -12.17074922367189 23.902408186239338 -10.231127838400136 0.55 0.55 0.55
v -10.09925539671411 18.6141385012651 -10.558522882925075 0.55 0.55 0.55
v -9.899822757174306 15.960036498653176 -9.856370978591887 0.55 0.55 0.55
v -9.899822757174306 15.960036498653176 -9.856370978591887 0.55 0.55 0.55
v -10.09925539671411 18.6141385012651 -10.558522882925075 0.55 0.55 0.55
v -8.669380311240815 19.860727137148043 -12.151612785168775 0.55 0.55 0.55
v -8.344463096702203 16.986499165053647 -11.493184879387588 0.55 0.55 0.55
v -8.344463096702203 16.986499165053647 -11.493184879387588 0.0 0.0 0.0
v -8.669380311240815 19.860727137148043 -12.151612785168775 0.0 0.0 0.0
v -7.1878639394601604 15.967475371227295 -11.93952994497285 0.0 0.0 0.0
v -8.669380311240815 19.860727137148043 -12.151612785168775 0.0 0.0 0.0
v -9.008918851144674 22.73606301342678 -12.798397857443824 0.0 0.0 0.0
v -7.1878639394601604 15.967475371227295 -11.93952994497285 0.0 0.0 0.0
v -10.09925539671411 18.6141385012651 -10.558522882925075 1.0 1.0 1.0
v -9.008918851144674 22.73606301342678 -12.798397857443824 1.0 1.0 1.0
v -8.669380311240815 19.860727137148043 -12.151612785168775 1.0 1.0 1.0
v -10.09925539671411 18.6141385012651 -10.558522882925075 1.0 1.0 1.0
v -9.364933581104538 25.61238048718488 -13.43197718560133 1.0 1.0 1.0
v -9.008918851144674 22.73606301342678 -12.798397857443824 1.0 1.0 1.0
v -9.008918851144674 22.73606301342678 -12.798397857443824 0.55 0.55 0.55
v -9.364933581104538 25.61238048718488 -13.43197718560133 0.55 0.55 0.55
v -7.041918425312954 18.57836257409409 -12.758246952339082 0.55 0.55 0.55
v -7.1878639394601604 15.967475371227295 -11.93952994497285 0.55 0.55 0.55
v -7.1878639394601604 15.967475371227295 -11.93952994497285 0.55 0.55 0.55
v -7.041918425312954 18.57836257409409 -12.758246952339082 0.55 0.55 0.55
v -5.136508758893339 18.646216039393742 -13.690893951079008 0.55 0.55 0.55
v -4.849872336065847 15.989076427915943 -13.086676759293212 0.55 0.55 0.55
v -4.849872336065847 15.989076427915943 -13.086676759293212 0.55 0.55 0.55
v -5.136508758893339 18.646216039393742 -13.690893951079008 0.55 0.55 0.55
v -3.342894672512993 19.97375755750909 -14.57860041066552 0.55 0.55 0.55
v -3.189393977626602 17.122307382491552 -13.883812053071242 0.55 0.55 0.55
v -3.189393977626602 17.122307382491552 -13.883812053071242 0.0 0.0 0.0
v -3.342894672512993 19.97375755750909 -14.57860041066552 0.0 0.0 0.0
v -1.592832221339982 15.997891966907147 -13.842592706587403 0.0 0.0 0.0
v -3.342894672512993 19.97375755750909 -14.57860041066552 0.0 0.0 0.0
v -3.420905544982381 22.83381502740104 -15.298526193320539 0.0 0.0 0.0
v -1.592832221339982 15.997891966907147 -13.842592706587403 0.0 0.0 0.0
v -5.136508758893339 18.646216039393742 -13.690893951079008 1.0 1.0 1.0
v -3.420905544982381 22.83381502740104 -15.298526193320539 1.0 1.0 1.0
v -3.342894672512993 19.97375755750909 -14.57860041066552 1.0 1.0 1.0
v -5.136508758893339 18.646216039393742 -13.690893951079008 1.0 1.0 1.0
v -3.499038297009015 25.69394059077406 -16.018432699281778 1.0 1.0 1.0
v -3.420905544982381 22.83381502740104 -15.298526193320539 1.0 1.0 1.0
v -3.420905544982381 22.83381502740104 -15.298526193320539 0.55 0.55 0.55
v -3.499038297009015 25.69394059077406 -16.018432699281778 0.55 0.55 0.55
v -1.474259457584663 18.657393303980907 -14.519146440720988 0.55 0.55 0.55
v -1.592832221339982 15.997891966907147 -13.842592706587403 0.55 0.55 0.55
v -1.592832221339982 15.997891966907147 -13.842592706587403 0.55 0.55 0.55
v -1.474259457584663 18.657393303980907 -14.519146440720988 0.55 0.55 0.55
v 0.5976100453021593 21.04302193428993 -15.20189603043625 0.55 0.55 0.55
v 0.5614772452191744 18.33532008549633 -14.528529338041686 0.55 0.55 0.55
v 0.5614772452191744 18.33532008549633 -14.528529338041686 0.0 0.0 1.0
v 0.5976100453021593 21.04302193428993 -15.20189603043625 0.0 0.0 1.0
v 2.394940748791779 19.547252180129114 -14.650931962693214 0.0 0.0 1.0
v 1.1977984355213853 10.770336927004742 -12.574393584378523 0.0 0.0 1.0
v 2.394940748791779 19.547252180129114 -14.650931962693214 0.0 0.0 0.0
v 2.686165879473215 22.463458288364055 -15.351300320095906 0.0 0.0 0.0
v 1.1977984355213853 10.770336927004742 -12.574393584378523 0.0 0.0 0.0
v 0.5976100453021593 21.04302193428993 -15.20189603043625 0.55 0.55 0.55
v 0.7022003708892018 23.750964916879592 -15.86858052720239 0.55 0.55 0.55
v 2.686165879473215 22.463458288364055 -15.351300320095906 0.55 0.55 0.55
v 2.394940748791779 19.547252180129114 -14.650931962693214 0.55 0.55 0.55
v -1.474259457584663 18.657393303980907 -14.519146440720988 1.0 1.0 1.0
v 0.7022003708892018 23.750964916879592 -15.86858052720239 1.0 1.0 1.0
v 0.5976100453021593 21.04302193428993 -15.20189603043625 1.0 1.0 1.0
v -1.474259457584663 18.657393303980907 -14.519146440720988 1.0 1.0 1.0
v 0.8091003213084396 26.458954393830545 -16.535049170833414 1.0 1.0 1.0
v 0.7022003708892018 23.750964916879592 -15.86858052720239 1.0 1.0 1.0
v 0.7022003708892018 23.750964916879592 -15.86858052720239 0.55 0.55 0.55
v 0.8091003213084396 26.458954393830545 -16.535049170833414 0.55 0.55 0.55
v 2.927266990795803 25.3840108969289 -16.057692082549462 0.55 0.55 0.55
v 2.686165879473215 22.463458288364055 -15.351300320095906 0.55 0.55 0.55
v 2.686165879473215 22.463458288364055 -15.351300320095906 0.55 0.55 0.55
v 2.927266990795803 25.3840108969289 -16.057692082549462 0.55 0.55 0.55
v 1.707657093052028 13.432827030939768 -13.174189042721085 0.55 0.55 0.55
v 1.1977984355213853 10.770336927004742 -12.574393584378523 0.55 0.55 0.55
v 1.1977984355213853 10.770336927004742 -12.574393584378523 0.55 0.55 0.55
v 1.707657093052028 13.432827030939768 -13.174189042721085 0.55 0.55 0.55
v 4.258426770477281 13.089017553927336 -12.50551149542992 0.55 0.55 0.55
v 3.731188278247737 10.487882880140232 -11.99639559472071 0.55 0.55 0.55
v 3.731188278247737 10.487882880140232 -11.99639559472071 0.55 0.55 0.55
v 4.258426770477281 13.089017553927336 -12.50551149542992 0.55 0.55 0.55
v 6.575936535221096 13.561448509133104 -11.593805040517323 0.55 0.55 0.55
v 5.8854180894028145 10.941227157788843 -11.224870514141728 0.55 0.55 0.55
v 5.8854180894028145 10.941227157788843 -11.224870514141728 0.0 1.0 0.0
v 6.575936535221096 13.561448509133104 -11.593805040517323 0.0 1.0 0.0
v 9.782533155014946 25.357902959452176 -13.007357558338542 0.0 1.0 0.0
v 8.280031259729052 12.989871069214695 -10.264363377040311 0.0 1.0 0.0
v 7.541435205626777 10.390739058211848 -10.030494178906762 0.0 1.0 0.0
v 7.541435205626777 10.390739058211848 -10.030494178906762 0.55 0.55 0.55
v 8.280031259729052 12.989871069214695 -10.264363377040311 0.55 0.55 0.55
v 10.097256849295594 13.319815987639137 -8.609568453301742 0.55 0.55 0.55
v 9.392307626354132 10.657789915867008 -8.42088298150318 0.55 0.55 0.55
v 9.392307626354132 10.657789915867008 -8.42088298150318 0.55 0.55 0.55
v 10.097256849295594 13.319815987639137 -8.609568453301742 0.55 0.55 0.55
v 11.494248470752282 13.333321093133495 -6.644802975285501 0.55 0.55 0.55
v 10.832862075042039 10.668038332184777 -6.475259523236369 0.55 0.55 0.55
v 10.832862075042039 10.668038332184777 -6.475259523236369 0.55 0.55 0.55
v 11.494248470752282 13.333321093133495 -6.644802975285501 0.55 0.55 0.55
v 12.51490953771951 13.333589499084749 -4.454839677699527 0.55 0.55 0.55
v 11.872489936008956 10.666917861877376 -4.287071674814478 0.55 0.55 0.55
v 11.872489936008956 10.666917861877376 -4.287071674814478 0.55 0.55 0.55
v 12.51490953771951 13.333589499084749 -4.454839677699527 0.55 0.55 0.55
v 13.126121114520663 13.331512945288331 -2.099240249620386 0.55 0.55 0.55
v 12.476583363034965 10.66505184151322 -1.9258492191337988 0.55 0.55 0.55
v 12.476583363034965 10.66505184151322 -1.9258492191337988 0.0 0.0 1.0
v 13.126121114520663 13.331512945288331 -2.099240249620386 0.0 0.0 1.0
v 14.758471863619114 19.03447992968903 -0.0015038751292382497 0.0 0.0 1.0
v 12.550118567668198 10.664780750956533 1.1785456770637868 0.0 0.0 1.0
v 14.758471863619114 19.03447992968903 -0.0015038751292382497 0.0 0.0 0.0
v 15.463334823967157 21.92201861106881 -0.1743281928146671 0.0 0.0 0.0
v 12.550118567668198 10.664780750956533 1.1785456770637868 0.0 0.0 0.0
v 13.126121114520663 13.331512945288331 -2.099240249620386 1.0 1.0 1.0
v 15.463334823967157 21.92201861106881 -0.1743281928146671 1.0 1.0 1.0
v 14.758471863619114 19.03447992968903 -0.0015038751292382497 1.0 1.0 1.0
v 13.126121114520663 13.331512945288331 -2.099240249620386 1.0 1.0 1.0
v 16.167932626505483 24.80947209320115 -0.34962844351230005 1.0 1.0 1.0
v 15.463334823967157 21.92201861106881 -0.1743281928146671 1.0 1.0 1.0
v 15.463334823967157 21.92201861106881 -0.1743281928146671 0.55 0.55 0.55
v 16.167932626505483 24.80947209320115 -0.34962844351230005 0.55 0.55 0.55
v 13.1996196621332 13.331088547767619 1.351919732098613 0.55 0.55 0.55
v 12.550118567668198 10.664780750956533 1.1785456770637868 0.55 0.55 0.55
v 13.1996196621332 13.331088547767619 1.351919732098613 0.55 0.55 0.55
v 13.849597962457837 15.997565196625686 1.5208772405855782 0.55 0.55 0.55
v 13.373331662402068 16.000223684145237 3.9105106892336887 0.55 0.55 0.55
v 12.730033111005488 13.333598264021225 3.745679805774437 0.55 0.55 0.55
v 12.730033111005488 13.333598264021225 3.745679805774437 0.55 0.55 0.55
v 13.373331662402068 16.000223684145237 3.9105106892336887 0.55 0.55 0.55
v 12.50318765299272 16.00030434477323 6.164308366878578 0.55 0.55 0.55
v 11.84213721748704 13.334924548976915 5.994298948122324 0.55 0.55 0.55
v 11.84213721748704 13.334924548976915 5.994298948122324 0.55 0.55 0.55
v 12.50318765299272 16.00030434477323 6.164308366878578 0.55 0.55 0.55
v 11.261184914092825 15.980286001469631 8.231894868950612 0.55 0.55 0.55
v 10.565515569441501 13.3197418467453 8.041312116289621 0.55 0.55 0.55
v 10.565515569441501 13.3197418467453 8.041312116289621 0.55 0.55 0.55
v 11.261184914092825 15.980286001469631 8.231894868950612 0.55 0.55 0.55
v 9.673996277975498 15.950707860993528 10.055715397072898 0.55 0.55 0.55
v 8.933742489465875 13.294796710794108 9.823983947067743 0.55 0.55 0.55
v 8.933742489465875 13.294796710794108 9.823983947067743 0.55 0.55 0.55
v 9.673996277975498 15.950707860993528 10.055715397072898 0.55 0.55 0.55
v 8.42263061731075 18.134506445320625 11.796088764950003 0.55 0.55 0.55
v 7.723984935310263 15.406356494295848 11.47536915317936 0.55 0.55 0.55
v 7.723984935310263 15.406356494295848 11.47536915317936 0.55 0.55 0.55
v 8.42263061731075 18.134506445320625 11.796088764950003 0.55 0.55 0.55
v 5.730390603544152 15.984272383888147 12.720778735267924 0.55 0.55 0.55
v 5.060380135788795 13.341056412220816 12.309956402455116 0.55 0.55 0.55
v 2.131739606198453 15.27194172476565 13.608027399209028 1.0 1.0 0.0
v 5.060380135788795 13.341056412220816 12.309956402455116 1.0 1.0 0.0
v 5.730390603544152 15.984272383888147 12.720778735267924 1.0 1.0 0.0
v 4.233666027102948 18.5995397088576 13.943623157160696 1.0 1.0 0.0
v 5.730390603544152 15.984272383888147 12.720778735267924 0.0 0.0 0.0
v 6.4109216627119014 18.62873166490884 13.106656227547926 0.0 0.0 0.0
v 4.233666027102948 18.5995397088576 13.943623157160696 0.0 0.0 0.0
v 8.42263061731075 18.134506445320625 11.796088764950003 0.55 0.55 0.55
v 9.055033420208556 20.872560719229046 12.165077209270562 0.55 0.55 0.55
v 6.4109216627119014 18.62873166490884 13.106656227547926 0.55 0.55 0.55
v 5.730390603544152 15.984272383888147 12.720778735267924 0.55 0.55 0.55
v 9.673996277975498 15.950707860993528 10.055715397072898 0.55 0.55 0.55
v 10.40367169366252 18.610005746477448 10.281484477932478 0.55 0.55 0.55
v 9.055033420208556 20.872560719229046 12.165077209270562 0.55 0.55 0.55
v 8.42263061731075 18.134506445320625 11.796088764950003 0.55 0.55 0.55
v 11.261184914092825 15.980286001469631 8.231894868950612 0.55 0.55 0.55
v 11.956742374116203 18.6409945785703 8.420591062692903 0.55 0.55 0.55
v 10.40367169366252 18.610005746477448 10.281484477932478 0.55 0.55 0.55
v 9.673996277975498 15.950707860993528 10.055715397072898 0.55 0.55 0.55
v 12.50318765299272 16.00030434477323 6.164308366878578 0.55 0.55 0.55
v 13.165643414448365 18.66550762900281 6.331595410891268 0.55 0.55 0.55
v 11.956742374116203 18.6409945785703 8.420591062692903 0.55 0.55 0.55
v 11.261184914092825 15.980286001469631 8.231894868950612 0.55 0.55 0.55
v 13.373331662402068 16.000223684145237 3.9105106892336887 0.55 0.55 0.55
v 14.017630121652047 18.66681154816188 4.072013185964715 0.55 0.55 0.55
v 13.165643414448365 18.66550762900281 6.331595410891268 0.55 0.55 0.55
v 12.50318765299272 16.00030434477323 6.164308366878578 0.55 0.55 0.55
v 13.849597962457837 15.997565196625686 1.5208772405855782 0.55 0.55 0.55
v 14.500007070575473 18.664189310973086 1.685834978496973 0.55 0.55 0.55
v 14.017630121652047 18.66681154816188 4.072013185964715 0.55 0.55 0.55
v 13.373331662402068 16.000223684145237 3.9105106892336887 0.55 0.55 0.55
v 16.167932626505483 24.80947209320115 -0.34962844351230005 1.0 1.0 1.0
v 13.849597962457837 15.997565196625686 1.5208772405855782 1.0 1.0 1.0
v 13.1996196621332 13.331088547767619 1.351919732098613 1.0 1.0 1.0
v 16.167932626505483 24.80947209320115 -0.34962844351230005 1.0 1.0 1.0
v 14.500007070575473 18.664189310973086 1.685834978496973 1.0 1.0 1.0
v 13.849597962457837 15.997565196625686 1.5208772405855782 1.0 1.0 1.0
v 14.500007070575473 18.664189310973086 1.685834978496973 0.55 0.55 0.55
v 15.150762778768168 21.330927468620025 1.847563124841935 0.55 0.55 0.55
v 14.662944319086526 21.333356396595416 4.230130317755383 0.55 0.55 0.55
v 14.017630121652047 18.66681154816188 4.072013185964715 0.55 0.55 0.55
v 14.017630121652047 18.66681154816188 4.072013185964715 0.55 0.55 0.55
v 14.662944319086526 21.333356396595416 4.230130317755383 0.55 0.55 0.55
v 13.830641884761647 21.330383482757046 6.49395258950953 0.55 0.55 0.55
v 13.165643414448365 18.66550762900281 6.331595410891268 0.55 0.55 0.55
v 13.165643414448365 18.66550762900281 6.331595410891268 0.55 0.55 0.55
v 13.830641884761647 21.330383482757046 6.49395258950953 0.55 0.55 0.55
v 12.6577338637447 21.30087793500147 8.600482819823162 0.55 0.55 0.55
v 11.956742374116203 18.6409945785703 8.420591062692903 0.55 0.55 0.55
v 11.956742374116203 18.6409945785703 8.420591062692903 0.55 0.55 0.55
v 12.6577338637447 21.30087793500147 8.600482819823162 0.55 0.55 0.55
v 11.111407997538862 21.277326675719515 10.481562837150191 0.55 0.55 0.55
v 10.40367169366252 18.610005746477448 10.281484477932478 0.55 0.55 0.55
v 10.40367169366252 18.610005746477448 10.281484477932478 0.55 0.55 0.55
v 11.111407997538862 21.277326675719515 10.481562837150191 0.55 0.55 0.55
v 9.595334119094279 23.61759023583029 12.606670951859591 0.55 0.55 0.55
v 9.055033420208556 20.872560719229046 12.165077209270562 0.55 0.55 0.55
v 9.055033420208556 20.872560719229046 12.165077209270562 0.55 0.55 0.55
v 9.595334119094279 23.61759023583029 12.606670951859591 0.55 0.55 0.55
v 7.021071320473565 21.282893233152596 13.532483455304975 0.55 0.55 0.55
v 6.4109216627119014 18.62873166490884 13.106656227547926 0.55 0.55 0.55
v 6.4109216627119014 18.62873166490884 13.106656227547926 0.55 0.55 0.55
v 7.021071320473565 21.282893233152596 13.532483455304975 0.55 0.55 0.55
v 4.930252083691156 21.230985094386682 14.421283376639263 0.55 0.55 0.55
v 4.233666027102948 18.5995397088576 13.943623157160696 0.55 0.55 0.55
v 4.233666027102948 18.5995397088576 13.943623157160696 0.55 0.55 0.55
v 4.930252083691156 21.230985094386682 14.421283376639263 0.55 0.55 0.55
v 1.199509084574779 21.386654362895772 15.228522254298282 0.55 0.55 0.55
v 1.1292795493546555 18.72784691566596 14.570737399379027 0.55 0.55 0.55
v 1.1292795493546555 18.72784691566596 14.570737399379027 0.55 0.55 0.55
v 1.199509084574779 21.386654362895772 15.228522254298282 0.55 0.55 0.55
v -0.776202984606487 15.993810913473036 13.922003405873904 0.55 0.55 0.55
v -0.8081829220688476 13.329094981590721 13.252674673067215 0.55 0.55 0.55
v -0.8081829220688476 13.329094981590721 13.252674673067215 0.0 0.0 0.0
v -0.776202984606487 15.993810913473036 13.922003405873904 0.0 0.0 0.0
v -2.8032923975261794 17.498456444024548 14.098217213709521 0.0 0.0 0.0
v -0.776202984606487 15.993810913473036 13.922003405873904 0.0 0.0 0.0
v -0.8274270161591641 18.65857460732877 14.583149201552787 0.0 0.0 0.0
v -2.8032923975261794 17.498456444024548 14.098217213709521 0.0 0.0 0.0
v 1.199509084574779 21.386654362895772 15.228522254298282 1.0 1.0 1.0
v -0.8274270161591641 18.65857460732877 14.583149201552787 1.0 1.0 1.0
v -0.776202984606487 15.993810913473036 13.922003405873904 1.0 1.0 1.0
v 1.199509084574779 21.386654362895772 15.228522254298282 1.0 1.0 1.0
v -0.7871953425343192 21.32607965589929 15.253987938626176 1.0 1.0 1.0
v -0.8274270161591641 18.65857460732877 14.583149201552787 1.0 1.0 1.0
v -0.8274270161591641 18.65857460732877 14.583149201552787 0.55 0.55 0.55
v -0.7871953425343192 21.32607965589929 15.253987938626176 0.55 0.55 0.55
v -2.7955207494979284 20.310329201037668 14.802221632065532 0.55 0.55 0.55
v -2.8032923975261794 17.498456444024548 14.098217213709521 0.55 0.55 0.55
v -2.8032923975261794 17.498456444024548 14.098217213709521 0.55 0.55 0.55
v -2.7955207494979284 20.310329201037668 14.802221632065532 0.55 0.55 0.55
v -4.694483850426682 21.312013076486593 14.516535138745782 0.55 0.55 0.55
v -4.5425899547369655 18.641720653079247 13.868358806551589 0.55 0.55 0.55
v -4.5425899547369655 18.641720653079247 13.868358806551589 0.55 0.55 0.55
v -4.694483850426682 21.312013076486593 14.516535138745782 0.55 0.55 0.55
v -6.661435803461978 21.295841521466667 13.73137571357845 0.55 0.55 0.55
v -6.495069330996034 18.625807565315384 13.06706511690516 0.55 0.55 0.55
v -6.495069330996034 18.625807565315384 13.06706511690516 0.55 0.55 0.55
v -6.661435803461978 21.295841521466667 13.73137571357845 0.55 0.55 0.55
v -8.583000575084933 23.12290171860524 13.21970445722183 0.55 0.55 0.55
v -8.279918687803473 20.31014079137595 12.58820549903949 0.55 0.55 0.55
v -8.279918687803473 20.31014079137595 12.58820549903949 0.55 0.55 0.55
v -8.583000575084933 23.12290171860524 13.21970445722183 0.55 0.55 0.55
v -9.988208846404222 21.312523428443118 11.538255410181407 0.55 0.55 0.55
v -9.64752070020867 18.644093200093014 10.959082844456933 0.55 0.55 0.55
v -9.64752070020867 18.644093200093014 10.959082844456933 0.55 0.55 0.55
v -9.988208846404222 21.312523428443118 11.538255410181407 0.55 0.55 0.55
v -11.702609117216875 23.122362683376082 10.495640221804075 0.55 0.55 0.55
v -11.239167297836813 20.3105432214114 9.957607078097917 0.55 0.55 0.55
v -11.239167297836813 20.3105432214114 9.957607078097917 0.55 0.55 0.55
v -11.702609117216875 23.122362683376082 10.495640221804075 0.55 0.55 0.55
v -12.676219239839089 21.31489441064609 8.597810723337819 0.55 0.55 0.55
v -12.186820266384096 18.646599022243706 8.14171899810104 0.55 0.55 0.55
v -12.186820266384096 18.646599022243706 8.14171899810104 0.55 0.55 0.55
v -12.676219239839089 21.31489441064609 8.597810723337819 0.55 0.55 0.55
v -14.312104951323441 24.546485789283945 7.290609476754692 0.55 0.55 0.55
v -13.779491025796458 21.971660451755035 6.92810554536719 0.55 0.55 0.55
v -13.779491025796458 21.971660451755035 6.92810554536719 0.55 0.55 0.55
v -14.312104951323441 24.546485789283945 7.290609476754692 0.55 0.55 0.55
v -14.415786081819775 21.3119991328064 5.026597061513404 0.55 0.55 0.55
v -13.816357236423622 18.64340169364349 4.715456922910525 0.55 0.55 0.55
v -13.816357236423622 18.64340169364349 4.715456922910525 0.55 0.55 0.55
v -14.415786081819775 21.3119991328064 5.026597061513404 0.55 0.55 0.55
v -16.07676646889448 25.851245719040328 3.4453566700812353 0.55 0.55 0.55
v -15.404480596263566 23.021643021879083 3.2337193875756016 0.55 0.55 0.55
v -15.404480596263566 23.021643021879083 3.2337193875756016 0.55 0.55 0.55
v -16.07676646889448 25.851245719040328 3.4453566700812353 0.55 0.55 0.55
v -15.191529353491632 21.22274663672009 1.1590585429400186 0.55 0.55 0.55
v -14.533670057655147 18.537901819234616 1.0234943555044789 0.55 0.55 0.55
v -14.533670057655147 18.537901819234616 1.0234943555044789 0.55 0.55 0.55
v -15.191529353491632 21.22274663672009 1.1590585429400186 0.55 0.55 0.55
v -15.227718822703029 21.26720714268088 -0.9048865590554872 0.55 0.55 0.55
v -14.54706925539597 18.59575013668995 -1.0338739595757347 0.55 0.55 0.55
v -14.54706925539597 18.59575013668995 -1.0338739595757347 0.55 0.55 0.55
v -15.227718822703029 21.26720714268088 -0.9048865590554872 0.55 0.55 0.55
v -14.249262951949493 18.38463878015677 -3.040236561721164 0.55 0.55 0.55
v -13.405727544194447 16.910225563681696 -4.574914519610919 0.55 0.55 0.55
v -13.405727544194447 16.910225563681696 -4.574914519610919 0.0 0.0 0.0
v -14.249262951949493 18.38463878015677 -3.040236561721164 0.0 0.0 0.0
v -15.145441647862318 23.92596363264538 -4.861612605837323 0.0 0.0 0.0
v -14.249262951949493 18.38463878015677 -3.040236561721164 0.0 0.0 0.0
v -14.95118122803683 21.083222285803306 -2.948025351883544 0.0 0.0 0.0
v -15.145441647862318 23.92596363264538 -4.861612605837323 0.0 0.0 0.0
v -15.227718822703029 21.26720714268088 -0.9048865590554872 1.0 1.0 1.0
v -14.95118122803683 21.083222285803306 -2.948025351883544 1.0 1.0 1.0
v -14.249262951949493 18.38463878015677 -3.040236561721164 1.0 1.0 1.0
v -15.227718822703029 21.26720714268088 -0.9048865590554872 1.0 1.0 1.0
v -15.643168776742552 23.78624293939453 -2.948382711396641 1.0 1.0 1.0
v -14.95118122803683 21.083222285803306 -2.948025351883544 1.0 1.0 1.0
v -14.95118122803683 21.083222285803306 -2.948025351883544 0.0 0.0 0.0
v -15.643168776742552 23.78624293939453 -2.948382711396641 0.0 0.0 0.0
v -15.145441647862318 23.92596363264538 -4.861612605837323 0.0 0.0 0.0
v -15.643168776742552 23.78624293939453 -2.948382711396641 0.0 0.0 0.0
v -16.329666167706662 26.490521501395605 -2.977017786247919 0.0 0.0 0.0
v -15.145441647862318 23.92596363264538 -4.861612605837323 0.0 0.0 0.0
v -15.227718822703029 21.26720714268088 -0.9048865590554872 0.55 0.55 0.55
v -15.903453931759907 23.94238275085604 -0.8348604731970096 0.55 0.55 0.55
v -16.329666167706662 26.490521501395605 -2.977017786247919 0.55 0.55 0.55
v -15.643168776742552 23.78624293939453 -2.948382711396641 0.55 0.55 0.55
v -15.191529353491632 21.22274663672009 1.1590585429400186 0.55 0.55 0.55
v -15.854024202080398 23.908521282012316 1.2499173736445932 0.55 0.55 0.55
v -15.903453931759907 23.94238275085604 -0.8348604731970096 0.55 0.55 0.55
v -15.227718822703029 21.26720714268088 -0.9048865590554872 0.55 0.55 0.55
v -16.07676646889448 25.851245719040328 3.4453566700812353 0.55 0.55 0.55
v -16.753472876489106 28.681092438954966 3.638756303639961 0.55 0.55 0.55
v -15.854024202080398 23.908521282012316 1.2499173736445932 0.55 0.55 0.55
v -15.191529353491632 21.22274663672009 1.1590585429400186 0.55 0.55 0.55
v -14.415786081819775 21.3119991328064 5.026597061513404 0.55 0.55 0.55
v -15.023202544689676 23.981688926422507 5.31234174775269 0.55 0.55 0.55
v -16.753472876489106 28.681092438954966 3.638756303639961 0.55 0.55 0.55
v -16.07676646889448 25.851245719040328 3.4453566700812353 0.55 0.55 0.55
v -14.312104951323441 24.546485789283945 7.290609476754692 0.55 0.55 0.55
v -14.85335556687901 27.121743671994658 7.637183548366961 0.55 0.55 0.55
v -15.023202544689676 23.981688926422507 5.31234174775269 0.55 0.55 0.55
v -14.415786081819775 21.3119991328064 5.026597061513404 0.55 0.55 0.55
v -12.676219239839089 21.31489441064609 8.597810723337819 0.55 0.55 0.55
v -13.174254418625587 23.98367389118492 9.041464187586016 0.55 0.55 0.55
v -14.85335556687901 27.121743671994658 7.637183548366961 0.55 0.55 0.55
v -14.312104951323441 24.546485789283945 7.290609476754692 0.55 0.55 0.55
v -11.702609117216875 23.122362683376082 10.495640221804075 0.55 0.55 0.55
v -12.171354210601713 25.93453373732198 11.0273490827554 0.55 0.55 0.55
v -13.174254418625587 23.98367389118492 9.041464187586016 0.55 0.55 0.55
v -12.676219239839089 21.31489441064609 8.597810723337819 0.55 0.55 0.55
v -9.988208846404222 21.312523428443118 11.538255410181407 0.55 0.55 0.55
v -10.341688013157595 23.981603184733576 12.10659745473041 0.55 0.55 0.55
v -12.171354210601713 25.93453373732198 11.0273490827554 0.55 0.55 0.55
v -11.702609117216875 23.122362683376082 10.495640221804075 0.55 0.55 0.55
v -8.583000575084933 23.12290171860524 13.21970445722183 0.55 0.55 0.55
v -8.894941100205733 25.935735838212473 13.84648902494657 0.55 0.55 0.55
v -10.341688013157595 23.981603184733576 12.10659745473041 0.55 0.55 0.55
v -9.988208846404222 21.312523428443118 11.538255410181407 0.55 0.55 0.55
v -6.661435803461978 21.295841521466667 13.73137571357845 0.55 0.55 0.55
v -6.837085467276581 23.96645957686216 14.390889110392699 0.55 0.55 0.55
v -8.894941100205733 25.935735838212473 13.84648902494657 0.55 0.55 0.55
v -8.583000575084933 23.12290171860524 13.21970445722183 0.55 0.55 0.55
v -4.694483850426682 21.312013076486593 14.516535138745782 0.55 0.55 0.55
v -4.84761967542358 23.98234122777641 15.164344040995712 0.55 0.55 0.55
v -6.837085467276581 23.96645957686216 14.390889110392699 0.55 0.55 0.55
v -6.661435803461978 21.295841521466667 13.73137571357845 0.55 0.55 0.55
v -2.7955207494979284 20.310329201037668 14.802221632065532 0.55 0.55 0.55
v -2.825235497923451 23.122976704845914 15.502486545333646 0.55 0.55 0.55
v -4.84761967542358 23.98234122777641 15.164344040995712 0.55 0.55 0.55
v -4.694483850426682 21.312013076486593 14.516535138745782 0.55 0.55 0.55
v -0.7871953425343192 21.32607965589929 15.253987938626176 0.55 0.55 0.55
v -0.7351857850272795 23.993113773843582 15.925868961704564 0.55 0.55 0.55
v -2.825235497923451 23.122976704845914 15.502486545333646 0.55 0.55 0.55
v -2.7955207494979284 20.310329201037668 14.802221632065532 0.55 0.55 0.55
v 1.199509084574779 21.386654362895772 15.228522254298282 0.55 0.55 0.55
v 1.342046991668225 24.045160570997627 15.879110048672292 0.55 0.55 0.55
v -0.7351857850272795 23.993113773843582 15.925868961704564 0.55 0.55 0.55
v -0.7871953425343192 21.32607965589929 15.253987938626176 0.55 0.55 0.55
v 4.930252083691156 21.230985094386682 14.421283376639263 0.0 1.0 0.0
v 5.409820521707771 23.901693622869022 14.973835649615385 0.0 1.0 0.0
v 3.3301482904306634 22.82973907636059 15.324997394084635 0.0 1.0 0.0
v 1.342046991668225 24.045160570997627 15.879110048672292 0.0 1.0 0.0
v 1.199509084574779 21.386654362895772 15.228522254298282 0.0 1.0 0.0
v 7.021071320473565 21.282893233152596 13.532483455304975 0.55 0.55 0.55
v 7.462249978825351 23.95262689763124 14.052478055645112 0.55 0.55 0.55
v 5.409820521707771 23.901693622869022 14.973835649615385 0.55 0.55 0.55
v 4.930252083691156 21.230985094386682 14.421283376639263 0.55 0.55 0.55
v 9.595334119094279 23.61759023583029 12.606670951859591 0.55 0.55 0.55
v 9.656275033519753 26.251500294337458 13.402371642150909 0.55 0.55 0.55
v 7.462249978825351 23.95262689763124 14.052478055645112 0.55 0.55 0.55
v 7.021071320473565 21.282893233152596 13.532483455304975 0.55 0.55 0.55
v 11.111407997538862 21.277326675719515 10.481562837150191 0.0 1.0 0.0
v 11.864649474873156 23.93522562346859 10.618331442553124 0.0 1.0 0.0
v 11.293518401582292 26.968304900186524 12.285637612534419 0.0 1.0 0.0
v 9.656275033519753 26.251500294337458 13.402371642150909 0.0 1.0 0.0
v 9.595334119094279 23.61759023583029 12.606670951859591 0.0 1.0 0.0
v 12.6577338637447 21.30087793500147 8.600482819823162 0.55 0.55 0.55
v 13.356174782495183 23.962934651929565 8.755624825499442 0.55 0.55 0.55
v 11.864649474873156 23.93522562346859 10.618331442553124 0.55 0.55 0.55
v 11.111407997538862 21.277326675719515 10.481562837150191 0.55 0.55 0.55
v 13.830641884761647 21.330383482757046 6.49395258950953 0.55 0.55 0.55
v 14.498043448005824 23.994936975940607 6.651643748676986 0.55 0.55 0.55
v 13.356174782495183 23.962934651929565 8.755624825499442 0.55 0.55 0.55
v 12.6577338637447 21.30087793500147 8.600482819823162 0.55 0.55 0.55
v 14.662944319086526 21.333356396595416 4.230130317755383 0.55 0.55 0.55
v 15.308837423029695 23.999871783998206 4.386313850358404 0.55 0.55 0.55
v 14.498043448005824 23.994936975940607 6.651643748676986 0.55 0.55 0.55
v 13.830641884761647 21.330383482757046 6.49395258950953 0.55 0.55 0.55
v 15.150762778768168 21.330927468620025 1.847563124841935 0.55 0.55 0.55
v 15.801697952808702 23.99772335865096 2.007615636064661 0.55 0.55 0.55
v 15.308837423029695 23.999871783998206 4.386313850358404 0.55 0.55 0.55
v 14.662944319086526 21.333356396595416 4.230130317755383 0.55 0.55 0.55
v 16.167932626505483 24.80947209320115 -0.34962844351230005 1.0 1.0 1.0
v 15.150762778768168 21.330927468620025 1.847563124841935 1.0 1.0 1.0
v 14.500007070575473 18.664189310973086 1.685834978496973 1.0 1.0 1.0
v 16.167932626505483 24.80947209320115 -0.34962844351230005 1.0 1.0 1.0
v 15.801697952808702 23.99772335865096 2.007615636064661 1.0 1.0 1.0
v 15.150762778768168 21.330927468620025 1.847563124841935 1.0 1.0 1.0
v 15.801697952808702 23.99772335865096 2.007615636064661 0.55 0.55 0.55
v 16.452606708588196 26.664510867988025 2.1679151389249762 0.55 0.55 0.55
v 15.953908923758481 26.666417049980648 4.545231413640789 0.55 0.55 0.55
v 15.308837423029695 23.999871783998206 4.386313850358404 0.55 0.55 0.55
v 15.308837423029695 23.999871783998206 4.386313850358404 0.55 0.55 0.55
v 15.953908923758481 26.666417049980648 4.545231413640789 0.55 0.55 0.55
v 15.162405703276335 26.659864625650236 6.815218526975819 0.55 0.55 0.55
v 14.498043448005824 23.994936975940607 6.651643748676986 0.55 0.55 0.55
v 14.498043448005824 23.994936975940607 6.651643748676986 0.55 0.55 0.55
v 15.162405703276335 26.659864625650236 6.815218526975819 0.55 0.55 0.55
v 14.034975117639345 26.630178535153785 8.909566425118433 0.55 0.55 0.55
v 13.356174782495183 23.962934651929565 8.755624825499442 0.55 0.55 0.55
v 13.356174782495183 23.962934651929565 8.755624825499442 0.55 0.55 0.55
v 14.034975117639345 26.630178535153785 8.909566425118433 0.55 0.55 0.55
v 12.620096567024063 26.59318085170201 10.748225167206748 0.55 0.55 0.55
v 11.864649474873156 23.93522562346859 10.618331442553124 0.55 0.55 0.55
v 11.864649474873156 23.93522562346859 10.618331442553124 0.55 0.55 0.55
v 12.620096567024063 26.59318085170201 10.748225167206748 0.55 0.55 0.55
v 11.972761080428256 30.223065039961437 12.775753814479602 0.55 0.55 0.55
v 11.293518401582292 26.968304900186524 12.285637612534419 0.55 0.55 0.55
v 11.293518401582292 26.968304900186524 12.285637612534419 0.55 0.55 0.55
v 11.972761080428256 30.223065039961437 12.775753814479602 0.55 0.55 0.55
v 10.046987760772078 29.00141248575934 13.963193209174504 0.55 0.55 0.55
v 9.656275033519753 26.251500294337458 13.402371642150909 0.55 0.55 0.55
v 9.656275033519753 26.251500294337458 13.402371642150909 0.55 0.55 0.55
v 10.046987760772078 29.00141248575934 13.963193209174504 0.55 0.55 0.55
v 7.80548682339608 26.628276056633258 14.62581132682332 0.55 0.55 0.55
v 7.462249978825351 23.95262689763124 14.052478055645112 0.55 0.55 0.55
v 7.462249978825351 23.95262689763124 14.052478055645112 0.55 0.55 0.55
v 7.80548682339608 26.628276056633258 14.62581132682332 0.55 0.55 0.55
v 5.793901914659712 26.58249021410496 15.556756052303093 0.55 0.55 0.55
v 5.409820521707771 23.901693622869022 14.973835649615385 0.55 0.55 0.55
v 5.409820521707771 23.901693622869022 14.973835649615385 0.55 0.55 0.55
v 5.793901914659712 26.58249021410496 15.556756052303093 0.55 0.55 0.55
v 3.5982224656533237 25.690884012114253 15.987550828332887 0.55 0.55 0.55
v 3.3301482904306634 22.82973907636059 15.324997394084635 0.55 0.55 0.55
v 3.3301482904306634 22.82973907636059 15.324997394084635 0.0 0.0 0.0
v 3.5982224656533237 25.690884012114253 15.987550828332887 0.0 0.0 0.0
v 1.342046991668225 24.045160570997627 15.879110048672292 0.0 0.0 0.0
v 3.5982224656533237 25.690884012114253 15.987550828332887 0.0 0.0 0.0
v 3.828328092365325 28.55262873772845 16.66177783850875 0.0 0.0 0.0
v 1.342046991668225 24.045160570997627 15.879110048672292 0.0 0.0 0.0
v 5.793901914659712 26.58249021410496 15.556756052303093 1.0 1.0 1.0
v 3.828328092365325 28.55262873772845 16.66177783850875 1.0 1.0 1.0
v 3.5982224656533237 25.690884012114253 15.987550828332887 1.0 1.0 1.0
v 5.793901914659712 26.58249021410496 15.556756052303093 1.0 1.0 1.0
v 4.043191719898808 31.414444887336487 17.340647030510542 1.0 1.0 1.0
v 3.828328092365325 28.55262873772845 16.66177783850875 1.0 1.0 1.0
v 3.828328092365325 28.55262873772845 16.66177783850875 0.55 0.55 0.55
v 4.043191719898808 31.414444887336487 17.340647030510542 0.55 0.55 0.55
v 1.4819789658349034 26.70379837674924 16.529987402393132 0.55 0.55 0.55
v 1.342046991668225 24.045160570997627 15.879110048672292 0.55 0.55 0.55
v 1.342046991668225 24.045160570997627 15.879110048672292 0.55 0.55 0.55
v 1.4819789658349034 26.70379837674924 16.529987402393132 0.55 0.55 0.55
v -0.6904153015025074 26.660451058680888 16.597112791444104 0.55 0.55 0.55
v -0.7351857850272795 23.993113773843582 15.925868961704564 0.55 0.55 0.55
v -0.7351857850272795 23.993113773843582 15.925868961704564 0.55 0.55 0.55
v -0.6904153015025074 26.660451058680888 16.597112791444104 0.55 0.55 0.55
v -2.866271410026503 25.935740822899476 16.201644960738488 0.55 0.55 0.55
v -2.825235497923451 23.122976704845914 15.502486545333646 0.55 0.55 0.55
v -2.825235497923451 23.122976704845914 15.502486545333646 0.55 0.55 0.55
v -2.866271410026503 25.935740822899476 16.201644960738488 0.55 0.55 0.55
v -4.999550556703938 26.652680038649258 15.812521213372298 0.55 0.55 0.55
v -4.84761967542358 23.98234122777641 15.164344040995712 0.55 0.55 0.55
v -4.84761967542358 23.98234122777641 15.164344040995712 0.55 0.55 0.55
v -4.999550556703938 26.652680038649258 15.812521213372298 0.55 0.55 0.55
v -7.025828638006873 26.63786255877791 15.043625318086189 0.55 0.55 0.55
v -6.837085467276581 23.96645957686216 14.390889110392699 0.55 0.55 0.55
v -6.837085467276581 23.96645957686216 14.390889110392699 0.55 0.55 0.55
v -7.025828638006873 26.63786255877791 15.043625318086189 0.55 0.55 0.55
v -9.213902031581133 28.74859629363333 14.469528533595748 0.55 0.55 0.55
v -8.894941100205733 25.935735838212473 13.84648902494657 0.55 0.55 0.55
v -8.894941100205733 25.935735838212473 13.84648902494657 0.55 0.55 0.55
v -9.213902031581133 28.74859629363333 14.469528533595748 0.55 0.55 0.55
v -10.701962255894728 26.651027081335673 12.669209937794214 0.55 0.55 0.55
v -10.341688013157595 23.981603184733576 12.10659745473041 0.55 0.55 0.55
v -10.341688013157595 23.981603184733576 12.10659745473041 0.55 0.55 0.55
v -10.701962255894728 26.651027081335673 12.669209937794214 0.55 0.55 0.55
v -12.646321046968042 28.74707341897281 11.55162133156422 0.55 0.55 0.55
v -12.171354210601713 25.93453373732198 11.0273490827554 0.55 0.55 0.55
v -12.171354210601713 25.93453373732198 11.0273490827554 0.55 0.55 0.55
v -12.646321046968042 28.74707341897281 11.55162133156422 0.55 0.55 0.55
v -13.679704552719956 26.652762103380773 9.474699513521145 0.55 0.55 0.55
v -13.174254418625587 23.98367389118492 9.041464187586016 0.55 0.55 0.55
v -13.174254418625587 23.98367389118492 9.041464187586016 0.55 0.55 0.55
v -13.679704552719956 26.652762103380773 9.474699513521145 0.55 0.55 0.55
v -15.400165708081499 29.697213885788276 7.973468581998697 0.55 0.55 0.55
v -14.85335556687901 27.121743671994658 7.637183548366961 0.55 0.55 0.55
v -14.85335556687901 27.121743671994658 7.637183548366961 0.55 0.55 0.55
v -15.400165708081499 29.697213885788276 7.973468581998697 0.55 0.55 0.55
v -15.63483849924525 26.651856951476173 5.584586537963998 0.55 0.55 0.55
v -15.023202544689676 23.981688926422507 5.31234174775269 0.55 0.55 0.55
v -15.023202544689676 23.981688926422507 5.31234174775269 0.55 0.55 0.55
v -15.63483849924525 26.651856951476173 5.584586537963998 0.55 0.55 0.55
v -17.432838479788394 31.5109777860171 3.8217510720513976 0.55 0.55 0.55
v -16.753472876489106 28.681092438954966 3.638756303639961 0.55 0.55 0.55
v -16.753472876489106 28.681092438954966 3.638756303639961 0.55 0.55 0.55
v -17.432838479788394 31.5109777860171 3.8217510720513976 0.55 0.55 0.55
v -16.517776714758845 26.594453071544375 1.3284057804061935 0.55 0.55 0.55
v -15.854024202080398 23.908521282012316 1.2499173736445932 0.55 0.55 0.55
v -15.854024202080398 23.908521282012316 1.2499173736445932 0.55 0.55 0.55
v -16.517776714758845 26.594453071544375 1.3284057804061935 0.55 0.55 0.55
v -16.576776311218964 26.618796143074416 -0.7921609370516575 0.55 0.55 0.55
v -15.903453931759907 23.94238275085604 -0.8348604731970096 0.55 0.55 0.55
v -15.903453931759907 23.94238275085604 -0.8348604731970096 0.55 0.55 0.55
v -16.576776311218964 26.618796143074416 -0.7921609370516575 0.55 0.55 0.55
v -17.009808251681072 29.19598771424652 -3.031926180476425 0.55 0.55 0.55
v -16.329666167706662 26.490521501395605 -2.977017786247919 0.55 0.55 0.55
v -16.329666167706662 26.490521501395605 -2.977017786247919 0.55 0.55 0.55
v -17.009808251681072 29.19598771424652 -3.031926180476425 0.55 0.55 0.55
v -15.780764466499724 26.60496351239149 -5.063341805756093 0.55 0.55 0.55
v -15.145441647862318 23.92596363264538 -4.861612605837323 0.55 0.55 0.55
v -15.145441647862318 23.92596363264538 -4.861612605837323 0.55 0.55 0.55
v -15.780764466499724 26.60496351239149 -5.063341805756093 0.55 0.55 0.55
v -15.379947326305519 28.278485495968276 -7.262510768491154 0.55 0.55 0.55
v -14.72660856462143 25.348007220157363 -6.938158838568499 0.55 0.55 0.55
v -14.72660856462143 25.348007220157363 -6.938158838568499 0.55 0.55 0.55
v -15.379947326305519 28.278485495968276 -7.262510768491154 0.55 0.55 0.55
v -12.937277653920486 21.301146203935055 -8.14988852339474 0.55 0.55 0.55
v -12.445727951478313 18.635284853124393 -7.662511394120342 0.55 0.55 0.55
v -12.445727951478313 18.635284853124393 -7.662511394120342 0.0 0.0 0.0
v -12.937277653920486 21.301146203935055 -8.14988852339474 0.0 0.0 0.0
v -12.17074922367189 23.902408186239338 -10.231127838400136 0.0 0.0 0.0
v -12.937277653920486 21.301146203935055 -8.14988852339474 0.0 0.0 0.0
v -13.456920298512621 23.97076151868322 -8.586688730904717 0.0 0.0 0.0
v -12.17074922367189 23.902408186239338 -10.231127838400136 0.0 0.0 0.0
v -15.379947326305519 28.278485495968276 -7.262510768491154 1.0 1.0 1.0
v -13.456920298512621 23.97076151868322 -8.586688730904717 1.0 1.0 1.0
v -12.937277653920486 21.301146203935055 -8.14988852339474 1.0 1.0 1.0
v -15.379947326305519 28.278485495968276 -7.262510768491154 1.0 1.0 1.0
v -13.98819167037495 26.641518392696334 -9.002335623819883 1.0 1.0 1.0
v -13.456920298512621 23.97076151868322 -8.586688730904717 1.0 1.0 1.0
v -13.456920298512621 23.97076151868322 -8.586688730904717 0.55 0.55 0.55
v -13.98819167037495 26.641518392696334 -9.002335623819883 0.55 0.55 0.55
v -12.650156612152767 26.584860187929042 -10.698971489339455 0.55 0.55 0.55
v -12.17074922367189 23.902408186239338 -10.231127838400136 0.55 0.55 0.55
v -12.17074922367189 23.902408186239338 -10.231127838400136 0.55 0.55 0.55
v -12.650156612152767 26.584860187929042 -10.698971489339455 0.55 0.55 0.55
v -10.426077174857578 21.28436362474562 -11.159737334051222 0.55 0.55 0.55
v -10.09925539671411 18.6141385012651 -10.558522882925075 0.55 0.55 0.55
v -10.09925539671411 18.6141385012651 -10.558522882925075 0.0 0.0 0.0
v -10.426077174857578 21.28436362474562 -11.159737334051222 0.0 0.0 0.0
v -9.364933581104538 25.61238048718488 -13.43197718560133 0.0 0.0 0.0
v -10.426077174857578 21.28436362474562 -11.159737334051222 0.0 0.0 0.0
v -10.788896777481854 23.956804618878827 -11.730213384149444 0.0 0.0 0.0
v -9.364933581104538 25.61238048718488 -13.43197718560133 0.0 0.0 0.0
v -12.650156612152767 26.584860187929042 -10.698971489339455 1.0 1.0 1.0
v -10.788896777481854 23.956804618878827 -11.730213384149444 1.0 1.0 1.0
v -10.426077174857578 21.28436362474562 -11.159737334051222 1.0 1.0 1.0
v -12.650156612152767 26.584860187929042 -10.698971489339455 1.0 1.0 1.0
v -11.171279898711692 26.630324702685463 -12.2827270910973 1.0 1.0 1.0
v -10.788896777481854 23.956804618878827 -11.730213384149444 1.0 1.0 1.0
v -10.788896777481854 23.956804618878827 -11.730213384149444 0.55 0.55 0.55
v -11.171279898711692 26.630324702685463 -12.2827270910973 0.55 0.55 0.55
v -9.730865252330888 28.489219440689816 -14.057585731102693 0.55 0.55 0.55
v -9.364933581104538 25.61238048718488 -13.43197718560133 0.55 0.55 0.55
v -9.364933581104538 25.61238048718488 -13.43197718560133 0.55 0.55 0.55
v -9.730865252330888 28.489219440689816 -14.057585731102693 0.55 0.55 0.55
v -7.201255701711378 21.253776798360725 -13.430749432130087 0.55 0.55 0.55
v -7.041918425312954 18.57836257409409 -12.758246952339082 0.55 0.55 0.55
v -7.041918425312954 18.57836257409409 -12.758246952339082 0.55 0.55 0.55
v -7.201255701711378 21.253776798360725 -13.430749432130087 0.55 0.55 0.55
v -5.286059505336879 21.31529043835677 -14.33922762192177 0.55 0.55 0.55
v -5.136508758893339 18.646216039393742 -13.690893951079008 0.55 0.55 0.55
v -5.136508758893339 18.646216039393742 -13.690893951079008 0.0 0.0 0.0
v -5.286059505336879 21.31529043835677 -14.33922762192177 0.0 0.0 0.0
v -3.499038297009015 25.69394059077406 -16.018432699281778 0.0 0.0 0.0
v -5.286059505336879 21.31529043835677 -14.33922762192177 0.0 0.0 0.0
v -5.444769623455 23.984583572922848 -14.984482423401221 0.0 0.0 0.0
v -3.499038297009015 25.69394059077406 -16.018432699281778 0.0 0.0 0.0
v -7.201255701711378 21.253776798360725 -13.430749432130087 0.55 0.55 0.55
v -7.381371312884276 23.93092717718777 -14.091558900312464 0.55 0.55 0.55
v -5.444769623455 23.984583572922848 -14.984482423401221 0.55 0.55 0.55
v -5.286059505336879 21.31529043835677 -14.33922762192177 0.55 0.55 0.55
v -9.730865252330888 28.489219440689816 -14.057585731102693 1.0 1.0 1.0
v -7.381371312884276 23.93092717718777 -14.091558900312464 1.0 1.0 1.0
v -7.201255701711378 21.253776798360725 -13.430749432130087 1.0 1.0 1.0
v -9.730865252330888 28.489219440689816 -14.057585731102693 1.0 1.0 1.0
v -7.58387200470831 26.609579245903085 -14.739882981804461 1.0 1.0 1.0
v -7.381371312884276 23.93092717718777 -14.091558900312464 1.0 1.0 1.0
v -7.381371312884276 23.93092717718777 -14.091558900312464 0.55 0.55 0.55
v -7.58387200470831 26.609579245903085 -14.739882981804461 0.55 0.55 0.55
v -5.613988444720183 26.654039301699875 -15.62644559688823 0.55 0.55 0.55
v -5.444769623455 23.984583572922848 -14.984482423401221 0.55 0.55 0.55
v -5.444769623455 23.984583572922848 -14.984482423401221 0.55 0.55 0.55
v -5.613988444720183 26.654039301699875 -15.62644559688823 0.55 0.55 0.55
v -3.582360192137182 28.55431128304158 -16.73682883297545 0.55 0.55 0.55
v -3.499038297009015 25.69394059077406 -16.018432699281778 0.55 0.55 0.55
v -3.499038297009015 25.69394059077406 -16.018432699281778 0.55 0.55 0.55
v -3.582360192137182 28.55431128304158 -16.73682883297545 0.55 0.55 0.55
v -1.4212188398729324 21.323964248765897 -15.191013220275853 0.55 0.55 0.55
v -1.474259457584663 18.657393303980907 -14.519146440720988 0.55 0.55 0.55
v -1.474259457584663 18.657393303980907 -14.519146440720988 0.0 0.0 0.0
v -1.4212188398729324 21.323964248765897 -15.191013220275853 0.0 0.0 0.0
v 0.8091003213084396 26.458954393830545 -16.535049170833414 0.0 0.0 0.0
v -1.4212188398729324 21.323964248765897 -15.191013220275853 0.0 0.0 0.0
v -1.3754482424569057 23.990852543416885 -15.862243305658202 0.0 0.0 0.0
v 0.8091003213084396 26.458954393830545 -16.535049170833414 0.0 0.0 0.0
v -3.582360192137182 28.55431128304158 -16.73682883297545 1.0 1.0 1.0
v -1.3754482424569057 23.990852543416885 -15.862243305658202 1.0 1.0 1.0
v -1.4212188398729324 21.323964248765897 -15.191013220275853 1.0 1.0 1.0
v -3.582360192137182 28.55431128304158 -16.73682883297545 1.0 1.0 1.0
v -1.3442772910940235 26.658302124705084 -16.532175770748005 1.0 1.0 1.0
v -1.3754482424569057 23.990852543416885 -15.862243305658202 1.0 1.0 1.0
v -1.3754482424569057 23.990852543416885 -15.862243305658202 0.55 0.55 0.55
v -1.3442772910940235 26.658302124705084 -16.532175770748005 0.55 0.55 0.55
v 0.9136334388870829 29.167009936641254 -17.20176744205196 0.55 0.55 0.55
v 0.8091003213084396 26.458954393830545 -16.535049170833414 0.55 0.55 0.55
v 0.8091003213084396 26.458954393830545 -16.535049170833414 0.55 0.55 0.55
v 0.9136334388870829 29.167009936641254 -17.20176744205196 0.55 0.55 0.55
v 3.1397245071076854 28.306087138641438 -16.767285905017115 0.55 0.55 0.55
v 2.927266990795803 25.3840108969289 -16.057692082549462 0.55 0.55 0.55
v 2.927266990795803 25.3840108969289 -16.057692082549462 0.55 0.55 0.55
v 3.1397245071076854 28.306087138641438 -16.767285905017115 0.55 0.55 0.55
v 2.6446913556159397 15.958872070848445 -13.693159075239501 0.55 0.55 0.55
v 1.707657093052028 13.432827030939768 -13.174189042721085 0.55 0.55 0.55
v 1.707657093052028 13.432827030939768 -13.174189042721085 0.55 0.55 0.55
v 2.6446913556159397 15.958872070848445 -13.693159075239501 0.55 0.55 0.55
v 4.959818224508392 15.66156432525882 -12.952037926788364 0.55 0.55 0.55
v 4.258426770477281 13.089017553927336 -12.50551149542992 0.55 0.55 0.55
v 4.258426770477281 13.089017553927336 -12.50551149542992 0.55 0.55 0.55
v 4.959818224508392 15.66156432525882 -12.952037926788364 0.55 0.55 0.55
v 7.285264175972352 16.17834109514934 -11.952234730449277 0.55 0.55 0.55
v 6.575936535221096 13.561448509133104 -11.593805040517323 0.55 0.55 0.55
v 6.575936535221096 13.561448509133104 -11.593805040517323 0.0 0.0 0.0
v 7.285264175972352 16.17834109514934 -11.952234730449277 0.0 0.0 0.0
v 9.782533155014946 25.357902959452176 -13.007357558338542 0.0 0.0 0.0
v 7.285264175972352 16.17834109514934 -11.952234730449277 0.0 0.0 0.0
v 7.958905619255365 18.801531615974017 -12.331913467152592 0.0 0.0 0.0
v 9.782533155014946 25.357902959452176 -13.007357558338542 0.0 0.0 0.0
v 4.959818224508392 15.66156432525882 -12.952037926788364 0.55 0.55 0.55
v 5.670394688641853 18.236691140052198 -13.368453256125667 0.55 0.55 0.55
v 7.958905619255365 18.801531615974017 -12.331913467152592 0.55 0.55 0.55
v 7.285264175972352 16.17834109514934 -11.952234730449277 0.55 0.55 0.55
v 2.6446913556159397 15.958872070848445 -13.693159075239501 0.55 0.55 0.55
v 3.528976373067858 18.55667378599064 -14.125111512295295 0.55 0.55 0.55
v 5.670394688641853 18.236691140052198 -13.368453256125667 0.55 0.55 0.55
v 4.959818224508392 15.66156432525882 -12.952037926788364 0.55 0.55 0.55
v 3.1397245071076854 28.306087138641438 -16.767285905017115 1.0 1.0 1.0
v 3.528976373067858 18.55667378599064 -14.125111512295295 1.0 1.0 1.0
v 2.6446913556159397 15.958872070848445 -13.693159075239501 1.0 1.0 1.0
v 3.1397245071076854 28.306087138641438 -16.767285905017115 1.0 1.0 1.0
v 4.277589291293753 21.179645705952524 -14.594182271098505 1.0 1.0 1.0
v 3.528976373067858 18.55667378599064 -14.125111512295295 1.0 1.0 1.0
v 3.528976373067858 18.55667378599064 -14.125111512295295 0.55 0.55 0.55
v 4.277589291293753 21.179645705952524 -14.594182271098505 0.55 0.55 0.55
v 6.304510646059035 20.832349955551077 -13.774897249834561 0.55 0.55 0.55
v 5.670394688641853 18.236691140052198 -13.368453256125667 0.55 0.55 0.55
v 5.670394688641853 18.236691140052198 -13.368453256125667 0.55 0.55 0.55
v 6.304510646059035 20.832349955551077 -13.774897249834561 0.55 0.55 0.55
v 8.53701212628122 21.440614032118937 -12.753138687702501 0.55 0.55 0.55
v 7.958905619255365 18.801531615974017 -12.331913467152592 0.55 0.55 0.55
v 7.958905619255365 18.801531615974017 -12.331913467152592 0.0 0.0 0.0
v 8.53701212628122 21.440614032118937 -12.753138687702501 0.0 0.0 0.0
v 9.782533155014946 25.357902959452176 -13.007357558338542 0.0 0.0 0.0
v 8.53701212628122 21.440614032118937 -12.753138687702501 0.0 0.0 0.0
v 8.910179355375245 24.086290734138082 -13.306635883203588 0.0 0.0 0.0
v 9.782533155014946 25.357902959452176 -13.007357558338542 0.0 0.0 0.0
v 6.304510646059035 20.832349955551077 -13.774897249834561 0.55 0.55 0.55
v 6.7819623630385895 23.445917883158703 -14.268621202609888 0.55 0.55 0.55
v 8.910179355375245 24.086290734138082 -13.306635883203588 0.55 0.55 0.55
v 8.53701212628122 21.440614032118937 -12.753138687702501 0.55 0.55 0.55
v 4.277589291293753 21.179645705952524 -14.594182271098505 0.55 0.55 0.55
v 4.760133174557284 23.856650595565043 -15.155892779533746 0.55 0.55 0.55
v 6.7819623630385895 23.445917883158703 -14.268621202609888 0.55 0.55 0.55
v 6.304510646059035 20.832349955551077 -13.774897249834561 0.55 0.55 0.55
v 3.1397245071076854 28.306087138641438 -16.767285905017115 1.0 1.0 1.0
v 4.760133174557284 23.856650595565043 -15.155892779533746 1.0 1.0 1.0
v 4.277589291293753 21.179645705952524 -14.594182271098505 1.0 1.0 1.0
v 3.1397245071076854 28.306087138641438 -16.767285905017115 1.0 1.0 1.0
v 5.143716744778089 26.544603023424933 -15.747605468897067 1.0 1.0 1.0
v 4.760133174557284 23.856650595565043 -15.155892779533746 1.0 1.0 1.0
v 4.760133174557284 23.856650595565043 -15.155892779533746 0.55 0.55 0.55
v 5.143716744778089 26.544603023424933 -15.747605468897067 0.55 0.55 0.55
v 7.1401867132135495 26.067215410048064 -14.825892784240194 0.55 0.55 0.55
v 6.7819623630385895 23.445917883158703 -14.268621202609888 0.55 0.55 0.55
v 6.7819623630385895 23.445917883158703 -14.268621202609888 0.55 0.55 0.55
v 7.1401867132135495 26.067215410048064 -14.825892784240194 0.55 0.55 0.55
v 9.197098268110041 26.738037289356086 -13.90968140839405 0.55 0.55 0.55
v 8.910179355375245 24.086290734138082 -13.306635883203588 0.55 0.55 0.55
v 8.910179355375245 24.086290734138082 -13.306635883203588 0.55 0.55 0.55
v 9.197098268110041 26.738037289356086 -13.90968140839405 0.55 0.55 0.55
v 10.95137805238163 28.176619166686688 -12.955325258388271 0.55 0.55 0.55
v 9.782533155014946 25.357902959452176 -13.007357558338542 0.55 0.55 0.55
v 9.782533155014946 25.357902959452176 -13.007357558338542 0.55 0.55 0.55
v 10.95137805238163 28.176619166686688 -12.955325258388271 0.55 0.55 0.55
v 9.008985406782388 15.591461352818733 -10.50122533578535 0.55 0.55 0.55
v 8.280031259729052 12.989871069214695 -10.264363377040311 0.55 0.55 0.55
v 8.280031259729052 12.989871069214695 -10.264363377040311 0.55 0.55 0.55
v 9.008985406782388 15.591461352818733 -10.50122533578535 0.55 0.55 0.55
v 10.795817054989863 15.983069243963378 -8.804679899293905 0.55 0.55 0.55
v 10.097256849295594 13.319815987639137 -8.609568453301742 0.55 0.55 0.55
v 10.097256849295594 13.319815987639137 -8.609568453301742 0.55 0.55 0.55
v 10.795817054989863 15.983069243963378 -8.804679899293905 0.55 0.55 0.55
v 12.155046979914383 15.998688144966026 -6.815309895809244 0.55 0.55 0.55
v 11.494248470752282 13.333321093133495 -6.644802975285501 0.55 0.55 0.55
v 11.494248470752282 13.333321093133495 -6.644802975285501 0.55 0.55 0.55
v 12.155046979914383 15.998688144966026 -6.815309895809244 0.55 0.55 0.55
v 13.158148376076426 16.000233314977617 -4.61988322533415 0.55 0.55 0.55
v 12.51490953771951 13.333589499084749 -4.454839677699527 0.55 0.55 0.55
v 12.51490953771951 13.333589499084749 -4.454839677699527 0.55 0.55 0.55
v 13.158148376076426 16.000233314977617 -4.61988322533415 0.55 0.55 0.55
v 13.776115094095134 15.998135063535607 -2.268407786645692 0.55 0.55 0.55
v 13.126121114520663 13.331512945288331 -2.099240249620386 0.55 0.55 0.55
v 13.126121114520663 13.331512945288331 -2.099240249620386 0.0 0.0 0.0
v 13.776115094095134 15.998135063535607 -2.268407786645692 0.0 0.0 0.0
v 16.167932626505483 24.80947209320115 -0.34962844351230005 0.0 0.0 0.0
v 13.776115094095134 15.998135063535607 -2.268407786645692 0.0 0.0 0.0
v 14.426483126483559 18.664884323337706 -2.4341002479673612 0.0 0.0 0.0
v 16.167932626505483 24.80947209320115 -0.34962844351230005 0.0 0.0 0.0
v 13.158148376076426 16.000233314977617 -4.61988322533415 0.55 0.55 0.55
v 13.802274815791758 18.666843685543896 -4.781972027892785 0.55 0.55 0.55
v 14.426483126483559 18.664884323337706 -2.4341002479673612 0.55 0.55 0.55
v 13.776115094095134 15.998135063535607 -2.268407786645692 0.55 0.55 0.55
v 12.155046979914383 15.998688144966026 -6.815309895809244 0.55 0.55 0.55
v 12.816599822413188 18.663968993919415 -6.984226868976172 0.55 0.55 0.55
v 13.802274815791758 18.666843685543896 -4.781972027892785 0.55 0.55 0.55
v 13.158148376076426 16.000233314977617 -4.61988322533415 0.55 0.55 0.55
v 10.795817054989863 15.983069243963378 -8.804679899293905 0.55 0.55 0.55
v 11.49358410550876 18.646563903642146 -8.99933119618292 0.55 0.55 0.55
v 12.816599822413188 18.663968993919415 -6.984226868976172 0.55 0.55 0.55
v 12.155046979914383 15.998688144966026 -6.815309895809244 0.55 0.55 0.55
v 9.008985406782388 15.591461352818733 -10.50122533578535 0.55 0.55 0.55
v 9.734843784873728 18.194081066929616 -10.73611477237027 0.55 0.55 0.55
v 11.49358410550876 18.646563903642146 -8.99933119618292 0.55 0.55 0.55
v 10.795817054989863 15.983069243963378 -8.804679899293905 0.55 0.55 0.55
v 10.95137805238163 28.176619166686688 -12.955325258388271 1.0 1.0 1.0
v 9.734843784873728 18.194081066929616 -10.73611477237027 1.0 1.0 1.0
v 9.008985406782388 15.591461352818733 -10.50122533578535 1.0 1.0 1.0
v 10.95137805238163 28.176619166686688 -12.955325258388271 1.0 1.0 1.0
v 10.452989421690805 20.79853230989626 -10.973939880601241 1.0 1.0 1.0
v 9.734843784873728 18.194081066929616 -10.73611477237027 1.0 1.0 1.0
v 9.734843784873728 18.194081066929616 -10.73611477237027 0.55 0.55 0.55
v 10.452989421690805 20.79853230989626 -10.973939880601241 0.55 0.55 0.55
v 12.196647738810071 21.30923263393526 -9.186001987993027 0.55 0.55 0.55
v 11.49358410550876 18.646563903642146 -8.99933119618292 0.55 0.55 0.55
v 11.49358410550876 18.646563903642146 -8.99933119618292 0.55 0.55 0.55
v 12.196647738810071 21.30923263393526 -9.186001987993027 0.55 0.55 0.55
v 13.481093489613874 21.328879493570085 -7.1473608645869495 0.55 0.55 0.55
v 12.816599822413188 18.663968993919415 -6.984226868976172 0.55 0.55 0.55
v 12.816599822413188 18.663968993919415 -6.984226868976172 0.55 0.55 0.55
v 13.481093489613874 21.328879493570085 -7.1473608645869495 0.55 0.55 0.55
v 14.447527742712802 21.333406215039986 -4.940306337852104 0.55 0.55 0.55
v 13.802274815791758 18.666843685543896 -4.781972027892785 0.55 0.55 0.55
v 13.802274815791758 18.666843685543896 -4.781972027892785 0.55 0.55 0.55
v 14.447527742712802 21.333406215039986 -4.940306337852104 0.55 0.55 0.55
v 15.077159571741229 21.3317352694491 -2.5969194364867056 0.55 0.55 0.55
v 14.426483126483559 18.664884323337706 -2.4341002479673612 0.55 0.55 0.55
v 14.426483126483559 18.664884323337706 -2.4341002479673612 0.0 0.0 0.0
v 15.077159571741229 21.3317352694491 -2.5969194364867056 0.0 0.0 0.0
v 16.167932626505483 24.80947209320115 -0.34962844351230005 0.0 0.0 0.0
v 15.077159571741229 21.3317352694491 -2.5969194364867056 0.0 0.0 0.0
v 15.727983348241256 23.998634490011124 -2.758365284580352 0.0 0.0 0.0
v 16.167932626505483 24.80947209320115 -0.34962844351230005 0.0 0.0 0.0
v 14.447527742712802 21.333406215039986 -4.940306337852104 0.55 0.55 0.55
v 15.093445563251855 23.999936594871702 -5.096421195645135 0.55 0.55 0.55
v 15.727983348241256 23.998634490011124 -2.758365284580352 0.55 0.55 0.55
v 15.077159571741229 21.3317352694491 -2.5969194364867056 0.55 0.55 0.55
v 13.481093489613874 21.328879493570085 -7.1473608645869495 0.55 0.55 0.55
v 14.149746769613044 23.993230608276495 -7.302379604818706 0.55 0.55 0.55
v 15.093445563251855 23.999936594871702 -5.096421195645135 0.55 0.55 0.55
v 14.447527742712802 21.333406215039986 -4.940306337852104 0.55 0.55 0.55
v 12.196647738810071 21.30923263393526 -9.186001987993027 0.55 0.55 0.55
v 12.917768964177654 23.968574579168873 -9.348480693202776 0.55 0.55 0.55
v 14.149746769613044 23.993230608276495 -7.302379604818706 0.55 0.55 0.55
v 13.481093489613874 21.328879493570085 -7.1473608645869495 0.55 0.55 0.55
v 10.452989421690805 20.79853230989626 -10.973939880601241 0.55 0.55 0.55
v 11.230480254661115 23.38784748922119 -11.151935557965851 0.55 0.55 0.55
v 12.917768964177654 23.968574579168873 -9.348480693202776 0.55 0.55 0.55
v 12.196647738810071 21.30923263393526 -9.186001987993027 0.55 0.55 0.55
v 10.95137805238163 28.176619166686688 -12.955325258388271 1.0 1.0 1.0
v 11.230480254661115 23.38784748922119 -11.151935557965851 1.0 1.0 1.0
v 10.452989421690805 20.79853230989626 -10.973939880601241 1.0 1.0 1.0
v 10.95137805238163 28.176619166686688 -12.955325258388271 1.0 1.0 1.0
v 12.000922076491484 25.98583546593001 -11.251414433327374 1.0 1.0 1.0
v 11.230480254661115 23.38784748922119 -11.151935557965851 1.0 1.0 1.0
v 11.230480254661115 23.38784748922119 -11.151935557965851 0.55 0.55 0.55
v 12.000922076491484 25.98583546593001 -11.251414433327374 0.55 0.55 0.55
v 13.6387848492205 26.62777728840596 -9.510467107703748 0.55 0.55 0.55
v 12.917768964177654 23.968574579168873 -9.348480693202776 0.55 0.55 0.55
v 12.917768964177654 23.968574579168873 -9.348480693202776 0.55 0.55 0.55
v 13.6387848492205 26.62777728840596 -9.510467107703748 0.55 0.55 0.55
v 14.815664764260658 26.657885788760144 -7.462685809453846 0.55 0.55 0.55
v 14.149746769613044 23.993230608276495 -7.302379604818706 0.55 0.55 0.55
v 14.149746769613044 23.993230608276495 -7.302379604818706 0.55 0.55 0.55
v 14.815664764260658 26.657885788760144 -7.462685809453846 0.55 0.55 0.55
v 15.737980964536225 26.66651949573133 -5.257138324749952 0.55 0.55 0.55
v 15.093445563251855 23.999936594871702 -5.096421195645135 0.55 0.55 0.55
v 15.093445563251855 23.999936594871702 -5.096421195645135 0.55 0.55 0.55
v 15.737980964536225 26.66651949573133 -5.257138324749952 0.55 0.55 0.55
v 16.37869331290407 26.665497220502875 -2.9208740664359443 0.55 0.55 0.55
v 15.727983348241256 23.998634490011124 -2.758365284580352 0.55 0.55 0.55
v 15.727983348241256 23.998634490011124 -2.758365284580352 0.55 0.55 0.55
v 16.37869331290407 26.665497220502875 -2.9208740664359443 0.55 0.55 0.55
v 16.872336601134787 27.696861437880926 -0.5267338627581987 0.55 0.55 0.55
v 16.167932626505483 24.80947209320115 -0.34962844351230005 0.55 0.55 0.55
v 16.167932626505483 24.80947209320115 -0.34962844351230005 0.55 0.55 0.55
v 16.872336601134787 27.696861437880926 -0.5267338627581987 0.55 0.55 0.55
v 16.452606708588196 26.664510867988025 2.1679151389249762 0.55 0.55 0.55
v 15.801697952808702 23.99772335865096 2.007615636064661 0.55 0.55 0.55
v 16.452606708588196 26.664510867988025 2.1679151389249762 0.55 0.55 0.55
v 17.10337776022788 29.33125524455674 2.3295032512676475 0.55 0.55 0.55
v 16.596381665012718 29.333055514698028 4.712795849905248 0.55 0.55 0.55
v 15.953908923758481 26.666417049980648 4.545231413640789 0.55 0.55 0.55
v 15.953908923758481 26.666417049980648 4.545231413640789 0.55 0.55 0.55
v 16.596381665012718 29.333055514698028 4.712795849905248 0.55 0.55 0.55
v 15.816033333537572 29.326076909181364 6.999554398872628 0.55 0.55 0.55
v 15.162405703276335 26.659864625650236 6.815218526975819 0.55 0.55 0.55
v 15.162405703276335 26.659864625650236 6.815218526975819 0.55 0.55 0.55
v 15.816033333537572 29.326076909181364 6.999554398872628 0.55 0.55 0.55
v 14.687692969732524 29.300810868023188 9.108616828145918 0.55 0.55 0.55
v 14.034975117639345 26.630178535153785 8.909566425118433 0.55 0.55 0.55
v 14.034975117639345 26.630178535153785 8.909566425118433 0.55 0.55 0.55
v 14.687692969732524 29.300810868023188 9.108616828145918 0.55 0.55 0.55
v 13.291821433135285 29.26569211920283 10.981593075665215 0.55 0.55 0.55
v 12.620096567024063 26.59318085170201 10.748225167206748 0.55 0.55 0.55
v 12.620096567024063 26.59318085170201 10.748225167206748 0.0 0.0 0.0
v 13.291821433135285 29.26569211920283 10.981593075665215 0.0 0.0 0.0
v 11.972761080428256 30.223065039961437 12.775753814479602 0.0 0.0 0.0
v 13.291821433135285 29.26569211920283 10.981593075665215 0.0 0.0 0.0
v 13.905195557395096 31.94633679757268 11.284961633092689 0.0 0.0 0.0
v 11.972761080428256 30.223065039961437 12.775753814479602 0.0 0.0 0.0
v 14.687692969732524 29.300810868023188 9.108616828145918 0.55 0.55 0.55
v 15.312187125155592 31.974202673289142 9.355561359507043 0.55 0.55 0.55
v 13.905195557395096 31.94633679757268 11.284961633092689 0.55 0.55 0.55
v 13.291821433135285 29.26569211920283 10.981593075665215 0.55 0.55 0.55
v 15.816033333537572 29.326076909181364 6.999554398872628 0.55 0.55 0.55
v 16.456833828314835 31.993600070880753 7.208579994661362 0.55 0.55 0.55
v 15.312187125155592 31.974202673289142 9.355561359507043 0.55 0.55 0.55
v 14.687692969732524 29.300810868023188 9.108616828145918 0.55 0.55 0.55
v 16.596381665012718 29.333055514698028 4.712795849905248 0.55 0.55 0.55
v 17.235606687276345 31.99977944287273 4.891139808843243 0.55 0.55 0.55
v 16.456833828314835 31.993600070880753 7.208579994661362 0.55 0.55 0.55
v 15.816033333537572 29.326076909181364 6.999554398872628 0.55 0.55 0.55
v 17.10337776022788 29.33125524455674 2.3295032512676475 0.55 0.55 0.55
v 17.754141612402183 31.997998884794427 2.4911626355873375 0.55 0.55 0.55
v 17.235606687276345 31.99977944287273 4.891139808843243 0.55 0.55 0.55
v 16.596381665012718 29.333055514698028 4.712795849905248 0.55 0.55 0.55
v 16.872336601134787 27.696861437880926 -0.5267338627581987 0.55 0.55 0.55
v 17.57681322622381 30.584274164380943 -0.7031609912242044 0.55 0.55 0.55
v 17.10337776022788 29.33125524455674 2.3295032512676475 0.55 0.55 0.55
v 16.452606708588196 26.664510867988025 2.1679151389249762 0.55 0.55 0.55
v 16.37869331290407 26.665497220502875 -2.9208740664359443 0.55 0.55 0.55
v 17.029099644223 29.332259824353912 -3.0862115234072283 0.55 0.55 0.55
v 17.57681322622381 30.584274164380943 -0.7031609912242044 0.55 0.55 0.55
v 16.872336601134787 27.696861437880926 -0.5267338627581987 0.55 0.55 0.55
v 15.737980964536225 26.66651949573133 -5.257138324749952 0.55 0.55 0.55
v 16.378759900085456 29.33321533146895 -5.430335632587761 0.55 0.55 0.55
v 17.029099644223 29.332259824353912 -3.0862115234072283 0.55 0.55 0.55
v 16.37869331290407 26.665497220502875 -2.9208740664359443 0.55 0.55 0.55
v 14.815664764260658 26.657885788760144 -7.462685809453846 0.55 0.55 0.55
v 15.46762817589766 29.324170475069955 -7.65001657642547 0.55 0.55 0.55
v 16.378759900085456 29.33321533146895 -5.430335632587761 0.55 0.55 0.55
v 15.737980964536225 26.66651949573133 -5.257138324749952 0.55 0.55 0.55
v 13.6387848492205 26.62777728840596 -9.510467107703748 0.55 0.55 0.55
v 14.31408338690224 29.29483317963426 -9.730993112246601 0.55 0.55 0.55
v 15.46762817589766 29.324170475069955 -7.65001657642547 0.55 0.55 0.55
v 14.815664764260658 26.657885788760144 -7.462685809453846 0.55 0.55 0.55
v 12.000922076491484 25.98583546593001 -11.251414433327374 0.55 0.55 0.55
v 12.685667356329997 28.600355726430287 -11.45511793227855 0.55 0.55 0.55
v 14.31408338690224 29.29483317963426 -9.730993112246601 0.55 0.55 0.55
v 13.6387848492205 26.62777728840596 -9.510467107703748 0.55 0.55 0.55
v 10.95137805238163 28.176619166686688 -12.955325258388271 0.55 0.55 0.55
v 11.59740916851999 31.118573650445537 -13.372019788092837 0.55 0.55 0.55
v 12.685667356329997 28.600355726430287 -11.45511793227855 0.55 0.55 0.55
v 12.000922076491484 25.98583546593001 -11.251414433327374 0.55 0.55 0.55
v 9.197098268110041 26.738037289356086 -13.90968140839405 0.55 0.55 0.55
v 9.56484118691265 29.390906834776864 -14.461911226527828 0.55 0.55 0.55
v 11.59740916851999 31.118573650445537 -13.372019788092837 0.55 0.55 0.55
v 10.95137805238163 28.176619166686688 -12.955325258388271 0.55 0.55 0.55
v 7.1401867132135495 26.067215410048064 -14.825892784240194 0.55 0.55 0.55
v 7.491991037350123 28.689378928386308 -15.383612616315611 0.55 0.55 0.55
v 9.56484118691265 29.390906834776864 -14.461911226527828 0.55 0.55 0.55
v 9.197098268110041 26.738037289356086 -13.90968140839405 0.55 0.55 0.55
v 5.143716744778089 26.544603023424933 -15.747605468897067 0.55 0.55 0.55
v 5.479924995060828 29.236456854539075 -16.351061726621282 0.55 0.55 0.55
v 7.491991037350123 28.689378928386308 -15.383612616315611 0.55 0.55 0.55
v 7.1401867132135495 26.067215410048064 -14.825892784240194 0.55 0.55 0.55
v 3.1397245071076854 28.306087138641438 -16.767285905017115 0.55 0.55 0.55
v 3.336135636199367 31.228879583064703 -17.478639207425072 0.55 0.55 0.55
v 5.479924995060828 29.236456854539075 -16.351061726621282 0.55 0.55 0.55
v 5.143716744778089 26.544603023424933 -15.747605468897067 0.55 0.55 0.55
v 0.9136334388870829 29.167009936641254 -17.20176744205196 0.55 0.55 0.55
v 1.0153097384403205 31.875108989813185 -17.86877796457956 0.55 0.55 0.55
v 3.336135636199367 31.228879583064703 -17.478639207425072 0.55 0.55 0.55
v 3.1397245071076854 28.306087138641438 -16.767285905017115 0.55 0.55 0.55
v -1.3442772910940235 26.658302124705084 -16.532175770748005 0.55 0.55 0.55
v -1.3271463445276395 29.326218196784463 -17.200842040331555 0.55 0.55 0.55
v 1.0153097384403205 31.875108989813185 -17.86877796457956 0.55 0.55 0.55
v 0.9136334388870829 29.167009936641254 -17.20176744205196 0.55 0.55 0.55
v -3.582360192137182 28.55431128304158 -16.73682883297545 0.55 0.55 0.55
v -3.6726983275226983 31.414991912451068 -17.453177194505578 0.55 0.55 0.55
v -1.3271463445276395 29.326218196784463 -17.200842040331555 0.55 0.55 0.55
v -1.3442772910940235 26.658302124705084 -16.532175770748005 0.55 0.55 0.55
v -5.613988444720183 26.654039301699875 -15.62644559688823 0.55 0.55 0.55
v -5.790496571742366 29.323542788543065 -16.26627493131717 0.55 0.55 0.55
v -3.6726983275226983 31.414991912451068 -17.453177194505578 0.55 0.55 0.55
v -3.582360192137182 28.55431128304158 -16.73682883297545 0.55 0.55 0.55
v -7.58387200470831 26.609579245903085 -14.739882981804461 0.55 0.55 0.55
v -7.810386242596273 29.289516101521993 -15.37492328281215 0.55 0.55 0.55
v -5.790496571742366 29.323542788543065 -16.26627493131717 0.55 0.55 0.55
v -5.613988444720183 26.654039301699875 -15.62644559688823 0.55 0.55 0.55
v -9.730865252330888 28.489219440689816 -14.057585731102693 0.55 0.55 0.55
v -10.104719440108408 31.366435298401225 -14.67681375254357 0.55 0.55 0.55
v -7.810386242596273 29.289516101521993 -15.37492328281215 0.55 0.55 0.55
v -7.58387200470831 26.609579245903085 -14.739882981804461 0.55 0.55 0.55
v -11.171279898711692 26.630324702685463 -12.2827270910973 0.55 0.55 0.55
v -11.569853686838442 29.30466673022071 -12.819620617718346 0.55 0.55 0.55
v -10.104719440108408 31.366435298401225 -14.67681375254357 0.55 0.55 0.55
v -9.730865252330888 28.489219440689816 -14.057585731102693 0.55 0.55 0.55
v -12.650156612152767 26.584860187929042 -10.698971489339455 0.55 0.55 0.55
v -13.141307700693439 29.267647508726377 -11.152636987543298 0.55 0.55 0.55
v -11.569853686838442 29.30466673022071 -12.819620617718346 0.55 0.55 0.55
v -11.171279898711692 26.630324702685463 -12.2827270910973 0.55 0.55 0.55
v -13.98819167037495 26.641518392696334 -9.002335623819883 0.55 0.55 0.55
v -14.528250644231115 29.312980064746746 -9.401914044914351 0.55 0.55 0.55
v -13.141307700693439 29.267647508726377 -11.152636987543298 0.55 0.55 0.55
v -12.650156612152767 26.584860187929042 -10.698971489339455 0.55 0.55 0.55
v -15.379947326305519 28.278485495968276 -7.262510768491154 0.55 0.55 0.55
v -16.037830358771963 31.208885300846834 -7.57831958767955 0.55 0.55 0.55
v -14.528250644231115 29.312980064746746 -9.401914044914351 0.55 0.55 0.55
v -13.98819167037495 26.641518392696334 -9.002335623819883 0.55 0.55 0.55
v -15.780764466499724 26.60496351239149 -5.063341805756093 0.55 0.55 0.55
v -16.41612770403195 29.283964292287965 -5.264938590410033 0.55 0.55 0.55
v -16.037830358771963 31.208885300846834 -7.57831958767955 0.55 0.55 0.55
v -15.379947326305519 28.278485495968276 -7.262510768491154 0.55 0.55 0.55
v -17.009808251681072 29.19598771424652 -3.031926180476425 0.55 0.55 0.55
v -17.682136396051348 31.902597523201976 -3.117194029185763 0.55 0.55 0.55
v -16.41612770403195 29.283964292287965 -5.264938590410033 0.55 0.55 0.55
v -15.780764466499724 26.60496351239149 -5.063341805756093 0.55 0.55 0.55
v -16.576776311218964 26.618796143074416 -0.7921609370516575 0.55 0.55 0.55
v -17.24806871766261 29.295993727135162 -0.7718131457101712 0.55 0.55 0.55
v -17.682136396051348 31.902597523201976 -3.117194029185763 0.55 0.55 0.55
v -17.009808251681072 29.19598771424652 -3.031926180476425 0.55 0.55 0.55
v -16.517776714758845 26.594453071544375 1.3284057804061935 0.55 0.55 0.55
v -17.18168992160121 29.280414137987414 1.405336964486792 0.55 0.55 0.55
v -17.24806871766261 29.295993727135162 -0.7718131457101712 0.55 0.55 0.55
v -16.576776311218964 26.618796143074416 -0.7921609370516575 0.55 0.55 0.55
v -17.432838479788394 31.5109777860171 3.8217510720513976 1.0 1.0 1.0
v -17.18168992160121 29.280414137987414 1.405336964486792 1.0 1.0 1.0
v -16.517776714758845 26.594453071544375 1.3284057804061935 1.0 1.0 1.0
v -17.432838479788394 31.5109777860171 3.8217510720513976 1.0 1.0 1.0
v -17.845341242399517 31.966377451090224 1.484932814866596 1.0 1.0 1.0
v -17.18168992160121 29.280414137987414 1.405336964486792 1.0 1.0 1.0
v -17.18168992160121 29.280414137987414 1.405336964486792 0.55 0.55 0.55
v -17.845341242399517 31.966377451090224 1.484932814866596 0.55 0.55 0.55
v -17.91709505653422 31.973868349539774 -0.7760049464283942 0.55 0.55 0.55
v -17.24806871766261 29.295993727135162 -0.7718131457101712 0.55 0.55 0.55
v -17.24806871766261 29.295993727135162 -0.7718131457101712 0.55 0.55 0.55
v -17.91709505653422 31.973868349539774 -0.7760049464283942 0.55 0.55 0.55
v -18.345052334520357 34.610153663331744 -3.238240309740697 0.55 0.55 0.55
v -17.682136396051348 31.902597523201976 -3.117194029185763 0.55 0.55 0.55
v -17.682136396051348 31.902597523201976 -3.117194029185763 0.55 0.55 0.55
v -18.345052334520357 34.610153663331744 -3.238240309740697 0.55 0.55 0.55
v -17.05154746410764 31.962969074916522 -5.466352432137571 0.55 0.55 0.55
v -16.41612770403195 29.283964292287965 -5.264938590410033 0.55 0.55 0.55
v -16.41612770403195 29.283964292287965 -5.264938590410033 0.55 0.55 0.55
v -17.05154746410764 31.962969074916522 -5.466352432137571 0.55 0.55 0.55
v -16.69696607399078 34.13925195074316 -7.891767288828455 0.55 0.55 0.55
v -16.037830358771963 31.208885300846834 -7.57831958767955 0.55 0.55 0.55
v -16.037830358771963 31.208885300846834 -7.57831958767955 0.55 0.55 0.55
v -16.69696607399078 34.13925195074316 -7.891767288828455 0.55 0.55 0.55
v -15.077157033136597 31.985017192829755 -9.785243839268961 0.55 0.55 0.55
v -14.528250644231115 29.312980064746746 -9.401914044914351 0.55 0.55 0.55
v -14.528250644231115 29.312980064746746 -9.401914044914351 0.55 0.55 0.55
v -15.077157033136597 31.985017192829755 -9.785243839268961 0.55 0.55 0.55
v -13.638503638481215 31.950548041856635 -11.598981132775583 0.55 0.55 0.55
v -13.141307700693439 29.267647508726377 -11.152636987543298 0.55 0.55 0.55
v -13.141307700693439 29.267647508726377 -11.152636987543298 0.55 0.55 0.55
v -13.638503638481215 31.950548041856635 -11.598981132775583 0.55 0.55 0.55
v -11.983880370061392 31.979717442922954 -13.341122014407008 0.55 0.55 0.55
v -11.569853686838442 29.30466673022071 -12.819620617718346 0.55 0.55 0.55
v -11.569853686838442 29.30466673022071 -12.819620617718346 0.55 0.55 0.55
v -11.983880370061392 31.979717442922954 -13.341122014407008 0.55 0.55 0.55
v -10.48484010827005 34.24392416436252 -15.290986866138539 0.55 0.55 0.55
v -10.104719440108408 31.366435298401225 -14.67681375254357 0.55 0.55 0.55
v -10.104719440108408 31.366435298401225 -14.67681375254357 0.55 0.55 0.55
v -10.48484010827005 34.24392416436252 -15.290986866138539 0.55 0.55 0.55
v -8.06336173411193 31.970489656996858 -15.995435065948454 0.55 0.55 0.55
v -7.810386242596273 29.289516101521993 -15.37492328281215 0.55 0.55 0.55
v -7.810386242596273 29.289516101521993 -15.37492328281215 0.55 0.55 0.55
v -8.06336173411193 31.970489656996858 -15.995435065948454 0.55 0.55 0.55
v -5.969551658659548 31.993022039487784 -16.90560122732461 0.55 0.55 0.55
v -5.790496571742366 29.323542788543065 -16.26627493131717 0.55 0.55 0.55
v -5.790496571742366 29.323542788543065 -16.26627493131717 0.55 0.55 0.55
v -5.969551658659548 31.993022039487784 -16.90560122732461 0.55 0.55 0.55
v -3.7723004549872243 34.27604903064743 -18.166813233589618 0.55 0.55 0.55
v -3.6726983275226983 31.414991912451068 -17.453177194505578 0.55 0.55 0.55
v -3.6726983275226983 31.414991912451068 -17.453177194505578 0.55 0.55 0.55
v -3.7723004549872243 34.27604903064743 -18.166813233589618 0.55 0.55 0.55
v -1.3233474920319666 31.994493008255237 -17.868284897217123 0.55 0.55 0.55
v -1.3271463445276395 29.326218196784463 -17.200842040331555 0.55 0.55 0.55
v -1.3271463445276395 29.326218196784463 -17.200842040331555 0.55 0.55 0.55
v -1.3233474920319666 31.994493008255237 -17.868284897217123 0.55 0.55 0.55
v 1.1082619917633347 34.583304194247745 -18.536671766618984 0.55 0.55 0.55
v 1.0153097384403205 31.875108989813185 -17.86877796457956 0.55 0.55 0.55
v 1.0153097384403205 31.875108989813185 -17.86877796457956 0.55 0.55 0.55
v 1.1082619917633347 34.583304194247745 -18.536671766618984 0.55 0.55 0.55
v 3.522502810315309 34.15206927778001 -18.19108106538552 0.55 0.55 0.55
v 3.336135636199367 31.228879583064703 -17.478639207425072 0.55 0.55 0.55
v 3.336135636199367 31.228879583064703 -17.478639207425072 0.55 0.55 0.55
v 3.522502810315309 34.15206927778001 -18.19108106538552 0.55 0.55 0.55
v 5.772313211602024 31.931246802083294 -16.96417368718974 0.55 0.55 0.55
v 5.479924995060828 29.236456854539075 -16.351061726621282 0.55 0.55 0.55
v 5.479924995060828 29.236456854539075 -16.351061726621282 0.55 0.55 0.55
v 5.772313211602024 31.931246802083294 -16.96417368718974 0.55 0.55 0.55
v 7.834465542679147 31.312485530125407 -15.94250947012277 0.55 0.55 0.55
v 7.491991037350123 28.689378928386308 -15.383612616315611 0.55 0.55 0.55
v 7.491991037350123 28.689378928386308 -15.383612616315611 0.55 0.55 0.55
v 7.834465542679147 31.312485530125407 -15.94250947012277 0.55 0.55 0.55
v 9.960063731148555 32.04323315384967 -14.999237405926305 0.55 0.55 0.55
v 9.56484118691265 29.390906834776864 -14.461911226527828 0.55 0.55 0.55
v 9.56484118691265 29.390906834776864 -14.461911226527828 0.55 0.55 0.55
v 9.960063731148555 32.04323315384967 -14.999237405926305 0.55 0.55 0.55
v 12.15158408002079 34.07804990884824 -13.869738178124967 0.55 0.55 0.55
v 11.59740916851999 31.118573650445537 -13.372019788092837 0.55 0.55 0.55
v 11.59740916851999 31.118573650445537 -13.372019788092837 0.55 0.55 0.55
v 12.15158408002079 34.07804990884824 -13.869738178124967 0.55 0.55 0.55
v 13.2831726898436 31.227568530037402 -11.76289730469074 0.55 0.55 0.55
v 12.685667356329997 28.600355726430287 -11.45511793227855 0.55 0.55 0.55
v 12.685667356329997 28.600355726430287 -11.45511793227855 0.55 0.55 0.55
v 13.2831726898436 31.227568530037402 -11.76289730469074 0.55 0.55 0.55
v 14.948700064374416 31.9672256204399 -10.00325509964136 0.55 0.55 0.55
v 14.31408338690224 29.29483317963426 -9.730993112246601 0.55 0.55 0.55
v 14.31408338690224 29.29483317963426 -9.730993112246601 0.55 0.55 0.55
v 14.948700064374416 31.9672256204399 -10.00325509964136 0.55 0.55 0.55
v 16.102446931452338 31.992125191909448 -7.8704090716414825 0.55 0.55 0.55
v 15.46762817589766 29.324170475069955 -7.65001657642547 0.55 0.55 0.55
v 15.46762817589766 29.324170475069955 -7.65001657642547 0.55 0.55 0.55
v 16.102446931452338 31.992125191909448 -7.8704090716414825 0.55 0.55 0.55
v 17.01503009257771 31.999979423423255 -5.6184547941733545 0.55 0.55 0.55
v 16.378759900085456 29.33321533146895 -5.430335632587761 0.55 0.55 0.55
v 16.378759900085456 29.33321533146895 -5.430335632587761 0.55 0.55 0.55
v 17.01503009257771 31.999979423423255 -5.6184547941733545 0.55 0.55 0.55
v 17.679281320289274 31.99894700367992 -3.2536385183375938 0.55 0.55 0.55
v 17.029099644223 29.332259824353912 -3.0862115234072283 0.55 0.55 0.55
v 17.029099644223 29.332259824353912 -3.0862115234072283 0.55 0.55 0.55
v 17.679281320289274 31.99894700367992 -3.2536385183375938 0.55 0.55 0.55
v 18.282202048944438 33.47197307192467 -0.8710528468502567 0.55 0.55 0.55
v 17.57681322622381 30.584274164380943 -0.7031609912242044 0.55 0.55 0.55
v 17.57681322622381 30.584274164380943 -0.7031609912242044 0.55 0.55 0.55
v 18.282202048944438 33.47197307192467 -0.8710528468502567 0.55 0.55 0.55
v 17.754141612402183 31.997998884794427 2.4911626355873375 0.55 0.55 0.55
v 17.10337776022788 29.33125524455674 2.3295032512676475 0.55 0.55 0.55
v 17.754141612402183 31.997998884794427 2.4911626355873375 0.55 0.55 0.55
v 18.405293434508394 34.66486668423078 2.649198001514851 0.55 0.55 0.55
v 17.87243825655446 34.666540084220856 5.077405406990873 0.55 0.55 0.55
v 17.235606687276345 31.99977944287273 4.891139808843243 0.55 0.55 0.55
v 17.235606687276345 31.99977944287273 4.891139808843243 0.55 0.55 0.55
v 17.87243825655446 34.666540084220856 5.077405406990873 0.55 0.55 0.55
v 17.086985139115036 34.66199689688597 7.437989953144097 0.55 0.55 0.55
v 16.456833828314835 31.993600070880753 7.208579994661362 0.55 0.55 0.55
v 16.456833828314835 31.993600070880753 7.208579994661362 0.55 0.55 0.55
v 17.086985139115036 34.66199689688597 7.437989953144097 0.55 0.55 0.55
v 15.916013362009457 34.6492030006105 9.634768725067143 0.55 0.55 0.55
v 15.312187125155592 31.974202673289142 9.355561359507043 0.55 0.55 0.55
v 15.312187125155592 31.974202673289142 9.355561359507043 0.55 0.55 0.55
v 15.916013362009457 34.6492030006105 9.634768725067143 0.55 0.55 0.55
v 14.48157005038147 34.63029775003618 11.63038854280049 0.55 0.55 0.55
v 13.905195557395096 31.94633679757268 11.284961633092689 0.55 0.55 0.55
v 13.905195557395096 31.94633679757268 11.284961633092689 0.55 0.55 0.55
v 14.48157005038147 34.63029775003618 11.63038854280049 0.55 0.55 0.55
v 12.615180673390878 33.48064880484453 13.296998619149926 0.55 0.55 0.55
v 11.972761080428256 30.223065039961437 12.775753814479602 0.55 0.55 0.55
v 11.972761080428256 30.223065039961437 12.775753814479602 0.55 0.55 0.55
v 12.615180673390878 33.48064880484453 13.296998619149926 0.55 0.55 0.55
v 10.465387489280898 31.75245193445911 14.50184484516927 0.55 0.55 0.55
v 10.046987760772078 29.00141248575934 13.963193209174504 0.55 0.55 0.55
v 10.046987760772078 29.00141248575934 13.963193209174504 0.55 0.55 0.55
v 10.465387489280898 31.75245193445911 14.50184484516927 0.55 0.55 0.55
v 8.17816172333317 29.303465487377608 15.1824594183493 0.55 0.55 0.55
v 7.80548682339608 26.628276056633258 14.62581132682332 0.55 0.55 0.55
v 7.80548682339608 26.628276056633258 14.62581132682332 0.55 0.55 0.55
v 8.17816172333317 29.303465487377608 15.1824594183493 0.55 0.55 0.55
v 6.1411523848786285 29.266080534422052 16.150273110912835 0.55 0.55 0.55
v 5.793901914659712 26.58249021410496 15.556756052303093 0.55 0.55 0.55
v 5.793901914659712 26.58249021410496 15.556756052303093 0.0 0.0 0.0
v 6.1411523848786285 29.266080534422052 16.150273110912835 0.0 0.0 0.0
v 4.043191719898808 31.414444887336487 17.340647030510542 0.0 0.0 0.0
v 6.1411523848786285 29.266080534422052 16.150273110912835 0.0 0.0 0.0
v 6.455728142439338 31.951678965752148 16.75284474817712 0.0 0.0 0.0
v 4.043191719898808 31.414444887336487 17.340647030510542 0.0 0.0 0.0
v 8.17816172333317 29.303465487377608 15.1824594183493 0.55 0.55 0.55
v 8.551054039280142 31.978879651276557 15.7380987019251 0.55 0.55 0.55
v 6.455728142439338 31.951678965752148 16.75284474817712 0.55 0.55 0.55
v 6.1411523848786285 29.266080534422052 16.150273110912835 0.55 0.55 0.55
v 10.465387489280898 31.75245193445911 14.50184484516927 1.0 1.0 1.0
v 8.551054039280142 31.978879651276557 15.7380987019251 1.0 1.0 1.0
v 8.17816172333317 29.303465487377608 15.1824594183493 1.0 1.0 1.0
v 10.465387489280898 31.75245193445911 14.50184484516927 1.0 1.0 1.0
v 8.899473474015794 34.65501013849504 16.305929832232085 1.0 1.0 1.0
v 8.551054039280142 31.978879651276557 15.7380987019251 1.0 1.0 1.0
v 8.551054039280142 31.978879651276557 15.7380987019251 0.55 0.55 0.55
v 8.899473474015794 34.65501013849504 16.305929832232085 0.55 0.55 0.55
v 6.724851037156742 34.6393074091287 17.368279058150755 0.55 0.55 0.55
v 6.455728142439338 31.951678965752148 16.75284474817712 0.55 0.55 0.55
v 6.455728142439338 31.951678965752148 16.75284474817712 0.55 0.55 0.55
v 6.724851037156742 34.6393074091287 17.368279058150755 0.55 0.55 0.55
v 4.25084383656849 34.276257686064255 18.021702930179604 0.55 0.55 0.55
v 4.043191719898808 31.414444887336487 17.340647030510542 0.55 0.55 0.55
v 4.043191719898808 31.414444887336487 17.340647030510542 0.55 0.55 0.55
v 4.25084383656849 34.276257686064255 18.021702930179604 0.55 0.55 0.55
v 1.6172457506199633 29.362602725497055 17.181365874119848 0.55 0.55 0.55
v 1.4819789658349034 26.70379837674924 16.529987402393132 0.55 0.55 0.55
v 1.4819789658349034 26.70379837674924 16.529987402393132 0.55 0.55 0.55
v 1.6172457506199633 29.362602725497055 17.181365874119848 0.55 0.55 0.55
v -0.6525612807257131 29.328067832725722 17.267745279998834 0.55 0.55 0.55
v -0.6904153015025074 26.660451058680888 16.597112791444104 0.55 0.55 0.55
v -0.6904153015025074 26.660451058680888 16.597112791444104 0.55 0.55 0.55
v -0.6525612807257131 29.328067832725722 17.267745279998834 0.55 0.55 0.55
v -2.916843808289499 28.74856901155456 16.899867033889713 0.55 0.55 0.55
v -2.866271410026503 25.935740822899476 16.201644960738488 0.55 0.55 0.55
v -2.866271410026503 25.935740822899476 16.201644960738488 0.55 0.55 0.55
v -2.916843808289499 28.74856901155456 16.899867033889713 0.55 0.55 0.55
v -5.151411539065689 29.323046633898333 16.460726829083153 0.55 0.55 0.55
v -4.999550556703938 26.652680038649258 15.812521213372298 0.55 0.55 0.55
v -4.999550556703938 26.652680038649258 15.812521213372298 0.55 0.55 0.55
v -5.151411539065689 29.323046633898333 16.460726829083153 0.55 0.55 0.55
v -7.229896531862535 29.310086684259563 15.688401943932067 0.55 0.55 0.55
v -7.025828638006873 26.63786255877791 15.043625318086189 0.55 0.55 0.55
v -7.025828638006873 26.63786255877791 15.043625318086189 0.0 0.0 0.0
v -7.229896531862535 29.310086684259563 15.688401943932067 0.0 0.0 0.0
v -9.213902031581133 28.74859629363333 14.469528533595748 0.0 0.0 0.0
v -7.229896531862535 29.310086684259563 15.688401943932067 0.0 0.0 0.0
v -7.45186482461602 31.983129821032286 16.323841648272857 0.0 0.0 0.0
v -9.213902031581133 28.74859629363333 14.469528533595748 0.0 0.0 0.0
v -5.151411539065689 29.323046633898333 16.460726829083153 0.55 0.55 0.55
v -5.300394789991963 31.99338629561949 17.109798381161472 0.55 0.55 0.55
v -7.45186482461602 31.983129821032286 16.323841648272857 0.55 0.55 0.55
v -7.229896531862535 29.310086684259563 15.688401943932067 0.55 0.55 0.55
v -2.916843808289499 28.74856901155456 16.899867033889713 0.55 0.55 0.55
v -2.9751411892814774 31.561429684755463 17.59733069886534 0.55 0.55 0.55
v -5.300394789991963 31.99338629561949 17.109798381161472 0.55 0.55 0.55
v -5.151411539065689 29.323046633898333 16.460726829083153 0.55 0.55 0.55
v -0.6525612807257131 29.328067832725722 17.267745279998834 0.55 0.55 0.55
v -0.6197543123867525 31.995870733984567 17.93792721029432 0.55 0.55 0.55
v -2.9751411892814774 31.561429684755463 17.59733069886534 0.55 0.55 0.55
v -2.916843808289499 28.74856901155456 16.899867033889713 0.55 0.55 0.55
v 1.6172457506199633 29.362602725497055 17.181365874119848 0.55 0.55 0.55
v 1.7478027807925778 32.02153997642437 17.83324144146438 0.55 0.55 0.55
v -0.6197543123867525 31.995870733984567 17.93792721029432 0.55 0.55 0.55
v -0.6525612807257131 29.328067832725722 17.267745279998834 0.55 0.55 0.55
v 4.25084383656849 34.276257686064255 18.021702930179604 1.0 1.0 1.0
v 1.7478027807925778 32.02153997642437 17.83324144146438 1.0 1.0 1.0
v 1.6172457506199633 29.362602725497055 17.181365874119848 1.0 1.0 1.0
v 4.25084383656849 34.276257686064255 18.021702930179604 1.0 1.0 1.0
v 1.8689293905218043 34.68068815509968 18.48609855540676 1.0 1.0 1.0
v 1.7478027807925778 32.02153997642437 17.83324144146438 1.0 1.0 1.0
v 1.7478027807925778 32.02153997642437 17.83324144146438 0.55 0.55 0.55
v 1.8689293905218043 34.68068815509968 18.48609855540676 0.55 0.55 0.55
v -0.5925356827796929 34.66387218287213 18.607608373048212 0.55 0.55 0.55
v -0.6197543123867525 31.995870733984567 17.93792721029432 0.55 0.55 0.55
v -0.6197543123867525 31.995870733984567 17.93792721029432 0.55 0.55 0.55
v -0.5925356827796929 34.66387218287213 18.607608373048212 0.55 0.55 0.55
v -3.040378192653602 34.37429320969713 18.294113351110113 0.55 0.55 0.55
v -2.9751411892814774 31.561429684755463 17.59733069886534 0.55 0.55 0.55
v -2.9751411892814774 31.561429684755463 17.59733069886534 0.55 0.55 0.55
v -3.040378192653602 34.37429320969713 18.294113351110113 0.55 0.55 0.55
v -5.444749219256044 34.66365380739377 17.760255322216917 0.55 0.55 0.55
v -5.300394789991963 31.99338629561949 17.109798381161472 0.55 0.55 0.55
v -5.300394789991963 31.99338629561949 17.109798381161472 0.55 0.55 0.55
v -5.444749219256044 34.66365380739377 17.760255322216917 0.55 0.55 0.55
v -7.696249807630516 34.65700363040098 16.947533735150916 0.55 0.55 0.55
v -7.45186482461602 31.983129821032286 16.323841648272857 0.55 0.55 0.55
v -7.45186482461602 31.983129821032286 16.323841648272857 0.55 0.55 0.55
v -7.696249807630516 34.65700363040098 16.947533735150916 0.55 0.55 0.55
v -9.538810589279715 31.56147165155361 15.089393177988411 0.55 0.55 0.55
v -9.213902031581133 28.74859629363333 14.469528533595748 0.55 0.55 0.55
v -9.213902031581133 28.74859629363333 14.469528533595748 0.55 0.55 0.55
v -9.538810589279715 31.56147165155361 15.089393177988411 0.55 0.55 0.55
v -11.07245415197199 29.320810285717 13.223567388792521 0.55 0.55 0.55
v -10.701962255894728 26.651027081335673 12.669209937794214 0.55 0.55 0.55
v -10.701962255894728 26.651027081335673 12.669209937794214 0.0 0.0 0.0
v -11.07245415197199 29.320810285717 13.223567388792521 0.0 0.0 0.0
v -12.646321046968042 28.74707341897281 11.55162133156422 0.0 0.0 0.0
v -11.07245415197199 29.320810285717 13.223567388792521 0.0 0.0 0.0
v -11.453854004099572 31.99085231148077 13.769349127210235 0.0 0.0 0.0
v -12.646321046968042 28.74707341897281 11.55162133156422 0.0 0.0 0.0
v -9.538810589279715 31.56147165155361 15.089393177988411 1.0 1.0 1.0
v -11.453854004099572 31.99085231148077 13.769349127210235 1.0 1.0 1.0
v -11.07245415197199 29.320810285717 13.223567388792521 1.0 1.0 1.0
v -9.538810589279715 31.56147165155361 15.089393177988411 1.0 1.0 1.0
v -11.847872933667851 34.66104573543129 14.30539446246483 1.0 1.0 1.0
v -11.453854004099572 31.99085231148077 13.769349127210235 1.0 1.0 1.0
v -11.453854004099572 31.99085231148077 13.769349127210235 0.55 0.55 0.55
v -11.847872933667851 34.66104573543129 14.30539446246483 0.55 0.55 0.55
v -13.12652871491147 31.55989981880059 12.069620087588348 0.55 0.55 0.55
v -12.646321046968042 28.74707341897281 11.55162133156422 0.55 0.55 0.55
v -12.646321046968042 28.74707341897281 11.55162133156422 0.55 0.55 0.55
v -13.12652871491147 31.55989981880059 12.069620087588348 0.55 0.55 0.55
v -14.19054213311696 29.32209264024899 9.900024025138103 0.55 0.55 0.55
v -13.679704552719956 26.652762103380773 9.474699513521145 0.55 0.55 0.55
v -13.679704552719956 26.652762103380773 9.474699513521145 0.55 0.55 0.55
v -14.19054213311696 29.32209264024899 9.900024025138103 0.55 0.55 0.55
v -15.9504412169705 32.27279281890253 8.303327713647246 0.55 0.55 0.55
v -15.400165708081499 29.697213885788276 7.973468581998697 0.55 0.55 0.55
v -15.400165708081499 29.697213885788276 7.973468581998697 0.55 0.55 0.55
v -15.9504412169705 32.27279281890253 8.303327713647246 0.55 0.55 0.55
v -16.248532712302783 29.322224833162476 5.8502174405353475 0.55 0.55 0.55
v -15.63483849924525 26.651856951476173 5.584586537963998 0.55 0.55 0.55
v -15.63483849924525 26.651856951476173 5.584586537963998 0.0 0.0 0.0
v -16.248532712302783 29.322224833162476 5.8502174405353475 0.0 0.0 0.0
v -17.432838479788394 31.5109777860171 3.8217510720513976 0.0 0.0 0.0
v -16.248532712302783 29.322224833162476 5.8502174405353475 0.0 0.0 0.0
v -16.8631991970015 31.992692764493793 6.112728945729198 0.0 0.0 0.0
v -17.432838479788394 31.5109777860171 3.8217510720513976 0.0 0.0 0.0
v -15.9504412169705 32.27279281890253 8.303327713647246 0.55 0.55 0.55
v -16.502826483846704 34.84842372306638 8.62926723377156 0.55 0.55 0.55
v -16.8631991970015 31.992692764493793 6.112728945729198 0.55 0.55 0.55
v -16.248532712302783 29.322224833162476 5.8502174405353475 0.55 0.55 0.55
v -14.19054213311696 29.32209264024899 9.900024025138103 0.55 0.55 0.55
v -14.705855811948648 31.991615907669154 10.318591637977985 0.55 0.55 0.55
v -16.502826483846704 34.84842372306638 8.62926723377156 0.55 0.55 0.55
v -15.9504412169705 32.27279281890253 8.303327713647246 0.55 0.55 0.55
v -13.12652871491147 31.55989981880059 12.069620087588348 1.0 1.0 1.0
v -14.705855811948648 31.991615907669154 10.318591637977985 1.0 1.0 1.0
v -14.19054213311696 29.32209264024899 9.900024025138103 1.0 1.0 1.0
v -13.12652871491147 31.55989981880059 12.069620087588348 1.0 1.0 1.0
v -15.22571142667276 34.661304968982016 10.730374438304151 1.0 1.0 1.0
v -14.705855811948648 31.991615907669154 10.318591637977985 1.0 1.0 1.0
v -14.705855811948648 31.991615907669154 10.318591637977985 0.55 0.55 0.55
v -15.22571142667276 34.661304968982016 10.730374438304151 0.55 0.55 0.55
v -17.056908545689677 37.424095394129246 8.952053759234088 0.55 0.55 0.55
v -16.502826483846704 34.84842372306638 8.62926723377156 0.55 0.55 0.55
v -16.502826483846704 34.84842372306638 8.62926723377156 0.55 0.55 0.55
v -17.056908545689677 37.424095394129246 8.952053759234088 0.55 0.55 0.55
v -17.478649009550622 34.663227394264915 6.372715342632174 0.55 0.55 0.55
v -16.8631991970015 31.992692764493793 6.112728945729198 0.55 0.55 0.55
v -16.8631991970015 31.992692764493793 6.112728945729198 0.55 0.55 0.55
v -17.478649009550622 34.663227394264915 6.372715342632174 0.55 0.55 0.55
v -18.113974142487702 34.34078352084562 3.9993661802456755 0.55 0.55 0.55
v -17.432838479788394 31.5109777860171 3.8217510720513976 0.55 0.55 0.55
v -17.432838479788394 31.5109777860171 3.8217510720513976 0.55 0.55 0.55
v -18.113974142487702 34.34078352084562 3.9993661802456755 0.55 0.55 0.55
v -18.50839676813546 34.652305615192745 1.5704886548650514 0.55 0.55 0.55
v -17.845341242399517 31.966377451090224 1.484932814866596 0.55 0.55 0.55
v -17.845341242399517 31.966377451090224 1.484932814866596 0.55 0.55 0.55
v -18.50839676813546 34.652305615192745 1.5704886548650514 0.55 0.55 0.55
v -18.583476140541656 34.65220041735173 -0.808091428351621 0.55 0.55 0.55
v -17.91709505653422 31.973868349539774 -0.7760049464283942 0.55 0.55 0.55
v -17.91709505653422 31.973868349539774 -0.7760049464283942 0.55 0.55 0.55
v -18.583476140541656 34.65220041735173 -0.808091428351621 0.55 0.55 0.55
v -18.99687258814097 37.31822916503787 -3.400591436703497 0.55 0.55 0.55
v -18.345052334520357 34.610153663331744 -3.238240309740697 0.55 0.55 0.55
v -18.345052334520357 34.610153663331744 -3.238240309740697 0.55 0.55 0.55
v -18.99687258814097 37.31822916503787 -3.400591436703497 0.55 0.55 0.55
v -17.687044719305668 34.64197337375848 -5.667510435724778 0.55 0.55 0.55
v -17.05154746410764 31.962969074916522 -5.466352432137571 0.55 0.55 0.55
v -17.05154746410764 31.962969074916522 -5.466352432137571 0.55 0.55 0.55
v -17.687044719305668 34.64197337375848 -5.667510435724778 0.55 0.55 0.55
v -17.354867200732293 37.06964486402202 -8.207538605605652 0.55 0.55 0.55
v -16.69696607399078 34.13925195074316 -7.891767288828455 0.55 0.55 0.55
v -16.69696607399078 34.13925195074316 -7.891767288828455 0.55 0.55 0.55
v -17.354867200732293 37.06964486402202 -8.207538605605652 0.55 0.55 0.55
v -15.635885146539989 34.657561745409815 -10.150466285357645 0.55 0.55 0.55
v -15.077157033136597 31.985017192829755 -9.785243839268961 0.55 0.55 0.55
v -15.077157033136597 31.985017192829755 -9.785243839268961 0.55 0.55 0.55
v -15.635885146539989 34.657561745409815 -10.150466285357645 0.55 0.55 0.55
v -14.137683113315866 34.6334830044092 -12.042921833149057 0.55 0.55 0.55
v -13.638503638481215 31.950548041856635 -11.598981132775583 0.55 0.55 0.55
v -13.638503638481215 31.950548041856635 -11.598981132775583 0.55 0.55 0.55
v -14.137683113315866 34.6334830044092 -12.042921833149057 0.55 0.55 0.55
v -12.415827353110638 34.65533744187997 -13.844823431912074 0.55 0.55 0.55
v -11.983880370061392 31.979717442922954 -13.341122014407008 0.55 0.55 0.55
v -11.983880370061392 31.979717442922954 -13.341122014407008 0.55 0.55 0.55
v -12.415827353110638 34.65533744187997 -13.844823431912074 0.55 0.55 0.55
v -10.87147883595481 37.12166844908723 -15.899892955379272 0.55 0.55 0.55
v -10.48484010827005 34.24392416436252 -15.290986866138539 0.55 0.55 0.55
v -10.48484010827005 34.24392416436252 -15.290986866138539 0.55 0.55 0.55
v -10.87147883595481 37.12166844908723 -15.899892955379272 0.55 0.55 0.55
v -8.347034075276405 34.652218062745284 -16.599208504533227 0.55 0.55 0.55
v -8.06336173411193 31.970489656996858 -15.995435065948454 0.55 0.55 0.55
v -8.06336173411193 31.970489656996858 -15.995435065948454 0.55 0.55 0.55
v -8.347034075276405 34.652218062745284 -16.599208504533227 0.55 0.55 0.55
v -6.15278948885131 34.66241032640115 -17.54412172174351 0.55 0.55 0.55
v -5.969551658659548 31.993022039487784 -16.90560122732461 0.55 0.55 0.55
v -5.969551658659548 31.993022039487784 -16.90560122732461 0.55 0.55 0.55
v -6.15278948885131 34.66241032640115 -17.54412172174351 0.55 0.55 0.55
v -3.8858488765440344 37.13760616587202 -18.87634872028793 0.55 0.55 0.55
v -3.7723004549872243 34.27604903064743 -18.166813233589618 0.55 0.55 0.55
v -3.7723004549872243 34.27604903064743 -18.166813233589618 0.55 0.55 0.55
v -3.8858488765440344 37.13760616587202 -18.87634872028793 0.55 0.55 0.55
v -1.3338664976708796 34.66308548681304 -18.534396985024234 0.55 0.55 0.55
v -1.3233474920319666 31.994493008255237 -17.868284897217123 0.55 0.55 0.55
v -1.3233474920319666 31.994493008255237 -17.868284897217123 0.55 0.55 0.55
v -1.3338664976708796 34.66308548681304 -18.534396985024234 0.55 0.55 0.55
v 1.181623509548385 37.29161510684503 -19.206524016602035 0.55 0.55 0.55
v 1.1082619917633347 34.583304194247745 -18.536671766618984 0.55 0.55 0.55
v 1.1082619917633347 34.583304194247745 -18.536671766618984 0.55 0.55 0.55
v 1.181623509548385 37.29161510684503 -19.206524016602035 0.55 0.55 0.55
v 3.698614639191925 37.075629675597014 -18.90462566459044 0.55 0.55 0.55
v 3.522502810315309 34.15206927778001 -18.19108106538552 0.55 0.55 0.55
v 3.522502810315309 34.15206927778001 -18.19108106538552 0.55 0.55 0.55
v 3.698614639191925 37.075629675597014 -18.90462566459044 0.55 0.55 0.55
v 6.008974044503939 34.6286207942281 -17.58972471483897 0.55 0.55 0.55
v 5.772313211602024 31.931246802083294 -16.96417368718974 0.55 0.55 0.55
v 5.772313211602024 31.931246802083294 -16.96417368718974 0.55 0.55 0.55
v 6.008974044503939 34.6286207942281 -17.58972471483897 0.55 0.55 0.55
v 8.148200920648167 33.936814047263724 -16.51220101548393 0.55 0.55 0.55
v 7.834465542679147 31.312485530125407 -15.94250947012277 0.55 0.55 0.55
v 7.834465542679147 31.312485530125407 -15.94250947012277 0.55 0.55 0.55
v 8.148200920648167 33.936814047263724 -16.51220101548393 0.55 0.55 0.55
v 10.354743652274603 34.69561711985824 -15.536716067913362 0.55 0.55 0.55
v 9.960063731148555 32.04323315384967 -14.999237405926305 0.55 0.55 0.55
v 9.960063731148555 32.04323315384967 -14.999237405926305 0.55 0.55 0.55
v 10.354743652274603 34.69561711985824 -15.536716067913362 0.55 0.55 0.55
v 12.678601598137126 37.03865783741006 -14.390108385824497 0.55 0.55 0.55
v 12.15158408002079 34.07804990884824 -13.869738178124967 0.55 0.55 0.55
v 12.15158408002079 34.07804990884824 -13.869738178124967 0.55 0.55 0.55
v 12.678601598137126 37.03865783741006 -14.390108385824497 0.55 0.55 0.55
v 13.839508722482211 33.85847339017784 -12.11455953532057 0.55 0.55 0.55
v 13.2831726898436 31.227568530037402 -11.76289730469074 0.55 0.55 0.55
v 13.2831726898436 31.227568530037402 -11.76289730469074 0.55 0.55 0.55
v 13.839508722482211 33.85847339017784 -12.11455953532057 0.55 0.55 0.55
v 15.549031424439203 34.644117349758055 -10.307658408124011 0.55 0.55 0.55
v 14.948700064374416 31.9672256204399 -10.00325509964136 0.55 0.55 0.55
v 14.948700064374416 31.9672256204399 -10.00325509964136 0.55 0.55 0.55
v 15.549031424439203 34.644117349758055 -10.307658408124011 0.55 0.55 0.55
v 16.723290778840777 34.66105299087822 -8.117613002567701 0.55 0.55 0.55
v 16.102446931452338 31.992125191909448 -7.8704090716414825 0.55 0.55 0.55
v 16.102446931452338 31.992125191909448 -7.8704090716414825 0.55 0.55 0.55
v 16.723290778840777 34.66105299087822 -8.117613002567701 0.55 0.55 0.55
v 17.647670278674813 34.666740363482326 -5.818537774818974 0.55 0.55 0.55
v 17.01503009257771 31.999979423423255 -5.6184547941733545 0.55 0.55 0.55
v 17.01503009257771 31.999979423423255 -5.6184547941733545 0.55 0.55 0.55
v 17.647670278674813 34.666740363482326 -5.818537774818974 0.55 0.55 0.55
v 18.329625563907783 34.665689646062155 -3.419555684333152 0.55 0.55 0.55
v 17.679281320289274 31.99894700367992 -3.2536385183375938 0.55 0.55 0.55
v 17.679281320289274 31.99894700367992 -3.2536385183375938 0.55 0.55 0.55
v 18.329625563907783 34.665689646062155 -3.419555684333152 0.55 0.55 0.55
v 18.98949468642508 36.360184099734916 -1.0209148433579516 0.55 0.55 0.55
v 18.282202048944438 33.47197307192467 -0.8710528468502567 0.55 0.55 0.55
v 18.282202048944438 33.47197307192467 -0.8710528468502567 0.0 1.0 0.0
v 18.98949468642508 36.360184099734916 -1.0209148433579516 0.0 1.0 0.0
v 18.701734691560233 34.87747177155191 0.17903339960403197 0.0 1.0 0.0
v 18.405293434508394 34.66486668423078 2.649198001514851 0.0 1.0 0.0
v 17.754141612402183 31.997998884794427 2.4911626355873375 0.0 1.0 0.0
v 18.405293434508394 34.66486668423078 2.649198001514851 0.55 0.55 0.55
v 19.712322082213355 39.99983256927291 2.920417840569722 0.55 0.55 0.55
v 19.145730881943024 40.00002929294061 5.451130589017573 0.55 0.55 0.55
v 17.87243825655446 34.666540084220856 5.077405406990873 0.55 0.55 0.55
v 17.87243825655446 34.666540084220856 5.077405406990873 0.55 0.55 0.55
v 19.145730881943024 40.00002929294061 5.451130589017573 0.55 0.55 0.55
v 18.321939103834453 40.000311025883946 7.945036384292257 0.55 0.55 0.55
v 17.086985139115036 34.66199689688597 7.437989953144097 0.55 0.55 0.55
v 17.086985139115036 34.66199689688597 7.437989953144097 0.55 0.55 0.55
v 18.321939103834453 40.000311025883946 7.945036384292257 0.55 0.55 0.55
v 17.068217380097508 40.002435230147164 10.273331806205078 0.55 0.55 0.55
v 15.916013362009457 34.6492030006105 9.634768725067143 0.55 0.55 0.55
v 15.916013362009457 34.6492030006105 9.634768725067143 0.55 0.55 0.55
v 17.068217380097508 40.002435230147164 10.273331806205078 0.55 0.55 0.55
v 15.53963910730857 40.0031120844575 12.425420670815587 0.55 0.55 0.55
v 14.48157005038147 34.63029775003618 11.63038854280049 0.55 0.55 0.55
v 14.48157005038147 34.63029775003618 11.63038854280049 0.55 0.55 0.55
v 15.53963910730857 40.0031120844575 12.425420670815587 0.55 0.55 0.55
v 13.822102301199118 40.00001746107829 14.404785772081887 0.55 0.55 0.55
v 12.615180673390878 33.48064880484453 13.296998619149926 0.55 0.55 0.55
v 12.615180673390878 33.48064880484453 13.296998619149926 0.55 0.55 0.55
v 13.822102301199118 40.00001746107829 14.404785772081887 0.55 0.55 0.55
v 10.89278401548609 34.50326448994229 15.035008738411609 0.55 0.55 0.55
v 10.465387489280898 31.75245193445911 14.50184484516927 0.55 0.55 0.55
v 10.465387489280898 31.75245193445911 14.50184484516927 0.0 0.0 0.0
v 10.89278401548609 34.50326448994229 15.035008738411609 0.0 0.0 0.0
v 8.899473474015794 34.65501013849504 16.305929832232085 0.0 0.0 0.0
v 10.89278401548609 34.50326448994229 15.035008738411609 0.0 0.0 0.0
v 11.33406481146323 37.253425283754446 15.560294078114147 0.0 0.0 0.0
v 8.899473474015794 34.65501013849504 16.305929832232085 0.0 0.0 0.0
v 13.822102301199118 40.00001746107829 14.404785772081887 1.0 1.0 1.0
v 11.33406481146323 37.253425283754446 15.560294078114147 1.0 1.0 1.0
v 10.89278401548609 34.50326448994229 15.035008738411609 1.0 1.0 1.0
v 13.822102301199118 40.00001746107829 14.404785772081887 1.0 1.0 1.0
v 11.795283680272746 40.00243002926017 16.07430947140615 1.0 1.0 1.0
v 11.33406481146323 37.253425283754446 15.560294078114147 1.0 1.0 1.0
v 11.33406481146323 37.253425283754446 15.560294078114147 0.55 0.55 0.55
v 11.795283680272746 40.00243002926017 16.07430947140615 0.55 0.55 0.55
v 9.475819134346304 40.00803993745524 17.50240867708592 0.55 0.55 0.55
v 8.899473474015794 34.65501013849504 16.305929832232085 0.55 0.55 0.55
v 8.899473474015794 34.65501013849504 16.305929832232085 0.55 0.55 0.55
v 9.475819134346304 40.00803993745524 17.50240867708592 0.55 0.55 0.55
v 7.067310919437656 40.0169912382716 18.654540709296132 0.55 0.55 0.55
v 6.724851037156742 34.6393074091287 17.368279058150755 0.55 0.55 0.55
v 6.724851037156742 34.6393074091287 17.368279058150755 0.55 0.55 0.55
v 7.067310919437656 40.0169912382716 18.654540709296132 0.55 0.55 0.55
v 4.66027228509102 39.99986856116606 19.38559332708834 0.55 0.55 0.55
v 4.25084383656849 34.276257686064255 18.021702930179604 0.55 0.55 0.55
v 4.25084383656849 34.276257686064255 18.021702930179604 0.55 0.55 0.55
v 4.66027228509102 39.99986856116606 19.38559332708834 0.55 0.55 0.55
v 2.0507824654579134 39.99979125806821 19.797963365455434 0.55 0.55 0.55
v 1.8689293905218043 34.68068815509968 18.48609855540676 0.55 0.55 0.55
v 1.8689293905218043 34.68068815509968 18.48609855540676 0.55 0.55 0.55
v 2.0507824654579134 39.99979125806821 19.797963365455434 0.55 0.55 0.55
v -0.563900097954255 40.0006377863929 19.944620132919226 0.55 0.55 0.55
v -0.5925356827796929 34.66387218287213 18.607608373048212 0.55 0.55 0.55
v -0.5925356827796929 34.66387218287213 18.607608373048212 0.55 0.55 0.55
v -0.563900097954255 40.0006377863929 19.944620132919226 0.55 0.55 0.55
v -3.1916308169838663 39.99998107154074 19.68565746482564 0.55 0.55 0.55
v -3.040378192653602 34.37429320969713 18.294113351110113 0.55 0.55 0.55
v -3.040378192653602 34.37429320969713 18.294113351110113 0.55 0.55 0.55
v -3.1916308169838663 39.99998107154074 19.68565746482564 0.55 0.55 0.55
v -5.719518333947754 40.003911086770685 19.065325585316966 0.55 0.55 0.55
v -5.444749219256044 34.66365380739377 17.760255322216917 0.55 0.55 0.55
v -5.444749219256044 34.66365380739377 17.760255322216917 0.55 0.55 0.55
v -5.719518333947754 40.003911086770685 19.065325585316966 0.55 0.55 0.55
v -8.271449263555963 40.00645007621565 18.14919965018149 0.55 0.55 0.55
v -7.696249807630516 34.65700363040098 16.947533735150916 0.55 0.55 0.55
v -7.696249807630516 34.65700363040098 16.947533735150916 0.55 0.55 0.55
v -8.271449263555963 40.00645007621565 18.14919965018149 0.55 0.55 0.55
v -9.869670301037562 34.37434122619651 15.706075228650258 0.55 0.55 0.55
v -9.538810589279715 31.56147165155361 15.089393177988411 0.55 0.55 0.55
v -9.538810589279715 31.56147165155361 15.089393177988411 0.0 0.0 0.0
v -9.869670301037562 34.37434122619651 15.706075228650258 0.0 0.0 0.0
v -11.847872933667851 34.66104573543129 14.30539446246483 0.0 0.0 0.0
v -9.869670301037562 34.37434122619651 15.706075228650258 0.0 0.0 0.0
v -10.207214508092695 37.18718390598808 16.319176759987435 0.0 0.0 0.0
v -11.847872933667851 34.66104573543129 14.30539446246483 0.0 0.0 0.0
v -8.271449263555963 40.00645007621565 18.14919965018149 1.0 1.0 1.0
v -10.207214508092695 37.18718390598808 16.319176759987435 1.0 1.0 1.0
v -9.869670301037562 34.37434122619651 15.706075228650258 1.0 1.0 1.0
v -8.271449263555963 40.00645007621565 18.14919965018149 1.0 1.0 1.0
v -10.551721494182683 40.00000685124959 16.92855104581686 1.0 1.0 1.0
v -10.207214508092695 37.18718390598808 16.319176759987435 1.0 1.0 1.0
v -10.207214508092695 37.18718390598808 16.319176759987435 0.55 0.55 0.55
v -10.551721494182683 40.00000685124959 16.92855104581686 0.55 0.55 0.55
v -12.685859948412542 40.001321358311486 15.339280700145377 0.55 0.55 0.55
v -11.847872933667851 34.66104573543129 14.30539446246483 0.55 0.55 0.55
v -11.847872933667851 34.66104573543129 14.30539446246483 0.55 0.55 0.55
v -12.685859948412542 40.001321358311486 15.339280700145377 0.55 0.55 0.55
v -13.61130955555458 34.37295955467665 12.582137853228112 0.55 0.55 0.55
v -13.12652871491147 31.55989981880059 12.069620087588348 0.55 0.55 0.55
v -13.12652871491147 31.55989981880059 12.069620087588348 0.0 0.0 0.0
v -13.61130955555458 34.37295955467665 12.582137853228112 0.0 0.0 0.0
v -15.22571142667276 34.661304968982016 10.730374438304151 0.0 0.0 0.0
v -13.61130955555458 34.37295955467665 12.582137853228112 0.0 0.0 0.0
v -14.103285508328389 37.186340798506365 13.086014537694133 0.0 0.0 0.0
v -15.22571142667276 34.661304968982016 10.730374438304151 0.0 0.0 0.0
v -12.685859948412542 40.001321358311486 15.339280700145377 1.0 1.0 1.0
v -14.103285508328389 37.186340798506365 13.086014537694133 1.0 1.0 1.0
v -13.61130955555458 34.37295955467665 12.582137853228112 1.0 1.0 1.0
v -12.685859948412542 40.001321358311486 15.339280700145377 1.0 1.0 1.0
v -14.60256875658343 39.99997495977115 13.581086367958568 1.0 1.0 1.0
v -14.103285508328389 37.186340798506365 13.086014537694133 1.0 1.0 1.0
v -14.103285508328389 37.186340798506365 13.086014537694133 0.55 0.55 0.55
v -14.60256875658343 39.99997495977115 13.581086367958568 0.55 0.55 0.55
v -16.280392889994623 40.001041361290326 11.532144659751406 0.55 0.55 0.55
v -15.22571142667276 34.661304968982016 10.730374438304151 0.55 0.55 0.55
v -15.22571142667276 34.661304968982016 10.730374438304151 0.55 0.55 0.55
v -16.280392889994623 40.001041361290326 11.532144659751406 0.55 0.55 0.55
v -17.6108840320187 39.99977344736634 9.275043109990811 0.55 0.55 0.55
v -17.056908545689677 37.424095394129246 8.952053759234088 0.55 0.55 0.55
v -17.056908545689677 37.424095394129246 8.952053759234088 0.55 0.55 0.55
v -17.6108840320187 39.99977344736634 9.275043109990811 0.55 0.55 0.55
v -18.709945710268943 40.00432550277705 6.891403998645359 0.55 0.55 0.55
v -17.478649009550622 34.663227394264915 6.372715342632174 0.55 0.55 0.55
v -17.478649009550622 34.663227394264915 6.372715342632174 0.55 0.55 0.55
v -18.709945710268943 40.00432550277705 6.891403998645359 0.55 0.55 0.55
v -19.478527637887247 39.999696881249506 4.356832476508055 0.55 0.55 0.55
v -18.113974142487702 34.34078352084562 3.9993661802456755 0.55 0.55 0.55
v -18.113974142487702 34.34078352084562 3.9993661802456755 0.55 0.55 0.55
v -19.478527637887247 39.999696881249506 4.356832476508055 0.55 0.55 0.55
v -19.831621783397328 40.02388394699635 1.7701971162706749 0.55 0.55 0.55
v -18.50839676813546 34.652305615192745 1.5704886548650514 0.55 0.55 0.55
v -18.50839676813546 34.652305615192745 1.5704886548650514 0.55 0.55 0.55
v -19.831621783397328 40.02388394699635 1.7701971162706749 0.55 0.55 0.55
v -19.90727423156238 40.009091125928016 -0.9637299121021896 0.55 0.55 0.55
v -18.583476140541656 34.65220041735173 -0.808091428351621 0.55 0.55 0.55
v -18.583476140541656 34.65220041735173 -0.808091428351621 0.55 0.55 0.55
v -19.90727423156238 40.009091125928016 -0.9637299121021896 0.55 0.55 0.55
v -19.636511747634685 40.026461334872515 -3.6037014068538697 0.55 0.55 0.55
v -18.99687258814097 37.31822916503787 -3.400591436703497 0.55 0.55 0.55
v -18.99687258814097 37.31822916503787 -3.400591436703497 0.55 0.55 0.55
v -19.636511747634685 40.026461334872515 -3.6037014068538697 0.55 0.55 0.55
v -18.96020701114888 39.99999855020046 -6.062694511407095 0.55 0.55 0.55
v -17.687044719305668 34.64197337375848 -5.667510435724778 0.55 0.55 0.55
v -17.687044719305668 34.64197337375848 -5.667510435724778 0.55 0.55 0.55
v -18.96020701114888 39.99999855020046 -6.062694511407095 0.55 0.55 0.55
v -18.01396059053237 40.00001613596204 -8.521068010381748 0.55 0.55 0.55
v -17.354867200732293 37.06964486402202 -8.207538605605652 0.55 0.55 0.55
v -17.354867200732293 37.06964486402202 -8.207538605605652 0.55 0.55 0.55
v -18.01396059053237 40.00001613596204 -8.521068010381748 0.55 0.55 0.55
v -16.794033550963594 40.00364809287181 -10.805307810885695 0.55 0.55 0.55
v -15.635885146539989 34.657561745409815 -10.150466285357645 0.55 0.55 0.55
v -15.635885146539989 34.657561745409815 -10.150466285357645 0.55 0.55 0.55
v -16.794033550963594 40.00364809287181 -10.805307810885695 0.55 0.55 0.55
v -15.136063430876534 39.99933803548602 -12.930771443121959 0.55 0.55 0.55
v -14.137683113315866 34.6334830044092 -12.042921833149057 0.55 0.55 0.55
v -14.137683113315866 34.6334830044092 -12.042921833149057 0.55 0.55 0.55
v -15.136063430876534 39.99933803548602 -12.930771443121959 0.55 0.55 0.55
v -13.359474620379775 40.00677340796531 -14.775678875803312 0.55 0.55 0.55
v -12.415827353110638 34.65533744187997 -13.844823431912074 0.55 0.55 0.55
v -12.415827353110638 34.65533744187997 -13.844823431912074 0.55 0.55 0.55
v -13.359474620379775 40.00677340796531 -14.775678875803312 0.55 0.55 0.55
v -11.274937991585784 39.999956201089944 -16.495169798442443 0.55 0.55 0.55
v -10.87147883595481 37.12166844908723 -15.899892955379272 0.55 0.55 0.55
v -10.87147883595481 37.12166844908723 -15.899892955379272 0.55 0.55 0.55
v -11.274937991585784 39.999956201089944 -16.495169798442443 0.55 0.55 0.55
v -9.039866744603808 40.01541101288031 -17.738509340777828 0.55 0.55 0.55
v -8.347034075276405 34.652218062745284 -16.599208504533227 0.55 0.55 0.55
v -8.347034075276405 34.652218062745284 -16.599208504533227 0.55 0.55 0.55
v -9.039866744603808 40.01541101288031 -17.738509340777828 0.55 0.55 0.55
v -6.550517628440097 40.00066650532998 -18.81384928973344 0.55 0.55 0.55
v -6.15278948885131 34.66241032640115 -17.54412172174351 0.55 0.55 0.55
v -6.15278948885131 34.66241032640115 -17.54412172174351 0.55 0.55 0.55
v -6.550517628440097 40.00066650532998 -18.81384928973344 0.55 0.55 0.55
v -4.030385417987906 40.000025879004426 -19.576708312039152 0.55 0.55 0.55
v -3.8858488765440344 37.13760616587202 -18.87634872028793 0.55 0.55 0.55
v -3.8858488765440344 37.13760616587202 -18.87634872028793 0.55 0.55 0.55
v -4.030385417987906 40.000025879004426 -19.576708312039152 0.55 0.55 0.55
v -1.4235516919642435 40.00103298734412 -19.860050638838135 0.55 0.55 0.55
v -1.3338664976708796 34.66308548681304 -18.534396985024234 0.55 0.55 0.55
v -1.3338664976708796 34.66308548681304 -18.534396985024234 0.55 0.55 0.55
v -1.4235516919642435 40.00103298734412 -19.860050638838135 0.55 0.55 0.55
v 1.2140298726654244 39.999681954602316 -19.880348979024493 0.55 0.55 0.55
v 1.181623509548385 37.29161510684503 -19.206524016602035 0.55 0.55 0.55
v 1.181623509548385 37.29161510684503 -19.206524016602035 0.55 0.55 0.55
v 1.2140298726654244 39.999681954602316 -19.880348979024493 0.55 0.55 0.55
v 3.8513331291375663 39.99989687326212 -19.620651002136622 0.55 0.55 0.55
v 3.698614639191925 37.075629675597014 -18.90462566459044 0.55 0.55 0.55
v 3.698614639191925 37.075629675597014 -18.90462566459044 0.55 0.55 0.55
v 3.8513331291375663 39.99989687326212 -19.620651002136622 0.55 0.55 0.55
v 6.245506563044152 40.02498642869562 -18.894889410840356 0.55 0.55 0.55
v 6.008974044503939 34.6286207942281 -17.58972471483897 0.55 0.55 0.55
v 6.008974044503939 34.6286207942281 -17.58972471483897 0.55 0.55 0.55
v 6.245506563044152 40.02498642869562 -18.894889410840356 0.55 0.55 0.55
v 8.633905367681745 39.186980740759985 -17.709768713583802 0.55 0.55 0.55
v 8.148200920648167 33.936814047263724 -16.51220101548393 0.55 0.55 0.55
v 8.148200920648167 33.936814047263724 -16.51220101548393 0.55 0.55 0.55
v 8.633905367681745 39.186980740759985 -17.709768713583802 0.55 0.55 0.55
v 11.12393326989572 40.00193350574735 -16.61855495646299 0.55 0.55 0.55
v 10.354743652274603 34.69561711985824 -15.536716067913362 0.55 0.55 0.55
v 10.354743652274603 34.69561711985824 -15.536716067913362 0.55 0.55 0.55
v 11.12393326989572 40.00193350574735 -16.61855495646299 0.55 0.55 0.55
v 13.173132412094429 39.99997026507337 -14.937366407375439 0.55 0.55 0.55
v 12.678601598137126 37.03865783741006 -14.390108385824497 0.55 0.55 0.55
v 12.678601598137126 37.03865783741006 -14.390108385824497 0.55 0.55 0.55
v 13.173132412094429 39.99997026507337 -14.937366407375439 0.55 0.55 0.55
v 14.844156089158144 39.12605485847703 -12.926515416867728 0.55 0.55 0.55
v 13.839508722482211 33.85847339017784 -12.11455953532057 0.55 0.55 0.55
v 13.839508722482211 33.85847339017784 -12.11455953532057 0.55 0.55 0.55
v 14.844156089158144 39.12605485847703 -12.926515416867728 0.55 0.55 0.55
v 16.678624672748835 40.00046908501534 -11.019283555757776 0.55 0.55 0.55
v 15.549031424439203 34.644117349758055 -10.307658408124011 0.55 0.55 0.55
v 15.549031424439203 34.644117349758055 -10.307658408124011 0.55 0.55 0.55
v 16.678624672748835 40.00046908501534 -11.019283555757776 0.55 0.55 0.55
v 17.926938578076268 40.00023508346643 -8.684536744994624 0.55 0.55 0.55
v 16.723290778840777 34.66105299087822 -8.117613002567701 0.55 0.55 0.55
v 16.723290778840777 34.66105299087822 -8.117613002567701 0.55 0.55 0.55
v 17.926938578076268 40.00023508346643 -8.684536744994624 0.55 0.55 0.55
v 18.904243733370187 40.00004077694444 -6.247216896118577 0.55 0.55 0.55
v 17.647670278674813 34.666740363482326 -5.818537774818974 0.55 0.55 0.55
v 17.647670278674813 34.666740363482326 -5.818537774818974 0.55 0.55 0.55
v 18.904243733370187 40.00004077694444 -6.247216896118577 0.55 0.55 0.55
v 19.63259662657629 39.99989504497621 -3.730042533827766 0.55 0.55 0.55
v 18.329625563907783 34.665689646062155 -3.419555684333152 0.55 0.55 0.55
v 18.329625563907783 34.665689646062155 -3.419555684333152 0.55 0.55 0.55
v 19.63259662657629 39.99989504497621 -3.730042533827766 0.55 0.55 0.55
v 19.700209636150287 39.24903556746172 -1.137655164569559 0.55 0.55 0.55
v 18.98949468642508 36.360184099734916 -1.0209148433579516 0.55 0.55 0.55
v 18.98949468642508 36.360184099734916 -1.0209148433579516 0.55 0.55 0.55
v 19.700209636150287 39.24903556746172 -1.137655164569559 0.55 0.55 0.55
v 19.96478933659254 40.00000171955473 0.3575042186245745 0.55 0.55 0.55
v 18.701734691560233 34.87747177155191 0.17903339960403197 0.55 0.55 0.55
v 18.701734691560233 34.87747177155191 0.17903339960403197 0.55 0.55 0.55
v 19.96478933659254 40.00000171955473 0.3575042186245745 0.55 0.55 0.55
v 19.712322082213355 39.99983256927291 2.920417840569722 0.55 0.55 0.55
v 18.405293434508394 34.66486668423078 2.649198001514851 0.55 0.55 0.55
f 1 2 3 4
f 5 6 7 8
f 9 10 11 12
f 13 14 15 16
f 17 18 19 20
f 21 22 23 24
f 25 26 27 28
f 29 30 31 32
f 33 34 35 36
f 37 38 39 40
f 41 42 43 44
f 45 46 47 48
f 49 50 51 52
f 53 54 55 56
f 57 58 59 60
f 61 62 63 64
f 65 66 67 68
f 69 70 71 72
f 73 74 75 76
f 77 78 79 80
f 81 82 83 84
f 85 86 87 88
f 89 90 91 92
f 93 94 95 96
f 97 98 99 100
f 101 102 103 104
f 105 106 107 108
f 109 110 111 112
f 113 114 115 116
f 117 118 119 120
f 121 122 123 124
f 125 126 127 128
f 129 130 131 132
f 133 134 135 136
f 137 138 139 140
f 141 142 143 144
f 145 146 147 148
f 149 150 151 152
f 153 154 155 156
f 157 158 159 160
f 161 162 163 164
f 165 166 167 168
f 169 170 171 172
f 173 174 175 176
f 177 178 179 180
f 181 182 183 184
f 185 186 187 188
f 189 190 191 192
f 193 194 195 196
f 197 198 199 200
f 201 202 203 204
f 205 206 207 208
f 209 210 211 212
f 213 214 215 216
f 217 218 219 220
f 221 222 223 224
f 225 226 227 228
f 229 230 231 232
f 233 234 235 236 237
f 238 239 240 241
f 242 243 244 245
f 246 247 248 249
f 250 251 252 253
f 254 255 256 257
f 258 259 260 261
f 262 263 264 265
f 266 267 268 269
f 270 271 272 273
f 274 275 276 277 278
f 279 280 281 282
f 283 284 285 286
f 287 288 289 290
f 291 292 293 294
f 295 296 297 298
f 299 300 301 302
f 303 304 305 306 307
f 308 309 310 311
f 312 313 314 315
f 316 317 318 319
f 320 321 322 323
f 324 325 326 327
f 328 329 330 331
f 332 333 334 335
f 336 337 338 339
f 340 341 342 343
f 344 345 346 347
f 348 349 350 351
f 352 353 354 355
f 356 357 358 359
f 360 361 362 363
f 364 365 366 367
f 368 369 370 371
f 372 373 374 375
f 376 377 378 379
f 380 381 382 383
f 384 385 386 387
f 388 389 390 391
f 392 393 394 395
f 396 397 398 399
f 400 401 402 403
f 404 405 406 407
f 408 409 410 411
f 412 413 414 415
f 416 417 418 419
f 420 421 422 423
f 424 425 426 427
f 428 429 430 431
f 432 433 434 435
f 436 437 438 439
f 440 441 442 443
f 444 445 446 447
f 448 449 450 451
f 452 453 454 455
f 456 457 458 459
f 460 461 462 463
f 464 465 466 467
f 468 469 470 471
f 472 473 474 475 476
f 477 478 479
f 480 481 482 483
f 484 485 486
f 487 488 489
f 490 491 492 493 494
f 495 496 497 498
f 499 500 501 502 503
f 504 505 506 507
f 508 509 510 511
f 512 513 514 515
f 516 517 518 519
f 520 521 522 523
f 524 525 526 527
f 528 529 530
f 531 532 533
f 534 535 536 537
f 538 539 540 541
f 542 543 544 545
f 546 547 548 549 550
f 551 552 553 554 555
f 556 557 558 559
f 560 561 562
f 563 564 565
f 566 567 568 569
f 570 571 572 573
f 574 575 576 577
f 578 579 580 581
f 582 583 584 585
f 586 587 588 589
f 590 591 592
f 593 594 595
f 596 597 598
f 599 600 601 602
f 603 604 605 606
f 607 608 609
f 610 611 612
f 613 614 615
f 616 617 618 619
f 620 621 622 623
f 624 625 626 627
f 628 629 630 631 632 633
f 634 635 636 637
f 638 639 640 641
f 642 643 644 645
f 646 647 648 649
f 650 651 652 653
f 654 655 656
f 657 658 659 660
f 661 662 663 664 665
f 666 667 668 669
f 670 671 672 673 674
f 675 676 677 678 679
f 680 681 682 683
f 684 685 686 687
f 688 689 690
f 691 692 693
f 694 695 696 697
f 698 699 700 701
f 702 703 704 705
f 706 707 708
f 709 710 711
f 712 713 714
f 715 716 717
f 718 719 720 721
f 722 723 724 725
f 726 727 728
f 729 730 731
f 732 733 734
f 735 736 737
f 738 739 740 741
f 742 743 744 745
f 746 747 748 749
f 750 751 752
f 753 754 755
f 756 757 758
f 759 760 761
f 762 763 764 765
f 766 767 768 769
f 770 771 772 773
f 774 775 776
f 777 778 779 780
f 781 782 783
f 784 785 786
f 787 788 789 790
f 791 792 793 794
f 795 796 797 798
f 799 800 801 802
f 803 804 805 806 807
f 808 809 810 811
f 812 813 814 815
f 816 817 818 819
f 820 821 822 823
f 824 825 826 827
f 828 829 830
f 831 832 833
f 834 835 836
f 837 838 839 840
f 841 842 843 844
f 845 846 847 848
f 849 850 851 852
f 853 854 855 856
f 857 858 859 860
f 861 862 863 864
f 865 866 867 868
f 869 870 871
f 872 873 874 875
f 876 877 878 879
f 880 881 882 883
f 884 885 886 887
f 888 889 890 891
f 892 893 894 895
f 896 897 898
f 899 900 901
f 902 903 904 905
f 906 907 908 909
f 910 911 912 913
f 914 915 916 917
f 918 919 920 921
f 922 923 924 925
f 926 927 928 929
f 930 931 932 933
f 934 935 936 937
f 938 939 940
f 941 942 943
f 944 945 946
f 947 948 949
f 950 951 952 953
f 954 955 956 957
f 958 959 960 961
f 962 963 964 965
f 966 967 968 969
f 970 971 972 973
f 974 975 976 977
f 978 979 980 981
f 982 983 984 985
f 986 987 988 989
f 990 991 992 993
f 994 995 996 997
f 998 999 1000 1001
f 1002 1003 1004
f 1005 1006 1007
f 1008 1009 1010
f 1011 1012 1013
f 1014 1015 1016
f 1017 1018 1019
f 1020 1021 1022 1023
f 1024 1025 1026 1027
f 1028 1029 1030 1031
f 1032 1033 1034 1035
f 1036 1037 1038 1039
f 1040 1041 1042 1043
f 1044 1045 1046 1047
f 1048 1049 1050 1051
f 1052 1053 1054 1055
f 1056 1057 1058 1059
f 1060 1061 1062 1063
f 1064 1065 1066 1067
f 1068 1069 1070 1071
f 1072 1073 1074 1075
f 1076 1077 1078 1079 1080
f 1081 1082 1083 1084
f 1085 1086 1087 1088
f 1089 1090 1091 1092 1093
f 1094 1095 1096 1097
f 1098 1099 1100 1101
f 1102 1103 1104 1105
f 1106 1107 1108 1109
f 1110 1111 1112
f 1113 1114 1115
f 1116 1117 1118 1119
f 1120 1121 1122 1123
f 1124 1125 1126 1127
f 1128 1129 1130 1131
f 1132 1133 1134 1135
f 1136 1137 1138 1139
f 1140 1141 1142 1143
f 1144 1145 1146 1147
f 1148 1149 1150 1151
f 1152 1153 1154
f 1155 1156 1157
f 1158 1159 1160
f 1161 1162 1163
f 1164 1165 1166 1167
f 1168 1169 1170 1171
f 1172 1173 1174 1175
f 1176 1177 1178 1179
f 1180 1181 1182 1183
f 1184 1185 1186 1187
f 1188 1189 1190 1191
f 1192 1193 1194 1195
f 1196 1197 1198 1199
f 1200 1201 1202 1203
f 1204 1205 1206 1207
f 1208 1209 1210 1211
f 1212 1213 1214 1215
f 1216 1217 1218 1219
f 1220 1221 1222 1223
f 1224 1225 1226 1227
f 1228 1229 1230 1231
f 1232 1233 1234 1235
f 1236 1237 1238
f 1239 1240 1241
f 1242 1243 1244
f 1245 1246 1247
f 1248 1249 1250 1251
f 1252 1253 1254 1255
f 1256 1257 1258
f 1259 1260 1261
f 1262 1263 1264
f 1265 1266 1267
f 1268 1269 1270 1271
f 1272 1273 1274 1275
f 1276 1277 1278 1279
f 1280 1281 1282
f 1283 1284 1285
f 1286 1287 1288 1289
f 1290 1291 1292
f 1293 1294 1295
f 1296 1297 1298 1299
f 1300 1301 1302 1303
f 1304 1305 1306 1307
f 1308 1309 1310
f 1311 1312 1313
f 1314 1315 1316
f 1317 1318 1319
f 1320 1321 1322 1323
f 1324 1325 1326 1327
f 1328 1329 1330 1331
f 1332 1333 1334 1335
f 1336 1337 1338 1339
f 1340 1341 1342
f 1343 1344 1345
f 1346 1347 1348 1349
f 1350 1351 1352 1353
f 1354 1355 1356
f 1357 1358 1359
f 1360 1361 1362 1363
f 1364 1365 1366 1367
f 1368 1369 1370
f 1371 1372 1373
f 1374 1375 1376 1377
f 1378 1379 1380 1381
f 1382 1383 1384
f 1385 1386 1387
f 1388 1389 1390 1391
f 1392 1393 1394 1395
f 1396 1397 1398 1399
f 1400 1401 1402 1403
f 1404 1405 1406 1407
f 1408 1409 1410 1411
f 1412 1413 1414 1415
f 1416 1417 1418 1419
f 1420 1421 1422
f 1423 1424 1425
f 1426 1427 1428 1429
f 1430 1431 1432 1433
f 1434 1435 1436 1437
f 1438 1439 1440 1441
f 1442 1443 1444
f 1445 1446 1447
f 1448 1449 1450 1451
f 1452 1453 1454 1455
f 1456 1457 1458 1459
f 1460 1461 1462 1463
f 1464 1465 1466
f 1467 1468 1469
f 1470 1471 1472 1473
f 1474 1475 1476 1477
f 1478 1479 1480 1481
f 1482 1483 1484 1485
f 1486 1487 1488
f 1489 1490 1491
f 1492 1493 1494 1495
f 1496 1497 1498 1499
f 1500 1501 1502 1503
f 1504 1505 1506 1507
f 1508 1509 1510 1511
f 1512 1513 1514 1515
f 1516 1517 1518 1519
f 1520 1521 1522 1523
f 1524 1525 1526 1527
f 1528 1529 1530 1531
f 1532 1533 1534
f 1535 1536 1537
f 1538 1539 1540 1541
f 1542 1543 1544 1545
f 1546 1547 1548 1549
f 1550 1551 1552 1553
f 1554 1555 1556 1557
f 1558 1559 1560 1561
f 1562 1563 1564 1565
f 1566 1567 1568 1569
f 1570 1571 1572 1573
f 1574 1575 1576 1577
f 1578 1579 1580 1581
f 1582 1583 1584 1585
f 1586 1587 1588 1589
f 1590 1591 1592 1593
f 1594 1595 1596 1597
f 1598 1599 1600 1601
f 1602 1603 1604 1605
f 1606 1607 1608 1609
f 1610 1611 1612 1613
f 1614 1615 1616 1617
f 1618 1619 1620 1621
f 1622 1623 1624 1625
f 1626 1627 1628 1629
f 1630 1631 1632 1633
f 1634 1635 1636 1637
f 1638 1639 1640 1641
f 1642 1643 1644 1645
f 1646 1647 1648 1649
f 1650 1651 1652 1653
f 1654 1655 1656
f 1657 1658 1659
f 1660 1661 1662 1663
f 1664 1665 1666 1667
f 1668 1669 1670 1671
f 1672 1673 1674 1675
f 1676 1677 1678 1679
f 1680 1681 1682 1683
f 1684 1685 1686 1687
f 1688 1689 1690 1691
f 1692 1693 1694 1695
f 1696 1697 1698 1699
f 1700 1701 1702 1703
f 1704 1705 1706 1707
f 1708 1709 1710 1711
f 1712 1713 1714 1715
f 1716 1717 1718 1719
f 1720 1721 1722 1723
f 1724 1725 1726 1727
f 1728 1729 1730 1731
f 1732 1733 1734 1735
f 1736 1737 1738 1739
f 1740 1741 1742 1743
f 1744 1745 1746 1747
f 1748 1749 1750 1751
f 1752 1753 1754 1755
f 1756 1757 1758 1759
f 1760 1761 1762 1763
f 1764 1765 1766 1767
f 1768 1769 1770 1771
f 1772 1773 1774 1775
f 1776 1777 1778 1779
f 1780 1781 1782 1783
f 1784 1785 1786 1787
f 1788 1789 1790 1791
f 1792 1793 1794
f 1795 1796 1797
f 1798 1799 1800 1801
f 1802 1803 1804
f 1805 1806 1807
f 1808 1809 1810 1811
f 1812 1813 1814 1815
f 1816 1817 1818 1819
f 1820 1821 1822 1823
f 1824 1825 1826 1827
f 1828 1829 1830 1831
f 1832 1833 1834 1835
f 1836 1837 1838
f 1839 1840 1841
f 1842 1843 1844 1845
f 1846 1847 1848 1849
f 1850 1851 1852 1853
f 1854 1855 1856 1857
f 1858 1859 1860
f 1861 1862 1863
f 1864 1865 1866 1867
f 1868 1869 1870 1871
f 1872 1873 1874 1875
f 1876 1877 1878 1879
f 1880 1881 1882 1883
f 1884 1885 1886 1887
f 1888 1889 1890
f 1891 1892 1893
f 1894 1895 1896
f 1897 1898 1899
f 1900 1901 1902 1903
f 1904 1905 1906 1907
f 1908 1909 1910 1911
f 1912 1913 1914 1915
f 1916 1917 1918
f 1919 1920 1921
f 1922 1923 1924 1925
f 1926 1927 1928 1929
f 1930 1931 1932
f 1933 1934 1935
f 1936 1937 1938 1939
f 1940 1941 1942 1943
f 1944 1945 1946 1947
f 1948 1949 1950 1951
f 1952 1953 1954 1955
f 1956 1957 1958 1959
f 1960 1961 1962 1963
f 1964 1965 1966 1967
f 1968 1969 1970 1971
f 1972 1973 1974 1975
f 1976 1977 1978 1979
f 1980 1981 1982 1983
f 1984 1985 1986 1987
f 1988 1989 1990 1991
f 1992 1993 1994 1995
f 1996 1997 1998 1999
f 2000 2001 2002 2003
f 2004 2005 2006 2007
f 2008 2009 2010 2011
f 2012 2013 2014 2015
f 2016 2017 2018 2019
f 2020 2021 2022 2023
f 2024 2025 2026 2027
f 2028 2029 2030 2031
f 2032 2033 2034 2035
f 2036 2037 2038 2039
f 2040 2041 2042 2043
f 2044 2045 2046 2047
f 2048 2049 2050 2051 2052
f 2053 2054 2055 2056
f 2057 2058 2059 2060
f 2061 2062 2063 2064
f 2065 2066 2067 2068
f 2069 2070 2071 2072
f 2073 2074 2075 2076
f 2077 2078 2079
f 2080 2081 2082
f 2083 2084 2085
f 2086 2087 2088
f 2089 2090 2091 2092
f 2093 2094 2095 2096
f 2097 2098 2099 2100
f 2101 2102 2103 2104
f 2105 2106 2107 2108
f 2109 2110 2111 2112
f 2113 2114 2115 2116
f 2117 2118 2119 2120
f 2121 2122 2123 2124
f 2125 2126 2127
f 2128 2129 2130
f 2131 2132 2133
f 2134 2135 2136
f 2137 2138 2139 2140
f 2141 2142 2143 2144
f 2145 2146 2147
f 2148 2149 2150
f 2151 2152 2153
f 2154 2155 2156
f 2157 2158 2159 2160
f 2161 2162 2163 2164
f 2165 2166 2167 2168
f 2169 2170 2171 2172
f 2173 2174 2175 2176
f 2177 2178 2179 2180
f 2181 2182 2183 2184
f 2185 2186 2187 2188
f 2189 2190 2191 2192
f 2193 2194 2195 2196
f 2197 2198 2199 2200
f 2201 2202 2203 2204
f 2205 2206 2207 2208
f 2209 2210 2211 2212
f 2213 2214 2215 2216
f 2217 2218 2219 2220
f 2221 2222 2223 2224
f 2225 2226 2227 2228
f 2229 2230 2231 2232
f 2233 2234 2235 2236
f 2237 2238 2239 2240
f 2241 2242 2243 2244
f 2245 2246 2247 2248
f 2249 2250 2251 2252
f 2253 2254 2255 2256
f 2257 2258 2259 2260
f 2261 2262 2263 2264
f 2265 2266 2267 2268
f 2269 2270 2271 2272
f 2273 2274 2275 2276
f 2277 2278 2279 2280
