# KnittingStitches from conjugate-height scales + smooth
v 19.745725725047045 0.00024765208633951416 3.0297037317929987 0.55 0.55 0.55
v 19.13153670817649 2.5010933840195366 2.9089620300647105 0.55 0.55 0.55
v 18.5981022282832 2.499961905779399 5.395067040652823 0.55 0.55 0.55
v 19.19569551332922 -2.0742098071342418e-05 5.577991738558543 0.55 0.55 0.55
v 19.19569551332922 -2.0742098071342418e-05 5.577991738558543 0.55 0.55 0.55
v 18.5981022282832 2.499961905779399 5.395067040652823 0.55 0.55 0.55
v 17.720099110713296 2.502210144799337 7.793539245429249 0.55 0.55 0.55
v 18.291673026770148 -0.0001388442956306519 8.047800204190075 0.55 0.55 0.55
v 18.291673026770148 -0.0001388442956306519 8.047800204190075 0.55 0.55 0.55
v 17.720099110713296 2.502210144799337 7.793539245429249 0.55 0.55 0.55
v 16.53168204764258 2.50762241389383 10.056541353550605 0.55 0.55 0.55
v 17.061619568122545 -0.0014312449892494032 10.38366961677601 0.55 0.55 0.55
v 17.061619568122545 -0.0014312449892494032 10.38366961677601 0.55 0.55 0.55
v 16.53168204764258 2.50762241389383 10.056541353550605 0.55 0.55 0.55
v 15.07483183047231 2.517832162166607 12.153236367587834 0.55 0.55 0.55
v 15.550456417900069 -0.0023577124310318045 12.555640288161115 0.55 0.55 0.55
v 15.550456417900069 -0.0023577124310318045 12.555640288161115 0.55 0.55 0.55
v 15.07483183047231 2.517832162166607 12.153236367587834 0.55 0.55 0.55
v 13.215719828350341 3.145309601017704 13.921827700566373 0.55 0.55 0.55
v 13.76872558079059 -1.0789392546037079e-05 14.480578383141875 0.55 0.55 0.55
v 13.76872558079059 -1.0789392546037079e-05 14.480578383141875 0.55 0.55 0.55
v 13.215719828350341 3.145309601017704 13.921827700566373 0.55 0.55 0.55
v 11.312464550483348 2.710137180891822 15.636540549431848 0.55 0.55 0.55
v 11.760237505153277 -0.0009846042618780568 16.15118017180991 0.55 0.55 0.55
v 11.760237505153277 -0.0009846042618780568 16.15118017180991 0.55 0.55 0.55
v 11.312464550483348 2.710137180891822 15.636540549431848 0.55 0.55 0.55
v 9.217112197710266 2.5014324400398253 17.037273944214753 0.55 0.55 0.55
v 9.452188202518478 -0.008973353320608071 17.61472401663103 0.55 0.55 0.55
v 9.452188202518478 -0.008973353320608071 17.61472401663103 0.55 0.55 0.55
v 9.217112197710266 2.5014324400398253 17.037273944214753 0.55 0.55 0.55
v 6.896620619096605 2.5029078407092893 18.084198651196026 0.55 0.55 0.55
v 7.008198624478544 -0.018918812363267173 18.698925787019874 0.55 0.55 0.55
v 7.008198624478544 -0.018918812363267173 18.698925787019874 0.55 0.55 0.55
v 6.896620619096605 2.5029078407092893 18.084198651196026 0.55 0.55 0.55
v 4.435795794356066 2.6844925388651735 18.790924375179465 0.55 0.55 0.55
v 4.61115178399198 6.507021643479244e-05 19.438007081502867 0.55 0.55 0.55
v 4.61115178399198 6.507021643479244e-05 19.438007081502867 0.55 0.55 0.55
v 4.435795794356066 2.6844925388651735 18.790924375179465 0.55 0.55 0.55
v 1.9348639313909877 2.6402038580079985 19.24133888031383 0.55 0.55 0.55
v 2.013626090929706 -8.5485480517463e-07 19.895552476245683 0.55 0.55 0.55
v 2.013626090929706 -8.5485480517463e-07 19.895552476245683 0.55 0.55 0.55
v 1.9348639313909877 2.6402038580079985 19.24133888031383 0.55 0.55 0.55
v -0.6139598712633121 2.5013591976015292 19.34443267613759 0.55 0.55 0.55
v -0.6216839005521865 -0.0001630798326573888 19.970137849854176 0.55 0.55 0.55
v -0.6216839005521865 -0.0001630798326573888 19.970137849854176 0.55 0.55 0.55
v -0.6139598712633121 2.5013591976015292 19.34443267613759 0.55 0.55 0.55
v -3.150108345048639 2.640656766910507 19.060381973670584 0.55 0.55 0.55
v -3.2317743838854067 0.00040193615320017323 19.715384043116895 0.55 0.55 0.55
v -3.2317743838854067 0.00040193615320017323 19.715384043116895 0.55 0.55 0.55
v -3.150108345048639 2.640656766910507 19.060381973670584 0.55 0.55 0.55
v -5.64250208353658 2.500337524643787 18.5341043684975 0.55 0.55 0.55
v -5.7909889503439285 -0.0009713552465899374 19.144325677494386 0.55 0.55 0.55
v -5.7909889503439285 -0.0009713552465899374 19.144325677494386 0.55 0.55 0.55
v -5.64250208353658 2.500337524643787 18.5341043684975 0.55 0.55 0.55
v -8.011265555513297 2.595578176215799 17.59151232813527 0.55 0.55 0.55
v -8.263370380774315 0.00010494203156084966 18.18919423704463 0.55 0.55 0.55
v -8.263370380774315 0.00010494203156084966 18.18919423704463 0.55 0.55 0.55
v -8.011265555513297 2.595578176215799 17.59151232813527 0.55 0.55 0.55
v -10.27028673663924 2.4966233865391714 16.406738823839195 0.55 0.55 0.55
v -10.552584981540301 -0.011236529066729934 16.967805824519665 0.55 0.55 0.55
v -10.552584981540301 -0.011236529066729934 16.967805824519665 0.55 0.55 0.55
v -10.27028673663924 2.4966233865391714 16.406738823839195 0.55 0.55 0.55
v -12.346245039449101 2.501320490397619 14.926658922727 0.55 0.55 0.55
v -12.76798558787699 -0.003706542510724962 15.389240700159899 0.55 0.55 0.55
v -12.76798558787699 -0.003706542510724962 15.389240700159899 0.55 0.55 0.55
v -12.346245039449101 2.501320490397619 14.926658922727 0.55 0.55 0.55
v -14.147540875650934 2.7037361059430234 13.130869453698093 0.55 0.55 0.55
v -14.6449366463025 0.0005452457689679734 13.587177449018547 0.55 0.55 0.55
v -14.6449366463025 0.0005452457689679734 13.587177449018547 0.55 0.55 0.55
v -14.147540875650934 2.7037361059430234 13.130869453698093 0.55 0.55 0.55
v -15.798873527730827 2.5011504592802267 11.182273397618125 0.55 0.55 0.55
v -16.317499468729817 -0.0015323646183227268 11.528305763195625 0.55 0.55 0.55
v -16.317499468729817 -0.0015323646183227268 11.528305763195625 0.55 0.55 0.55
v -15.798873527730827 2.5011504592802267 11.182273397618125 0.55 0.55 0.55
v -17.100373278978555 2.7078732360296653 8.98410980380485 0.55 0.55 0.55
v -17.688645395904974 0.001195644095592309 9.321054970751046 0.55 0.55 0.55
v -17.688645395904974 0.001195644095592309 9.321054970751046 0.55 0.55 0.55
v -17.100373278978555 2.7078732360296653 8.98410980380485 0.55 0.55 0.55
v -18.165086874520476 2.5004639236529296 6.673527204495214 0.55 0.55 0.55
v -18.75575675258925 -0.0013197807739274913 6.878067535760099 0.55 0.55 0.55
v -18.75575675258925 -0.0013197807739274913 6.878067535760099 0.55 0.55 0.55
v -18.165086874520476 2.5004639236529296 6.673527204495214 0.55 0.55 0.55
v -18.888604558249195 2.5059179861628174 4.225769540370876 0.55 0.55 0.55
v -19.521329208683387 -0.024857403068193226 4.241265899164306 0.55 0.55 0.55
v -19.521329208683387 -0.024857403068193226 4.241265899164306 0.55 0.55 0.55
v -18.888604558249195 2.5059179861628174 4.225769540370876 0.55 0.55 0.55
v -19.24778682995469 2.6736202328674943 1.7059535985788188 0.55 0.55 0.55
v -19.913421695134893 1.9485733427644586e-06 1.76233144835175 0.55 0.55 0.55
v -19.913421695134893 1.9485733427644586e-06 1.76233144835175 0.55 0.55 0.55
v -19.24778682995469 2.6736202328674943 1.7059535985788188 0.55 0.55 0.55
v -19.263762427469693 2.7792347971787903 -0.8433042889791809 0.55 0.55 0.55
v -19.957283582003583 0.0003459292392611869 -0.8677520504866384 0.55 0.55 0.55
v -19.957283582003583 0.0003459292392611869 -0.8677520504866384 0.55 0.55 0.55
v -19.263762427469693 2.7792347971787903 -0.8433042889791809 0.55 0.55 0.55
v -19.014392887302147 2.6974318681860185 -3.3651676964352477 0.55 0.55 0.55
v -19.673780103388076 0.0012157368522564944 -3.5082310046557685 0.55 0.55 0.55
v -19.673780103388076 0.0012157368522564944 -3.5082310046557685 0.55 0.55 0.55
v -19.014392887302147 2.6974318681860185 -3.3651676964352477 0.55 0.55 0.55
v -18.45665950331785 2.5009433600906847 -5.857701351722875 0.55 0.55 0.55
v -19.059412809295143 -0.002816675542674 -6.016032055454602 0.55 0.55 0.55
v -19.059412809295143 -0.002816675542674 -6.016032055454602 0.55 0.55 0.55
v -18.45665950331785 2.5009433600906847 -5.857701351722875 0.55 0.55 0.55
v -17.490993064288187 2.603226126388101 -8.219329170048681 0.55 0.55 0.55
v -18.073878725811806 4.443439461322601e-06 -8.507243229846942 0.55 0.55 0.55
v -18.073878725811806 4.443439461322601e-06 -8.507243229846942 0.55 0.55 0.55
v -17.490993064288187 2.603226126388101 -8.219329170048681 0.55 0.55 0.55
v -16.28720602558874 2.5010862949427892 -10.466919134624305 0.55 0.55 0.55
v -16.832748867467913 -0.0049243714803964556 -10.77229200022493 0.55 0.55 0.55
v -16.832748867467913 -0.0049243714803964556 -10.77229200022493 0.55 0.55 0.55
v -16.28720602558874 2.5010862949427892 -10.466919134624305 0.55 0.55 0.55
v -14.77209660915685 2.500056073750256 -12.517603428424957 0.55 0.55 0.55
v -15.215758783000688 -0.007210140576042745 -12.961465137028757 0.55 0.55 0.55
v -15.215758783000688 -0.007210140576042745 -12.961465137028757 0.55 0.55 0.55
v -14.77209660915685 2.500056073750256 -12.517603428424957 0.55 0.55 0.55
v -12.960305426531615 2.6989757739017626 -14.303735317099383 0.55 0.55 0.55
v -13.38754279119632 0.0008712799017655062 -14.8257650918512 0.55 0.55 0.55
v -13.38754279119632 0.0008712799017655062 -14.8257650918512 0.55 0.55 0.55
v -12.960305426531615 2.6989757739017626 -14.303735317099383 0.55 0.55 0.55
v -10.997029333063983 2.5005113137732513 -15.936866949473263 0.55 0.55 0.55
v -11.325604370291618 -0.0007537003465538014 -16.470765219910795 0.55 0.55 0.55
v -11.325604370291618 -0.0007537003465538014 -16.470765219910795 0.55 0.55 0.55
v -10.997029333063983 2.5005113137732513 -15.936866949473263 0.55 0.55 0.55
v -8.77303976168439 2.8011164246861604 -17.17419691367837 0.55 0.55 0.55
v -9.070438061508991 7.455514690046188e-05 -17.807804609487846 0.55 0.55 0.55
v -9.070438061508991 7.455514690046188e-05 -17.807804609487846 0.55 0.55 0.55
v -8.77303976168439 2.8011164246861604 -17.17419691367837 0.55 0.55 0.55
v -6.4586124765705435 2.5013291288987696 -18.24161903258681 0.55 0.55 0.55
v -6.655309719032884 -0.00040065485464296156 -18.835099333690597 0.55 0.55 0.55
v -6.655309719032884 -0.00040065485464296156 -18.835099333690597 0.55 0.55 0.55
v -6.4586124765705435 2.5013291288987696 -18.24161903258681 0.55 0.55 0.55
v -4.005087952438751 2.685897608335895 -18.8984493905019 0.55 0.55 0.55
v -4.09889365871371 0.002757385389744357 -19.56562802437905 0.55 0.55 0.55
v -4.09889365871371 0.002757385389744357 -19.56562802437905 0.55 0.55 0.55
v -4.005087952438751 2.685897608335895 -18.8984493905019 0.55 0.55 0.55
v -1.479718487587851 2.5016064398991134 -19.301800400238573 0.55 0.55 0.55
v -1.5386988768713024 -0.0029826580623965957 -19.921187526728843 0.55 0.55 0.55
v -1.5386988768713024 -0.0029826580623965957 -19.921187526728843 0.55 0.55 0.55
v -1.479718487587851 2.5016064398991134 -19.301800400238573 0.55 0.55 0.55
v 1.0711005782409035 2.5947990604670244 -19.29868044687701 0.55 0.55 0.55
v 1.1243656431426299 -1.7851989932085163e-05 -19.94476790642135 0.55 0.55 0.55
v 1.1243656431426299 -1.7851989932085163e-05 -19.94476790642135 0.55 0.55 0.55
v 1.0711005782409035 2.5947990604670244 -19.29868044687701 0.55 0.55 0.55
v 3.599212894035739 2.5959207274623552 -19.00530012303441 0.55 0.55 0.55
v 3.7426730063445652 5.243521617692088e-05 -19.639297572344915 0.55 0.55 0.55
v 3.7426730063445652 5.243521617692088e-05 -19.639297572344915 0.55 0.55 0.55
v 3.599212894035739 2.5959207274623552 -19.00530012303441 0.55 0.55 0.55
v 6.080858482979491 2.5035838535226476 -18.376388938606585 0.55 0.55 0.55
v 6.146929532647974 -0.027763539982087037 -18.996775440376204 0.55 0.55 0.55
v 6.146929532647974 -0.027763539982087037 -18.996775440376204 0.55 0.55 0.55
v 6.080858482979491 2.5035838535226476 -18.376388938606585 0.55 0.55 0.55
v 8.438283542941821 2.501560988852595 -17.415391870479862 0.55 0.55 0.55
v 8.638435259873567 -0.010978165330700472 -18.006366307395744 0.55 0.55 0.55
v 8.638435259873567 -0.010978165330700472 -18.006366307395744 0.55 0.55 0.55
v 8.438283542941821 2.501560988852595 -17.415391870479862 0.55 0.55 0.55
v 10.637810122300438 2.5709021074925245 -16.164253554172888 0.55 0.55 0.55
v 11.021716128293967 -0.000879841248111264 -16.685247957844997 0.55 0.55 0.55
v 11.021716128293967 -0.000879841248111264 -16.685247957844997 0.55 0.55 0.55
v 10.637810122300438 2.5709021074925245 -16.164253554172888 0.55 0.55 0.55
v 12.5962987825253 3.0184096564523464 -14.526003193071679 0.55 0.55 0.55
v 13.109738434529756 -2.6079879425001102e-05 -15.077854703781796 0.55 0.55 0.55
v 13.109738434529756 -2.6079879425001102e-05 -15.077854703781796 0.55 0.55 0.55
v 12.5962987825253 3.0184096564523464 -14.526003193071679 0.55 0.55 0.55
v 14.5033954910935 2.5232261588205955 -12.804341119028045 0.55 0.55 0.55
v 14.958801073042736 -0.002930777231386667 -13.228385207990017 0.55 0.55 0.55
v 14.958801073042736 -0.002930777231386667 -13.228385207990017 0.55 0.55 0.55
v 14.5033954910935 2.5232261588205955 -12.804341119028045 0.55 0.55 0.55
v 16.07973978221196 2.5103572787157327 -10.79899965115781 0.55 0.55 0.55
v 16.59831755406993 -0.0013561969039401125 -11.150144690328576 0.55 0.55 0.55
v 16.59831755406993 -0.0013561969039401125 -11.150144690328576 0.55 0.55 0.55
v 16.07973978221196 2.5103572787157327 -10.79899965115781 0.55 0.55 0.55
v 17.34820577793921 2.503750486135622 -8.57974489103692 0.55 0.55 0.55
v 17.907226511757603 -0.0008706558110343334 -8.854251464184683 0.55 0.55 0.55
v 17.907226511757603 -0.0008706558110343334 -8.854251464184683 0.55 0.55 0.55
v 17.34820577793921 2.503750486135622 -8.57974489103692 0.55 0.55 0.55
v 18.327621302603916 2.500362518064059 -6.219565057010909 0.55 0.55 0.55
v 18.918183306111445 -8.004675586091668e-05 -6.422353969501323 0.55 0.55 0.55
v 18.918183306111445 -8.004675586091668e-05 -6.422353969501323 0.55 0.55 0.55
v 18.327621302603916 2.500362518064059 -6.219565057010909 0.55 0.55 0.55
v 19.005292233878425 2.5004622859522745 -3.761712648495714 0.55 0.55 0.55
v 19.616281871537375 0.00010093130769310071 -3.897749732264132 0.55 0.55 0.55
v 19.616281871537375 0.00010093130769310071 -3.897749732264132 0.55 0.55 0.55
v 19.005292233878425 2.5004622859522745 -3.761712648495714 0.55 0.55 0.55
v 19.262436451088412 2.7055862250534473 -1.2450829145462121 0.55 0.55 0.55
v 19.934381157817253 8.89417851872947e-05 -1.3352492194365613 0.55 0.55 0.55
v 19.934381157817253 8.89417851872947e-05 -1.3352492194365613 0.55 0.55 0.55
v 19.262436451088412 2.7055862250534473 -1.2450829145462121 0.55 0.55 0.55
v 18.97392492750015 4.037906494457199 0.3378691581442144 0.55 0.55 0.55
v 19.73852017993412 0.9569973190691365 0.4525120153247105 0.55 0.55 0.55
v 19.73852017993412 0.9569973190691365 0.4525120153247105 0.55 0.55 0.55
v 18.97392492750015 4.037906494457199 0.3378691581442144 0.55 0.55 0.55
v 19.13153670817649 2.5010933840195366 2.9089620300647105 0.55 0.55 0.55
v 19.745725725047045 0.00024765208633951416 3.0297037317929987 0.55 0.55 0.55
v 19.13153670817649 2.5010933840195366 2.9089620300647105 0.55 0.55 0.55
v 18.520039483020394 5.001822491613343 2.773033865729517 0.55 0.55 0.55
v 17.999537993942543 4.999984513962579 5.21587426261353 0.55 0.55 0.55
v 18.5981022282832 2.499961905779399 5.395067040652823 0.55 0.55 0.55
v 18.5981022282832 2.499961905779399 5.395067040652823 0.55 0.55 0.55
v 17.999537993942543 4.999984513962579 5.21587426261353 0.55 0.55 0.55
v 17.140204136016248 5.004468512745354 7.557740368553646 0.55 0.55 0.55
v 17.720099110713296 2.502210144799337 7.793539245429249 0.55 0.55 0.55
v 17.720099110713296 2.502210144799337 7.793539245429249 0.55 0.55 0.55
v 17.140204136016248 5.004468512745354 7.557740368553646 0.55 0.55 0.55
v 15.982607077193599 5.01623352602632 9.758684965026376 0.55 0.55 0.55
v 16.53168204764258 2.50762241389383 10.056541353550605 0.55 0.55 0.55
v 16.53168204764258 2.50762241389383 10.056541353550605 0.55 0.55 0.55
v 15.982607077193599 5.01623352602632 9.758684965026376 0.55 0.55 0.55
v 14.566561877203096 5.037372835174196 11.788283068597 0.55 0.55 0.55
v 15.07483183047231 2.517832162166607 12.153236367587834 0.55 0.55 0.55
v 15.07483183047231 2.517832162166607 12.153236367587834 0.55 0.55 0.55
v 14.566561877203096 5.037372835174196 11.788283068597 0.55 0.55 0.55
v 12.626413081017064 6.2898013063063996 13.39625757018175 0.55 0.55 0.55
v 13.215719828350341 3.145309601017704 13.921827700566373 0.55 0.55 0.55
v 13.215719828350341 3.145309601017704 13.921827700566373 0.55 0.55 0.55
v 12.626413081017064 6.2898013063063996 13.39625757018175 0.55 0.55 0.55
v 10.878003175487061 5.422026237757225 15.114580821899638 0.55 0.55 0.55
v 11.312464550483348 2.710137180891822 15.636540549431848 0.55 0.55 0.55
v 11.312464550483348 2.710137180891822 15.636540549431848 0.55 0.55 0.55
v 10.878003175487061 5.422026237757225 15.114580821899638 0.55 0.55 0.55
v 8.933102443321594 5.012150670671087 16.48351354338597 0.55 0.55 0.55
v 9.217112197710266 2.5014324400398253 17.037273944214753 0.55 0.55 0.55
v 9.217112197710266 2.5014324400398253 17.037273944214753 0.55 0.55 0.55
v 8.933102443321594 5.012150670671087 16.48351354338597 0.55 0.55 0.55
v 6.712574723101657 5.025423185747614 17.489804721801995 0.55 0.55 0.55
v 6.896620619096605 2.5029078407092893 18.084198651196026 0.55 0.55 0.55
v 6.896620619096605 2.5029078407092893 18.084198651196026 0.55 0.55 0.55
v 6.712574723101657 5.025423185747614 17.489804721801995 0.55 0.55 0.55
v 4.245808198578933 5.368821182976198 18.147532122679284 0.55 0.55 0.55
v 4.435795794356066 2.6844925388651735 18.790924375179465 0.55 0.55 0.55
v 4.435795794356066 2.6844925388651735 18.790924375179465 0.55 0.55 0.55
v 4.245808198578933 5.368821182976198 18.147532122679284 0.55 0.55 0.55
v 1.8336179384557978 5.280208046455024 18.589352263127502 0.55 0.55 0.55
v 1.9348639313909877 2.6402038580079985 19.24133888031383 0.55 0.55 0.55
v 1.9348639313909877 2.6402038580079985 19.24133888031383 0.55 0.55 0.55
v 1.8336179384557978 5.280208046455024 18.589352263127502 0.55 0.55 0.55
v -0.6239246400440098 5.002761764678297 18.718237129532902 0.55 0.55 0.55
v -0.6139598712633121 2.5013591976015292 19.34443267613759 0.55 0.55 0.55
v -0.6139598712633121 2.5013591976015292 19.34443267613759 0.55 0.55 0.55
v -0.6239246400440098 5.002761764678297 18.718237129532902 0.55 0.55 0.55
v -3.079413173042984 5.280954204598667 18.404259629390644 0.55 0.55 0.55
v -3.150108345048639 2.640656766910507 19.060381973670584 0.55 0.55 0.55
v -3.150108345048639 2.640656766910507 19.060381973670584 0.55 0.55 0.55
v -3.079413173042984 5.280954204598667 18.404259629390644 0.55 0.55 0.55
v -5.4998235746401285 5.001489335510348 17.921846445862123 0.55 0.55 0.55
v -5.64250208353658 2.500337524643787 18.5341043684975 0.55 0.55 0.55
v -5.64250208353658 2.500337524643787 18.5341043684975 0.55 0.55 0.55
v -5.4998235746401285 5.001489335510348 17.921846445862123 0.55 0.55 0.55
v -7.771573913829055 5.190891523919682 16.988003619028426 0.55 0.55 0.55
v -8.011265555513297 2.595578176215799 17.59151232813527 0.55 0.55 0.55
v -8.011265555513297 2.595578176215799 17.59151232813527 0.55 0.55 0.55
v -7.771573913829055 5.190891523919682 16.988003619028426 0.55 0.55 0.55
v -9.983620607157526 5.004577811925147 15.848343098057065 0.55 0.55 0.55
v -10.27028673663924 2.4966233865391714 16.406738823839195 0.55 0.55 0.55
v -10.27028673663924 2.4966233865391714 16.406738823839195 0.55 0.55 0.55
v -9.983620607157526 5.004577811925147 15.848343098057065 0.55 0.55 0.55
v -11.9468402143714 5.006285002691008 14.444275195442982 0.55 0.55 0.55
v -12.346245039449101 2.501320490397619 14.926658922727 0.55 0.55 0.55
v -12.346245039449101 2.501320490397619 14.926658922727 0.55 0.55 0.55
v -11.9468402143714 5.006285002691008 14.444275195442982 0.55 0.55 0.55
v -13.667792333590924 5.406793795510209 12.655140183967802 0.55 0.55 0.55
v -14.147540875650934 2.7037361059430234 13.130869453698093 0.55 0.55 0.55
v -14.147540875650934 2.7037361059430234 13.130869453698093 0.55 0.55 0.55
v -13.667792333590924 5.406793795510209 12.655140183967802 0.55 0.55 0.55
v -15.292040370790938 5.003836043007034 10.819144087397444 0.55 0.55 0.55
v -15.798873527730827 2.5011504592802267 11.182273397618125 0.55 0.55 0.55
v -15.798873527730827 2.5011504592802267 11.182273397618125 0.55 0.55 0.55
v -15.292040370790938 5.003836043007034 10.819144087397444 0.55 0.55 0.55
v -16.510377169270946 5.414616729256837 8.650771176492498 0.55 0.55 0.55
v -17.100373278978555 2.7078732360296653 8.98410980380485 0.55 0.55 0.55
v -17.100373278978555 2.7078732360296653 8.98410980380485 0.55 0.55 0.55
v -16.510377169270946 5.414616729256837 8.650771176492498 0.55 0.55 0.55
v -17.578707888357805 5.002304958425093 6.457543179450838 0.55 0.55 0.55
v -18.165086874520476 2.5004639236529296 6.673527204495214 0.55 0.55 0.55
v -18.165086874520476 2.5004639236529296 6.673527204495214 0.55 0.55 0.55
v -17.578707888357805 5.002304958425093 6.457543179450838 0.55 0.55 0.55
v -18.26337913359128 5.037699472218127 4.1571373964125184 0.55 0.55 0.55
v -18.888604558249195 2.5059179861628174 4.225769540370876 0.55 0.55 0.55
v -18.888604558249195 2.5059179861628174 4.225769540370876 0.55 0.55 0.55
v -18.26337913359128 5.037699472218127 4.1571373964125184 0.55 0.55 0.55
v -18.582332379494634 5.34720300247164 1.646082803973172 0.55 0.55 0.55
v -19.24778682995469 2.6736202328674943 1.7059535985788188 0.55 0.55 0.55
v -19.24778682995469 2.6736202328674943 1.7059535985788188 0.55 0.55 0.55
v -18.582332379494634 5.34720300247164 1.646082803973172 0.55 0.55 0.55
v -18.570678507316234 5.558140276589201 -0.8098712743281768 0.55 0.55 0.55
v -19.263762427469693 2.7792347971787903 -0.8433042889791809 0.55 0.55 0.55
v -19.263762427469693 2.7792347971787903 -0.8433042889791809 0.55 0.55 0.55
v -18.570678507316234 5.558140276589201 -0.8098712743281768 0.55 0.55 0.55
v -18.353262947222742 5.393813804911052 -3.2335705747577763 0.55 0.55 0.55
v -19.014392887302147 2.6974318681860185 -3.3651676964352477 0.55 0.55 0.55
v -19.014392887302147 2.6974318681860185 -3.3651676964352477 0.55 0.55 0.55
v -18.353262947222742 5.393813804911052 -3.2335705747577763 0.55 0.55 0.55
v -17.859408376525792 5.004664917591408 -5.679261001801638 0.55 0.55 0.55
v -18.45665950331785 2.5009433600906847 -5.857701351722875 0.55 0.55 0.55
v -18.45665950331785 2.5009433600906847 -5.857701351722875 0.55 0.55 0.55
v -17.859408376525792 5.004664917591408 -5.679261001801638 0.55 0.55 0.55
v -16.911145462133472 5.206410150035562 -7.925013714027384 0.55 0.55 0.55
v -17.490993064288187 2.603226126388101 -8.219329170048681 0.55 0.55 0.55
v -17.490993064288187 2.603226126388101 -8.219329170048681 0.55 0.55 0.55
v -16.911145462133472 5.206410150035562 -7.925013714027384 0.55 0.55 0.55
v -15.756469342884124 5.007109979574112 -10.136541535427913 0.55 0.55 0.55
v -16.28720602558874 2.5010862949427892 -10.466919134624305 0.55 0.55 0.55
v -16.28720602558874 2.5010862949427892 -10.466919134624305 0.55 0.55 0.55
v -15.756469342884124 5.007109979574112 -10.136541535427913 0.55 0.55 0.55
v -14.324593355648483 5.00745541726046 -12.0783716255462 0.55 0.55 0.55
v -14.77209660915685 2.500056073750256 -12.517603428424957 0.55 0.55 0.55
v -14.77209660915685 2.500056073750256 -12.517603428424957 0.55 0.55 0.55
v -14.324593355648483 5.00745541726046 -12.0783716255462 0.55 0.55 0.55
v -12.5334238894584 5.39707499043697 -13.78138477274225 0.55 0.55 0.55
v -12.960305426531615 2.6989757739017626 -14.303735317099383 0.55 0.55 0.55
v -12.960305426531615 2.6989757739017626 -14.303735317099383 0.55 0.55 0.55
v -12.5334238894584 5.39707499043697 -13.78138477274225 0.55 0.55 0.55
v -10.67232158637925 5.001673279660467 -15.40013254395828 0.55 0.55 0.55
v -10.997029333063983 2.5005113137732513 -15.936866949473263 0.55 0.55 0.55
v -10.997029333063983 2.5005113137732513 -15.936866949473263 0.55 0.55 0.55
v -10.67232158637925 5.001673279660467 -15.40013254395828 0.55 0.55 0.55
v -8.487767563253023 5.602245016485565 -16.535385898214535 0.55 0.55 0.55
v -8.77303976168439 2.8011164246861604 -17.17419691367837 0.55 0.55 0.55
v -8.77303976168439 2.8011164246861604 -17.17419691367837 0.55 0.55 0.55
v -8.487767563253023 5.602245016485565 -16.535385898214535 0.55 0.55 0.55
v -6.275906609155093 5.00300771064358 -17.643450436693886 0.55 0.55 0.55
v -6.4586124765705435 2.5013291288987696 -18.24161903258681 0.55 0.55 0.55
v -6.4586124765705435 2.5013291288987696 -18.24161903258681 0.55 0.55 0.55
v -6.275906609155093 5.00300771064358 -17.643450436693886 0.55 0.55 0.55
v -3.907617607970772 5.369127786777535 -18.232165529267725 0.55 0.55 0.55
v -4.005087952438751 2.685897608335895 -18.8984493905019 0.55 0.55 0.55
v -4.005087952438751 2.685897608335895 -18.8984493905019 0.55 0.55 0.55
v -3.907617607970772 5.369127786777535 -18.232165529267725 0.55 0.55 0.55
v -1.4467866090438577 5.006012918715102 -18.67971089262238 0.55 0.55 0.55
v -1.479718487587851 2.5016064398991134 -19.301800400238573 0.55 0.55 0.55
v -1.479718487587851 2.5016064398991134 -19.301800400238573 0.55 0.55 0.55
v -1.4467866090438577 5.006012918715102 -18.67971089262238 0.55 0.55 0.55
v 0.9993518450725573 5.1894183569011645 -18.65355039778454 0.55 0.55 0.55
v 1.0711005782409035 2.5947990604670244 -19.29868044687701 0.55 0.55 0.55
v 1.0711005782409035 2.5947990604670244 -19.29868044687701 0.55 0.55 0.55
v 0.9993518450725573 5.1894183569011645 -18.65355039778454 0.55 0.55 0.55
v 3.4434369626503094 5.19153591156236 -18.3731934303388 0.55 0.55 0.55
v 3.599212894035739 2.5959207274623552 -19.00530012303441 0.55 0.55 0.55
v 3.599212894035739 2.5959207274623552 -19.00530012303441 0.55 0.55 0.55
v 3.4434369626503094 5.19153591156236 -18.3731934303388 0.55 0.55 0.55
v 5.935467577586547 5.035817192131813 -17.773228193939264 0.55 0.55 0.55
v 6.080858482979491 2.5035838535226476 -18.376388938606585 0.55 0.55 0.55
v 6.080858482979491 2.5035838535226476 -18.376388938606585 0.55 0.55 0.55
v 5.935467577586547 5.035817192131813 -17.773228193939264 0.55 0.55 0.55
v 8.185332735375091 5.014361267409481 -16.846041217467622 0.55 0.55 0.55
v 8.438283542941821 2.501560988852595 -17.415391870479862 0.55 0.55 0.55
v 8.438283542941821 2.501560988852595 -17.415391870479862 0.55 0.55 0.55
v 8.185332735375091 5.014361267409481 -16.846041217467622 0.55 0.55 0.55
v 10.255414038113143 5.142999600981091 -15.643738792177281 0.55 0.55 0.55
v 10.637810122300438 2.5709021074925245 -16.164253554172888 0.55 0.55 0.55
v 10.637810122300438 2.5709021074925245 -16.164253554172888 0.55 0.55 0.55
v 10.255414038113143 5.142999600981091 -15.643738792177281 0.55 0.55 0.55
v 12.059726694812573 6.036602877322844 -13.995199461928484 0.55 0.55 0.55
v 12.5962987825253 3.0184096564523464 -14.526003193071679 0.55 0.55 0.55
v 12.5962987825253 3.0184096564523464 -14.526003193071679 0.55 0.55 0.55
v 12.059726694812573 6.036602877322844 -13.995199461928484 0.55 0.55 0.55
v 14.01179114205465 5.048367888886765 -12.41607200906974 0.55 0.55 0.55
v 14.5033954910935 2.5232261588205955 -12.804341119028045 0.55 0.55 0.55
v 14.5033954910935 2.5232261588205955 -12.804341119028045 0.55 0.55 0.55
v 14.01179114205465 5.048367888886765 -12.41607200906974 0.55 0.55 0.55
v 15.539654809975376 5.021439877940552 -10.476962379717452 0.55 0.55 0.55
v 16.07973978221196 2.5103572787157327 -10.79899965115781 0.55 0.55 0.55
v 16.07973978221196 2.5103572787157327 -10.79899965115781 0.55 0.55 0.55
v 15.539654809975376 5.021439877940552 -10.476962379717452 0.55 0.55 0.55
v 16.77880874900528 5.008091662137308 -8.324698096275947 0.55 0.55 0.55
v 17.34820577793921 2.503750486135622 -8.57974489103692 0.55 0.55 0.55
v 17.34820577793921 2.503750486135622 -8.57974489103692 0.55 0.55 0.55
v 16.77880874900528 5.008091662137308 -8.324698096275947 0.55 0.55 0.55
v 17.734962923966314 5.00078124928786 -6.022652840271163 0.55 0.55 0.55
v 18.327621302603916 2.500362518064059 -6.219565057010909 0.55 0.55 0.55
v 18.327621302603916 2.500362518064059 -6.219565057010909 0.55 0.55 0.55
v 17.734962923966314 5.00078124928786 -6.022652840271163 0.55 0.55 0.55
v 18.396068385083836 5.000603353658631 -3.6141463894357426 0.55 0.55 0.55
v 19.005292233878425 2.5004622859522745 -3.761712648495714 0.55 0.55 0.55
v 19.005292233878425 2.5004622859522745 -3.761712648495714 0.55 0.55 0.55
v 18.396068385083836 5.000603353658631 -3.6141463894357426 0.55 0.55 0.55
v 18.592614043344412 5.410100141797004 -1.116719548279178 0.55 0.55 0.55
v 19.262436451088412 2.7055862250534473 -1.2450829145462121 0.55 0.55 0.55
v 19.262436451088412 2.7055862250534473 -1.2450829145462121 0.55 0.55 0.55
v 18.592614043344412 5.410100141797004 -1.116719548279178 0.55 0.55 0.55
v 18.211885385483505 7.117481786469561 0.17799166633240382 0.55 0.55 0.55
v 18.97392492750015 4.037906494457199 0.3378691581442144 0.55 0.55 0.55
v 18.97392492750015 4.037906494457199 0.3378691581442144 0.55 0.55 0.55
v 18.211885385483505 7.117481786469561 0.17799166633240382 0.55 0.55 0.55
v 18.520039483020394 5.001822491613343 2.773033865729517 0.55 0.55 0.55
v 19.13153670817649 2.5010933840195366 2.9089620300647105 0.55 0.55 0.55
v 18.520039483020394 5.001822491613343 2.773033865729517 0.0 0.0 0.0
v 17.91031122172984 7.502446047589873 2.627521523631255 0.0 0.0 0.0
v 17.999537993942543 4.999984513962579 5.21587426261353 0.0 0.0 0.0
v 17.91031122172984 7.502446047589873 2.627521523631255 0.0 0.0 0.0
v 17.301408916438735 10.003037796161264 2.4780558956113983 0.0 0.0 0.0
v 17.999537993942543 4.999984513962579 5.21587426261353 0.0 0.0 0.0
v 18.211885385483505 7.117481786469561 0.17799166633240382 1.0 1.0 1.0
v 17.91031122172984 7.502446047589873 2.627521523631255 1.0 1.0 1.0
v 18.520039483020394 5.001822491613343 2.773033865729517 1.0 1.0 1.0
v 18.211885385483505 7.117481786469561 0.17799166633240382 1.0 1.0 1.0
v 17.301408916438735 10.003037796161264 2.4780558956113983 1.0 1.0 1.0
v 17.91031122172984 7.502446047589873 2.627521523631255 1.0 1.0 1.0
v 17.301408916438735 10.003037796161264 2.4780558956113983 0.55 0.55 0.55
v 16.69263330076976 12.503662734538976 2.32864138359324 0.55 0.55 0.55
v 17.400214547304248 7.500032554489786 5.039573655418731 0.55 0.55 0.55
v 17.999537993942543 4.999984513962579 5.21587426261353 0.55 0.55 0.55
v 17.999537993942543 4.999984513962579 5.21587426261353 0.55 0.55 0.55
v 17.400214547304248 7.500032554489786 5.039573655418731 0.55 0.55 0.55
v 16.553449505973074 7.5065182740114995 7.337175686767939 0.55 0.55 0.55
v 17.140204136016248 5.004468512745354 7.557740368553646 0.55 0.55 0.55
v 17.140204136016248 5.004468512745354 7.557740368553646 0.55 0.55 0.55
v 16.553449505973074 7.5065182740114995 7.337175686767939 0.55 0.55 0.55
v 15.417207352647559 7.524045140175613 9.485666354785089 0.55 0.55 0.55
v 15.982607077193599 5.01623352602632 9.758684965026376 0.55 0.55 0.55
v 15.982607077193599 5.01623352602632 9.758684965026376 0.55 0.55 0.55
v 15.417207352647559 7.524045140175613 9.485666354785089 0.55 0.55 0.55
v 14.030941978239689 7.555553261721122 11.454320152057551 0.55 0.55 0.55
v 14.566561877203096 5.037372835174196 11.788283068597 0.55 0.55 0.55
v 14.566561877203096 5.037372835174196 11.788283068597 0.55 0.55 0.55
v 14.030941978239689 7.555553261721122 11.454320152057551 0.55 0.55 0.55
v 12.009249955067252 9.433119636534256 12.89633037849612 0.55 0.55 0.55
v 12.626413081017064 6.2898013063063996 13.39625757018175 0.55 0.55 0.55
v 12.626413081017064 6.2898013063063996 13.39625757018175 0.55 0.55 0.55
v 12.009249955067252 9.433119636534256 12.89633037849612 0.55 0.55 0.55
v 10.456025099597946 8.1344196011605 14.585091906867579 0.55 0.55 0.55
v 10.878003175487061 5.422026237757225 15.114580821899638 0.55 0.55 0.55
v 10.878003175487061 5.422026237757225 15.114580821899638 0.55 0.55 0.55
v 10.456025099597946 8.1344196011605 14.585091906867579 0.55 0.55 0.55
v 8.61410137419176 7.522224318689679 15.946055835824207 0.55 0.55 0.55
v 8.933102443321594 5.012150670671087 16.48351354338597 0.55 0.55 0.55
v 8.933102443321594 5.012150670671087 16.48351354338597 0.55 0.55 0.55
v 8.61410137419176 7.522224318689679 15.946055835824207 0.55 0.55 0.55
v 6.472699153571712 7.546858458697423 16.9107979497738 0.55 0.55 0.55
v 6.712574723101657 5.025423185747614 17.489804721801995 0.55 0.55 0.55
v 6.712574723101657 5.025423185747614 17.489804721801995 0.55 0.55 0.55
v 6.472699153571712 7.546858458697423 16.9107979497738 0.55 0.55 0.55
v 4.050673979011535 8.053091950162832 17.505443940308155 0.55 0.55 0.55
v 4.245808198578933 5.368821182976198 18.147532122679284 0.55 0.55 0.55
v 4.245808198578933 5.368821182976198 18.147532122679284 0.55 0.55 0.55
v 4.050673979011535 8.053091950162832 17.505443940308155 0.55 0.55 0.55
v 1.721205289135777 7.91931304436947 17.935546954631715 0.55 0.55 0.55
v 1.8336179384557978 5.280208046455024 18.589352263127502 0.55 0.55 0.55
v 1.8336179384557978 5.280208046455024 18.589352263127502 0.55 0.55 0.55
v 1.721205289135777 7.91931304436947 17.935546954631715 0.55 0.55 0.55
v -0.6427031650460524 7.504082466543648 18.091903974801436 0.55 0.55 0.55
v -0.6239246400440098 5.002761764678297 18.718237129532902 0.55 0.55 0.55
v -0.6239246400440098 5.002761764678297 18.718237129532902 0.55 0.55 0.55
v -0.6427031650460524 7.504082466543648 18.091903974801436 0.55 0.55 0.55
v -3.012365222128565 7.921285020561323 17.74790980377389 0.55 0.55 0.55
v -3.079413173042984 5.280954204598667 18.404259629390644 0.55 0.55 0.55
v -3.079413173042984 5.280954204598667 18.404259629390644 0.55 0.55 0.55
v -3.012365222128565 7.921285020561323 17.74790980377389 0.55 0.55 0.55
v -5.3567603660020895 7.5026506344387744 17.309723657691766 0.55 0.55 0.55
v -5.4998235746401285 5.001489335510348 17.921846445862123 0.55 0.55 0.55
v -5.4998235746401285 5.001489335510348 17.921846445862123 0.55 0.55 0.55
v -5.3567603660020895 7.5026506344387744 17.309723657691766 0.55 0.55 0.55
v -7.537539566669195 7.786106290888692 16.38184643445442 0.55 0.55 0.55
v -7.771573913829055 5.190891523919682 16.988003619028426 0.55 0.55 0.55
v -7.771573913829055 5.190891523919682 16.988003619028426 0.55 0.55 0.55
v -7.537539566669195 7.786106290888692 16.38184643445442 0.55 0.55 0.55
v -9.688318037222269 7.512683023117507 15.29514660414785 0.55 0.55 0.55
v -9.983620607157526 5.004577811925147 15.848343098057065 0.55 0.55 0.55
v -9.983620607157526 5.004577811925147 15.848343098057065 0.55 0.55 0.55
v -9.688318037222269 7.512683023117507 15.29514660414785 0.55 0.55 0.55
v -11.563516877750498 7.5109936951680565 13.947710490542221 0.55 0.55 0.55
v -11.9468402143714 5.006285002691008 14.444275195442982 0.55 0.55 0.55
v -11.9468402143714 5.006285002691008 14.444275195442982 0.55 0.55 0.55
v -11.563516877750498 7.5109936951680565 13.947710490542221 0.55 0.55 0.55
v -13.197949724088629 8.10966141223256 12.168552167917895 0.55 0.55 0.55
v -13.667792333590924 5.406793795510209 12.655140183967802 0.55 0.55 0.55
v -13.667792333590924 5.406793795510209 12.655140183967802 0.55 0.55 0.55
v -13.197949724088629 8.10966141223256 12.168552167917895 0.55 0.55 0.55
v -14.792955750100685 7.506381903906969 10.444490408015708 0.55 0.55 0.55
v -15.292040370790938 5.003836043007034 10.819144087397444 0.55 0.55 0.55
v -15.292040370790938 5.003836043007034 10.819144087397444 0.55 0.55 0.55
v -14.792955750100685 7.506381903906969 10.444490408015708 0.55 0.55 0.55
v -15.918598398804946 8.12142894347388 8.321161594625437 0.55 0.55 0.55
v -16.510377169270946 5.414616729256837 8.650771176492498 0.55 0.55 0.55
v -16.510377169270946 5.414616729256837 8.650771176492498 0.55 0.55 0.55
v -15.918598398804946 8.12142894347388 8.321161594625437 0.55 0.55 0.55
v -16.995121452540918 7.504152027678424 6.234201678182654 0.55 0.55 0.55
v -17.578707888357805 5.002304958425093 6.457543179450838 0.55 0.55 0.55
v -17.578707888357805 5.002304958425093 6.457543179450838 0.0 0.0 0.0
v -16.995121452540918 7.504152027678424 6.234201678182654 0.0 0.0 0.0
v -18.26337913359128 5.037699472218127 4.1571373964125184 0.0 0.0 0.0
v -16.995121452540918 7.504152027678424 6.234201678182654 0.0 0.0 0.0
v -16.413929441452446 10.00597920286274 6.004495600436508 0.0 0.0 0.0
v -18.26337913359128 5.037699472218127 4.1571373964125184 0.0 0.0 0.0
v -15.918598398804946 8.12142894347388 8.321161594625437 1.0 1.0 1.0
v -16.413929441452446 10.00597920286274 6.004495600436508 1.0 1.0 1.0
v -16.995121452540918 7.504152027678424 6.234201678182654 1.0 1.0 1.0
v -15.918598398804946 8.12142894347388 8.321161594625437 1.0 1.0 1.0
v -15.834980520910776 12.50776539401047 5.768722964812585 1.0 1.0 1.0
v -16.413929441452446 10.00597920286274 6.004495600436508 1.0 1.0 1.0
v -16.413929441452446 10.00597920286274 6.004495600436508 0.55 0.55 0.55
v -15.834980520910776 12.50776539401047 5.768722964812585 0.55 0.55 0.55
v -17.64441853556315 7.569415672744109 4.043706361266102 0.55 0.55 0.55
v -18.26337913359128 5.037699472218127 4.1571373964125184 0.55 0.55 0.55
v -18.26337913359128 5.037699472218127 4.1571373964125184 0.55 0.55 0.55
v -17.64441853556315 7.569415672744109 4.043706361266102 0.55 0.55 0.55
v -17.916905333645175 8.020784442815026 1.5856616512862294 0.55 0.55 0.55
v -18.582332379494634 5.34720300247164 1.646082803973172 0.55 0.55 0.55
v -18.582332379494634 5.34720300247164 1.646082803973172 0.55 0.55 0.55
v -17.916905333645175 8.020784442815026 1.5856616512862294 0.55 0.55 0.55
v -17.87788840272098 8.337038487146758 -0.7704944302178254 0.55 0.55 0.55
v -18.570678507316234 5.558140276589201 -0.8098712743281768 0.55 0.55 0.55
v -18.570678507316234 5.558140276589201 -0.8098712743281768 0.55 0.55 0.55
v -17.87788840272098 8.337038487146758 -0.7704944302178254 0.55 0.55 0.55
v -17.691224078604776 8.090257459910484 -3.1079960675669636 0.55 0.55 0.55
v -18.353262947222742 5.393813804911052 -3.2335705747577763 0.55 0.55 0.55
v -18.353262947222742 5.393813804911052 -3.2335705747577763 0.55 0.55 0.55
v -17.691224078604776 8.090257459910484 -3.1079960675669636 0.55 0.55 0.55
v -17.266787804349 7.508214435165964 -5.483707352955877 0.55 0.55 0.55
v -17.859408376525792 5.004664917591408 -5.679261001801638 0.55 0.55 0.55
v -17.859408376525792 5.004664917591408 -5.679261001801638 0.55 0.55 0.55
v -17.266787804349 7.508214435165964 -5.483707352955877 0.55 0.55 0.55
v -16.333446079797525 7.809556101490437 -7.626178466060627 0.55 0.55 0.55
v -16.911145462133472 5.206410150035562 -7.925013714027384 0.55 0.55 0.55
v -16.911145462133472 5.206410150035562 -7.925013714027384 0.55 0.55 0.55
v -16.333446079797525 7.809556101490437 -7.626178466060627 0.55 0.55 0.55
v -15.237762118299287 7.512894625352526 -9.78584709839178 0.55 0.55 0.55
v -15.756469342884124 5.007109979574112 -10.136541535427913 0.55 0.55 0.55
v -15.756469342884124 5.007109979574112 -10.136541535427913 0.55 0.55 0.55
v -15.237762118299287 7.512894625352526 -9.78584709839178 0.55 0.55 0.55
v -13.872211156444646 7.514971501096772 -11.644835902949893 0.55 0.55 0.55
v -14.324593355648483 5.00745541726046 -12.0783716255462 0.55 0.55 0.55
v -14.324593355648483 5.00745541726046 -12.0783716255462 0.55 0.55 0.55
v -13.872211156444646 7.514971501096772 -11.644835902949893 0.55 0.55 0.55
v -12.106404619233096 8.095174908676578 -13.259158900878155 0.55 0.55 0.55
v -12.5334238894584 5.39707499043697 -13.78138477274225 0.55 0.55 0.55
v -12.5334238894584 5.39707499043697 -13.78138477274225 0.55 0.55 0.55
v -12.106404619233096 8.095174908676578 -13.259158900878155 0.55 0.55 0.55
v -10.348538291989865 7.502807421530936 -14.862721165614818 0.55 0.55 0.55
v -10.67232158637925 5.001673279660467 -15.40013254395828 0.55 0.55 0.55
v -10.67232158637925 5.001673279660467 -15.40013254395828 0.55 0.55 0.55
v -10.348538291989865 7.502807421530936 -14.862721165614818 0.55 0.55 0.55
v -8.209759723179662 8.403386290005646 -15.893424708232377 0.55 0.55 0.55
v -8.487767563253023 5.602245016485565 -16.535385898214535 0.55 0.55 0.55
v -8.487767563253023 5.602245016485565 -16.535385898214535 0.55 0.55 0.55
v -8.209759723179662 8.403386290005646 -15.893424708232377 0.55 0.55 0.55
v -6.102088043774246 7.504615422230116 -17.04233529579003 0.55 0.55 0.55
v -6.275906609155093 5.00300771064358 -17.643450436693886 0.55 0.55 0.55
v -6.275906609155093 5.00300771064358 -17.643450436693886 0.0 0.0 0.0
v -6.102088043774246 7.504615422230116 -17.04233529579003 0.0 0.0 0.0
v -3.907617607970772 5.369127786777535 -18.232165529267725 0.0 0.0 0.0
v -6.102088043774246 7.504615422230116 -17.04233529579003 0.0 0.0 0.0
v -5.934433147282044 10.00614690494183 -16.439159937640962 0.0 0.0 0.0
v -3.907617607970772 5.369127786777535 -18.232165529267725 0.0 0.0 0.0
v -8.209759723179662 8.403386290005646 -15.893424708232377 1.0 1.0 1.0
v -5.934433147282044 10.00614690494183 -16.439159937640962 1.0 1.0 1.0
v -6.102088043774246 7.504615422230116 -17.04233529579003 1.0 1.0 1.0
v -8.209759723179662 8.403386290005646 -15.893424708232377 1.0 1.0 1.0
v -5.771524698025985 12.507594145141006 -15.834343286775608 1.0 1.0 1.0
v -5.934433147282044 10.00614690494183 -16.439159937640962 1.0 1.0 1.0
v -5.934433147282044 10.00614690494183 -16.439159937640962 0.55 0.55 0.55
v -5.771524698025985 12.507594145141006 -15.834343286775608 0.55 0.55 0.55
v -3.806205972644288 8.052449250210998 -17.566845425307484 0.55 0.55 0.55
v -3.907617607970772 5.369127786777535 -18.232165529267725 0.55 0.55 0.55
v -3.907617607970772 5.369127786777535 -18.232165529267725 0.55 0.55 0.55
v -3.806205972644288 8.052449250210998 -17.566845425307484 0.55 0.55 0.55
v -1.4327199668381145 7.510059326505721 -18.055448503184042 0.55 0.55 0.55
v -1.4467866090438577 5.006012918715102 -18.67971089262238 0.55 0.55 0.55
v -1.4467866090438577 5.006012918715102 -18.67971089262238 0.55 0.55 0.55
v -1.4327199668381145 7.510059326505721 -18.055448503184042 0.55 0.55 0.55
v 0.917038895864061 7.783866417180524 -18.008982164512016 0.55 0.55 0.55
v 0.9993518450725573 5.1894183569011645 -18.65355039778454 0.55 0.55 0.55
v 0.9993518450725573 5.1894183569011645 -18.65355039778454 0.55 0.55 0.55
v 0.917038895864061 7.783866417180524 -18.008982164512016 0.55 0.55 0.55
v 3.2800066696369226 7.7869674314453805 -17.74226853301495 0.55 0.55 0.55
v 3.4434369626503094 5.19153591156236 -18.3731934303388 0.55 0.55 0.55
v 3.4434369626503094 5.19153591156236 -18.3731934303388 0.55 0.55 0.55
v 3.2800066696369226 7.7869674314453805 -17.74226853301495 0.55 0.55 0.55
v 5.725193641787527 7.566765838658034 -17.183822613880892 0.55 0.55 0.55
v 5.935467577586547 5.035817192131813 -17.773228193939264 0.55 0.55 0.55
v 5.935467577586547 5.035817192131813 -17.773228193939264 0.55 0.55 0.55
v 5.725193641787527 7.566765838658034 -17.183822613880892 0.55 0.55 0.55
v 7.891183081344461 7.5264391222942795 -16.2934445304715 0.55 0.55 0.55
v 8.185332735375091 5.014361267409481 -16.846041217467622 0.55 0.55 0.55
v 8.185332735375091 5.014361267409481 -16.846041217467622 0.55 0.55 0.55
v 7.891183081344461 7.5264391222942795 -16.2934445304715 0.55 0.55 0.55
v 9.873538439098535 7.715316670287265 -15.123929066404537 0.55 0.55 0.55
v 10.255414038113143 5.142999600981091 -15.643738792177281 0.55 0.55 0.55
v 10.255414038113143 5.142999600981091 -15.643738792177281 0.55 0.55 0.55
v 9.873538439098535 7.715316670287265 -15.123929066404537 0.55 0.55 0.55
v 11.503015194900817 9.054320417583618 -13.482809339878886 0.55 0.55 0.55
v 12.059726694812573 6.036602877322844 -13.995199461928484 0.55 0.55 0.55
v 12.059726694812573 6.036602877322844 -13.995199461928484 0.55 0.55 0.55
v 11.503015194900817 9.054320417583618 -13.482809339878886 0.55 0.55 0.55
v 13.488072577158004 7.571721929785918 -12.059379807374418 0.55 0.55 0.55
v 14.01179114205465 5.048367888886765 -12.41607200906974 0.55 0.55 0.55
v 14.01179114205465 5.048367888886765 -12.41607200906974 0.0 0.0 0.0
v 13.488072577158004 7.571721929785918 -12.059379807374418 0.0 0.0 0.0
v 15.539654809975376 5.021439877940552 -10.476962379717452 0.0 0.0 0.0
v 13.488072577158004 7.571721929785918 -12.059379807374418 0.0 0.0 0.0
v 12.930916313205497 10.092393778890102 -11.736079881843695 0.0 0.0 0.0
v 15.539654809975376 5.021439877940552 -10.476962379717452 0.0 0.0 0.0
v 11.503015194900817 9.054320417583618 -13.482809339878886 1.0 1.0 1.0
v 12.930916313205497 10.092393778890102 -11.736079881843695 1.0 1.0 1.0
v 13.488072577158004 7.571721929785918 -12.059379807374418 1.0 1.0 1.0
v 11.503015194900817 9.054320417583618 -13.482809339878886 1.0 1.0 1.0
v 12.327184188112057 12.60797429419513 -11.461612366960123 1.0 1.0 1.0
v 12.930916313205497 10.092393778890102 -11.736079881843695 1.0 1.0 1.0
v 12.930916313205497 10.092393778890102 -11.736079881843695 0.55 0.55 0.55
v 12.327184188112057 12.60797429419513 -11.461612366960123 0.55 0.55 0.55
v 14.979350364861263 7.531441252825204 -10.182202993356853 0.55 0.55 0.55
v 15.539654809975376 5.021439877940552 -10.476962379717452 0.55 0.55 0.55
v 15.539654809975376 5.021439877940552 -10.476962379717452 0.55 0.55 0.55
v 14.979350364861263 7.531441252825204 -10.182202993356853 0.55 0.55 0.55
v 16.19947751050501 7.512002421928173 -8.08844227363725 0.55 0.55 0.55
v 16.77880874900528 5.008091662137308 -8.324698096275947 0.55 0.55 0.55
v 16.77880874900528 5.008091662137308 -8.324698096275947 0.55 0.55 0.55
v 16.19947751050501 7.512002421928173 -8.08844227363725 0.55 0.55 0.55
v 17.139735544107708 7.501150421216176 -5.832957222078686 0.55 0.55 0.55
v 17.734962923966314 5.00078124928786 -6.022652840271163 0.55 0.55 0.55
v 17.734962923966314 5.00078124928786 -6.022652840271163 0.55 0.55 0.55
v 17.139735544107708 7.501150421216176 -5.832957222078686 0.55 0.55 0.55
v 17.78775563261065 7.50061089570306 -3.4606652983784736 0.55 0.55 0.55
v 18.396068385083836 5.000603353658631 -3.6141463894357426 0.55 0.55 0.55
v 18.396068385083836 5.000603353658631 -3.6141463894357426 0.55 0.55 0.55
v 17.78775563261065 7.50061089570306 -3.4606652983784736 0.55 0.55 0.55
v 17.923928070800706 8.113905156626064 -0.9688317191628942 0.55 0.55 0.55
v 18.592614043344412 5.410100141797004 -1.116719548279178 0.55 0.55 0.55
v 18.592614043344412 5.410100141797004 -1.116719548279178 0.55 0.55 0.55
v 17.923928070800706 8.113905156626064 -0.9688317191628942 0.55 0.55 0.55
v 17.450906918963305 10.19634511082492 0.00013848228886743832 0.55 0.55 0.55
v 18.211885385483505 7.117481786469561 0.17799166633240382 0.55 0.55 0.55
v 18.211885385483505 7.117481786469561 0.17799166633240382 0.55 0.55 0.55
v 17.450906918963305 10.19634511082492 0.00013848228886743832 0.55 0.55 0.55
v 16.69263330076976 12.503662734538976 2.32864138359324 0.55 0.55 0.55
v 17.301408916438735 10.003037796161264 2.4780558956113983 0.55 0.55 0.55
v 16.69263330076976 12.503662734538976 2.32864138359324 0.55 0.55 0.55
v 16.08371308552255 15.004327848529185 2.180490437480244 0.55 0.55 0.55
v 16.79928277885959 10.000128687583189 4.869522371422179 0.55 0.55 0.55
v 17.400214547304248 7.500032554489786 5.039573655418731 0.55 0.55 0.55
v 17.400214547304248 7.500032554489786 5.039573655418731 0.55 0.55 0.55
v 16.79928277885959 10.000128687583189 4.869522371422179 0.55 0.55 0.55
v 15.958183482016961 10.008131659808459 7.135264087548675 0.55 0.55 0.55
v 16.553449505973074 7.5065182740114995 7.337175686767939 0.55 0.55 0.55
v 16.553449505973074 7.5065182740114995 7.337175686767939 0.55 0.55 0.55
v 15.958183482016961 10.008131659808459 7.135264087548675 0.55 0.55 0.55
v 14.833094728385369 10.030558723912039 9.241792767905146 0.55 0.55 0.55
v 15.417207352647559 7.524045140175613 9.485666354785089 0.55 0.55 0.55
v 15.417207352647559 7.524045140175613 9.485666354785089 0.55 0.55 0.55
v 14.833094728385369 10.030558723912039 9.241792767905146 0.55 0.55 0.55
v 13.462886667002067 10.07067643041021 11.152568255619745 0.55 0.55 0.55
v 14.030941978239689 7.555553261721122 11.454320152057551 0.55 0.55 0.55
v 14.030941978239689 7.555553261721122 11.454320152057551 0.0 0.0 0.0
v 13.462886667002067 10.07067643041021 11.152568255619745 0.0 0.0 0.0
v 12.009249955067252 9.433119636534256 12.89633037849612 0.0 0.0 0.0
v 13.462886667002067 10.07067643041021 11.152568255619745 0.0 0.0 0.0
v 12.848912749631541 12.58011006259246 10.897532119180678 0.0 0.0 0.0
v 12.009249955067252 9.433119636534256 12.89633037849612 0.0 0.0 0.0
v 14.833094728385369 10.030558723912039 9.241792767905146 0.55 0.55 0.55
v 14.22407876966589 12.534704351486035 9.038004754222792 0.55 0.55 0.55
v 12.848912749631541 12.58011006259246 10.897532119180678 0.55 0.55 0.55
v 13.462886667002067 10.07067643041021 11.152568255619745 0.55 0.55 0.55
v 15.958183482016961 10.008131659808459 7.135264087548675 0.55 0.55 0.55
v 15.352313882421617 12.508953978865957 6.956427739759786 0.55 0.55 0.55
v 14.22407876966589 12.534704351486035 9.038004754222792 0.55 0.55 0.55
v 14.833094728385369 10.030558723912039 9.241792767905146 0.55 0.55 0.55
v 16.79928277885959 10.000128687583189 4.869522371422179 0.55 0.55 0.55
v 16.19587009283551 12.500269430664757 4.709197806049046 0.55 0.55 0.55
v 15.352313882421617 12.508953978865957 6.956427739759786 0.55 0.55 0.55
v 15.958183482016961 10.008131659808459 7.135264087548675 0.55 0.55 0.55
v 16.08371308552255 15.004327848529185 2.180490437480244 1.0 1.0 1.0
v 16.19587009283551 12.500269430664757 4.709197806049046 1.0 1.0 1.0
v 16.79928277885959 10.000128687583189 4.869522371422179 1.0 1.0 1.0
v 16.08371308552255 15.004327848529185 2.180490437480244 1.0 1.0 1.0
v 15.590069679733237 15.000417885991805 4.558256855867375 1.0 1.0 1.0
v 16.19587009283551 12.500269430664757 4.709197806049046 1.0 1.0 1.0
v 16.19587009283551 12.500269430664757 4.709197806049046 0.55 0.55 0.55
v 15.590069679733237 15.000417885991805 4.558256855867375 0.55 0.55 0.55
v 14.735822793401107 15.008725385296607 6.800649088922293 0.55 0.55 0.55
v 15.352313882421617 12.508953978865957 6.956427739759786 0.55 0.55 0.55
v 15.352313882421617 12.508953978865957 6.956427739759786 0.55 0.55 0.55
v 14.735822793401107 15.008725385296607 6.800649088922293 0.55 0.55 0.55
v 13.585402166674129 15.03496471143097 8.883066424081484 0.55 0.55 0.55
v 14.22407876966589 12.534704351486035 9.038004754222792 0.55 0.55 0.55
v 14.22407876966589 12.534704351486035 9.038004754222792 0.55 0.55 0.55
v 13.585402166674129 15.03496471143097 8.883066424081484 0.55 0.55 0.55
v 12.148804818529733 15.074492307824574 10.740685375734683 0.55 0.55 0.55
v 12.848912749631541 12.58011006259246 10.897532119180678 0.55 0.55 0.55
v 12.848912749631541 12.58011006259246 10.897532119180678 0.55 0.55 0.55
v 12.148804818529733 15.074492307824574 10.740685375734683 0.55 0.55 0.55
v 11.364356417732811 12.57474433726308 12.422107349913912 0.55 0.55 0.55
v 12.009249955067252 9.433119636534256 12.89633037849612 0.55 0.55 0.55
v 12.009249955067252 9.433119636534256 12.89633037849612 0.55 0.55 0.55
v 11.364356417732811 12.57474433726308 12.422107349913912 0.55 0.55 0.55
v 10.042379179341566 10.847046998059323 14.05032749056021 0.55 0.55 0.55
v 10.456025099597946 8.1344196011605 14.585091906867579 0.55 0.55 0.55
v 10.456025099597946 8.1344196011605 14.585091906867579 0.55 0.55 0.55
v 10.042379179341566 10.847046998059323 14.05032749056021 0.55 0.55 0.55
v 8.269082738607208 10.030728570025014 15.41736618694334 0.55 0.55 0.55
v 8.61410137419176 7.522224318689679 15.946055835824207 0.55 0.55 0.55
v 8.61410137419176 7.522224318689679 15.946055835824207 0.55 0.55 0.55
v 8.269082738607208 10.030728570025014 15.41736618694334 0.55 0.55 0.55
v 6.1894103338817175 10.066471639183067 16.34348844583688 0.55 0.55 0.55
v 6.472699153571712 7.546858458697423 16.9107979497738 0.55 0.55 0.55
v 6.472699153571712 7.546858458697423 16.9107979497738 0.55 0.55 0.55
v 6.1894103338817175 10.066471639183067 16.34348844583688 0.55 0.55 0.55
v 3.8514534000904956 10.737312536796367 16.864392242584373 0.55 0.55 0.55
v 4.050673979011535 8.053091950162832 17.505443940308155 0.55 0.55 0.55
v 4.050673979011535 8.053091950162832 17.505443940308155 0.55 0.55 0.55
v 3.8514534000904956 10.737312536796367 16.864392242584373 0.55 0.55 0.55
v 1.6031296686742715 10.558179079544225 17.28177942116535 0.55 0.55 0.55
v 1.721205289135777 7.91931304436947 17.935546954631715 0.55 0.55 0.55
v 1.721205289135777 7.91931304436947 17.935546954631715 0.55 0.55 0.55
v 1.6031296686742715 10.558179079544225 17.28177942116535 0.55 0.55 0.55
v -0.6674445301932304 10.00533403729326 17.465496497572744 0.55 0.55 0.55
v -0.6427031650460524 7.504082466543648 18.091903974801436 0.55 0.55 0.55
v -0.6427031650460524 7.504082466543648 18.091903974801436 0.55 0.55 0.55
v -0.6674445301932304 10.00533403729326 17.465496497572744 0.55 0.55 0.55
v -2.947961546999614 10.561617716218759 17.091293401818007 0.55 0.55 0.55
v -3.012365222128565 7.921285020561323 17.74790980377389 0.55 0.55 0.55
v -3.012365222128565 7.921285020561323 17.74790980377389 0.55 0.55 0.55
v -2.947961546999614 10.561617716218759 17.091293401818007 0.55 0.55 0.55
v -5.212263466424044 10.003852655944057 16.698103049526686 0.55 0.55 0.55
v -5.3567603660020895 7.5026506344387744 17.309723657691766 0.55 0.55 0.55
v -5.3567603660020895 7.5026506344387744 17.309723657691766 0.55 0.55 0.55
v -5.212263466424044 10.003852655944057 16.698103049526686 0.55 0.55 0.55
v -7.3073859491663855 10.381240599842032 15.773876033714771 0.55 0.55 0.55
v -7.537539566669195 7.786106290888692 16.38184643445442 0.55 0.55 0.55
v -7.537539566669195 7.786106290888692 16.38184643445442 0.55 0.55 0.55
v -7.3073859491663855 10.381240599842032 15.773876033714771 0.55 0.55 0.55
v -9.384725658538787 10.020893933146565 14.74694044833591 0.55 0.55 0.55
v -9.688318037222269 7.512683023117507 15.29514660414785 0.55 0.55 0.55
v -9.688318037222269 7.512683023117507 15.29514660414785 0.55 0.55 0.55
v -9.384725658538787 10.020893933146565 14.74694044833591 0.55 0.55 0.55
v -11.193244936886739 10.015358863284284 13.439627694137101 0.55 0.55 0.55
v -11.563516877750498 7.5109936951680565 13.947710490542221 0.55 0.55 0.55
v -11.563516877750498 7.5109936951680565 13.947710490542221 0.55 0.55 0.55
v -11.193244936886739 10.015358863284284 13.439627694137101 0.55 0.55 0.55
v -12.733496687748302 10.812389437055758 11.676069579001883 0.55 0.55 0.55
v -13.197949724088629 8.10966141223256 12.168552167917895 0.55 0.55 0.55
v -13.197949724088629 8.10966141223256 12.168552167917895 0.55 0.55 0.55
v -12.733496687748302 10.812389437055758 11.676069579001883 0.55 0.55 0.55
v -14.300209140249894 10.008736205045745 10.060293845945829 0.55 0.55 0.55
v -14.792955750100685 7.506381903906969 10.444490408015708 0.55 0.55 0.55
v -14.792955750100685 7.506381903906969 10.444490408015708 0.55 0.55 0.55
v -14.300209140249894 10.008736205045745 10.060293845945829 0.55 0.55 0.55
v -15.327068778163186 10.828233149364474 7.991029858446272 0.55 0.55 0.55
v -15.918598398804946 8.12142894347388 8.321161594625437 0.55 0.55 0.55
v -15.918598398804946 8.12142894347388 8.321161594625437 0.0 0.0 0.0
v -15.327068778163186 10.828233149364474 7.991029858446272 0.0 0.0 0.0
v -15.834980520910776 12.50776539401047 5.768722964812585 0.0 0.0 0.0
v -15.327068778163186 10.828233149364474 7.991029858446272 0.0 0.0 0.0
v -14.738280775499968 13.534924874580211 7.655167192013113 0.0 0.0 0.0
v -15.834980520910776 12.50776539401047 5.768722964812585 0.0 0.0 0.0
v -14.300209140249894 10.008736205045745 10.060293845945829 0.55 0.55 0.55
v -13.813043389033318 12.510875126565503 9.66764751895079 0.55 0.55 0.55
v -14.738280775499968 13.534924874580211 7.655167192013113 0.55 0.55 0.55
v -15.327068778163186 10.828233149364474 7.991029858446272 0.55 0.55 0.55
v -12.733496687748302 10.812389437055758 11.676069579001883 0.55 0.55 0.55
v -12.270390781005862 13.51508278423355 11.182113497080927 0.55 0.55 0.55
v -13.813043389033318 12.510875126565503 9.66764751895079 0.55 0.55 0.55
v -14.300209140249894 10.008736205045745 10.060293845945829 0.55 0.55 0.55
v -11.193244936886739 10.015358863284284 13.439627694137101 0.55 0.55 0.55
v -10.833569235471877 12.519340842864931 12.922151482743264 0.55 0.55 0.55
v -12.270390781005862 13.51508278423355 11.182113497080927 0.55 0.55 0.55
v -12.733496687748302 10.812389437055758 11.676069579001883 0.55 0.55 0.55
v -9.384725658538787 10.020893933146565 14.74694044833591 0.55 0.55 0.55
v -9.074418443733606 12.529166192366782 14.202778891577916 0.55 0.55 0.55
v -10.833569235471877 12.519340842864931 12.922151482743264 0.55 0.55 0.55
v -11.193244936886739 10.015358863284284 13.439627694137101 0.55 0.55 0.55
v -7.3073859491663855 10.381240599842032 15.773876033714771 0.55 0.55 0.55
v -7.081115294278917 12.976293011482817 15.164091743791342 0.55 0.55 0.55
v -9.074418443733606 12.529166192366782 14.202778891577916 0.55 0.55 0.55
v -9.384725658538787 10.020893933146565 14.74694044833591 0.55 0.55 0.55
v -5.212263466424044 10.003852655944057 16.698103049526686 0.55 0.55 0.55
v -5.06580804783724 12.505102542589192 16.08717049641803 0.55 0.55 0.55
v -7.081115294278917 12.976293011482817 15.164091743791342 0.55 0.55 0.55
v -7.3073859491663855 10.381240599842032 15.773876033714771 0.55 0.55 0.55
v -2.947961546999614 10.561617716218759 17.091293401818007 0.55 0.55 0.55
v -2.888195354243044 13.201874916425895 16.433938360049137 0.55 0.55 0.55
v -5.06580804783724 12.505102542589192 16.08717049641803 0.55 0.55 0.55
v -5.212263466424044 10.003852655944057 16.698103049526686 0.55 0.55 0.55
v -0.6674445301932304 10.00533403729326 17.465496497572744 0.55 0.55 0.55
v -0.6971321135539857 12.506512109448916 16.838991340005464 0.55 0.55 0.55
v -2.888195354243044 13.201874916425895 16.433938360049137 0.55 0.55 0.55
v -2.947961546999614 10.561617716218759 17.091293401818007 0.55 0.55 0.55
v 1.6031296686742715 10.558179079544225 17.28177942116535 0.55 0.55 0.55
v 1.4814559438851524 13.196898164364844 16.628084558328737 0.55 0.55 0.55
v -0.6971321135539857 12.506512109448916 16.838991340005464 0.55 0.55 0.55
v -0.6674445301932304 10.00533403729326 17.465496497572744 0.55 0.55 0.55
v 3.8514534000904956 10.737312536796367 16.864392242584373 0.55 0.55 0.55
v 3.645108171632554 13.421429249041 16.225151921973495 0.55 0.55 0.55
v 1.4814559438851524 13.196898164364844 16.628084558328737 0.55 0.55 0.55
v 1.6031296686742715 10.558179079544225 17.28177942116535 0.55 0.55 0.55
v 6.1894103338817175 10.066471639183067 16.34348844583688 0.55 0.55 0.55
v 5.8751722736241305 12.584185938414535 15.784035013906651 0.55 0.55 0.55
v 3.645108171632554 13.421429249041 16.225151921973495 0.55 0.55 0.55
v 3.8514534000904956 10.737312536796367 16.864392242584373 0.55 0.55 0.55
v 8.269082738607208 10.030728570025014 15.41736618694334 0.55 0.55 0.55
v 7.915788936849009 12.538692516902275 14.89157248620421 0.55 0.55 0.55
v 5.8751722736241305 12.584185938414535 15.784035013906651 0.55 0.55 0.55
v 6.1894103338817175 10.066471639183067 16.34348844583688 0.55 0.55 0.55
v 10.042379179341566 10.847046998059323 14.05032749056021 0.55 0.55 0.55
v 9.650006987744238 13.559562421075528 13.499884629044207 0.55 0.55 0.55
v 7.915788936849009 12.538692516902275 14.89157248620421 0.55 0.55 0.55
v 8.269082738607208 10.030728570025014 15.41736618694334 0.55 0.55 0.55
v 11.364356417732811 12.57474433726308 12.422107349913912 1.0 1.0 1.0
v 9.650006987744238 13.559562421075528 13.499884629044207 1.0 1.0 1.0
v 10.042379179341566 10.847046998059323 14.05032749056021 1.0 1.0 1.0
v 11.364356417732811 12.57474433726308 12.422107349913912 1.0 1.0 1.0
v 9.535477934040353 16.23973128541583 12.752585134836533 1.0 1.0 1.0
v 9.650006987744238 13.559562421075528 13.499884629044207 1.0 1.0 1.0
v 9.650006987744238 13.559562421075528 13.499884629044207 0.55 0.55 0.55
v 9.535477934040353 16.23973128541583 12.752585134836533 0.55 0.55 0.55
v 7.579543827398064 15.047120595185413 14.356916943259614 0.55 0.55 0.55
v 7.915788936849009 12.538692516902275 14.89157248620421 0.55 0.55 0.55
v 7.915788936849009 12.538692516902275 14.89157248620421 0.55 0.55 0.55
v 7.579543827398064 15.047120595185413 14.356916943259614 0.55 0.55 0.55
v 5.534946999818235 15.099994764534234 15.231258988893122 0.55 0.55 0.55
v 5.8751722736241305 12.584185938414535 15.784035013906651 0.55 0.55 0.55
v 5.8751722736241305 12.584185938414535 15.784035013906651 0.55 0.55 0.55
v 5.534946999818235 15.099994764534234 15.231258988893122 0.55 0.55 0.55
v 3.418300168598726 16.105127275398722 15.591145022075025 0.55 0.55 0.55
v 3.645108171632554 13.421429249041 16.225151921973495 0.55 0.55 0.55
v 3.645108171632554 13.421429249041 16.225151921973495 0.55 0.55 0.55
v 3.418300168598726 16.105127275398722 15.591145022075025 0.55 0.55 0.55
v 1.354930510389229 15.835435337523567 15.974600110594544 0.55 0.55 0.55
v 1.4814559438851524 13.196898164364844 16.628084558328737 0.55 0.55 0.55
v 1.4814559438851524 13.196898164364844 16.628084558328737 0.55 0.55 0.55
v 1.354930510389229 15.835435337523567 15.974600110594544 0.55 0.55 0.55
v -0.7317279566049532 15.007587736151946 16.21232356958349 0.55 0.55 0.55
v -0.6971321135539857 12.506512109448916 16.838991340005464 0.55 0.55 0.55
v -0.6971321135539857 12.506512109448916 16.838991340005464 0.55 0.55 0.55
v -0.7317279566049532 15.007587736151946 16.21232356958349 0.55 0.55 0.55
v -2.8350916411717857 15.841973540677653 15.77536892896623 0.55 0.55 0.55
v -2.888195354243044 13.201874916425895 16.433938360049137 0.55 0.55 0.55
v -2.888195354243044 13.201874916425895 16.433938360049137 0.55 0.55 0.55
v -2.8350916411717857 15.841973540677653 15.77536892896623 0.55 0.55 0.55
v -4.918510207594436 15.006368968935819 15.476534999320238 0.55 0.55 0.55
v -5.06580804783724 12.505102542589192 16.08717049641803 0.55 0.55 0.55
v -5.06580804783724 12.505102542589192 16.08717049641803 0.55 0.55 0.55
v -4.918510207594436 15.006368968935819 15.476534999320238 0.55 0.55 0.55
v -6.858947363026274 15.571251992639914 14.552392853582017 0.55 0.55 0.55
v -7.081115294278917 12.976293011482817 15.164091743791342 0.55 0.55 0.55
v -7.081115294278917 12.976293011482817 15.164091743791342 0.55 0.55 0.55
v -6.858947363026274 15.571251992639914 14.552392853582017 0.55 0.55 0.55
v -8.75954454748265 15.03746724080824 13.66136918966939 0.55 0.55 0.55
v -9.074418443733606 12.529166192366782 14.202778891577916 0.55 0.55 0.55
v -9.074418443733606 12.529166192366782 14.202778891577916 0.55 0.55 0.55
v -8.75954454748265 15.03746724080824 13.66136918966939 0.55 0.55 0.55
v -10.483284564573877 15.022898425937758 12.396274244943074 0.55 0.55 0.55
v -10.833569235471877 12.519340842864931 12.922151482743264 0.55 0.55 0.55
v -10.833569235471877 12.519340842864931 12.922151482743264 0.55 0.55 0.55
v -10.483284564573877 15.022898425937758 12.396274244943074 0.55 0.55 0.55
v -11.80733503360717 16.217776595155495 10.688101912193531 0.55 0.55 0.55
v -12.270390781005862 13.51508278423355 11.182113497080927 0.55 0.55 0.55
v -12.270390781005862 13.51508278423355 11.182113497080927 0.55 0.55 0.55
v -11.80733503360717 16.217776595155495 10.688101912193531 0.55 0.55 0.55
v -13.33116868883036 15.012773522985178 9.267013904750199 0.55 0.55 0.55
v -13.813043389033318 12.510875126565503 9.66764751895079 0.55 0.55 0.55
v -13.813043389033318 12.510875126565503 9.66764751895079 0.55 0.55 0.55
v -13.33116868883036 15.012773522985178 9.267013904750199 0.55 0.55 0.55
v -14.155165085332616 16.241341022608857 7.30747243880865 0.55 0.55 0.55
v -14.738280775499968 13.534924874580211 7.655167192013113 0.55 0.55 0.55
v -14.738280775499968 13.534924874580211 7.655167192013113 0.55 0.55 0.55
v -14.155165085332616 16.241341022608857 7.30747243880865 0.55 0.55 0.55
v -15.258329897409634 15.009478604653301 5.52661338791833 0.55 0.55 0.55
v -15.834980520910776 12.50776539401047 5.768722964812585 0.55 0.55 0.55
v -15.834980520910776 12.50776539401047 5.768722964812585 0.55 0.55 0.55
v -15.258329897409634 15.009478604653301 5.52661338791833 0.55 0.55 0.55
v -17.030950842040006 10.100445962614513 3.891661531381603 0.55 0.55 0.55
v -17.64441853556315 7.569415672744109 4.043706361266102 0.55 0.55 0.55
v -17.64441853556315 7.569415672744109 4.043706361266102 0.55 0.55 0.55
v -17.030950842040006 10.100445962614513 3.891661531381603 0.55 0.55 0.55
v -17.251498829076738 10.694362948283688 1.524836919694198 0.55 0.55 0.55
v -17.916905333645175 8.020784442815026 1.5856616512862294 0.55 0.55 0.55
v -17.916905333645175 8.020784442815026 1.5856616512862294 0.55 0.55 0.55
v -17.251498829076738 10.694362948283688 1.524836919694198 0.55 0.55 0.55
v -17.185314583034433 11.115926880818849 -0.7267655301364939 0.55 0.55 0.55
v -17.87788840272098 8.337038487146758 -0.7704944302178254 0.55 0.55 0.55
v -17.87788840272098 8.337038487146758 -0.7704944302178254 0.55 0.55 0.55
v -17.185314583034433 11.115926880818849 -0.7267655301364939 0.55 0.55 0.55
v -17.02900952847027 10.786710969274035 -2.9835889888700966 0.55 0.55 0.55
v -17.691224078604776 8.090257459910484 -3.1079960675669636 0.55 0.55 0.55
v -17.691224078604776 8.090257459910484 -3.1079960675669636 0.55 0.55 0.55
v -17.02900952847027 10.786710969274035 -2.9835889888700966 0.55 0.55 0.55
v -16.677966041057754 10.011510045519126 -5.273882116439627 0.55 0.55 0.55
v -17.266787804349 7.508214435165964 -5.483707352955877 0.55 0.55 0.55
v -17.266787804349 7.508214435165964 -5.483707352955877 0.55 0.55 0.55
v -16.677966041057754 10.011510045519126 -5.273882116439627 0.55 0.55 0.55
v -15.757443055077683 10.412661978380083 -7.323779985935316 0.55 0.55 0.55
v -16.333446079797525 7.809556101490437 -7.626178466060627 0.55 0.55 0.55
v -16.333446079797525 7.809556101490437 -7.626178466060627 0.55 0.55 0.55
v -15.757443055077683 10.412661978380083 -7.323779985935316 0.55 0.55 0.55
v -14.728981759085599 10.018302562263012 -9.418342595696272 0.55 0.55 0.55
v -15.237762118299287 7.512894625352526 -9.78584709839178 0.55 0.55 0.55
v -15.237762118299287 7.512894625352526 -9.78584709839178 0.55 0.55 0.55
v -14.728981759085599 10.018302562263012 -9.418342595696272 0.55 0.55 0.55
v -13.41498356906 10.022572146588761 -11.216885993372026 0.55 0.55 0.55
v -13.872211156444646 7.514971501096772 -11.644835902949893 0.55 0.55 0.55
v -13.872211156444646 7.514971501096772 -11.644835902949893 0.55 0.55 0.55
v -13.41498356906 10.022572146588761 -11.216885993372026 0.55 0.55 0.55
v -11.680153706878848 10.793258796462814 -12.736242033627287 0.55 0.55 0.55
v -12.106404619233096 8.095174908676578 -13.259158900878155 0.55 0.55 0.55
v -12.106404619233096 8.095174908676578 -13.259158900878155 0.55 0.55 0.55
v -11.680153706878848 10.793258796462814 -12.736242033627287 0.55 0.55 0.55
v -10.024529055797254 10.00394464641041 -14.325476390229134 0.55 0.55 0.55
v -10.348538291989865 7.502807421530936 -14.862721165614818 0.55 0.55 0.55
v -10.348538291989865 7.502807421530936 -14.862721165614818 0.55 0.55 0.55
v -10.024529055797254 10.00394464641041 -14.325476390229134 0.55 0.55 0.55
v -7.9368801835536065 11.204486346004039 -15.249069516154377 0.55 0.55 0.55
v -8.209759723179662 8.403386290005646 -15.893424708232377 0.55 0.55 0.55
v -8.209759723179662 8.403386290005646 -15.893424708232377 0.0 0.0 0.0
v -7.9368801835536065 11.204486346004039 -15.249069516154377 0.0 0.0 0.0
v -5.771524698025985 12.507594145141006 -15.834343286775608 0.0 0.0 0.0
v -7.9368801835536065 11.204486346004039 -15.249069516154377 0.0 0.0 0.0
v -7.668012470931668 14.005483460754146 -14.602596670523582 0.0 0.0 0.0
v -5.771524698025985 12.507594145141006 -15.834343286775608 0.0 0.0 0.0
v -10.024529055797254 10.00394464641041 -14.325476390229134 0.55 0.55 0.55
v -9.700293953766716 12.505091244587023 -13.788396226518083 0.55 0.55 0.55
v -7.668012470931668 14.005483460754146 -14.602596670523582 0.55 0.55 0.55
v -7.9368801835536065 11.204486346004039 -15.249069516154377 0.55 0.55 0.55
v -11.680153706878848 10.793258796462814 -12.736242033627287 0.55 0.55 0.55
v -11.258297831142118 13.49126287643227 -12.209368581996353 0.55 0.55 0.55
v -9.700293953766716 12.505091244587023 -13.788396226518083 0.55 0.55 0.55
v -10.024529055797254 10.00394464641041 -14.325476390229134 0.55 0.55 0.55
v -13.41498356906 10.022572146588761 -11.216885993372026 0.55 0.55 0.55
v -12.954297423147551 12.530214245960591 -10.792920610859731 0.55 0.55 0.55
v -11.258297831142118 13.49126287643227 -12.209368581996353 0.55 0.55 0.55
v -11.680153706878848 10.793258796462814 -12.736242033627287 0.55 0.55 0.55
v -14.728981759085599 10.018302562263012 -9.418342595696272 0.55 0.55 0.55
v -14.228720793448751 12.523261669859574 -9.03634426395549 0.55 0.55 0.55
v -12.954297423147551 12.530214245960591 -10.792920610859731 0.55 0.55 0.55
v -13.41498356906 10.022572146588761 -11.216885993372026 0.55 0.55 0.55
v -15.757443055077683 10.412661978380083 -7.323779985935316 0.55 0.55 0.55
v -15.183074648616792 13.015724424403896 -7.017950753960309 0.55 0.55 0.55
v -14.228720793448751 12.523261669859574 -9.03634426395549 0.55 0.55 0.55
v -14.728981759085599 10.018302562263012 -9.418342595696272 0.55 0.55 0.55
v -16.677966041057754 10.011510045519126 -5.273882116439627 0.55 0.55 0.55
v -16.092686495116677 12.514504692987707 -5.051008717045455 0.55 0.55 0.55
v -15.183074648616792 13.015724424403896 -7.017950753960309 0.55 0.55 0.55
v -15.757443055077683 10.412661978380083 -7.323779985935316 0.55 0.55 0.55
v -17.02900952847027 10.786710969274035 -2.9835889888700966 0.55 0.55 0.55
v -16.367470486942825 13.483118140281977 -2.8547069716962037 0.55 0.55 0.55
v -16.092686495116677 12.514504692987707 -5.051008717045455 0.55 0.55 0.55
v -16.677966041057754 10.011510045519126 -5.273882116439627 0.55 0.55 0.55
v -17.185314583034433 11.115926880818849 -0.7267655301364939 0.55 0.55 0.55
v -16.492781698721174 13.894814219861876 -0.6822081987291346 0.55 0.55 0.55
v -16.367470486942825 13.483118140281977 -2.8547069716962037 0.55 0.55 0.55
v -17.02900952847027 10.786710969274035 -2.9835889888700966 0.55 0.55 0.55
v -17.251498829076738 10.694362948283688 1.524836919694198 0.55 0.55 0.55
v -16.586112270933064 13.367932949520489 1.463649415398209 0.55 0.55 0.55
v -16.492781698721174 13.894814219861876 -0.6822081987291346 0.55 0.55 0.55
v -17.185314583034433 11.115926880818849 -0.7267655301364939 0.55 0.55 0.55
v -17.030950842040006 10.100445962614513 3.891661531381603 0.55 0.55 0.55
v -16.422169358661517 12.630455680920194 3.7071088270944466 0.55 0.55 0.55
v -16.586112270933064 13.367932949520489 1.463649415398209 0.55 0.55 0.55
v -17.251498829076738 10.694362948283688 1.524836919694198 0.55 0.55 0.55
v -15.258329897409634 15.009478604653301 5.52661338791833 1.0 1.0 1.0
v -16.422169358661517 12.630455680920194 3.7071088270944466 1.0 1.0 1.0
v -17.030950842040006 10.100445962614513 3.891661531381603 1.0 1.0 1.0
v -15.258329897409634 15.009478604653301 5.52661338791833 1.0 1.0 1.0
v -15.817478809555165 15.1593031846912 3.4951587721446935 1.0 1.0 1.0
v -16.422169358661517 12.630455680920194 3.7071088270944466 1.0 1.0 1.0
v -16.422169358661517 12.630455680920194 3.7071088270944466 0.55 0.55 0.55
v -15.817478809555165 15.1593031846912 3.4951587721446935 0.55 0.55 0.55
v -15.920748788185291 16.041497654981963 1.402019585325859 0.55 0.55 0.55
v -16.586112270933064 13.367932949520489 1.463649415398209 0.55 0.55 0.55
v -16.586112270933064 13.367932949520489 1.463649415398209 0.55 0.55 0.55
v -15.920748788185291 16.041497654981963 1.402019585325859 0.55 0.55 0.55
v -15.800192533664674 16.6737015423269 -0.6387971705918494 0.55 0.55 0.55
v -16.492781698721174 13.894814219861876 -0.6822081987291346 0.55 0.55 0.55
v -16.492781698721174 13.894814219861876 -0.6822081987291346 0.55 0.55 0.55
v -15.800192533664674 16.6737015423269 -0.6387971705918494 0.55 0.55 0.55
v -15.707715240710074 16.179370137053088 -2.714063575862025 0.55 0.55 0.55
v -16.367470486942825 13.483118140281977 -2.8547069716962037 0.55 0.55 0.55
v -16.367470486942825 13.483118140281977 -2.8547069716962037 0.55 0.55 0.55
v -15.707715240710074 16.179370137053088 -2.714063575862025 0.55 0.55 0.55
v -15.510684576093757 15.017184280686871 -4.816306451377704 0.55 0.55 0.55
v -16.092686495116677 12.514504692987707 -5.051008717045455 0.55 0.55 0.55
v -16.092686495116677 12.514504692987707 -5.051008717045455 0.55 0.55 0.55
v -15.510684576093757 15.017184280686871 -4.816306451377704 0.55 0.55 0.55
v -14.611082492634745 15.618719892935289 -6.707136535672221 0.55 0.55 0.55
v -15.183074648616792 13.015724424403896 -7.017950753960309 0.55 0.55 0.55
v -15.183074648616792 13.015724424403896 -7.017950753960309 0.55 0.55 0.55
v -14.611082492634745 15.618719892935289 -6.707136535672221 0.55 0.55 0.55
v -13.735880705822654 15.02772331153961 -8.641641954131778 0.55 0.55 0.55
v -14.228720793448751 12.523261669859574 -9.03634426395549 0.55 0.55 0.55
v -14.228720793448751 12.523261669859574 -9.03634426395549 0.55 0.55 0.55
v -13.735880705822654 15.02772331153961 -8.641641954131778 0.55 0.55 0.55
v -12.491599009679888 15.037879983300597 -10.371263719933527 0.55 0.55 0.55
v -12.954297423147551 12.530214245960591 -10.792920610859731 0.55 0.55 0.55
v -12.954297423147551 12.530214245960591 -10.792920610859731 0.55 0.55 0.55
v -12.491599009679888 15.037879983300597 -10.371263719933527 0.55 0.55 0.55
v -10.844500625963533 16.189085270672805 -11.675252407691636 0.55 0.55 0.55
v -11.258297831142118 13.49126287643227 -12.209368581996353 0.55 0.55 0.55
v -11.258297831142118 13.49126287643227 -12.209368581996353 0.55 0.55 0.55
v -10.844500625963533 16.189085270672805 -11.675252407691636 0.55 0.55 0.55
v -9.376370245237597 15.00622773679495 -13.251088254865559 0.55 0.55 0.55
v -9.700293953766716 12.505091244587023 -13.788396226518083 0.55 0.55 0.55
v -9.700293953766716 12.505091244587023 -13.788396226518083 0.55 0.55 0.55
v -9.376370245237597 15.00622773679495 -13.251088254865559 0.55 0.55 0.55
v -7.400854942424178 16.80635446635842 -13.95483425720666 0.55 0.55 0.55
v -7.668012470931668 14.005483460754146 -14.602596670523582 0.55 0.55 0.55
v -7.668012470931668 14.005483460754146 -14.602596670523582 0.55 0.55 0.55
v -7.400854942424178 16.80635446635842 -13.95483425720666 0.55 0.55 0.55
v -5.612532065443025 15.008942533080669 -15.228096620680889 0.55 0.55 0.55
v -5.771524698025985 12.507594145141006 -15.834343286775608 0.55 0.55 0.55
v -5.771524698025985 12.507594145141006 -15.834343286775608 0.55 0.55 0.55
v -5.612532065443025 15.008942533080669 -15.228096620680889 0.55 0.55 0.55
v -3.7047333640893654 10.735769979399304 -16.90154076982812 0.55 0.55 0.55
v -3.806205972644288 8.052449250210998 -17.566845425307484 0.55 0.55 0.55
v -3.806205972644288 8.052449250210998 -17.566845425307484 0.55 0.55 0.55
v -3.7047333640893654 10.735769979399304 -16.90154076982812 0.55 0.55 0.55
v -1.4330200712117314 10.013694767568888 -17.42937759673054 0.55 0.55 0.55
v -1.4327199668381145 7.510059326505721 -18.055448503184042 0.55 0.55 0.55
v -1.4327199668381145 7.510059326505721 -18.055448503184042 0.55 0.55 0.55
v -1.4330200712117314 10.013694767568888 -17.42937759673054 0.55 0.55 0.55
v 0.829188055785026 10.378206302508008 -17.364713029275897 0.55 0.55 0.55
v 0.917038895864061 7.783866417180524 -18.008982164512016 0.55 0.55 0.55
v 0.917038895864061 7.783866417180524 -18.008982164512016 0.55 0.55 0.55
v 0.829188055785026 10.378206302508008 -17.364713029275897 0.55 0.55 0.55
v 3.1121423443600853 10.382281335159504 -17.1120310348092 0.55 0.55 0.55
v 3.2800066696369226 7.7869674314453805 -17.74226853301495 0.55 0.55 0.55
v 3.2800066696369226 7.7869674314453805 -17.74226853301495 0.55 0.55 0.55
v 3.1121423443600853 10.382281335159504 -17.1120310348092 0.55 0.55 0.55
v 5.46306521172626 10.095329958508128 -16.604984424893306 0.55 0.55 0.55
v 5.725193641787527 7.566765838658034 -17.183822613880892 0.55 0.55 0.55
v 5.725193641787527 7.566765838658034 -17.183822613880892 0.55 0.55 0.55
v 5.46306521172626 10.095329958508128 -16.604984424893306 0.55 0.55 0.55
v 7.567133180425362 10.037433763660102 -15.752709744175336 0.55 0.55 0.55
v 7.891183081344461 7.5264391222942795 -16.2934445304715 0.55 0.55 0.55
v 7.891183081344461 7.5264391222942795 -16.2934445304715 0.55 0.55 0.55
v 7.567133180425362 10.037433763660102 -15.752709744175336 0.55 0.55 0.55
v 9.493775028048073 10.28781160678058 -14.603481380893465 0.55 0.55 0.55
v 9.873538439098535 7.715316670287265 -15.123929066404537 0.55 0.55 0.55
v 9.873538439098535 7.715316670287265 -15.123929066404537 0.55 0.55 0.55
v 9.493775028048073 10.28781160678058 -14.603481380893465 0.55 0.55 0.55
v 10.935042430426487 12.071641490122996 -12.980759430592594 0.55 0.55 0.55
v 11.503015194900817 9.054320417583618 -13.482809339878886 0.55 0.55 0.55
v 11.503015194900817 9.054320417583618 -13.482809339878886 0.0 0.0 0.0
v 10.935042430426487 12.071641490122996 -12.980759430592594 0.0 0.0 0.0
v 12.327184188112057 12.60797429419513 -11.461612366960123 0.0 0.0 0.0
v 10.935042430426487 12.071641490122996 -12.980759430592594 0.0 0.0 0.0
v 10.373201605719895 15.085245401542357 -12.474404555279971 0.0 0.0 0.0
v 12.327184188112057 12.60797429419513 -11.461612366960123 0.0 0.0 0.0
v 9.493775028048073 10.28781160678058 -14.603481380893465 0.55 0.55 0.55
v 9.128515026941113 12.860615249026305 -14.074530751739806 0.55 0.55 0.55
v 10.373201605719895 15.085245401542357 -12.474404555279971 0.55 0.55 0.55
v 10.935042430426487 12.071641490122996 -12.980759430592594 0.55 0.55 0.55
v 7.567133180425362 10.037433763660102 -15.752709744175336 0.55 0.55 0.55
v 7.22782445428285 12.547546473323703 -15.217218078328125 0.55 0.55 0.55
v 9.128515026941113 12.860615249026305 -14.074530751739806 0.55 0.55 0.55
v 9.493775028048073 10.28781160678058 -14.603481380893465 0.55 0.55 0.55
v 5.46306521172626 10.095329958508128 -16.604984424893306 0.55 0.55 0.55
v 5.161243290933234 12.62121039587143 -16.033728074075675 0.55 0.55 0.55
v 7.22782445428285 12.547546473323703 -15.217218078328125 0.55 0.55 0.55
v 7.567133180425362 10.037433763660102 -15.752709744175336 0.55 0.55 0.55
v 3.1121423443600853 10.382281335159504 -17.1120310348092 0.55 0.55 0.55
v 2.9385802738834954 12.97743300611696 -16.482679687000637 0.55 0.55 0.55
v 5.161243290933234 12.62121039587143 -16.033728074075675 0.55 0.55 0.55
v 5.46306521172626 10.095329958508128 -16.604984424893306 0.55 0.55 0.55
v 0.829188055785026 10.378206302508008 -17.364713029275897 0.55 0.55 0.55
v 0.7381057562729817 12.972476551500765 -16.720620046936748 0.55 0.55 0.55
v 2.9385802738834954 12.97743300611696 -16.482679687000637 0.55 0.55 0.55
v 3.1121423443600853 10.382281335159504 -17.1120310348092 0.55 0.55 0.55
v -1.4330200712117314 10.013694767568888 -17.42937759673054 0.55 0.55 0.55
v -1.4451621988462615 12.516912266224914 -16.801759481153425 0.55 0.55 0.55
v 0.7381057562729817 12.972476551500765 -16.720620046936748 0.55 0.55 0.55
v 0.829188055785026 10.378206302508008 -17.364713029275897 0.55 0.55 0.55
v -3.7047333640893654 10.735769979399304 -16.90154076982812 0.55 0.55 0.55
v -3.608476059581227 13.418965046781905 -16.2349621044014 0.55 0.55 0.55
v -1.4451621988462615 12.516912266224914 -16.801759481153425 0.55 0.55 0.55
v -1.4330200712117314 10.013694767568888 -17.42937759673054 0.55 0.55 0.55
v -5.612532065443025 15.008942533080669 -15.228096620680889 1.0 1.0 1.0
v -3.608476059581227 13.418965046781905 -16.2349621044014 1.0 1.0 1.0
v -3.7047333640893654 10.735769979399304 -16.90154076982812 1.0 1.0 1.0
v -5.612532065443025 15.008942533080669 -15.228096620680889 1.0 1.0 1.0
v -3.523130243232543 16.101863337464906 -15.565726634726193 1.0 1.0 1.0
v -3.608476059581227 13.418965046781905 -16.2349621044014 1.0 1.0 1.0
v -3.608476059581227 13.418965046781905 -16.2349621044014 0.55 0.55 0.55
v -3.523130243232543 16.101863337464906 -15.565726634726193 0.55 0.55 0.55
v -1.467054869947687 15.019738957771358 -16.17282482315303 0.55 0.55 0.55
v -1.4451621988462615 12.516912266224914 -16.801759481153425 0.55 0.55 0.55
v -1.4451621988462615 12.516912266224914 -16.801759481153425 0.55 0.55 0.55
v -1.467054869947687 15.019738957771358 -16.17282482315303 0.55 0.55 0.55
v 0.6435146581992738 15.566663560865456 -16.076720268071345 0.55 0.55 0.55
v 0.7381057562729817 12.972476551500765 -16.720620046936748 0.55 0.55 0.55
v 0.7381057562729817 12.972476551500765 -16.720620046936748 0.55 0.55 0.55
v 0.6435146581992738 15.566663560865456 -16.076720268071345 0.55 0.55 0.55
v 2.75187382857423 15.572159909507453 -15.855385328533101 0.55 0.55 0.55
v 2.9385802738834954 12.97743300611696 -16.482679687000637 0.55 0.55 0.55
v 2.9385802738834954 12.97743300611696 -16.482679687000637 0.55 0.55 0.55
v 2.75187382857423 15.572159909507453 -15.855385328533101 0.55 0.55 0.55
v 4.822857229850043 15.144200722389167 -15.470261451161141 0.55 0.55 0.55
v 5.161243290933234 12.62121039587143 -16.033728074075675 0.55 0.55 0.55
v 5.161243290933234 12.62121039587143 -16.033728074075675 0.55 0.55 0.55
v 4.822857229850043 15.144200722389167 -15.470261451161141 0.55 0.55 0.55
v 6.8892261173364835 15.057308440727036 -14.6796374166624 0.55 0.55 0.55
v 7.22782445428285 12.547546473323703 -15.217218078328125 0.55 0.55 0.55
v 7.22782445428285 12.547546473323703 -15.217218078328125 0.55 0.55 0.55
v 6.8892261173364835 15.057308440727036 -14.6796374166624 0.55 0.55 0.55
v 8.850769101568948 15.432588610399778 -13.493247119653748 0.55 0.55 0.55
v 9.128515026941113 12.860615249026305 -14.074530751739806 0.55 0.55 0.55
v 10.373201605719895 15.085245401542357 -12.474404555279971 1.0 0.0 0.0
v 9.128515026941113 12.860615249026305 -14.074530751739806 1.0 0.0 0.0
v 8.850769101568948 15.432588610399778 -13.493247119653748 1.0 0.0 0.0
v 11.606506752059644 15.102405452765417 -11.319615998421407 1.0 0.0 0.0
v 12.327184188112057 12.60797429419513 -11.461612366960123 1.0 0.0 0.0
v 12.327184188112057 12.60797429419513 -11.461612366960123 0.55 0.55 0.55
v 11.606506752059644 15.102405452765417 -11.319615998421407 0.55 0.55 0.55
v 14.395959441739919 10.039637343835757 -9.918606020867102 0.55 0.55 0.55
v 14.979350364861263 7.531441252825204 -10.182202993356853 0.55 0.55 0.55
v 14.979350364861263 7.531441252825204 -10.182202993356853 0.55 0.55 0.55
v 14.395959441739919 10.039637343835757 -9.918606020867102 0.55 0.55 0.55
v 15.608534839747426 10.015231637308414 -7.874844016041899 0.55 0.55 0.55
v 16.19947751050501 7.512002421928173 -8.08844227363725 0.55 0.55 0.55
v 16.19947751050501 7.512002421928173 -8.08844227363725 0.55 0.55 0.55
v 15.608534839747426 10.015231637308414 -7.874844016041899 0.55 0.55 0.55
v 16.54088140261418 10.001408830010227 -5.653479839712583 0.55 0.55 0.55
v 17.139735544107708 7.501150421216176 -5.832957222078686 0.55 0.55 0.55
v 17.139735544107708 7.501150421216176 -5.832957222078686 0.55 0.55 0.55
v 16.54088140261418 10.001408830010227 -5.653479839712583 0.55 0.55 0.55
v 17.179648898005908 10.000586536460522 -3.305849581456222 0.55 0.55 0.55
v 17.78775563261065 7.50061089570306 -3.4606652983784736 0.55 0.55 0.55
v 17.78775563261065 7.50061089570306 -3.4606652983784736 0.55 0.55 0.55
v 17.179648898005908 10.000586536460522 -3.305849581456222 0.55 0.55 0.55
v 17.255848932377383 10.817284831907125 -0.8107554029741086 0.55 0.55 0.55
v 17.923928070800706 8.113905156626064 -0.9688317191628942 0.55 0.55 0.55
v 17.450906918963305 10.19634511082492 0.00013848228886743832 1.0 1.0 0.0
v 17.923928070800706 8.113905156626064 -0.9688317191628942 1.0 1.0 0.0
v 17.255848932377383 10.817284831907125 -0.8107554029741086 1.0 1.0 0.0
v 16.69263330076976 12.503662734538976 2.32864138359324 1.0 1.0 0.0
v 17.255848932377383 10.817284831907125 -0.8107554029741086 0.0 0.0 0.0
v 16.588027317956755 13.520474128401254 -0.6484061217065663 0.0 0.0 0.0
v 16.69263330076976 12.503662734538976 2.32864138359324 0.0 0.0 0.0
v 17.179648898005908 10.000586536460522 -3.305849581456222 0.55 0.55 0.55
v 16.571157519543394 12.500621448585461 -3.153526122026894 0.55 0.55 0.55
v 16.588027317956755 13.520474128401254 -0.6484061217065663 0.55 0.55 0.55
v 17.255848932377383 10.817284831907125 -0.8107554029741086 0.55 0.55 0.55
v 16.54088140261418 10.001408830010227 -5.653479839712583 0.55 0.55 0.55
v 15.937052588839265 12.501440906098475 -5.4880734276437355 0.55 0.55 0.55
v 16.571157519543394 12.500621448585461 -3.153526122026894 0.55 0.55 0.55
v 17.179648898005908 10.000586536460522 -3.305849581456222 0.55 0.55 0.55
v 15.608534839747426 10.015231637308414 -7.874844016041899 0.55 0.55 0.55
v 15.003260209680734 12.517329646866452 -7.690101760747475 0.55 0.55 0.55
v 15.937052588839265 12.501440906098475 -5.4880734276437355 0.55 0.55 0.55
v 16.54088140261418 10.001408830010227 -5.653479839712583 0.55 0.55 0.55
v 14.395959441739919 10.039637343835757 -9.918606020867102 0.55 0.55 0.55
v 13.780578340025988 12.544346374444226 -9.698599728505075 0.55 0.55 0.55
v 15.003260209680734 12.517329646866452 -7.690101760747475 0.55 0.55 0.55
v 15.608534839747426 10.015231637308414 -7.874844016041899 0.55 0.55 0.55
v 11.606506752059644 15.102405452765417 -11.319615998421407 1.0 1.0 1.0
v 13.780578340025988 12.544346374444226 -9.698599728505075 1.0 1.0 1.0
v 14.395959441739919 10.039637343835757 -9.918606020867102 1.0 1.0 1.0
v 11.606506752059644 15.102405452765417 -11.319615998421407 1.0 1.0 1.0
v 13.120886571796083 15.042359588059423 -9.539860082564642 1.0 1.0 1.0
v 13.780578340025988 12.544346374444226 -9.698599728505075 1.0 1.0 1.0
v 13.780578340025988 12.544346374444226 -9.698599728505075 0.55 0.55 0.55
v 13.120886571796083 15.042359588059423 -9.539860082564642 0.55 0.55 0.55
v 14.383401136404865 15.017886909609626 -7.5351693478872 0.55 0.55 0.55
v 15.003260209680734 12.517329646866452 -7.690101760747475 0.55 0.55 0.55
v 15.003260209680734 12.517329646866452 -7.690101760747475 0.55 0.55 0.55
v 14.383401136404865 15.017886909609626 -7.5351693478872 0.55 0.55 0.55
v 15.32855032253086 15.001184126295865 -5.335942594428593 0.55 0.55 0.55
v 15.937052588839265 12.501440906098475 -5.4880734276437355 0.55 0.55 0.55
v 15.937052588839265 12.501440906098475 -5.4880734276437355 0.55 0.55 0.55
v 15.32855032253086 15.001184126295865 -5.335942594428593 0.55 0.55 0.55
v 15.962147015031627 15.000733088262994 -3.00457168485499 0.55 0.55 0.55
v 16.571157519543394 12.500621448585461 -3.153526122026894 0.55 0.55 0.55
v 16.571157519543394 12.500621448585461 -3.153526122026894 0.55 0.55 0.55
v 15.962147015031627 15.000733088262994 -3.00457168485499 0.55 0.55 0.55
v 15.920239033116049 16.223638685835144 -0.485504329176989 0.55 0.55 0.55
v 16.588027317956755 13.520474128401254 -0.6484061217065663 0.55 0.55 0.55
v 16.588027317956755 13.520474128401254 -0.6484061217065663 0.55 0.55 0.55
v 15.920239033116049 16.223638685835144 -0.485504329176989 0.55 0.55 0.55
v 16.08371308552255 15.004327848529185 2.180490437480244 0.55 0.55 0.55
v 16.69263330076976 12.503662734538976 2.32864138359324 0.55 0.55 0.55
v 16.08371308552255 15.004327848529185 2.180490437480244 0.55 0.55 0.55
v 15.474655678370935 17.50499929184076 2.033010879762964 0.55 0.55 0.55
v 14.982884532014525 17.500551038699868 4.412709344232549 0.55 0.55 0.55
v 15.590069679733237 15.000417885991805 4.558256855867375 0.55 0.55 0.55
v 15.590069679733237 15.000417885991805 4.558256855867375 0.55 0.55 0.55
v 14.982884532014525 17.500551038699868 4.412709344232549 0.55 0.55 0.55
v 14.113253814813906 17.507775410962697 6.657921228272845 0.55 0.55 0.55
v 14.735822793401107 15.008725385296607 6.800649088922293 0.55 0.55 0.55
v 14.735822793401107 15.008725385296607 6.800649088922293 0.55 0.55 0.55
v 14.113253814813906 17.507775410962697 6.657921228272845 0.55 0.55 0.55
v 12.926144362937585 17.531095581046966 8.748691202892054 0.55 0.55 0.55
v 13.585402166674129 15.03496471143097 8.883066424081484 0.55 0.55 0.55
v 13.585402166674129 15.03496471143097 8.883066424081484 0.0 0.0 0.0
v 12.926144362937585 17.531095581046966 8.748691202892054 0.0 0.0 0.0
v 12.148804818529733 15.074492307824574 10.740685375734683 0.0 0.0 0.0
v 12.926144362937585 17.531095581046966 8.748691202892054 0.0 0.0 0.0
v 12.268120477166603 20.026399291880402 8.594273149532262 0.0 0.0 0.0
v 12.148804818529733 15.074492307824574 10.740685375734683 0.0 0.0 0.0
v 14.113253814813906 17.507775410962697 6.657921228272845 0.55 0.55 0.55
v 13.491194537505633 20.006866785745135 6.5136627458528995 0.55 0.55 0.55
v 12.268120477166603 20.026399291880402 8.594273149532262 0.55 0.55 0.55
v 12.926144362937585 17.531095581046966 8.748691202892054 0.55 0.55 0.55
v 14.982884532014525 17.500551038699868 4.412709344232549 0.55 0.55 0.55
v 14.375538651059482 20.00067387830592 4.267654702636756 0.55 0.55 0.55
v 13.491194537505633 20.006866785745135 6.5136627458528995 0.55 0.55 0.55
v 14.113253814813906 17.507775410962697 6.657921228272845 0.55 0.55 0.55
v 15.474655678370935 17.50499929184076 2.033010879762964 0.55 0.55 0.55
v 14.865606058827561 20.00562417531984 1.8847143413414174 0.55 0.55 0.55
v 14.375538651059482 20.00067387830592 4.267654702636756 0.55 0.55 0.55
v 14.982884532014525 17.500551038699868 4.412709344232549 0.55 0.55 0.55
v 15.920239033116049 16.223638685835144 -0.485504329176989 1.0 1.0 1.0
v 15.474655678370935 17.50499929184076 2.033010879762964 1.0 1.0 1.0
v 16.08371308552255 15.004327848529185 2.180490437480244 1.0 1.0 1.0
v 15.920239033116049 16.223638685835144 -0.485504329176989 1.0 1.0 1.0
v 14.865606058827561 20.00562417531984 1.8847143413414174 1.0 1.0 1.0
v 15.474655678370935 17.50499929184076 2.033010879762964 1.0 1.0 1.0
v 14.865606058827561 20.00562417531984 1.8847143413414174 0.55 0.55 0.55
v 14.256634314642637 22.506159435241994 1.734596717955789 0.55 0.55 0.55
v 13.768731772393082 22.500792050904227 4.120283558709688 0.55 0.55 0.55
v 14.375538651059482 20.00067387830592 4.267654702636756 0.55 0.55 0.55
v 14.375538651059482 20.00067387830592 4.267654702636756 0.55 0.55 0.55
v 13.768731772393082 22.500792050904227 4.120283558709688 0.55 0.55 0.55
v 12.871503150010035 22.506206664643358 6.36361705866493 0.55 0.55 0.55
v 13.491194537505633 20.006866785745135 6.5136627458528995 0.55 0.55 0.55
v 13.491194537505633 20.006866785745135 6.5136627458528995 0.55 0.55 0.55
v 12.871503150010035 22.506206664643358 6.36361705866493 0.55 0.55 0.55
v 11.618701467907956 22.523072170001377 8.426066708880153 0.55 0.55 0.55
v 12.268120477166603 20.026399291880402 8.594273149532262 0.55 0.55 0.55
v 12.268120477166603 20.026399291880402 8.594273149532262 0.55 0.55 0.55
v 11.618701467907956 22.523072170001377 8.426066708880153 0.55 0.55 0.55
v 11.393373569624785 17.55609743896307 10.646959544663938 0.55 0.55 0.55
v 12.148804818529733 15.074492307824574 10.740685375734683 0.55 0.55 0.55
v 12.148804818529733 15.074492307824574 10.740685375734683 0.55 0.55 0.55
v 11.393373569624785 17.55609743896307 10.646959544663938 0.55 0.55 0.55
v 10.765376108785807 15.64626925190546 11.929894500934658 0.55 0.55 0.55
v 11.364356417732811 12.57474433726308 12.422107349913912 0.55 0.55 0.55
v 11.364356417732811 12.57474433726308 12.422107349913912 0.55 0.55 0.55
v 10.765376108785807 15.64626925190546 11.929894500934658 0.55 0.55 0.55
v 9.04360077614812 18.94865185081791 12.274417760004932 0.55 0.55 0.55
v 9.535477934040353 16.23973128541583 12.752585134836533 0.55 0.55 0.55
v 9.535477934040353 16.23973128541583 12.752585134836533 0.55 0.55 0.55
v 9.04360077614812 18.94865185081791 12.274417760004932 0.55 0.55 0.55
v 7.212631937630428 17.554075816890933 13.836613359246067 0.55 0.55 0.55
v 7.579543827398064 15.047120595185413 14.356916943259614 0.55 0.55 0.55
v 7.579543827398064 15.047120595185413 14.356916943259614 0.55 0.55 0.55
v 7.212631937630428 17.554075816890933 13.836613359246067 0.55 0.55 0.55
v 5.137187008191581 17.61134208759596 14.697733857361152 0.55 0.55 0.55
v 5.534946999818235 15.099994764534234 15.231258988893122 0.55 0.55 0.55
v 5.534946999818235 15.099994764534234 15.231258988893122 0.0 0.0 0.0
v 5.137187008191581 17.61134208759596 14.697733857361152 0.0 0.0 0.0
v 3.418300168598726 16.105127275398722 15.591145022075025 0.0 0.0 0.0
v 5.137187008191581 17.61134208759596 14.697733857361152 0.0 0.0 0.0
v 4.60093865833458 20.106617195121718 14.216130065873768 0.0 0.0 0.0
v 3.418300168598726 16.105127275398722 15.591145022075025 0.0 0.0 0.0
v 7.212631937630428 17.554075816890933 13.836613359246067 1.0 1.0 1.0
v 4.60093865833458 20.106617195121718 14.216130065873768 1.0 1.0 1.0
v 5.137187008191581 17.61134208759596 14.697733857361152 1.0 1.0 1.0
v 7.212631937630428 17.554075816890933 13.836613359246067 1.0 1.0 1.0
v 3.769263725991312 22.535914307672975 13.83177565497184 1.0 1.0 1.0
v 4.60093865833458 20.106617195121718 14.216130065873768 1.0 1.0 1.0
v 4.60093865833458 20.106617195121718 14.216130065873768 0.55 0.55 0.55
v 3.769263725991312 22.535914307672975 13.83177565497184 0.55 0.55 0.55
v 3.139676979150324 18.78699906446306 14.970587261203605 0.55 0.55 0.55
v 3.418300168598726 16.105127275398722 15.591145022075025 0.55 0.55 0.55
v 3.418300168598726 16.105127275398722 15.591145022075025 0.55 0.55 0.55
v 3.139676979150324 18.78699906446306 14.970587261203605 0.55 0.55 0.55
v 1.2270109798118587 18.473916207741723 15.321192146333608 0.55 0.55 0.55
v 1.354930510389229 15.835435337523567 15.974600110594544 0.55 0.55 0.55
v 1.354930510389229 15.835435337523567 15.974600110594544 0.55 0.55 0.55
v 1.2270109798118587 18.473916207741723 15.321192146333608 0.55 0.55 0.55
v -0.7704419751205411 17.508552803089465 15.585460050445556 0.55 0.55 0.55
v -0.7317279566049532 15.007587736151946 16.21232356958349 0.55 0.55 0.55
v -0.7317279566049532 15.007587736151946 16.21232356958349 0.0 0.0 0.0
v -0.7704419751205411 17.508552803089465 15.585460050445556 0.0 0.0 0.0
v -2.8350916411717857 15.841973540677653 15.77536892896623 0.0 0.0 0.0
v -0.7704419751205411 17.508552803089465 15.585460050445556 0.0 0.0 0.0
v -0.8047198867332123 20.009608046579082 14.958696622710367 0.0 0.0 0.0
v -2.8350916411717857 15.841973540677653 15.77536892896623 0.0 0.0 0.0
v 1.2270109798118587 18.473916207741723 15.321192146333608 1.0 1.0 1.0
v -0.8047198867332123 20.009608046579082 14.958696622710367 1.0 1.0 1.0
v -0.7704419751205411 17.508552803089465 15.585460050445556 1.0 1.0 1.0
v 1.2270109798118587 18.473916207741723 15.321192146333608 1.0 1.0 1.0
v -0.8491075838811715 22.51031620415671 14.331354177132235 1.0 1.0 1.0
v -0.8047198867332123 20.009608046579082 14.958696622710367 1.0 1.0 1.0
v -0.8047198867332123 20.009608046579082 14.958696622710367 0.55 0.55 0.55
v -0.8491075838811715 22.51031620415671 14.331354177132235 0.55 0.55 0.55
v -2.789924522002773 18.481832203432482 15.115220906724822 0.55 0.55 0.55
v -2.8350916411717857 15.841973540677653 15.77536892896623 0.55 0.55 0.55
v -2.8350916411717857 15.841973540677653 15.77536892896623 0.55 0.55 0.55
v -2.789924522002773 18.481832203432482 15.115220906724822 0.55 0.55 0.55
v -4.771588031218944 17.507624927136124 14.865767809745439 0.55 0.55 0.55
v -4.918510207594436 15.006368968935819 15.476534999320238 0.55 0.55 0.55
v -4.918510207594436 15.006368968935819 15.476534999320238 0.55 0.55 0.55
v -4.771588031218944 17.507624927136124 14.865767809745439 0.55 0.55 0.55
v -6.641260373886947 18.1660950911213 13.938606599125853 0.55 0.55 0.55
v -6.858947363026274 15.571251992639914 14.552392853582017 0.55 0.55 0.55
v -6.858947363026274 15.571251992639914 14.552392853582017 0.55 0.55 0.55
v -6.641260373886947 18.1660950911213 13.938606599125853 0.55 0.55 0.55
v -8.443206727703366 17.54577347832919 13.120843733804568 0.55 0.55 0.55
v -8.75954454748265 15.03746724080824 13.66136918966939 0.55 0.55 0.55
v -8.75954454748265 15.03746724080824 13.66136918966939 0.55 0.55 0.55
v -8.443206727703366 17.54577347832919 13.120843733804568 0.55 0.55 0.55
v -10.141502905976015 17.52599861597344 11.862697852334746 0.55 0.55 0.55
v -10.483284564573877 15.022898425937758 12.396274244943074 0.55 0.55 0.55
v -10.483284564573877 15.022898425937758 12.396274244943074 0.55 0.55 0.55
v -10.141502905976015 17.52599861597344 11.862697852334746 0.55 0.55 0.55
v -11.343210193996896 18.92049451089008 10.195260973327443 0.55 0.55 0.55
v -11.80733503360717 16.217776595155495 10.688101912193531 0.55 0.55 0.55
v -11.80733503360717 16.217776595155495 10.688101912193531 0.55 0.55 0.55
v -11.343210193996896 18.92049451089008 10.195260973327443 0.55 0.55 0.55
v -12.855175225083823 17.51438593654949 8.85767547673703 0.55 0.55 0.55
v -13.33116868883036 15.012773522985178 9.267013904750199 0.55 0.55 0.55
v -13.33116868883036 15.012773522985178 9.267013904750199 0.55 0.55 0.55
v -12.855175225083823 17.51438593654949 8.85767547673703 0.55 0.55 0.55
v -13.582209509841263 18.947125079535084 6.938664988467554 0.55 0.55 0.55
v -14.155165085332616 16.241341022608857 7.30747243880865 0.55 0.55 0.55
v -14.155165085332616 16.241341022608857 7.30747243880865 0.55 0.55 0.55
v -13.582209509841263 18.947125079535084 6.938664988467554 0.55 0.55 0.55
v -14.684511628614912 17.511061773021243 5.27657629502533 0.55 0.55 0.55
v -15.258329897409634 15.009478604653301 5.52661338791833 0.55 0.55 0.55
v -15.258329897409634 15.009478604653301 5.52661338791833 0.55 0.55 0.55
v -14.684511628614912 17.511061773021243 5.27657629502533 0.55 0.55 0.55
v -15.216295538592913 17.686998393705185 3.2607791025610675 0.55 0.55 0.55
v -15.817478809555165 15.1593031846912 3.4951587721446935 0.55 0.55 0.55
v -15.817478809555165 15.1593031846912 3.4951587721446935 0.55 0.55 0.55
v -15.216295538592913 17.686998393705185 3.2607791025610675 0.55 0.55 0.55
v -15.255372357409787 18.715068097641815 1.3406234413692435 0.55 0.55 0.55
v -15.920748788185291 16.041497654981963 1.402019585325859 0.55 0.55 0.55
v -15.920748788185291 16.041497654981963 1.402019585325859 0.55 0.55 0.55
v -15.255372357409787 18.715068097641815 1.3406234413692435 0.55 0.55 0.55
v -15.10742183261199 19.452589355087955 -0.5990782922559934 0.55 0.55 0.55
v -15.800192533664674 16.6737015423269 -0.6387971705918494 0.55 0.55 0.55
v -15.800192533664674 16.6737015423269 -0.6387971705918494 0.55 0.55 0.55
v -15.10742183261199 19.452589355087955 -0.5990782922559934 0.55 0.55 0.55
v -15.051330957204264 18.87520343452536 -2.551407512700674 0.55 0.55 0.55
v -15.707715240710074 16.179370137053088 -2.714063575862025 0.55 0.55 0.55
v -15.707715240710074 16.179370137053088 -2.714063575862025 0.55 0.55 0.55
v -15.051330957204264 18.87520343452536 -2.551407512700674 0.55 0.55 0.55
v -14.932008885991422 17.519537872785968 -4.570111271731448 0.55 0.55 0.55
v -15.510684576093757 15.017184280686871 -4.816306451377704 0.55 0.55 0.55
v -15.510684576093757 15.017184280686871 -4.816306451377704 0.55 0.55 0.55
v -14.932008885991422 17.519537872785968 -4.570111271731448 0.55 0.55 0.55
v -14.042531593595408 18.221592234867718 -6.3891182154322825 0.55 0.55 0.55
v -14.611082492634745 15.618719892935289 -6.707136535672221 0.55 0.55 0.55
v -14.611082492634745 15.618719892935289 -6.707136535672221 0.55 0.55 0.55
v -14.042531593595408 18.221592234867718 -6.3891182154322825 0.55 0.55 0.55
v -13.249985605697164 17.531631076411063 -8.234989284215443 0.55 0.55 0.55
v -13.735880705822654 15.02772331153961 -8.641641954131778 0.55 0.55 0.55
v -13.735880705822654 15.02772331153961 -8.641641954131778 0.55 0.55 0.55
v -13.249985605697164 17.531631076411063 -8.234989284215443 0.55 0.55 0.55
v -12.028858216385203 17.54555247289718 -9.949660668028434 0.55 0.55 0.55
v -12.491599009679888 15.037879983300597 -10.371263719933527 0.55 0.55 0.55
v -12.491599009679888 15.037879983300597 -10.371263719933527 0.55 0.55 0.55
v -12.028858216385203 17.54555247289718 -9.949660668028434 0.55 0.55 0.55
v -10.44351240265013 18.886532691757992 -11.129653263215246 0.55 0.55 0.55
v -10.844500625963533 16.189085270672805 -11.675252407691636 0.55 0.55 0.55
v -10.844500625963533 16.189085270672805 -11.675252407691636 0.55 0.55 0.55
v -10.44351240265013 18.886532691757992 -11.129653263215246 0.55 0.55 0.55
v -9.054081412959075 17.507318309915487 -12.712582038657555 0.55 0.55 0.55
v -9.376370245237597 15.00622773679495 -13.251088254865559 0.55 0.55 0.55
v -9.376370245237597 15.00622773679495 -13.251088254865559 0.55 0.55 0.55
v -9.054081412959075 17.507318309915487 -12.712582038657555 0.55 0.55 0.55
v -7.136390409189063 19.60669713578698 -13.303679415172123 0.55 0.55 0.55
v -7.400854942424178 16.80635446635842 -13.95483425720666 0.55 0.55 0.55
v -7.400854942424178 16.80635446635842 -13.95483425720666 0.55 0.55 0.55
v -7.136390409189063 19.60669713578698 -13.303679415172123 0.55 0.55 0.55
v -5.4573089708234885 17.51016505750634 -14.620389224770856 0.55 0.55 0.55
v -5.612532065443025 15.008942533080669 -15.228096620680889 0.55 0.55 0.55
v -5.612532065443025 15.008942533080669 -15.228096620680889 0.55 0.55 0.55
v -5.4573089708234885 17.51016505750634 -14.620389224770856 0.55 0.55 0.55
v -3.4556024668709258 18.784189638517486 -14.892175228467222 0.55 0.55 0.55
v -3.523130243232543 16.101863337464906 -15.565726634726193 0.55 0.55 0.55
v -3.523130243232543 16.101863337464906 -15.565726634726193 0.55 0.55 0.55
v -3.4556024668709258 18.784189638517486 -14.892175228467222 0.55 0.55 0.55
v -1.495445475753417 17.52224751649454 -15.54284838443569 0.55 0.55 0.55
v -1.467054869947687 15.019738957771358 -16.17282482315303 0.55 0.55 0.55
v -1.467054869947687 15.019738957771358 -16.17282482315303 0.55 0.55 0.55
v -1.495445475753417 17.52224751649454 -15.54284838443569 0.55 0.55 0.55
v 0.5507007177469528 18.160878132588792 -15.432726269755289 0.55 0.55 0.55
v 0.6435146581992738 15.566663560865456 -16.076720268071345 0.55 0.55 0.55
v 0.6435146581992738 15.566663560865456 -16.076720268071345 0.55 0.55 0.55
v 0.5507007177469528 18.160878132588792 -15.432726269755289 0.55 0.55 0.55
v 2.5372746314599035 18.16574185481526 -15.23251751635596 0.55 0.55 0.55
v 2.75187382857423 15.572159909507453 -15.855385328533101 0.55 0.55 0.55
v 2.75187382857423 15.572159909507453 -15.855385328533101 0.55 0.55 0.55
v 2.5372746314599035 18.16574185481526 -15.23251751635596 0.55 0.55 0.55
v 4.421962487491387 17.662050575617492 -14.925811139358613 0.55 0.55 0.55
v 4.822857229850043 15.144200722389167 -15.470261451161141 0.55 0.55 0.55
v 4.822857229850043 15.144200722389167 -15.470261451161141 0.55 0.55 0.55
v 4.421962487491387 17.662050575617492 -14.925811139358613 0.55 0.55 0.55
v 6.5090004628836615 17.56488562264688 -14.160867275684257 0.55 0.55 0.55
v 6.8892261173364835 15.057308440727036 -14.6796374166624 0.55 0.55 0.55
v 6.8892261173364835 15.057308440727036 -14.6796374166624 0.0 0.0 0.0
v 6.5090004628836615 17.56488562264688 -14.160867275684257 0.0 0.0 0.0
v 8.850769101568948 15.432588610399778 -13.493247119653748 0.0 0.0 0.0
v 6.5090004628836615 17.56488562264688 -14.160867275684257 0.0 0.0 0.0
v 5.988629895287496 20.060148131263528 -13.71067595210506 0.0 0.0 0.0
v 8.850769101568948 15.432588610399778 -13.493247119653748 0.0 0.0 0.0
v 4.421962487491387 17.662050575617492 -14.925811139358613 1.0 1.0 1.0
v 5.988629895287496 20.060148131263528 -13.71067595210506 1.0 1.0 1.0
v 6.5090004628836615 17.56488562264688 -14.160867275684257 1.0 1.0 1.0
v 4.421962487491387 17.662050575617492 -14.925811139358613 1.0 1.0 1.0
v 5.314165212300763 22.53022093829976 -13.329759735631013 1.0 1.0 1.0
v 5.988629895287496 20.060148131263528 -13.71067595210506 1.0 1.0 1.0
v 5.988629895287496 20.060148131263528 -13.71067595210506 0.55 0.55 0.55
v 5.314165212300763 22.53022093829976 -13.329759735631013 0.55 0.55 0.55
v 8.529628544999355 18.00344033474707 -12.937776564814538 0.55 0.55 0.55
v 8.850769101568948 15.432588610399778 -13.493247119653748 0.55 0.55 0.55
v 8.850769101568948 15.432588610399778 -13.493247119653748 0.55 0.55 0.55
v 8.529628544999355 18.00344033474707 -12.937776564814538 0.55 0.55 0.55
v 10.788800657652077 17.56857833647202 -11.25252437584879 0.55 0.55 0.55
v 11.606506752059644 15.102405452765417 -11.319615998421407 0.55 0.55 0.55
v 11.606506752059644 15.102405452765417 -11.319615998421407 0.55 0.55 0.55
v 10.788800657652077 17.56857833647202 -11.25252437584879 0.55 0.55 0.55
v 12.43703188511413 17.5358390103172 -9.414029991274893 0.55 0.55 0.55
v 13.120886571796083 15.042359588059423 -9.539860082564642 0.55 0.55 0.55
v 13.120886571796083 15.042359588059423 -9.539860082564642 0.55 0.55 0.55
v 12.43703188511413 17.5358390103172 -9.414029991274893 0.55 0.55 0.55
v 13.753238964035882 17.51672552025601 -7.394626735606411 0.55 0.55 0.55
v 14.383401136404865 15.017886909609626 -7.5351693478872 0.55 0.55 0.55
v 14.383401136404865 15.017886909609626 -7.5351693478872 0.0 0.0 0.0
v 13.753238964035882 17.51672552025601 -7.394626735606411 0.0 0.0 0.0
v 15.32855032253086 15.001184126295865 -5.335942594428593 0.0 0.0 0.0
v 13.753238964035882 17.51672552025601 -7.394626735606411 0.0 0.0 0.0
v 13.117365423134649 20.013706085870698 -7.246905568990626 0.0 0.0 0.0
v 15.32855032253086 15.001184126295865 -5.335942594428593 0.0 0.0 0.0
v 12.43703188511413 17.5358390103172 -9.414029991274893 0.55 0.55 0.55
v 11.773409728770861 20.033048055538973 -9.25750399718306 0.55 0.55 0.55
v 13.117365423134649 20.013706085870698 -7.246905568990626 0.55 0.55 0.55
v 13.753238964035882 17.51672552025601 -7.394626735606411 0.55 0.55 0.55
v 10.788800657652077 17.56857833647202 -11.25252437584879 1.0 1.0 1.0
v 11.773409728770861 20.033048055538973 -9.25750399718306 1.0 1.0 1.0
v 12.43703188511413 17.5358390103172 -9.414029991274893 1.0 1.0 1.0
v 10.788800657652077 17.56857833647202 -11.25252437584879 1.0 1.0 1.0
v 11.11991416028226 22.531857107987637 -9.084520878191196 1.0 1.0 1.0
v 11.773409728770861 20.033048055538973 -9.25750399718306 1.0 1.0 1.0
v 11.773409728770861 20.033048055538973 -9.25750399718306 0.55 0.55 0.55
v 11.11991416028226 22.531857107987637 -9.084520878191196 0.55 0.55 0.55
v 12.48548044200242 22.511224653800006 -7.091364707101472 0.55 0.55 0.55
v 13.117365423134649 20.013706085870698 -7.246905568990626 0.55 0.55 0.55
v 13.117365423134649 20.013706085870698 -7.246905568990626 0.55 0.55 0.55
v 12.48548044200242 22.511224653800006 -7.091364707101472 0.55 0.55 0.55
v 14.717399695822689 17.500730818725764 -5.191358977402564 0.55 0.55 0.55
v 15.32855032253086 15.001184126295865 -5.335942594428593 0.55 0.55 0.55
v 15.32855032253086 15.001184126295865 -5.335942594428593 0.55 0.55 0.55
v 14.717399695822689 17.500730818725764 -5.191358977402564 0.55 0.55 0.55
v 15.352838758025712 17.50088683526453 -2.857552943271133 0.55 0.55 0.55
v 15.962147015031627 15.000733088262994 -3.00457168485499 0.55 0.55 0.55
v 15.962147015031627 15.000733088262994 -3.00457168485499 0.0 0.0 0.0
v 15.352838758025712 17.50088683526453 -2.857552943271133 0.0 0.0 0.0
v 15.920239033116049 16.223638685835144 -0.485504329176989 0.0 0.0 0.0
v 15.352838758025712 17.50088683526453 -2.857552943271133 0.0 0.0 0.0
v 14.743577609732675 20.00103366131632 -2.710228318434432 0.0 0.0 0.0
v 15.920239033116049 16.223638685835144 -0.485504329176989 0.0 0.0 0.0
v 14.717399695822689 17.500730818725764 -5.191358977402564 1.0 1.0 1.0
v 14.743577609732675 20.00103366131632 -2.710228318434432 1.0 1.0 1.0
v 15.352838758025712 17.50088683526453 -2.857552943271133 1.0 1.0 1.0
v 14.717399695822689 17.500730818725764 -5.191358977402564 1.0 1.0 1.0
v 14.13458814655859 22.501141762400092 -2.561138079342317 1.0 1.0 1.0
v 14.743577609732675 20.00103366131632 -2.710228318434432 1.0 1.0 1.0
v 14.743577609732675 20.00103366131632 -2.710228318434432 0.55 0.55 0.55
v 14.13458814655859 22.501141762400092 -2.561138079342317 0.55 0.55 0.55
v 15.252382148231176 18.926854319432305 -0.32373880427757545 0.55 0.55 0.55
v 15.920239033116049 16.223638685835144 -0.485504329176989 0.55 0.55 0.55
v 15.920239033116049 16.223638685835144 -0.485504329176989 0.55 0.55 0.55
v 15.252382148231176 18.926854319432305 -0.32373880427757545 0.55 0.55 0.55
v 14.256634314642637 22.506159435241994 1.734596717955789 0.55 0.55 0.55
v 14.865606058827561 20.00562417531984 1.8847143413414174 0.55 0.55 0.55
v 14.256634314642637 22.506159435241994 1.734596717955789 0.55 0.55 0.55
v 13.647817953890733 25.006559674317828 1.5816146712381873 0.55 0.55 0.55
v 13.162630472252268 25.000903477008183 3.969924137691193 0.55 0.55 0.55
v 13.768731772393082 22.500792050904227 4.120283558709688 0.55 0.55 0.55
v 13.768731772393082 22.500792050904227 4.120283558709688 0.55 0.55 0.55
v 13.162630472252268 25.000903477008183 3.969924137691193 0.55 0.55 0.55
v 12.253132566188295 25.005649567499983 6.2098748646781345 0.55 0.55 0.55
v 12.871503150010035 22.506206664643358 6.36361705866493 0.55 0.55 0.55
v 12.871503150010035 22.506206664643358 6.36361705866493 0.55 0.55 0.55
v 12.253132566188295 25.005649567499983 6.2098748646781345 0.55 0.55 0.55
v 10.970592204498578 25.019830733208348 8.254103252985514 0.55 0.55 0.55
v 11.618701467907956 22.523072170001377 8.426066708880153 0.55 0.55 0.55
v 11.618701467907956 22.523072170001377 8.426066708880153 0.55 0.55 0.55
v 10.970592204498578 25.019830733208348 8.254103252985514 0.55 0.55 0.55
v 10.712355225518914 20.054414852393805 10.462028651511146 0.55 0.55 0.55
v 11.393373569624785 17.55609743896307 10.646959544663938 0.55 0.55 0.55
v 10.765376108785807 15.64626925190546 11.929894500934658 1.0 0.0 0.0
v 11.393373569624785 17.55609743896307 10.646959544663938 1.0 0.0 0.0
v 10.712355225518914 20.054414852393805 10.462028651511146 1.0 0.0 0.0
v 8.42125993826909 21.647182704493826 11.893540522724454 1.0 0.0 0.0
v 9.04360077614812 18.94865185081791 12.274417760004932 1.0 0.0 0.0
v 9.04360077614812 18.94865185081791 12.274417760004932 0.55 0.55 0.55
v 8.42125993826909 21.647182704493826 11.893540522724454 0.55 0.55 0.55
v 6.702129167186884 20.049288840628954 13.387020489752588 0.55 0.55 0.55
v 7.212631937630428 17.554075816890933 13.836613359246067 0.55 0.55 0.55
v 7.212631937630428 17.554075816890933 13.836613359246067 0.0 0.0 0.0
v 6.702129167186884 20.049288840628954 13.387020489752588 0.0 0.0 0.0
v 3.769263725991312 22.535914307672975 13.83177565497184 0.0 0.0 0.0
v 6.702129167186884 20.049288840628954 13.387020489752588 0.0 0.0 0.0
v 6.063776905024657 22.52619899012337 13.002615670677693 0.0 0.0 0.0
v 3.769263725991312 22.535914307672975 13.83177565497184 0.0 0.0 0.0
v 8.42125993826909 21.647182704493826 11.893540522724454 0.55 0.55 0.55
v 7.723137402736196 24.334089585993762 11.564632198490326 0.55 0.55 0.55
v 6.063776905024657 22.52619899012337 13.002615670677693 0.55 0.55 0.55
v 6.702129167186884 20.049288840628954 13.387020489752588 0.55 0.55 0.55
v 10.712355225518914 20.054414852393805 10.462028651511146 0.55 0.55 0.55
v 10.034142344610753 22.55189085207309 10.256260940163402 0.55 0.55 0.55
v 7.723137402736196 24.334089585993762 11.564632198490326 0.55 0.55 0.55
v 8.42125993826909 21.647182704493826 11.893540522724454 0.55 0.55 0.55
v 10.970592204498578 25.019830733208348 8.254103252985514 1.0 1.0 1.0
v 10.034142344610753 22.55189085207309 10.256260940163402 1.0 1.0 1.0
v 10.712355225518914 20.054414852393805 10.462028651511146 1.0 1.0 1.0
v 10.970592204498578 25.019830733208348 8.254103252985514 1.0 1.0 1.0
v 9.344417570922138 25.04589844661846 10.04650204452219 1.0 1.0 1.0
v 10.034142344610753 22.55189085207309 10.256260940163402 1.0 1.0 1.0
v 10.034142344610753 22.55189085207309 10.256260940163402 0.55 0.55 0.55
v 9.344417570922138 25.04589844661846 10.04650204452219 0.55 0.55 0.55
v 6.963228042263369 27.00600427439832 11.250287622162533 0.55 0.55 0.55
v 7.723137402736196 24.334089585993762 11.564632198490326 0.55 0.55 0.55
v 7.723137402736196 24.334089585993762 11.564632198490326 0.55 0.55 0.55
v 6.963228042263369 27.00600427439832 11.250287622162533 0.55 0.55 0.55
v 5.395122641659903 24.997639039469178 12.633829473139713 0.55 0.55 0.55
v 6.063776905024657 22.52619899012337 13.002615670677693 0.55 0.55 0.55
v 6.063776905024657 22.52619899012337 13.002615670677693 0.55 0.55 0.55
v 5.395122641659903 24.997639039469178 12.633829473139713 0.55 0.55 0.55
v 3.0027526257395394 24.979954119766457 13.396381126178024 0.55 0.55 0.55
v 3.769263725991312 22.535914307672975 13.83177565497184 0.55 0.55 0.55
v 3.769263725991312 22.535914307672975 13.83177565497184 0.55 0.55 0.55
v 3.0027526257395394 24.979954119766457 13.396381126178024 0.55 0.55 0.55
v 2.8528931162136324 21.453503908538543 14.3560292866561 0.55 0.55 0.55
v 3.139676979150324 18.78699906446306 14.970587261203605 0.55 0.55 0.55
v 1.2270109798118587 18.473916207741723 15.321192146333608 1.0 0.0 0.0
v 3.139676979150324 18.78699906446306 14.970587261203605 1.0 0.0 0.0
v 2.8528931162136324 21.453503908538543 14.3560292866561 1.0 0.0 0.0
v -0.8988153983304564 25.00858957501247 13.704115398078386 1.0 0.0 0.0
v -0.8491075838811715 22.51031620415671 14.331354177132235 1.0 0.0 0.0
v -2.789924522002773 18.481832203432482 15.115220906724822 1.0 0.0 0.0
v -0.8491075838811715 22.51031620415671 14.331354177132235 1.0 0.0 0.0
v -0.8988153983304564 25.00858957501247 13.704115398078386 1.0 0.0 0.0
v -4.625669463461835 20.008854580807068 14.254648555592922 1.0 0.0 0.0
v -4.771588031218944 17.507624927136124 14.865767809745439 1.0 0.0 0.0
v -4.771588031218944 17.507624927136124 14.865767809745439 0.55 0.55 0.55
v -4.625669463461835 20.008854580807068 14.254648555592922 0.55 0.55 0.55
v -6.4296082174521105 20.760769200071618 13.32201278359087 0.55 0.55 0.55
v -6.641260373886947 18.1660950911213 13.938606599125853 0.55 0.55 0.55
v -6.641260373886947 18.1660950911213 13.938606599125853 0.55 0.55 0.55
v -6.4296082174521105 20.760769200071618 13.32201278359087 0.55 0.55 0.55
v -8.128394489808748 20.054074281474307 12.579398874802635 0.55 0.55 0.55
v -8.443206727703366 17.54577347832919 13.120843733804568 0.55 0.55 0.55
v -8.443206727703366 17.54577347832919 13.120843733804568 0.55 0.55 0.55
v -8.128394489808748 20.054074281474307 12.579398874802635 0.55 0.55 0.55
v -9.808222144484137 20.02857401100023 11.32133270516816 0.55 0.55 0.55
v -10.141502905976015 17.52599861597344 11.862697852334746 0.55 0.55 0.55
v -10.141502905976015 17.52599861597344 11.862697852334746 0.55 0.55 0.55
v -9.808222144484137 20.02857401100023 11.32133270516816 0.55 0.55 0.55
v -10.877296634507893 21.623254502947848 9.704377859619367 0.55 0.55 0.55
v -11.343210193996896 18.92049451089008 10.195260973327443 0.55 0.55 0.55
v -11.343210193996896 18.92049451089008 10.195260973327443 0.55 0.55 0.55
v -10.877296634507893 21.623254502947848 9.704377859619367 0.55 0.55 0.55
v -12.38664531726232 20.015624918769166 8.437596595857034 0.55 0.55 0.55
v -12.855175225083823 17.51438593654949 8.85767547673703 0.55 0.55 0.55
v -12.855175225083823 17.51438593654949 8.85767547673703 0.55 0.55 0.55
v -12.38664531726232 20.015624918769166 8.437596595857034 0.55 0.55 0.55
v -13.026723001679258 21.651363562166164 6.533824967033878 0.55 0.55 0.55
v -13.582209509841263 18.947125079535084 6.938664988467554 0.55 0.55 0.55
v -13.582209509841263 18.947125079535084 6.938664988467554 0.55 0.55 0.55
v -13.026723001679258 21.651363562166164 6.533824967033878 0.55 0.55 0.55
v -14.114996563372141 20.01238789299885 5.014454899487837 0.55 0.55 0.55
v -14.684511628614912 17.511061773021243 5.27657629502533 0.55 0.55 0.55
v -14.684511628614912 17.511061773021243 5.27657629502533 0.55 0.55 0.55
v -14.114996563372141 20.01238789299885 5.014454899487837 0.55 0.55 0.55
v -14.618734151745992 20.21359081133751 3.006131628187602 0.55 0.55 0.55
v -15.216295538592913 17.686998393705185 3.2607791025610675 0.55 0.55 0.55
v -15.216295538592913 17.686998393705185 3.2607791025610675 0.55 0.55 0.55
v -14.618734151745992 20.21359081133751 3.006131628187602 0.55 0.55 0.55
v -14.589965417654371 21.38862633293702 1.279911539349975 0.55 0.55 0.55
v -15.255372357409787 18.715068097641815 1.3406234413692435 0.55 0.55 0.55
v -15.255372357409787 18.715068097641815 1.3406234413692435 0.0 0.0 0.0
v -14.589965417654371 21.38862633293702 1.279911539349975 0.0 0.0 0.0
v -15.10742183261199 19.452589355087955 -0.5990782922559934 0.0 0.0 0.0
v -14.589965417654371 21.38862633293702 1.279911539349975 1.0 1.0 0.0
v -14.618734151745992 20.21359081133751 3.006131628187602 1.0 1.0 0.0
v -14.034783039398592 22.736576923140785 2.696622253663498 1.0 1.0 0.0
v -15.10742183261199 19.452589355087955 -0.5990782922559934 1.0 1.0 0.0
v -14.114996563372141 20.01238789299885 5.014454899487837 0.55 0.55 0.55
v -13.55223184823792 22.513188436645308 4.733469069720608 0.55 0.55 0.55
v -14.034783039398592 22.736576923140785 2.696622253663498 0.55 0.55 0.55
v -14.618734151745992 20.21359081133751 3.006131628187602 0.55 0.55 0.55
v -13.026723001679258 21.651363562166164 6.533824967033878 0.55 0.55 0.55
v -12.57811367701278 24.321765788278043 5.922773001440696 0.55 0.55 0.55
v -13.55223184823792 22.513188436645308 4.733469069720608 0.55 0.55 0.55
v -14.114996563372141 20.01238789299885 5.014454899487837 0.55 0.55 0.55
v -12.38664531726232 20.015624918769166 8.437596595857034 0.55 0.55 0.55
v -11.92755381338648 22.516358467861394 8.004231665584264 0.55 0.55 0.55
v -12.57811367701278 24.321765788278043 5.922773001440696 0.55 0.55 0.55
v -13.026723001679258 21.651363562166164 6.533824967033878 0.55 0.55 0.55
v -10.877296634507893 21.623254502947848 9.704377859619367 0.55 0.55 0.55
v -10.266829560295044 24.301040268173455 9.382270924368942 0.55 0.55 0.55
v -11.92755381338648 22.516358467861394 8.004231665584264 0.55 0.55 0.55
v -12.38664531726232 20.015624918769166 8.437596595857034 0.55 0.55 0.55
v -9.808222144484137 20.02857401100023 11.32133270516816 0.55 0.55 0.55
v -9.486424402566774 22.530348042882263 10.769455660140121 0.55 0.55 0.55
v -10.266829560295044 24.301040268173455 9.382270924368942 0.55 0.55 0.55
v -10.877296634507893 21.623254502947848 9.704377859619367 0.55 0.55 0.55
v -8.128394489808748 20.054074281474307 12.579398874802635 0.55 0.55 0.55
v -7.809279545975164 22.562350675749887 12.040518585175509 0.55 0.55 0.55
v -9.486424402566774 22.530348042882263 10.769455660140121 0.55 0.55 0.55
v -9.808222144484137 20.02857401100023 11.32133270516816 0.55 0.55 0.55
v -6.4296082174521105 20.760769200071618 13.32201278359087 0.55 0.55 0.55
v -6.2642222486225565 23.353120881835803 12.684178158512166 0.55 0.55 0.55
v -7.809279545975164 22.562350675749887 12.040518585175509 0.55 0.55 0.55
v -8.128394489808748 20.054074281474307 12.579398874802635 0.55 0.55 0.55
v -4.625669463461835 20.008854580807068 14.254648555592922 0.55 0.55 0.55
v -4.4693697043925935 22.51033101157704 13.647178285121882 0.55 0.55 0.55
v -6.2642222486225565 23.353120881835803 12.684178158512166 0.55 0.55 0.55
v -6.4296082174521105 20.760769200071618 13.32201278359087 0.55 0.55 0.55
v -0.8988153983304564 25.00858957501247 13.704115398078386 1.0 1.0 1.0
v -4.4693697043925935 22.51033101157704 13.647178285121882 1.0 1.0 1.0
v -4.625669463461835 20.008854580807068 14.254648555592922 1.0 1.0 1.0
v -0.8988153983304564 25.00858957501247 13.704115398078386 1.0 1.0 1.0
v -4.102332788587266 25.004576791517067 13.117028568137972 1.0 1.0 1.0
v -4.4693697043925935 22.51033101157704 13.647178285121882 1.0 1.0 1.0
v -6.2642222486225565 23.353120881835803 12.684178158512166 1.0 0.0 0.0
v -4.4693697043925935 22.51033101157704 13.647178285121882 1.0 0.0 0.0
v -4.102332788587266 25.004576791517067 13.117028568137972 1.0 0.0 0.0
v -7.0098675227121845 24.968323351907333 11.819262898924825 1.0 0.0 0.0
v -7.809279545975164 22.562350675749887 12.040518585175509 1.0 0.0 0.0
v -7.809279545975164 22.562350675749887 12.040518585175509 0.55 0.55 0.55
v -7.0098675227121845 24.968323351907333 11.819262898924825 0.55 0.55 0.55
v -9.338827823082825 25.004407913511272 10.06853908252782 0.55 0.55 0.55
v -9.486424402566774 22.530348042882263 10.769455660140121 0.55 0.55 0.55
v -10.266829560295044 24.301040268173455 9.382270924368942 1.0 0.0 0.0
v -9.486424402566774 22.530348042882263 10.769455660140121 1.0 0.0 0.0
v -9.338827823082825 25.004407913511272 10.06853908252782 1.0 0.0 0.0
v -11.495228617067967 25.0131447286986 7.5248827126982585 1.0 0.0 0.0
v -11.92755381338648 22.516358467861394 8.004231665584264 1.0 0.0 0.0
v -12.57811367701278 24.321765788278043 5.922773001440696 1.0 0.0 0.0
v -11.92755381338648 22.516358467861394 8.004231665584264 1.0 0.0 0.0
v -11.495228617067967 25.0131447286986 7.5248827126982585 1.0 0.0 0.0
v -12.951998116772968 25.01196859034688 4.558169571126792 1.0 0.0 0.0
v -13.55223184823792 22.513188436645308 4.733469069720608 1.0 0.0 0.0
v -13.55223184823792 22.513188436645308 4.733469069720608 0.55 0.55 0.55
v -12.951998116772968 25.01196859034688 4.558169571126792 0.55 0.55 0.55
v -13.569149810539017 25.111077847677603 1.8471722139221824 0.55 0.55 0.55
v -14.034783039398592 22.736576923140785 2.696622253663498 0.55 0.55 0.55
v -14.034783039398592 22.736576923140785 2.696622253663498 0.55 0.55 0.55
v -13.569149810539017 25.111077847677603 1.8471722139221824 0.55 0.55 0.55
v -14.41474595170717 22.231477195714763 -0.557429166022139 0.55 0.55 0.55
v -15.10742183261199 19.452589355087955 -0.5990782922559934 0.55 0.55 0.55
v -15.051330957204264 18.87520343452536 -2.551407512700674 1.0 0.0 0.0
v -15.10742183261199 19.452589355087955 -0.5990782922559934 1.0 0.0 0.0
v -14.41474595170717 22.231477195714763 -0.557429166022139 1.0 0.0 0.0
v -14.358185525823407 20.02146408781019 -4.308703053499178 1.0 0.0 0.0
v -14.932008885991422 17.519537872785968 -4.570111271731448 1.0 0.0 0.0
v -14.932008885991422 17.519537872785968 -4.570111271731448 0.55 0.55 0.55
v -14.358185525823407 20.02146408781019 -4.308703053499178 0.55 0.55 0.55
v -13.479907941031195 20.82420420872023 -6.058719874543605 0.55 0.55 0.55
v -14.042531593595408 18.221592234867718 -6.3891182154322825 0.55 0.55 0.55
v -14.042531593595408 18.221592234867718 -6.3891182154322825 0.55 0.55 0.55
v -13.479907941031195 20.82420420872023 -6.058719874543605 0.55 0.55 0.55
v -12.77147586950239 20.034868705330137 -7.815640594603948 0.55 0.55 0.55
v -13.249985605697164 17.531631076411063 -8.234989284215443 0.55 0.55 0.55
v -13.249985605697164 17.531631076411063 -8.234989284215443 0.55 0.55 0.55
v -12.77147586950239 20.034868705330137 -7.815640594603948 0.55 0.55 0.55
v -11.567330711046804 20.052538575298012 -9.522683899095773 0.55 0.55 0.55
v -12.028858216385203 17.54555247289718 -9.949660668028434 0.55 0.55 0.55
v -12.028858216385203 17.54555247289718 -9.949660668028434 0.55 0.55 0.55
v -11.567330711046804 20.052538575298012 -9.522683899095773 0.55 0.55 0.55
v -10.061125011621154 21.58324524329992 -10.567442866838054 0.55 0.55 0.55
v -10.44351240265013 18.886532691757992 -11.129653263215246 0.55 0.55 0.55
v -10.44351240265013 18.886532691757992 -11.129653263215246 0.55 0.55 0.55
v -10.061125011621154 21.58324524329992 -10.567442866838054 0.55 0.55 0.55
v -8.73473121195072 20.008323504441005 -12.171922944549937 0.55 0.55 0.55
v -9.054081412959075 17.507318309915487 -12.712582038657555 0.55 0.55 0.55
v -9.054081412959075 17.507318309915487 -12.712582038657555 0.0 0.0 0.0
v -8.73473121195072 20.008323504441005 -12.171922944549937 0.0 0.0 0.0
v -7.136390409189063 19.60669713578698 -13.303679415172123 0.0 0.0 0.0
v -8.73473121195072 20.008323504441005 -12.171922944549937 0.0 0.0 0.0
v -8.41491814317974 22.5093453778688 -11.63160195129131 0.0 0.0 0.0
v -7.136390409189063 19.60669713578698 -13.303679415172123 0.0 0.0 0.0
v -10.061125011621154 21.58324524329992 -10.567442866838054 0.55 0.55 0.55
v -9.832594898767265 24.255280901253933 -9.874100470128967 0.55 0.55 0.55
v -8.41491814317974 22.5093453778688 -11.63160195129131 0.55 0.55 0.55
v -8.73473121195072 20.008323504441005 -12.171922944549937 0.55 0.55 0.55
v -11.567330711046804 20.052538575298012 -9.522683899095773 0.55 0.55 0.55
v -11.10430093685823 22.559158552151636 -9.095352339635568 0.55 0.55 0.55
v -9.832594898767265 24.255280901253933 -9.874100470128967 0.55 0.55 0.55
v -10.061125011621154 21.58324524329992 -10.567442866838054 0.55 0.55 0.55
v -12.77147586950239 20.034868705330137 -7.815640594603948 0.55 0.55 0.55
v -12.30333319444708 22.537050865068633 -7.37874289884827 0.55 0.55 0.55
v -11.10430093685823 22.559158552151636 -9.095352339635568 0.55 0.55 0.55
v -11.567330711046804 20.052538575298012 -9.522683899095773 0.55 0.55 0.55
v -13.479907941031195 20.82420420872023 -6.058719874543605 0.55 0.55 0.55
v -12.915027279088568 23.426668971185727 -5.733179528362039 0.55 0.55 0.55
v -12.30333319444708 22.537050865068633 -7.37874289884827 0.55 0.55 0.55
v -12.77147586950239 20.034868705330137 -7.815640594603948 0.55 0.55 0.55
v -14.358185525823407 20.02146408781019 -4.308703053499178 0.55 0.55 0.55
v -13.787458783146661 22.521352902313502 -4.022353929149616 0.55 0.55 0.55
v -12.915027279088568 23.426668971185727 -5.733179528362039 0.55 0.55 0.55
v -13.479907941031195 20.82420420872023 -6.058719874543605 0.55 0.55 0.55
v -14.41474595170717 22.231477195714763 -0.557429166022139 1.0 1.0 1.0
v -13.787458783146661 22.521352902313502 -4.022353929149616 1.0 1.0 1.0
v -14.358185525823407 20.02146408781019 -4.308703053499178 1.0 1.0 1.0
v -14.41474595170717 22.231477195714763 -0.557429166022139 1.0 1.0 1.0
v -13.237000296349235 25.01443592248623 -3.660429237944151 1.0 1.0 1.0
v -13.787458783146661 22.521352902313502 -4.022353929149616 1.0 1.0 1.0
v -12.915027279088568 23.426668971185727 -5.733179528362039 1.0 0.0 0.0
v -13.787458783146661 22.521352902313502 -4.022353929149616 1.0 0.0 0.0
v -13.237000296349235 25.01443592248623 -3.660429237944151 1.0 0.0 0.0
v -11.970374221159718 25.00663435948979 -6.731292324713852 1.0 0.0 0.0
v -12.30333319444708 22.537050865068633 -7.37874289884827 1.0 0.0 0.0
v -12.30333319444708 22.537050865068633 -7.37874289884827 0.55 0.55 0.55
v -11.970374221159718 25.00663435948979 -6.731292324713852 0.55 0.55 0.55
v -10.367192179582869 24.98062081528921 -9.018421075262742 0.55 0.55 0.55
v -11.10430093685823 22.559158552151636 -9.095352339635568 0.55 0.55 0.55
v -9.832594898767265 24.255280901253933 -9.874100470128967 1.0 0.0 0.0
v -11.10430093685823 22.559158552151636 -9.095352339635568 1.0 0.0 0.0
v -10.367192179582869 24.98062081528921 -9.018421075262742 1.0 0.0 0.0
v -7.946198650608501 25.004016868628174 -11.203691657898348 1.0 0.0 0.0
v -8.41491814317974 22.5093453778688 -11.63160195129131 1.0 0.0 0.0
v -8.41491814317974 22.5093453778688 -11.63160195129131 0.55 0.55 0.55
v -7.946198650608501 25.004016868628174 -11.203691657898348 0.55 0.55 0.55
v -6.879566545618229 22.40563119164664 -12.643525907548689 0.55 0.55 0.55
v -7.136390409189063 19.60669713578698 -13.303679415172123 0.55 0.55 0.55
v -7.136390409189063 19.60669713578698 -13.303679415172123 0.55 0.55 0.55
v -6.879566545618229 22.40563119164664 -12.643525907548689 0.55 0.55 0.55
v -5.305084338226606 20.01126024344947 -14.011407375880625 0.55 0.55 0.55
v -5.4573089708234885 17.51016505750634 -14.620389224770856 0.55 0.55 0.55
v -5.4573089708234885 17.51016505750634 -14.620389224770856 0.55 0.55 0.55
v -5.305084338226606 20.01126024344947 -14.011407375880625 0.55 0.55 0.55
v -3.4134445690210153 21.465496466569938 -14.212531423080248 0.55 0.55 0.55
v -3.4556024668709258 18.784189638517486 -14.892175228467222 0.55 0.55 0.55
v -3.4556024668709258 18.784189638517486 -14.892175228467222 0.55 0.55 0.55
v -3.4134445690210153 21.465496466569938 -14.212531423080248 0.55 0.55 0.55
v -1.5260331429489844 20.024449354782274 -14.91175303701779 0.55 0.55 0.55
v -1.495445475753417 17.52224751649454 -15.54284838443569 0.55 0.55 0.55
v -1.495445475753417 17.52224751649454 -15.54284838443569 0.55 0.55 0.55
v -1.5260331429489844 20.024449354782274 -14.91175303701779 0.55 0.55 0.55
v 0.49321682303906006 20.755558117574004 -14.786880287066358 0.55 0.55 0.55
v 0.5507007177469528 18.160878132588792 -15.432726269755289 0.55 0.55 0.55
v 0.5507007177469528 18.160878132588792 -15.432726269755289 0.55 0.55 0.55
v 0.49321682303906006 20.755558117574004 -14.786880287066358 0.55 0.55 0.55
v 2.3160273422664277 20.758036088780027 -14.610960887369902 0.55 0.55 0.55
v 2.5372746314599035 18.16574185481526 -15.23251751635596 0.55 0.55 0.55
v 2.5372746314599035 18.16574185481526 -15.23251751635596 0.55 0.55 0.55
v 2.3160273422664277 20.758036088780027 -14.610960887369902 0.55 0.55 0.55
v 3.8834647236956292 20.160371569013 -14.41493733714197 0.55 0.55 0.55
v 4.421962487491387 17.662050575617492 -14.925811139358613 0.55 0.55 0.55
v 4.421962487491387 17.662050575617492 -14.925811139358613 0.0 0.0 0.0
v 3.8834647236956292 20.160371569013 -14.41493733714197 0.0 0.0 0.0
v 5.314165212300763 22.53022093829976 -13.329759735631013 0.0 0.0 0.0
v 3.8834647236956292 20.160371569013 -14.41493733714197 0.0 0.0 0.0
v 2.8985458422970356 22.525912317190645 -14.044338916462175 0.0 0.0 0.0
v 5.314165212300763 22.53022093829976 -13.329759735631013 0.0 0.0 0.0
v 2.3160273422664277 20.758036088780027 -14.610960887369902 1.0 0.0 0.0
v 0.49321682303906006 20.755558117574004 -14.786880287066358 1.0 0.0 0.0
v 0.4427217871992616 23.34981011887377 -14.140797938634748 1.0 0.0 0.0
v 2.8985458422970356 22.525912317190645 -14.044338916462175 1.0 0.0 0.0
v 3.8834647236956292 20.160371569013 -14.41493733714197 1.0 0.0 0.0
v -1.5260331429489844 20.024449354782274 -14.91175303701779 0.55 0.55 0.55
v -1.5831963520891807 22.524244963805135 -14.273359977467724 0.55 0.55 0.55
v 0.4427217871992616 23.34981011887377 -14.140797938634748 0.55 0.55 0.55
v 0.49321682303906006 20.755558117574004 -14.786880287066358 0.55 0.55 0.55
v -3.4134445690210153 21.465496466569938 -14.212531423080248 0.55 0.55 0.55
v -3.7267596536089913 24.027193357275415 -13.474635463705816 0.55 0.55 0.55
v -1.5831963520891807 22.524244963805135 -14.273359977467724 0.55 0.55 0.55
v -1.5260331429489844 20.024449354782274 -14.91175303701779 0.55 0.55 0.55
v -5.305084338226606 20.01126024344947 -14.011407375880625 0.55 0.55 0.55
v -5.150392719819789 22.512346566757202 -13.402985554107662 0.55 0.55 0.55
v -3.7267596536089913 24.027193357275415 -13.474635463705816 0.55 0.55 0.55
v -3.4134445690210153 21.465496466569938 -14.212531423080248 0.55 0.55 0.55
v -6.879566545618229 22.40563119164664 -12.643525907548689 1.0 1.0 1.0
v -5.150392719819789 22.512346566757202 -13.402985554107662 1.0 1.0 1.0
v -5.305084338226606 20.01126024344947 -14.011407375880625 1.0 1.0 1.0
v -6.879566545618229 22.40563119164664 -12.643525907548689 1.0 1.0 1.0
v -4.984640574483341 25.012435695877336 -12.798369721607935 1.0 1.0 1.0
v -5.150392719819789 22.512346566757202 -13.402985554107662 1.0 1.0 1.0
v -3.7267596536089913 24.027193357275415 -13.474635463705816 1.0 0.0 0.0
v -5.150392719819789 22.512346566757202 -13.402985554107662 1.0 0.0 0.0
v -4.984640574483341 25.012435695877336 -12.798369721607935 1.0 0.0 0.0
v -1.8463722344062297 25.000321952944404 -13.610087009600393 1.0 0.0 0.0
v -1.5831963520891807 22.524244963805135 -14.273359977467724 1.0 0.0 0.0
v 0.4427217871992616 23.34981011887377 -14.140797938634748 1.0 0.0 0.0
v -1.5831963520891807 22.524244963805135 -14.273359977467724 1.0 0.0 0.0
v -1.8463722344062297 25.000321952944404 -13.610087009600393 1.0 0.0 0.0
v 2.131619396779574 24.96793342967142 -13.5580420239548 1.0 0.0 0.0
v 2.8985458422970356 22.525912317190645 -14.044338916462175 1.0 0.0 0.0
v 2.8985458422970356 22.525912317190645 -14.044338916462175 0.55 0.55 0.55
v 2.131619396779574 24.96793342967142 -13.5580420239548 0.55 0.55 0.55
v 4.605598027717668 24.988769840113488 -12.934961671238652 0.55 0.55 0.55
v 5.314165212300763 22.53022093829976 -13.329759735631013 0.55 0.55 0.55
v 5.314165212300763 22.53022093829976 -13.329759735631013 0.55 0.55 0.55
v 4.605598027717668 24.988769840113488 -12.934961671238652 0.55 0.55 0.55
v 7.991039170048112 20.56481766739917 -12.514469473158961 0.55 0.55 0.55
v 8.529628544999355 18.00344033474707 -12.937776564814538 0.55 0.55 0.55
v 8.529628544999355 18.00344033474707 -12.937776564814538 0.55 0.55 0.55
v 7.991039170048112 20.56481766739917 -12.514469473158961 0.55 0.55 0.55
v 10.103767973459409 20.068779483695284 -11.03250794798561 0.55 0.55 0.55
v 10.788800657652077 17.56857833647202 -11.25252437584879 0.55 0.55 0.55
v 10.788800657652077 17.56857833647202 -11.25252437584879 0.0 0.0 0.0
v 10.103767973459409 20.068779483695284 -11.03250794798561 0.0 0.0 0.0
v 11.11991416028226 22.531857107987637 -9.084520878191196 0.0 0.0 0.0
v 10.103767973459409 20.068779483695284 -11.03250794798561 0.0 0.0 0.0
v 9.416926336109572 22.568399194215694 -10.81091063290423 0.0 0.0 0.0
v 11.11991416028226 22.531857107987637 -9.084520878191196 0.0 0.0 0.0
v 7.991039170048112 20.56481766739917 -12.514469473158961 0.55 0.55 0.55
v 7.347938467216279 23.112427086967017 -12.156483008877741 0.55 0.55 0.55
v 9.416926336109572 22.568399194215694 -10.81091063290423 0.55 0.55 0.55
v 10.103767973459409 20.068779483695284 -11.03250794798561 0.55 0.55 0.55
v 4.605598027717668 24.988769840113488 -12.934961671238652 1.0 1.0 1.0
v 7.347938467216279 23.112427086967017 -12.156483008877741 1.0 1.0 1.0
v 7.991039170048112 20.56481766739917 -12.514469473158961 1.0 1.0 1.0
v 4.605598027717668 24.988769840113488 -12.934961671238652 1.0 1.0 1.0
v 6.657741978691178 25.651747400910846 -11.82741011490088 1.0 1.0 1.0
v 7.347938467216279 23.112427086967017 -12.156483008877741 1.0 1.0 1.0
v 7.347938467216279 23.112427086967017 -12.156483008877741 0.55 0.55 0.55
v 6.657741978691178 25.651747400910846 -11.82741011490088 0.55 0.55 0.55
v 8.71958978521712 25.065669730076475 -10.595634413503952 0.55 0.55 0.55
v 9.416926336109572 22.568399194215694 -10.81091063290423 0.55 0.55 0.55
v 9.416926336109572 22.568399194215694 -10.81091063290423 0.55 0.55 0.55
v 8.71958978521712 25.065669730076475 -10.595634413503952 0.55 0.55 0.55
v 10.45603240501515 25.027090356346278 -8.899929318693838 0.55 0.55 0.55
v 11.11991416028226 22.531857107987637 -9.084520878191196 0.55 0.55 0.55
v 11.11991416028226 22.531857107987637 -9.084520878191196 0.55 0.55 0.55
v 10.45603240501515 25.027090356346278 -8.899929318693838 0.55 0.55 0.55
v 11.855299809082199 25.008920472965208 -6.931802301271406 0.55 0.55 0.55
v 12.48548044200242 22.511224653800006 -7.091364707101472 0.55 0.55 0.55
v 12.48548044200242 22.511224653800006 -7.091364707101472 0.55 0.55 0.55
v 11.855299809082199 25.008920472965208 -6.931802301271406 0.55 0.55 0.55
v 14.10612532186907 20.00026801651958 -5.047128379663423 0.55 0.55 0.55
v 14.717399695822689 17.500730818725764 -5.191358977402564 0.55 0.55 0.55
v 14.717399695822689 17.500730818725764 -5.191358977402564 0.0 0.0 0.0
v 14.10612532186907 20.00026801651958 -5.047128379663423 0.0 0.0 0.0
v 14.13458814655859 22.501141762400092 -2.561138079342317 0.0 0.0 0.0
v 14.10612532186907 20.00026801651958 -5.047128379663423 0.0 0.0 0.0
v 13.495893039230022 22.499886853795406 -4.899924758833538 0.0 0.0 0.0
v 14.13458814655859 22.501141762400092 -2.561138079342317 0.0 0.0 0.0
v 11.855299809082199 25.008920472965208 -6.931802301271406 1.0 1.0 1.0
v 13.495893039230022 22.499886853795406 -4.899924758833538 1.0 1.0 1.0
v 14.10612532186907 20.00026801651958 -5.047128379663423 1.0 1.0 1.0
v 11.855299809082199 25.008920472965208 -6.931802301271406 1.0 1.0 1.0
v 12.886757486260372 24.999587600755735 -4.749595337038446 1.0 1.0 1.0
v 13.495893039230022 22.499886853795406 -4.899924758833538 1.0 1.0 1.0
v 13.495893039230022 22.499886853795406 -4.899924758833538 0.55 0.55 0.55
v 12.886757486260372 24.999587600755735 -4.749595337038446 0.55 0.55 0.55
v 13.526036184955395 25.001185630078886 -2.4092077795920592 0.55 0.55 0.55
v 14.13458814655859 22.501141762400092 -2.561138079342317 0.55 0.55 0.55
v 15.252382148231176 18.926854319432305 -0.32373880427757545 1.0 0.0 0.0
v 14.13458814655859 22.501141762400092 -2.561138079342317 1.0 0.0 0.0
v 13.526036184955395 25.001185630078886 -2.4092077795920592 1.0 0.0 0.0
v 13.647817953890733 25.006559674317828 1.5816146712381873 1.0 0.0 0.0
v 14.256634314642637 22.506159435241994 1.734596717955789 1.0 0.0 0.0
v 13.647817953890733 25.006559674317828 1.5816146712381873 0.55 0.55 0.55
v 13.039160789742565 27.5067869565362 1.4252060475327717 0.55 0.55 0.55
v 12.556752220259206 27.500894959050456 3.816700767811943 0.55 0.55 0.55
v 13.162630472252268 25.000903477008183 3.969924137691193 0.55 0.55 0.55
v 13.162630472252268 25.000903477008183 3.969924137691193 0.55 0.55 0.55
v 12.556752220259206 27.500894959050456 3.816700767811943 0.55 0.55 0.55
v 11.634971757549804 27.5050537171617 6.0546595403186405 0.55 0.55 0.55
v 12.253132566188295 25.005649567499983 6.2098748646781345 0.55 0.55 0.55
v 12.253132566188295 25.005649567499983 6.2098748646781345 0.55 0.55 0.55
v 11.634971757549804 27.5050537171617 6.0546595403186405 0.55 0.55 0.55
v 10.320590796048382 27.51612832012941 8.082585542097437 0.55 0.55 0.55
v 10.970592204498578 25.019830733208348 8.254103252985514 0.55 0.55 0.55
v 10.970592204498578 25.019830733208348 8.254103252985514 0.55 0.55 0.55
v 10.320590796048382 27.51612832012941 8.082585542097437 0.55 0.55 0.55
v 8.651391626988218 27.53894478974567 9.836200362164172 0.55 0.55 0.55
v 9.344417570922138 25.04589844661846 10.04650204452219 0.55 0.55 0.55
v 9.344417570922138 25.04589844661846 10.04650204452219 0.55 0.55 0.55
v 8.651391626988218 27.53894478974567 9.836200362164172 0.55 0.55 0.55
v 6.173328485670279 29.671745018447773 10.958508531172477 0.55 0.55 0.55
v 6.963228042263369 27.00600427439832 11.250287622162533 0.55 0.55 0.55
v 6.963228042263369 27.00600427439832 11.250287622162533 0.55 0.55 0.55
v 6.173328485670279 29.671745018447773 10.958508531172477 0.55 0.55 0.55
v 4.767708129804227 27.472001615389516 12.216540362111743 0.55 0.55 0.55
v 5.395122641659903 24.997639039469178 12.633829473139713 0.55 0.55 0.55
v 5.395122641659903 24.997639039469178 12.633829473139713 0.0 0.0 0.0
v 4.767708129804227 27.472001615389516 12.216540362111743 0.0 0.0 0.0
v 3.0027526257395394 24.979954119766457 13.396381126178024 0.0 0.0 0.0
v 4.767708129804227 27.472001615389516 12.216540362111743 0.0 0.0 0.0
v 4.306608442771804 29.968405211809042 11.725457791519611 0.0 0.0 0.0
v 3.0027526257395394 24.979954119766457 13.396381126178024 0.0 0.0 0.0
v 6.173328485670279 29.671745018447773 10.958508531172477 1.0 0.0 0.0
v 8.651391626988218 27.53894478974567 9.836200362164172 1.0 0.0 0.0
v 7.940432226414535 30.027954433289345 9.638906924394604 1.0 0.0 0.0
v 4.306608442771804 29.968405211809042 11.725457791519611 1.0 0.0 0.0
v 4.767708129804227 27.472001615389516 12.216540362111743 1.0 0.0 0.0
v 10.320590796048382 27.51612832012941 8.082585542097437 0.55 0.55 0.55
v 9.664695179895554 30.011273141203386 7.916862287028322 0.55 0.55 0.55
v 7.940432226414535 30.027954433289345 9.638906924394604 0.55 0.55 0.55
v 8.651391626988218 27.53894478974567 9.836200362164172 0.55 0.55 0.55
v 11.634971757549804 27.5050537171617 6.0546595403186405 0.55 0.55 0.55
v 11.016109029906602 30.004249874627117 5.898898219471657 0.55 0.55 0.55
v 9.664695179895554 30.011273141203386 7.916862287028322 0.55 0.55 0.55
v 10.320590796048382 27.51612832012941 8.082585542097437 0.55 0.55 0.55
v 12.556752220259206 27.500894959050456 3.816700767811943 0.55 0.55 0.55
v 11.950550899980788 30.000590462996758 3.659966183201001 0.55 0.55 0.55
v 11.016109029906602 30.004249874627117 5.898898219471657 0.55 0.55 0.55
v 11.634971757549804 27.5050537171617 6.0546595403186405 0.55 0.55 0.55
v 13.039160789742565 27.5067869565362 1.4252060475327717 0.55 0.55 0.55
v 12.430720587137156 30.006792229282834 1.2644651582953117 0.55 0.55 0.55
v 11.950550899980788 30.000590462996758 3.659966183201001 0.55 0.55 0.55
v 12.556752220259206 27.500894959050456 3.816700767811943 0.55 0.55 0.55
v 13.526036184955395 25.001185630078886 -2.4092077795920592 0.55 0.55 0.55
v 12.91798079690178 27.501152470425232 -2.25406089007465 0.55 0.55 0.55
v 13.039160789742565 27.5067869565362 1.4252060475327717 0.55 0.55 0.55
v 13.647817953890733 25.006559674317828 1.5816146712381873 0.55 0.55 0.55
v 12.886757486260372 24.999587600755735 -4.749595337038446 0.55 0.55 0.55
v 12.27844924391626 27.49934728117978 -4.59691001027982 0.55 0.55 0.55
v 12.91798079690178 27.501152470425232 -2.25406089007465 0.55 0.55 0.55
v 13.526036184955395 25.001185630078886 -2.4092077795920592 0.55 0.55 0.55
v 11.855299809082199 25.008920472965208 -6.931802301271406 0.55 0.55 0.55
v 11.224896697478952 27.506505666429675 -6.771384611663211 0.55 0.55 0.55
v 12.27844924391626 27.49934728117978 -4.59691001027982 0.55 0.55 0.55
v 12.886757486260372 24.999587600755735 -4.749595337038446 0.55 0.55 0.55
v 10.45603240501515 25.027090356346278 -8.899929318693838 0.55 0.55 0.55
v 9.787890406661344 27.52114551641985 -8.714717608052684 0.55 0.55 0.55
v 11.224896697478952 27.506505666429675 -6.771384611663211 0.55 0.55 0.55
v 11.855299809082199 25.008920472965208 -6.931802301271406 0.55 0.55 0.55
v 8.71958978521712 25.065669730076475 -10.595634413503952 0.55 0.55 0.55
v 8.008766329359382 27.557497443887346 -10.362327441991601 0.55 0.55 0.55
v 9.787890406661344 27.52114551641985 -8.714717608052684 0.55 0.55 0.55
v 10.45603240501515 25.027090356346278 -8.899929318693838 0.55 0.55 0.55
v 6.657741978691178 25.651747400910846 -11.82741011490088 1.0 1.0 1.0
v 8.008766329359382 27.557497443887346 -10.362327441991601 1.0 1.0 1.0
v 8.71958978521712 25.065669730076475 -10.595634413503952 1.0 1.0 1.0
v 6.657741978691178 25.651747400910846 -11.82741011490088 1.0 1.0 1.0
v 7.279111228166331 30.044287605998875 -10.134225947860175 1.0 1.0 1.0
v 8.008766329359382 27.557497443887346 -10.362327441991601 1.0 1.0 1.0
v 8.008766329359382 27.557497443887346 -10.362327441991601 0.55 0.55 0.55
v 7.279111228166331 30.044287605998875 -10.134225947860175 0.55 0.55 0.55
v 9.110003191913982 30.013139905188435 -8.537443495377957 0.55 0.55 0.55
v 9.787890406661344 27.52114551641985 -8.714717608052684 0.55 0.55 0.55
v 9.787890406661344 27.52114551641985 -8.714717608052684 0.55 0.55 0.55
v 9.110003191913982 30.013139905188435 -8.537443495377957 0.55 0.55 0.55
v 10.5928561318214 30.003768094532248 -6.61239051221853 0.55 0.55 0.55
v 11.224896697478952 27.506505666429675 -6.771384611663211 0.55 0.55 0.55
v 11.224896697478952 27.506505666429675 -6.771384611663211 0.55 0.55 0.55
v 10.5928561318214 30.003768094532248 -6.61239051221853 0.55 0.55 0.55
v 11.670947743805845 29.999161918074304 -4.441929298406051 0.55 0.55 0.55
v 12.27844924391626 27.49934728117978 -4.59691001027982 0.55 0.55 0.55
v 12.27844924391626 27.49934728117978 -4.59691001027982 0.55 0.55 0.55
v 11.670947743805845 29.999161918074304 -4.441929298406051 0.55 0.55 0.55
v 12.310546113794256 30.00101709569576 -2.0949035530307087 0.55 0.55 0.55
v 12.91798079690178 27.501152470425232 -2.25406089007465 0.55 0.55 0.55
v 12.91798079690178 27.501152470425232 -2.25406089007465 0.55 0.55 0.55
v 12.310546113794256 30.00101709569576 -2.0949035530307087 0.55 0.55 0.55
v 12.430720587137156 30.006792229282834 1.2644651582953117 0.55 0.55 0.55
v 13.039160789742565 27.5067869565362 1.4252060475327717 0.55 0.55 0.55
v 12.430720587137156 30.006792229282834 1.2644651582953117 0.55 0.55 0.55
v 11.818725570428631 32.505502479804726 1.0972537510751679 0.55 0.55 0.55
v 11.345947139040495 32.500335344526 3.4979465809273593 0.55 0.55 0.55
v 11.950550899980788 30.000590462996758 3.659966183201001 0.55 0.55 0.55
v 11.950550899980788 30.000590462996758 3.659966183201001 0.55 0.55 0.55
v 11.345947139040495 32.500335344526 3.4979465809273593 0.55 0.55 0.55
v 10.38993321831274 32.50116334594343 5.73593146711692 0.55 0.55 0.55
v 11.016109029906602 30.004249874627117 5.898898219471657 0.55 0.55 0.55
v 11.016109029906602 30.004249874627117 5.898898219471657 0.55 0.55 0.55
v 10.38993321831274 32.50116334594343 5.73593146711692 0.55 0.55 0.55
v 8.986670148516726 32.50033040800752 7.7487995423452665 0.55 0.55 0.55
v 9.664695179895554 30.011273141203386 7.916862287028322 0.55 0.55 0.55
v 9.664695179895554 30.011273141203386 7.916862287028322 0.55 0.55 0.55
v 8.986670148516726 32.50033040800752 7.7487995423452665 0.55 0.55 0.55
v 7.133860252031082 32.49032271476948 9.48560458000405 0.55 0.55 0.55
v 7.940432226414535 30.027954433289345 9.638906924394604 0.55 0.55 0.55
v 7.940432226414535 30.027954433289345 9.638906924394604 0.55 0.55 0.55
v 7.133860252031082 32.49032271476948 9.48560458000405 0.55 0.55 0.55
v 4.221030410020337 32.47410028555931 11.095628967222481 0.55 0.55 0.55
v 4.306608442771804 29.968405211809042 11.725457791519611 0.55 0.55 0.55
v 4.306608442771804 29.968405211809042 11.725457791519611 0.55 0.55 0.55
v 4.221030410020337 32.47410028555931 11.095628967222481 0.55 0.55 0.55
v 2.274675837732901 27.427312218921966 12.920658487006401 0.55 0.55 0.55
v 3.0027526257395394 24.979954119766457 13.396381126178024 0.55 0.55 0.55
v 2.8528931162136324 21.453503908538543 14.3560292866561 1.0 0.0 0.0
v 3.0027526257395394 24.979954119766457 13.396381126178024 1.0 0.0 0.0
v 2.274675837732901 27.427312218921966 12.920658487006401 1.0 0.0 0.0
v -0.9483793618601593 27.507189711156983 13.076483815784918 1.0 0.0 0.0
v -0.8988153983304564 25.00858957501247 13.704115398078386 1.0 0.0 0.0
v -0.8988153983304564 25.00858957501247 13.704115398078386 0.55 0.55 0.55
v -0.9483793618601593 27.507189711156983 13.076483815784918 0.55 0.55 0.55
v -3.9868757091587623 27.50429566902125 12.495410678442095 0.55 0.55 0.55
v -4.102332788587266 25.004576791517067 13.117028568137972 0.55 0.55 0.55
v -4.102332788587266 25.004576791517067 13.117028568137972 0.55 0.55 0.55
v -3.9868757091587623 27.50429566902125 12.495410678442095 0.55 0.55 0.55
v -6.794912928967345 27.465358388930465 11.221134452920737 0.55 0.55 0.55
v -7.0098675227121845 24.968323351907333 11.819262898924825 0.55 0.55 0.55
v -7.0098675227121845 24.968323351907333 11.819262898924825 0.55 0.55 0.55
v -6.794912928967345 27.465358388930465 11.221134452920737 0.55 0.55 0.55
v -9.118854080514538 27.494917005080495 9.427075481322065 0.55 0.55 0.55
v -9.338827823082825 25.004407913511272 10.06853908252782 0.55 0.55 0.55
v -9.338827823082825 25.004407913511272 10.06853908252782 0.55 0.55 0.55
v -9.118854080514538 27.494917005080495 9.427075481322065 0.55 0.55 0.55
v -11.082923267811035 27.505445892266906 7.004929331632486 0.55 0.55 0.55
v -11.495228617067967 25.0131447286986 7.5248827126982585 0.55 0.55 0.55
v -11.495228617067967 25.0131447286986 7.5248827126982585 0.55 0.55 0.55
v -11.082923267811035 27.505445892266906 7.004929331632486 0.55 0.55 0.55
v -12.425931002008152 27.506764711526653 4.177871143855349 0.55 0.55 0.55
v -12.951998116772968 25.01196859034688 4.558169571126792 0.55 0.55 0.55
v -12.951998116772968 25.01196859034688 4.558169571126792 0.55 0.55 0.55
v -12.425931002008152 27.506764711526653 4.177871143855349 0.55 0.55 0.55
v -13.071407600160867 27.446649659736675 0.9909657420957839 0.55 0.55 0.55
v -13.569149810539017 25.111077847677603 1.8471722139221824 0.55 0.55 0.55
v -13.569149810539017 25.111077847677603 1.8471722139221824 0.55 0.55 0.55
v -13.071407600160867 27.446649659736675 0.9909657420957839 0.55 0.55 0.55
v -13.716318308692276 25.001119039702424 -0.6799120206836915 0.55 0.55 0.55
v -14.41474595170717 22.231477195714763 -0.557429166022139 0.55 0.55 0.55
v -14.41474595170717 22.231477195714763 -0.557429166022139 0.55 0.55 0.55
v -13.716318308692276 25.001119039702424 -0.6799120206836915 0.55 0.55 0.55
v -12.707285268184654 27.50100130537257 -3.2216638420383217 0.55 0.55 0.55
v -13.237000296349235 25.01443592248623 -3.660429237944151 0.55 0.55 0.55
v -13.237000296349235 25.01443592248623 -3.660429237944151 0.55 0.55 0.55
v -12.707285268184654 27.50100130537257 -3.2216638420383217 0.55 0.55 0.55
v -11.587409412591215 27.491669607515444 -6.1465088007136375 0.55 0.55 0.55
v -11.970374221159718 25.00663435948979 -6.731292324713852 0.55 0.55 0.55
v -11.970374221159718 25.00663435948979 -6.731292324713852 0.55 0.55 0.55
v -11.587409412591215 27.491669607515444 -6.1465088007136375 0.55 0.55 0.55
v -9.934073804939658 27.472051945775718 -8.569317668486432 0.55 0.55 0.55
v -10.367192179582869 24.98062081528921 -9.018421075262742 0.55 0.55 0.55
v -10.367192179582869 24.98062081528921 -9.018421075262742 0.55 0.55 0.55
v -9.934073804939658 27.472051945775718 -8.569317668486432 0.55 0.55 0.55
v -7.638972340863639 27.503730657703418 -10.654442338634516 0.55 0.55 0.55
v -7.946198650608501 25.004016868628174 -11.203691657898348 0.55 0.55 0.55
v -6.879566545618229 22.40563119164664 -12.643525907548689 1.0 0.0 0.0
v -7.946198650608501 25.004016868628174 -11.203691657898348 1.0 0.0 0.0
v -7.638972340863639 27.503730657703418 -10.654442338634516 1.0 0.0 0.0
v -4.920280147266673 27.509377407573773 -12.157804214553085 1.0 0.0 0.0
v -4.984640574483341 25.012435695877336 -12.798369721607935 1.0 0.0 0.0
v -4.984640574483341 25.012435695877336 -12.798369721607935 0.55 0.55 0.55
v -4.920280147266673 27.509377407573773 -12.157804214553085 0.55 0.55 0.55
v -1.9447739048650665 27.4972939937168 -12.965626837705807 0.55 0.55 0.55
v -1.8463722344062297 25.000321952944404 -13.610087009600393 0.55 0.55 0.55
v -1.8463722344062297 25.000321952944404 -13.610087009600393 0.55 0.55 0.55
v -1.9447739048650665 27.4972939937168 -12.965626837705807 0.55 0.55 0.55
v 1.3241449036632753 27.392035811853066 -13.063387417745389 0.55 0.55 0.55
v 2.131619396779574 24.96793342967142 -13.5580420239548 0.55 0.55 0.55
v 2.131619396779574 24.96793342967142 -13.5580420239548 0.55 0.55 0.55
v 1.3241449036632753 27.392035811853066 -13.063387417745389 0.55 0.55 0.55
v 3.9687916710507336 27.46155730770212 -12.509685260928718 0.55 0.55 0.55
v 4.605598027717668 24.988769840113488 -12.934961671238652 0.55 0.55 0.55
v 4.605598027717668 24.988769840113488 -12.934961671238652 0.55 0.55 0.55
v 3.9687916710507336 27.46155730770212 -12.509685260928718 0.55 0.55 0.55
v 5.9542573740839435 28.18626777512205 -11.489819211998636 0.55 0.55 0.55
v 6.657741978691178 25.651747400910846 -11.82741011490088 0.55 0.55 0.55
v 6.657741978691178 25.651747400910846 -11.82741011490088 0.55 0.55 0.55
v 5.9542573740839435 28.18626777512205 -11.489819211998636 0.55 0.55 0.55
v 6.362455327618696 32.47389815865538 -10.027351475475482 0.55 0.55 0.55
v 7.279111228166331 30.044287605998875 -10.134225947860175 0.55 0.55 0.55
v 7.279111228166331 30.044287605998875 -10.134225947860175 0.55 0.55 0.55
v 6.362455327618696 32.47389815865538 -10.027351475475482 0.55 0.55 0.55
v 8.412971299776158 32.50107939857383 -8.378421000558129 0.55 0.55 0.55
v 9.110003191913982 30.013139905188435 -8.537443495377957 0.55 0.55 0.55
v 9.110003191913982 30.013139905188435 -8.537443495377957 0.55 0.55 0.55
v 8.412971299776158 32.50107939857383 -8.378421000558129 0.55 0.55 0.55
v 9.960167006214787 32.50083476285222 -6.4529204149872825 0.55 0.55 0.55
v 10.5928561318214 30.003768094532248 -6.61239051221853 0.55 0.55 0.55
v 10.5928561318214 30.003768094532248 -6.61239051221853 0.55 0.55 0.55
v 9.960167006214787 32.50083476285222 -6.4529204149872825 0.55 0.55 0.55
v 11.065103606548723 32.49908161023171 -4.282238546916533 0.55 0.55 0.55
v 11.670947743805845 29.999161918074304 -4.441929298406051 0.55 0.55 0.55
v 11.670947743805845 29.999161918074304 -4.441929298406051 0.55 0.55 0.55
v 11.065103606548723 32.49908161023171 -4.282238546916533 0.55 0.55 0.55
v 11.703954826122905 32.5007340516364 -1.9303117141063948 0.55 0.55 0.55
v 12.310546113794256 30.00101709569576 -2.0949035530307087 0.55 0.55 0.55
v 12.310546113794256 30.00101709569576 -2.0949035530307087 0.55 0.55 0.55
v 11.703954826122905 32.5007340516364 -1.9303117141063948 0.55 0.55 0.55
v 11.818725570428631 32.505502479804726 1.0972537510751679 0.55 0.55 0.55
v 12.430720587137156 30.006792229282834 1.2644651582953117 0.55 0.55 0.55
v 11.818725570428631 32.505502479804726 1.0972537510751679 0.55 0.55 0.55
v 11.20397664952039 35.00308803198421 0.9234330006660263 0.55 0.55 0.55
v 10.744230961138193 35.000170138628604 3.3268375225412927 0.55 0.55 0.55
v 11.345947139040495 32.500335344526 3.4979465809273593 0.55 0.55 0.55
v 11.345947139040495 32.500335344526 3.4979465809273593 0.55 0.55 0.55
v 10.744230961138193 35.000170138628604 3.3268375225412927 0.55 0.55 0.55
v 9.771628687066897 34.99890702981443 5.556636488769134 0.55 0.55 0.55
v 10.38993321831274 32.50116334594343 5.73593146711692 0.55 0.55 0.55
v 10.38993321831274 32.50116334594343 5.73593146711692 0.55 0.55 0.55
v 9.771628687066897 34.99890702981443 5.556636488769134 0.55 0.55 0.55
v 8.329215977639532 34.99254006435114 7.549834869926398 0.55 0.55 0.55
v 8.986670148516726 32.50033040800752 7.7487995423452665 0.55 0.55 0.55
v 8.986670148516726 32.50033040800752 7.7487995423452665 0.55 0.55 0.55
v 8.329215977639532 34.99254006435114 7.549834869926398 0.55 0.55 0.55
v 6.427082354138442 34.97486414394215 9.238504119878593 0.55 0.55 0.55
v 7.133860252031082 32.49032271476948 9.48560458000405 0.55 0.55 0.55
v 7.133860252031082 32.49032271476948 9.48560458000405 0.55 0.55 0.55
v 6.427082354138442 34.97486414394215 9.238504119878593 0.55 0.55 0.55
v 3.911170603317511 34.98176876711083 10.543117111401866 0.55 0.55 0.55
v 4.221030410020337 32.47410028555931 11.095628967222481 0.55 0.55 0.55
v 4.221030410020337 32.47410028555931 11.095628967222481 0.55 0.55 0.55
v 3.911170603317511 34.98176876711083 10.543117111401866 0.55 0.55 0.55
v 1.8343923369554973 29.926466111351086 12.367506037736204 0.55 0.55 0.55
v 2.274675837732901 27.427312218921966 12.920658487006401 0.55 0.55 0.55
v 2.274675837732901 27.427312218921966 12.920658487006401 0.55 0.55 0.55
v 1.8343923369554973 29.926466111351086 12.367506037736204 0.55 0.55 0.55
v -1.075635921629707 30.004018775004504 12.445086972440741 0.55 0.55 0.55
v -0.9483793618601593 27.507189711156983 13.076483815784918 0.55 0.55 0.55
v -0.9483793618601593 27.507189711156983 13.076483815784918 0.55 0.55 0.55
v -1.075635921629707 30.004018775004504 12.445086972440741 0.55 0.55 0.55
v -3.9263612211215273 30.00165921307632 11.854758654131258 0.55 0.55 0.55
v -3.9868757091587623 27.50429566902125 12.495410678442095 0.55 0.55 0.55
v -3.9868757091587623 27.50429566902125 12.495410678442095 0.55 0.55 0.55
v -3.9263612211215273 30.00165921307632 11.854758654131258 0.55 0.55 0.55
v -6.576131620456386 29.9709426432478 10.622744187278315 0.55 0.55 0.55
v -6.794912928967345 27.465358388930465 11.221134452920737 0.55 0.55 0.55
v -6.794912928967345 27.465358388930465 11.221134452920737 0.55 0.55 0.55
v -6.576131620456386 29.9709426432478 10.622744187278315 0.55 0.55 0.55
v -8.82489481330609 29.993662642730072 8.84667392252877 0.55 0.55 0.55
v -9.118854080514538 27.494917005080495 9.427075481322065 0.55 0.55 0.55
v -9.118854080514538 27.494917005080495 9.427075481322065 0.55 0.55 0.55
v -8.82489481330609 29.993662642730072 8.84667392252877 0.55 0.55 0.55
v -10.656181860799277 29.999917372172266 6.50724299245368 0.55 0.55 0.55
v -11.082923267811035 27.505445892266906 7.004929331632486 0.55 0.55 0.55
v -11.082923267811035 27.505445892266906 7.004929331632486 0.55 0.55 0.55
v -10.656181860799277 29.999917372172266 6.50724299245368 0.55 0.55 0.55
v -11.91318741887375 29.99926931815041 3.7612247785657154 0.55 0.55 0.55
v -12.425931002008152 27.506764711526653 4.177871143855349 0.55 0.55 0.55
v -12.425931002008152 27.506764711526653 4.177871143855349 0.55 0.55 0.55
v -11.91318741887375 29.99926931815041 3.7612247785657154 0.55 0.55 0.55
v -12.49276950532988 29.861176018029735 0.6798882336635176 0.55 0.55 0.55
v -13.071407600160867 27.446649659736675 0.9909657420957839 0.55 0.55 0.55
v -13.716318308692276 25.001119039702424 -0.6799120206836915 1.0 0.0 0.0
v -13.071407600160867 27.446649659736675 0.9909657420957839 1.0 0.0 0.0
v -12.49276950532988 29.861176018029735 0.6798882336635176 1.0 0.0 0.0
v -12.166703039754589 29.991744552575483 -2.821149091843207 1.0 0.0 0.0
v -12.707285268184654 27.50100130537257 -3.2216638420383217 1.0 0.0 0.0
v -12.707285268184654 27.50100130537257 -3.2216638420383217 0.55 0.55 0.55
v -12.166703039754589 29.991744552575483 -2.821149091843207 0.55 0.55 0.55
v -11.132137996381504 29.98750215425299 -5.662237233615582 0.55 0.55 0.55
v -11.587409412591215 27.491669607515444 -6.1465088007136375 0.55 0.55 0.55
v -11.587409412591215 27.491669607515444 -6.1465088007136375 0.55 0.55 0.55
v -11.132137996381504 29.98750215425299 -5.662237233615582 0.55 0.55 0.55
v -9.546532674285633 29.977073971004256 -8.064444732813433 0.55 0.55 0.55
v -9.934073804939658 27.472051945775718 -8.569317668486432 0.55 0.55 0.55
v -9.934073804939658 27.472051945775718 -8.569317668486432 0.55 0.55 0.55
v -9.546532674285633 29.977073971004256 -8.064444732813433 0.55 0.55 0.55
v -7.389358343341418 30.00121169004169 -10.063158931268505 0.55 0.55 0.55
v -7.638972340863639 27.503730657703418 -10.654442338634516 0.55 0.55 0.55
v -7.638972340863639 27.503730657703418 -10.654442338634516 0.55 0.55 0.55
v -7.389358343341418 30.00121169004169 -10.063158931268505 0.55 0.55 0.55
v -4.834803079043298 30.006261318954305 -11.519223191713785 0.55 0.55 0.55
v -4.920280147266673 27.509377407573773 -12.157804214553085 0.55 0.55 0.55
v -4.920280147266673 27.509377407573773 -12.157804214553085 0.55 0.55 0.55
v -4.834803079043298 30.006261318954305 -11.519223191713785 0.55 0.55 0.55
v -2.0328481582577553 29.99495142284585 -12.322132489275532 0.55 0.55 0.55
v -1.9447739048650665 27.4972939937168 -12.965626837705807 0.55 0.55 0.55
v -1.9447739048650665 27.4972939937168 -12.965626837705807 0.55 0.55 0.55
v -2.0328481582577553 29.99495142284585 -12.322132489275532 0.55 0.55 0.55
v 0.9089830377568069 29.897472352440275 -12.476847641084007 0.55 0.55 0.55
v 1.3241449036632753 27.392035811853066 -13.063387417745389 0.55 0.55 0.55
v 1.3241449036632753 27.392035811853066 -13.063387417745389 0.55 0.55 0.55
v 0.9089830377568069 29.897472352440275 -12.476847641084007 0.55 0.55 0.55
v 3.5164561421312373 29.957146909178842 -11.995589665640653 0.55 0.55 0.55
v 3.9687916710507336 27.46155730770212 -12.509685260928718 0.55 0.55 0.55
v 3.9687916710507336 27.46155730770212 -12.509685260928718 0.55 0.55 0.55
v 3.5164561421312373 29.957146909178842 -11.995589665640653 0.55 0.55 0.55
v 5.288562903744607 30.72441456961785 -11.119570191282715 0.55 0.55 0.55
v 5.9542573740839435 28.18626777512205 -11.489819211998636 0.55 0.55 0.55
v 5.9542573740839435 28.18626777512205 -11.489819211998636 0.0 0.0 0.0
v 5.288562903744607 30.72441456961785 -11.119570191282715 0.0 0.0 0.0
v 6.362455327618696 32.47389815865538 -10.027351475475482 0.0 0.0 0.0
v 5.288562903744607 30.72441456961785 -11.119570191282715 1.0 1.0 0.0
v 3.5164561421312373 29.957146909178842 -11.995589665640653 1.0 1.0 0.0
v 3.3145446835838013 32.46999856273459 -11.407615341498447 1.0 1.0 0.0
v 6.362455327618696 32.47389815865538 -10.027351475475482 1.0 1.0 0.0
v 0.9089830377568069 29.897472352440275 -12.476847641084007 0.55 0.55 0.55
v 0.6468187333817716 32.419787937660516 -11.87181122878283 0.55 0.55 0.55
v 3.3145446835838013 32.46999856273459 -11.407615341498447 0.55 0.55 0.55
v 3.5164561421312373 29.957146909178842 -11.995589665640653 0.55 0.55 0.55
v -2.0328481582577553 29.99495142284585 -12.322132489275532 0.55 0.55 0.55
v -2.0907774146580924 32.49439984533797 -11.682222797410855 0.55 0.55 0.55
v 0.6468187333817716 32.419787937660516 -11.87181122878283 0.55 0.55 0.55
v 0.9089830377568069 29.897472352440275 -12.476847641084007 0.55 0.55 0.55
v -4.834803079043298 30.006261318954305 -11.519223191713785 0.55 0.55 0.55
v -4.730262463382432 32.50258236960542 -10.88128342261225 0.55 0.55 0.55
v -2.0907774146580924 32.49439984533797 -11.682222797410855 0.55 0.55 0.55
v -2.0328481582577553 29.99495142284585 -12.322132489275532 0.55 0.55 0.55
v -7.389358343341418 30.00121169004169 -10.063158931268505 0.55 0.55 0.55
v -7.129626866212564 32.49938074542176 -9.47916518568334 0.55 0.55 0.55
v -4.730262463382432 32.50258236960542 -10.88128342261225 0.55 0.55 0.55
v -4.834803079043298 30.006261318954305 -11.519223191713785 0.55 0.55 0.55
v -9.546532674285633 29.977073971004256 -8.064444732813433 0.55 0.55 0.55
v -9.151521967888332 32.482455529283804 -7.567160757974559 0.55 0.55 0.55
v -7.129626866212564 32.49938074542176 -9.47916518568334 0.55 0.55 0.55
v -7.389358343341418 30.00121169004169 -10.063158931268505 0.55 0.55 0.55
v -11.132137996381504 29.98750215425299 -5.662237233615582 0.55 0.55 0.55
v -10.656636021056707 32.486650011274975 -5.216108930733864 0.55 0.55 0.55
v -9.151521967888332 32.482455529283804 -7.567160757974559 0.55 0.55 0.55
v -9.546532674285633 29.977073971004256 -8.064444732813433 0.55 0.55 0.55
v -12.166703039754589 29.991744552575483 -2.821149091843207 0.55 0.55 0.55
v -11.598724480676497 32.490507826091104 -2.5208098967920956 0.55 0.55 0.55
v -10.656636021056707 32.486650011274975 -5.216108930733864 0.55 0.55 0.55
v -11.132137996381504 29.98750215425299 -5.662237233615582 0.55 0.55 0.55
v -12.49276950532988 29.861176018029735 0.6798882336635176 0.55 0.55 0.55
v -11.873623462639136 32.391993769096004 0.549839280763881 0.55 0.55 0.55
v -11.598724480676497 32.490507826091104 -2.5208098967920956 0.55 0.55 0.55
v -12.166703039754589 29.991744552575483 -2.821149091843207 0.55 0.55 0.55
v -11.91318741887375 29.99926931815041 3.7612247785657154 0.55 0.55 0.55
v -11.362777488690078 32.49697689614855 3.432938610642894 0.55 0.55 0.55
v -11.873623462639136 32.391993769096004 0.549839280763881 0.55 0.55 0.55
v -12.49276950532988 29.861176018029735 0.6798882336635176 0.55 0.55 0.55
v -10.656181860799277 29.999917372172266 6.50724299245368 0.55 0.55 0.55
v -10.208716314298812 32.496994427358885 6.041941628296852 0.55 0.55 0.55
v -11.362777488690078 32.49697689614855 3.432938610642894 0.55 0.55 0.55
v -11.91318741887375 29.99926931815041 3.7612247785657154 0.55 0.55 0.55
v -8.82489481330609 29.993662642730072 8.84667392252877 0.55 0.55 0.55
v -8.504148050640417 32.49187282271027 8.278264825977548 0.55 0.55 0.55
v -10.208716314298812 32.496994427358885 6.041941628296852 0.55 0.55 0.55
v -10.656181860799277 29.999917372172266 6.50724299245368 0.55 0.55 0.55
v -6.576131620456386 29.9709426432478 10.622744187278315 0.55 0.55 0.55
v -6.350275863664438 32.47685733393444 10.0284167347856 0.55 0.55 0.55
v -8.504148050640417 32.49187282271027 8.278264825977548 0.55 0.55 0.55
v -8.82489481330609 29.993662642730072 8.84667392252877 0.55 0.55 0.55
v -3.9263612211215273 30.00165921307632 11.854758654131258 0.55 0.55 0.55
v -3.85420152823862 32.49972688050029 11.218086580501534 0.55 0.55 0.55
v -6.350275863664438 32.47685733393444 10.0284167347856 0.55 0.55 0.55
v -6.576131620456386 29.9709426432478 10.622744187278315 0.55 0.55 0.55
v -1.075635921629707 30.004018775004504 12.445086972440741 0.55 0.55 0.55
v -1.1626187485693842 32.50255574916497 11.813457301543185 0.55 0.55 0.55
v -3.85420152823862 32.49972688050029 11.218086580501534 0.55 0.55 0.55
v -3.9263612211215273 30.00165921307632 11.854758654131258 0.55 0.55 0.55
v 1.8343923369554973 29.926466111351086 12.367506037736204 0.55 0.55 0.55
v 1.5703108958639909 32.44318134970153 11.77914451681477 0.55 0.55 0.55
v -1.1626187485693842 32.50255574916497 11.813457301543185 0.55 0.55 0.55
v -1.075635921629707 30.004018775004504 12.445086972440741 0.55 0.55 0.55
v 3.911170603317511 34.98176876711083 10.543117111401866 1.0 1.0 1.0
v 1.5703108958639909 32.44318134970153 11.77914451681477 1.0 1.0 1.0
v 1.8343923369554973 29.926466111351086 12.367506037736204 1.0 1.0 1.0
v 3.911170603317511 34.98176876711083 10.543117111401866 1.0 1.0 1.0
v 1.348591362781808 34.9612374277515 11.17844257662065 1.0 1.0 1.0
v 1.5703108958639909 32.44318134970153 11.77914451681477 1.0 1.0 1.0
v 1.5703108958639909 32.44318134970153 11.77914451681477 0.55 0.55 0.55
v 1.348591362781808 34.9612374277515 11.17844257662065 0.55 0.55 0.55
v -1.2262925028638125 35.00034239662281 11.176049771156876 0.55 0.55 0.55
v -1.1626187485693842 32.50255574916497 11.813457301543185 0.55 0.55 0.55
v -1.1626187485693842 32.50255574916497 11.813457301543185 0.55 0.55 0.55
v -1.2262925028638125 35.00034239662281 11.176049771156876 0.55 0.55 0.55
v -3.7698512972558182 34.99848150773353 10.585594191040624 0.55 0.55 0.55
v -3.85420152823862 32.49972688050029 11.218086580501534 0.55 0.55 0.55
v -3.85420152823862 32.49972688050029 11.218086580501534 0.55 0.55 0.55
v -3.7698512972558182 34.99848150773353 10.585594191040624 0.55 0.55 0.55
v -6.11837348184721 34.98303458292217 9.437541063595102 0.55 0.55 0.55
v -6.350275863664438 32.47685733393444 10.0284167347856 0.55 0.55 0.55
v -6.350275863664438 32.47685733393444 10.0284167347856 0.55 0.55 0.55
v -6.11837348184721 34.98303458292217 9.437541063595102 0.55 0.55 0.55
v -8.16018200959198 34.99205699380371 7.732644235732722 0.55 0.55 0.55
v -8.504148050640417 32.49187282271027 8.278264825977548 0.55 0.55 0.55
v -8.504148050640417 32.49187282271027 8.278264825977548 0.55 0.55 0.55
v -8.16018200959198 34.99205699380371 7.732644235732722 0.55 0.55 0.55
v -9.740037759528262 34.99615346726068 5.609931182029494 0.55 0.55 0.55
v -10.208716314298812 32.496994427358885 6.041941628296852 0.55 0.55 0.55
v -10.208716314298812 32.496994427358885 6.041941628296852 0.55 0.55 0.55
v -9.740037759528262 34.99615346726068 5.609931182029494 0.55 0.55 0.55
v -10.792217155469613 34.99634867126371 3.1551317653902915 0.55 0.55 0.55
v -11.362777488690078 32.49697689614855 3.432938610642894 0.55 0.55 0.55
v -11.362777488690078 32.49697689614855 3.432938610642894 0.55 0.55 0.55
v -10.792217155469613 34.99634867126371 3.1551317653902915 0.55 0.55 0.55
v -11.250413868236476 34.923058755553676 0.4452025582367889 0.55 0.55 0.55
v -11.873623462639136 32.391993769096004 0.549839280763881 0.55 0.55 0.55
v -11.873623462639136 32.391993769096004 0.549839280763881 0.55 0.55 0.55
v -11.250413868236476 34.923058755553676 0.4452025582367889 0.55 0.55 0.55
v -11.015262253591036 34.992079467694694 -2.2783265548616916 0.55 0.55 0.55
v -11.598724480676497 32.490507826091104 -2.5208098967920956 0.55 0.55 0.55
v -11.598724480676497 32.490507826091104 -2.5208098967920956 0.55 0.55 0.55
v -11.015262253591036 34.992079467694694 -2.2783265548616916 0.55 0.55 0.55
v -10.159820120660719 34.98849863223017 -4.810084698310058 0.55 0.55 0.55
v -10.656636021056707 32.486650011274975 -5.216108930733864 0.55 0.55 0.55
v -10.656636021056707 32.486650011274975 -5.216108930733864 0.55 0.55 0.55
v -10.159820120660719 34.98849863223017 -4.810084698310058 0.55 0.55 0.55
v -8.742461477863714 34.986489288216326 -7.0744715137070155 0.55 0.55 0.55
v -9.151521967888332 32.482455529283804 -7.567160757974559 0.55 0.55 0.55
v -9.151521967888332 32.482455529283804 -7.567160757974559 0.55 0.55 0.55
v -8.742461477863714 34.986489288216326 -7.0744715137070155 0.55 0.55 0.55
v -6.8581850934238675 34.99825737567128 -8.903636506600705 0.55 0.55 0.55
v -7.129626866212564 32.49938074542176 -9.47916518568334 0.55 0.55 0.55
v -7.129626866212564 32.49938074542176 -9.47916518568334 0.55 0.55 0.55
v -6.8581850934238675 34.99825737567128 -8.903636506600705 0.55 0.55 0.55
v -4.608374635009719 34.99993910210369 -10.250543722836538 0.55 0.55 0.55
v -4.730262463382432 32.50258236960542 -10.88128342261225 0.55 0.55 0.55
v -4.730262463382432 32.50258236960542 -10.88128342261225 0.55 0.55 0.55
v -4.608374635009719 34.99993910210369 -10.250543722836538 0.55 0.55 0.55
v -2.1210645953362754 34.995185844683384 -11.045598499940796 0.55 0.55 0.55
v -2.0907774146580924 32.49439984533797 -11.682222797410855 0.55 0.55 0.55
v -2.0907774146580924 32.49439984533797 -11.682222797410855 0.55 0.55 0.55
v -2.1210645953362754 34.995185844683384 -11.045598499940796 0.55 0.55 0.55
v 0.4485113971204785 34.94508846993181 -11.254560016376585 0.55 0.55 0.55
v 0.6468187333817716 32.419787937660516 -11.87181122878283 0.55 0.55 0.55
v 0.6468187333817716 32.419787937660516 -11.87181122878283 0.55 0.55 0.55
v 0.4485113971204785 34.94508846993181 -11.254560016376585 0.55 0.55 0.55
v 3.0511105314610263 34.98002372149019 -10.831088125594041 0.55 0.55 0.55
v 3.3145446835838013 32.46999856273459 -11.407615341498447 0.55 0.55 0.55
v 3.3145446835838013 32.46999856273459 -11.407615341498447 0.55 0.55 0.55
v 3.0511105314610263 34.98002372149019 -10.831088125594041 0.55 0.55 0.55
v 5.668397312546564 34.96002474454513 -9.724668517080252 0.55 0.55 0.55
v 6.362455327618696 32.47389815865538 -10.027351475475482 0.55 0.55 0.55
v 6.362455327618696 32.47389815865538 -10.027351475475482 0.55 0.55 0.55
v 5.668397312546564 34.96002474454513 -9.724668517080252 0.55 0.55 0.55
v 7.730942683119331 34.988932985800716 -8.165395524550563 0.55 0.55 0.55
v 8.412971299776158 32.50107939857383 -8.378421000558129 0.55 0.55 0.55
v 8.412971299776158 32.50107939857383 -8.378421000558129 0.55 0.55 0.55
v 7.730942683119331 34.988932985800716 -8.165395524550563 0.55 0.55 0.55
v 9.336234135237063 34.998577252172936 -6.271481754195023 0.55 0.55 0.55
v 9.960167006214787 32.50083476285222 -6.4529204149872825 0.55 0.55 0.55
v 9.960167006214787 32.50083476285222 -6.4529204149872825 0.55 0.55 0.55
v 9.336234135237063 34.998577252172936 -6.271481754195023 0.55 0.55 0.55
v 10.463223764511683 34.999213265156584 -4.111311324260607 0.55 0.55 0.55
v 11.065103606548723 32.49908161023171 -4.282238546916533 0.55 0.55 0.55
v 11.065103606548723 32.49908161023171 -4.282238546916533 0.55 0.55 0.55
v 10.463223764511683 34.999213265156584 -4.111311324260607 0.55 0.55 0.55
v 11.098428070954819 35.00025017849946 -1.7588852452100927 0.55 0.55 0.55
v 11.703954826122905 32.5007340516364 -1.9303117141063948 0.55 0.55 0.55
v 11.703954826122905 32.5007340516364 -1.9303117141063948 0.55 0.55 0.55
v 11.098428070954819 35.00025017849946 -1.7588852452100927 0.55 0.55 0.55
v 11.20397664952039 35.00308803198421 0.9234330006660263 0.55 0.55 0.55
v 11.818725570428631 32.505502479804726 1.0972537510751679 0.55 0.55 0.55
v 11.20397664952039 35.00308803198421 0.9234330006660263 0.55 0.55 0.55
v 10.588440833572191 37.50062883618811 0.7517969620529298 0.55 0.55 0.55
v 10.145711004490447 37.500061249007636 3.1456306558612845 0.55 0.55 0.55
v 10.744230961138193 35.000170138628604 3.3268375225412927 0.55 0.55 0.55
v 10.744230961138193 35.000170138628604 3.3268375225412927 0.55 0.55 0.55
v 10.145711004490447 37.500061249007636 3.1456306558612845 0.55 0.55 0.55
v 9.171549825274115 37.498381310106566 5.343092006463897 0.55 0.55 0.55
v 9.771628687066897 34.99890702981443 5.556636488769134 0.55 0.55 0.55
v 9.771628687066897 34.99890702981443 5.556636488769134 0.55 0.55 0.55
v 9.171549825274115 37.498381310106566 5.343092006463897 0.55 0.55 0.55
v 7.731094663071908 37.492674353305105 7.277321488188725 0.55 0.55 0.55
v 8.329215977639532 34.99254006435114 7.549834869926398 0.55 0.55 0.55
v 8.329215977639532 34.99254006435114 7.549834869926398 0.55 0.55 0.55
v 7.731094663071908 37.492674353305105 7.277321488188725 0.55 0.55 0.55
v 5.866105378537278 37.48131118029413 8.862404868611263 0.55 0.55 0.55
v 6.427082354138442 34.97486414394215 9.238504119878593 0.55 0.55 0.55
v 6.427082354138442 34.97486414394215 9.238504119878593 0.55 0.55 0.55
v 5.866105378537278 37.48131118029413 8.862404868611263 0.55 0.55 0.55
v 3.5963869774457122 37.48883998131473 9.989703317788885 0.55 0.55 0.55
v 3.911170603317511 34.98176876711083 10.543117111401866 0.55 0.55 0.55
v 3.911170603317511 34.98176876711083 10.543117111401866 0.55 0.55 0.55
v 3.5963869774457122 37.48883998131473 9.989703317788885 0.55 0.55 0.55
v 1.1624183251791167 37.479222595422264 10.565755777803082 0.55 0.55 0.55
v 1.348591362781808 34.9612374277515 11.17844257662065 0.55 0.55 0.55
v 1.348591362781808 34.9612374277515 11.17844257662065 0.55 0.55 0.55
v 1.1624183251791167 37.479222595422264 10.565755777803082 0.55 0.55 0.55
v -1.2731404447172467 37.49892197001357 10.540342771281415 0.55 0.55 0.55
v -1.2262925028638125 35.00034239662281 11.176049771156876 0.55 0.55 0.55
v -1.2262925028638125 35.00034239662281 11.176049771156876 0.55 0.55 0.55
v -1.2731404447172467 37.49892197001357 10.540342771281415 0.55 0.55 0.55
v -3.671848934157742 37.49792289752729 9.957804493119529 0.55 0.55 0.55
v -3.7698512972558182 34.99848150773353 10.585594191040624 0.55 0.55 0.55
v -3.7698512972558182 34.99848150773353 10.585594191040624 0.55 0.55 0.55
v -3.671848934157742 37.49792289752729 9.957804493119529 0.55 0.55 0.55
v -5.879283860425505 37.489490598748375 8.850693367666793 0.55 0.55 0.55
v -6.11837348184721 34.98303458292217 9.437541063595102 0.55 0.55 0.55
v -6.11837348184721 34.98303458292217 9.437541063595102 0.55 0.55 0.55
v -5.879283860425505 37.489490598748375 8.850693367666793 0.55 0.55 0.55
v -7.790384874026533 37.49395008545851 7.212353232731337 0.55 0.55 0.55
v -8.16018200959198 34.99205699380371 7.732644235732722 0.55 0.55 0.55
v -8.16018200959198 34.99205699380371 7.732644235732722 0.55 0.55 0.55
v -7.790384874026533 37.49395008545851 7.212353232731337 0.55 0.55 0.55
v -9.253548685161926 37.496570666777124 5.2057752714623975 0.55 0.55 0.55
v -9.740037759528262 34.99615346726068 5.609931182029494 0.55 0.55 0.55
v -9.740037759528262 34.99615346726068 5.609931182029494 0.55 0.55 0.55
v -9.253548685161926 37.496570666777124 5.2057752714623975 0.55 0.55 0.55
v -10.21497002497394 37.496751817141195 2.901425247978597 0.55 0.55 0.55
v -10.792217155469613 34.99634867126371 3.1551317653902915 0.55 0.55 0.55
v -10.792217155469613 34.99634867126371 3.1551317653902915 0.55 0.55 0.55
v -10.21497002497394 37.496751817141195 2.901425247978597 0.55 0.55 0.55
v -10.622316562932488 37.45403340803252 0.3722667995272377 0.55 0.55 0.55
v -11.250413868236476 34.923058755553676 0.4452025582367889 0.55 0.55 0.55
v -11.250413868236476 34.923058755553676 0.4452025582367889 0.55 0.55 0.55
v -10.622316562932488 37.45403340803252 0.3722667995272377 0.55 0.55 0.55
v -10.42340745998814 37.494546453629795 -2.0672428687925146 0.55 0.55 0.55
v -11.015262253591036 34.992079467694694 -2.2783265548616916 0.55 0.55 0.55
v -11.015262253591036 34.992079467694694 -2.2783265548616916 0.55 0.55 0.55
v -10.42340745998814 37.494546453629795 -2.0672428687925146 0.55 0.55 0.55
v -9.643718716035474 37.49199524399952 -4.43981696888108 0.55 0.55 0.55
v -10.159820120660719 34.98849863223017 -4.810084698310058 0.55 0.55 0.55
v -10.159820120660719 34.98849863223017 -4.810084698310058 0.55 0.55 0.55
v -9.643718716035474 37.49199524399952 -4.43981696888108 0.55 0.55 0.55
v -8.324713278219905 37.4910887900839 -6.592101680933836 0.55 0.55 0.55
v -8.742461477863714 34.986489288216326 -7.0744715137070155 0.55 0.55 0.55
v -8.742461477863714 34.986489288216326 -7.0744715137070155 0.55 0.55 0.55
v -8.324713278219905 37.4910887900839 -6.592101680933836 0.55 0.55 0.55
v -6.572134936448878 37.4979183279743 -8.338698315369584 0.55 0.55 0.55
v -6.8581850934238675 34.99825737567128 -8.903636506600705 0.55 0.55 0.55
v -6.8581850934238675 34.99825737567128 -8.903636506600705 0.55 0.55 0.55
v -6.572134936448878 37.4979183279743 -8.338698315369584 0.55 0.55 0.55
v -4.465515681648002 37.49838647248105 -9.62857958351767 0.55 0.55 0.55
v -4.608374635009719 34.99993910210369 -10.250543722836538 0.55 0.55 0.55
v -4.608374635009719 34.99993910210369 -10.250543722836538 0.55 0.55 0.55
v -4.465515681648002 37.49838647248105 -9.62857958351767 0.55 0.55 0.55
v -2.1231440081711406 37.4962581021439 -10.409402414488406 0.55 0.55 0.55
v -2.1210645953362754 34.995185844683384 -11.045598499940796 0.55 0.55 0.55
v -2.1210645953362754 34.995185844683384 -11.045598499940796 0.55 0.55 0.55
v -2.1231440081711406 37.4962581021439 -10.409402414488406 0.55 0.55 0.55
v 0.30547684747336085 37.47093535701921 -10.624627642141595 0.55 0.55 0.55
v 0.4485113971204785 34.94508846993181 -11.254560016376585 0.55 0.55 0.55
v 0.4485113971204785 34.94508846993181 -11.254560016376585 0.55 0.55 0.55
v 0.30547684747336085 37.47093535701921 -10.624627642141595 0.55 0.55 0.55
v 2.7802212834991424 37.48853595394998 -10.251268561518987 0.55 0.55 0.55
v 3.0511105314610263 34.98002372149019 -10.831088125594041 0.55 0.55 0.55
v 3.0511105314610263 34.98002372149019 -10.831088125594041 0.55 0.55 0.55
v 2.7802212834991424 37.48853595394998 -10.251268561518987 0.55 0.55 0.55
v 5.138653083491804 37.47215426899192 -9.304686402221645 0.55 0.55 0.55
v 5.668397312546564 34.96002474454513 -9.724668517080252 0.55 0.55 0.55
v 5.668397312546564 34.96002474454513 -9.724668517080252 0.55 0.55 0.55
v 5.138653083491804 37.47215426899192 -9.304686402221645 0.55 0.55 0.55
v 7.135599676550437 37.48954011503545 -7.861226658548549 0.55 0.55 0.55
v 7.730942683119331 34.988932985800716 -8.165395524550563 0.55 0.55 0.55
v 7.730942683119331 34.988932985800716 -8.165395524550563 0.55 0.55 0.55
v 7.135599676550437 37.48954011503545 -7.861226658548549 0.55 0.55 0.55
v 8.733004417907052 37.497314427961946 -6.040854574310374 0.55 0.55 0.55
v 9.336234135237063 34.998577252172936 -6.271481754195023 0.55 0.55 0.55
v 9.336234135237063 34.998577252172936 -6.271481754195023 0.55 0.55 0.55
v 8.733004417907052 37.497314427961946 -6.040854574310374 0.55 0.55 0.55
v 9.867444394255592 37.49956780725008 -3.9231692640485205 0.55 0.55 0.55
v 10.463223764511683 34.999213265156584 -4.111311324260607 0.55 0.55 0.55
v 10.463223764511683 34.999213265156584 -4.111311324260607 0.55 0.55 0.55
v 9.867444394255592 37.49956780725008 -3.9231692640485205 0.55 0.55 0.55
v 10.492994937742532 37.49974805014442 -1.586858600364535 0.55 0.55 0.55
v 11.098428070954819 35.00025017849946 -1.7588852452100927 0.55 0.55 0.55
v 11.098428070954819 35.00025017849946 -1.7588852452100927 0.55 0.55 0.55
v 10.492994937742532 37.49974805014442 -1.586858600364535 0.55 0.55 0.55
v 10.588440833572191 37.50062883618811 0.7517969620529298 0.55 0.55 0.55
v 11.20397664952039 35.00308803198421 0.9234330006660263 0.55 0.55 0.55
v 10.588440833572191 37.50062883618811 0.7517969620529298 0.55 0.55 0.55
v 9.9699097613673 39.999654073529214 0.6176602460804059 0.55 0.55 0.55
v 9.548092714665987 39.999892205951454 2.9606545657921535 0.55 0.55 0.55
v 10.145711004490447 37.500061249007636 3.1456306558612845 0.55 0.55 0.55
v 10.145711004490447 37.500061249007636 3.1456306558612845 0.55 0.55 0.55
v 9.548092714665987 39.999892205951454 2.9606545657921535 0.55 0.55 0.55
v 8.596756658346418 39.999383314365296 5.083174689523782 0.55 0.55 0.55
v 9.171549825274115 37.498381310106566 5.343092006463897 0.55 0.55 0.55
v 9.171549825274115 37.498381310106566 5.343092006463897 0.55 0.55 0.55
v 8.596756658346418 39.999383314365296 5.083174689523782 0.55 0.55 0.55
v 7.194572084424745 39.99740099765296 6.929328028156543 0.55 0.55 0.55
v 7.731094663071908 37.492674353305105 7.277321488188725 0.55 0.55 0.55
v 7.731094663071908 37.492674353305105 7.277321488188725 0.55 0.55 0.55
v 7.194572084424745 39.99740099765296 6.929328028156543 0.55 0.55 0.55
v 5.390779368396673 39.99303545216303 8.410594553473315 0.55 0.55 0.55
v 5.866105378537278 37.48131118029413 8.862404868611263 0.55 0.55 0.55
v 5.866105378537278 37.48131118029413 8.862404868611263 0.55 0.55 0.55
v 5.390779368396673 39.99303545216303 8.410594553473315 0.55 0.55 0.55
v 3.360219162968279 39.99725615037795 9.404547906890162 0.55 0.55 0.55
v 3.5963869774457122 37.48883998131473 9.989703317788885 0.55 0.55 0.55
v 3.5963869774457122 37.48883998131473 9.989703317788885 0.55 0.55 0.55
v 3.360219162968279 39.99725615037795 9.404547906890162 0.55 0.55 0.55
v 1.061349226309726 39.99693087929637 9.932804963058317 0.55 0.55 0.55
v 1.1624183251791167 37.479222595422264 10.565755777803082 0.55 0.55 0.55
v 1.1624183251791167 37.479222595422264 10.565755777803082 0.55 0.55 0.55
v 1.061349226309726 39.99693087929637 9.932804963058317 0.55 0.55 0.55
v -1.2829344967589296 39.999008122557136 9.909056563716334 0.55 0.55 0.55
v -1.2731404447172467 37.49892197001357 10.540342771281415 0.55 0.55 0.55
v -1.2731404447172467 37.49892197001357 10.540342771281415 0.55 0.55 0.55
v -1.2829344967589296 39.999008122557136 9.909056563716334 0.55 0.55 0.55
v -3.5450407104689052 39.99853003477981 9.340012526280033 0.55 0.55 0.55
v -3.671848934157742 37.49792289752729 9.957804493119529 0.55 0.55 0.55
v -3.671848934157742 37.49792289752729 9.957804493119529 0.55 0.55 0.55
v -3.5450407104689052 39.99853003477981 9.340012526280033 0.55 0.55 0.55
v -5.620163677844975 39.9958577312422 8.27205924475201 0.55 0.55 0.55
v -5.879283860425505 37.489490598748375 8.850693367666793 0.55 0.55 0.55
v -5.879283860425505 37.489490598748375 8.850693367666793 0.55 0.55 0.55
v -5.620163677844975 39.9958577312422 8.27205924475201 0.55 0.55 0.55
v -7.385290056487449 39.997460641629466 6.727428325953447 0.55 0.55 0.55
v -7.790384874026533 37.49395008545851 7.212353232731337 0.55 0.55 0.55
v -7.790384874026533 37.49395008545851 7.212353232731337 0.55 0.55 0.55
v -7.385290056487449 39.997460641629466 6.727428325953447 0.55 0.55 0.55
v -8.746717849814175 39.99791547318051 4.833695512067634 0.55 0.55 0.55
v -9.253548685161926 37.496570666777124 5.2057752714623975 0.55 0.55 0.55
v -9.253548685161926 37.496570666777124 5.2057752714623975 0.55 0.55 0.55
v -8.746717849814175 39.99791547318051 4.833695512067634 0.55 0.55 0.55
v -9.632204475961698 39.99777572251591 2.6671970926335886 0.55 0.55 0.55
v -10.21497002497394 37.496751817141195 2.901425247978597 0.55 0.55 0.55
v -10.21497002497394 37.496751817141195 2.901425247978597 0.55 0.55 0.55
v -9.632204475961698 39.99777572251591 2.6671970926335886 0.55 0.55 0.55
v -9.988656493401761 39.98441043826275 0.3359807069322587 0.55 0.55 0.55
v -10.622316562932488 37.45403340803252 0.3722667995272377 0.55 0.55 0.55
v -10.622316562932488 37.45403340803252 0.3722667995272377 0.55 0.55 0.55
v -9.988656493401761 39.98441043826275 0.3359807069322587 0.55 0.55 0.55
v -9.822290681203611 39.99719189893893 -1.8867232053773515 0.55 0.55 0.55
v -10.42340745998814 37.494546453629795 -2.0672428687925146 0.55 0.55 0.55
v -10.42340745998814 37.494546453629795 -2.0672428687925146 0.55 0.55 0.55
v -9.822290681203611 39.99719189893893 -1.8867232053773515 0.55 0.55 0.55
v -9.104587595935175 39.99662404154618 -4.112845552269726 0.55 0.55 0.55
v -9.643718716035474 37.49199524399952 -4.43981696888108 0.55 0.55 0.55
v -9.643718716035474 37.49199524399952 -4.43981696888108 0.55 0.55 0.55
v -9.104587595935175 39.99662404154618 -4.112845552269726 0.55 0.55 0.55
v -7.892724053096739 39.99708842314694 -6.130083411224046 0.55 0.55 0.55
v -8.324713278219905 37.4910887900839 -6.592101680933836 0.55 0.55 0.55
v -8.324713278219905 37.4910887900839 -6.592101680933836 0.55 0.55 0.55
v -7.892724053096739 39.99708842314694 -6.130083411224046 0.55 0.55 0.55
v -6.257756359868335 39.99872773656928 -7.79441283109125 0.55 0.55 0.55
v -6.572134936448878 37.4979183279743 -8.338698315369584 0.55 0.55 0.55
v -6.572134936448878 37.4979183279743 -8.338698315369584 0.55 0.55 0.55
v -6.257756359868335 39.99872773656928 -7.79441283109125 0.55 0.55 0.55
v -4.283839118767849 39.99843329771133 -9.023566247505984 0.55 0.55 0.55
v -4.465515681648002 37.49838647248105 -9.62857958351767 0.55 0.55 0.55
v -4.465515681648002 37.49838647248105 -9.62857958351767 0.55 0.55 0.55
v -4.283839118767849 39.99843329771133 -9.023566247505984 0.55 0.55 0.55
v -2.075413087262562 39.99847227972969 -9.779733700881321 0.55 0.55 0.55
v -2.1231440081711406 37.4962581021439 -10.409402414488406 0.55 0.55 0.55
v -2.1231440081711406 37.4962581021439 -10.409402414488406 0.55 0.55 0.55
v -2.075413087262562 39.99847227972969 -9.779733700881321 0.55 0.55 0.55
v 0.2593041707053808 39.996238214764475 -9.978848024874313 0.55 0.55 0.55
v 0.30547684747336085 37.47093535701921 -10.624627642141595 0.55 0.55 0.55
v 0.30547684747336085 37.47093535701921 -10.624627642141595 0.55 0.55 0.55
v 0.2593041707053808 39.996238214764475 -9.978848024874313 0.55 0.55 0.55
v 2.5869049233396297 39.99792171794961 -9.64538014030879 0.55 0.55 0.55
v 2.7802212834991424 37.48853595394998 -10.251268561518987 0.55 0.55 0.55
v 2.7802212834991424 37.48853595394998 -10.251268561518987 0.55 0.55 0.55
v 2.5869049233396297 39.99792171794961 -9.64538014030879 0.55 0.55 0.55
v 4.694942477057133 39.9891116281017 -8.818966664896578 0.55 0.55 0.55
v 5.138653083491804 37.47215426899192 -9.304686402221645 0.55 0.55 0.55
v 5.138653083491804 37.47215426899192 -9.304686402221645 0.55 0.55 0.55
v 4.694942477057133 39.9891116281017 -8.818966664896578 0.55 0.55 0.55
v 6.61691459562271 39.99625808806596 -7.477426408378113 0.55 0.55 0.55
v 7.135599676550437 37.48954011503545 -7.861226658548549 0.55 0.55 0.55
v 7.135599676550437 37.48954011503545 -7.861226658548549 0.55 0.55 0.55
v 6.61691459562271 39.99625808806596 -7.477426408378113 0.55 0.55 0.55
v 8.169833506591967 39.99920020448804 -5.751187675227765 0.55 0.55 0.55
v 8.733004417907052 37.497314427961946 -6.040854574310374 0.55 0.55 0.55
v 8.733004417907052 37.497314427961946 -6.040854574310374 0.55 0.55 0.55
v 8.169833506591967 39.99920020448804 -5.751187675227765 0.55 0.55 0.55
v 9.279308983178842 40.00001670761631 -3.7135937824286978 0.55 0.55 0.55
v 9.867444394255592 37.49956780725008 -3.9231692640485205 0.55 0.55 0.55
v 9.867444394255592 37.49956780725008 -3.9231692640485205 0.55 0.55 0.55
v 9.279308983178842 40.00001670761631 -3.7135937824286978 0.55 0.55 0.55
v 9.883863078510442 39.9998537998015 -1.4387324353607611 0.55 0.55 0.55
v 10.492994937742532 37.49974805014442 -1.586858600364535 0.55 0.55 0.55
v 10.492994937742532 37.49974805014442 -1.586858600364535 0.55 0.55 0.55
v 9.883863078510442 39.9998537998015 -1.4387324353607611 0.55 0.55 0.55
v 9.9699097613673 39.999654073529214 0.6176602460804059 0.55 0.55 0.55
v 10.588440833572191 37.50062883618811 0.7517969620529298 0.55 0.55 0.55
f 1 2 3 4
f 5 6 7 8
f 9 10 11 12
f 13 14 15 16
f 17 18 19 20
f 21 22 23 24
f 25 26 27 28
f 29 30 31 32
f 33 34 35 36
f 37 38 39 40
f 41 42 43 44
f 45 46 47 48
f 49 50 51 52
f 53 54 55 56
f 57 58 59 60
f 61 62 63 64
f 65 66 67 68
f 69 70 71 72
f 73 74 75 76
f 77 78 79 80
f 81 82 83 84
f 85 86 87 88
f 89 90 91 92
f 93 94 95 96
f 97 98 99 100
f 101 102 103 104
f 105 106 107 108
f 109 110 111 112
f 113 114 115 116
f 117 118 119 120
f 121 122 123 124
f 125 126 127 128
f 129 130 131 132
f 133 134 135 136
f 137 138 139 140
f 141 142 143 144
f 145 146 147 148
f 149 150 151 152
f 153 154 155 156
f 157 158 159 160
f 161 162 163 164
f 165 166 167 168
f 169 170 171 172
f 173 174 175 176
f 177 178 179 180
f 181 182 183 184
f 185 186 187 188
f 189 190 191 192
f 193 194 195 196
f 197 198 199 200
f 201 202 203 204
f 205 206 207 208
f 209 210 211 212
f 213 214 215 216
f 217 218 219 220
f 221 222 223 224
f 225 226 227 228
f 229 230 231 232
f 233 234 235 236
f 237 238 239 240
f 241 242 243 244
f 245 246 247 248
f 249 250 251 252
f 253 254 255 256
f 257 258 259 260
f 261 262 263 264
f 265 266 267 268
f 269 270 271 272
f 273 274 275 276
f 277 278 279 280
f 281 282 283 284
f 285 286 287 288
f 289 290 291 292
f 293 294 295 296
f 297 298 299 300
f 301 302 303 304
f 305 306 307 308
f 309 310 311 312
f 313 314 315 316
f 317 318 319 320
f 321 322 323 324
f 325 326 327 328
f 329 330 331 332
f 333 334 335 336
f 337 338 339 340
f 341 342 343 344
f 345 346 347 348
f 349 350 351 352
f 353 354 355 356
f 357 358 359 360
f 361 362 363 364
f 365 366 367 368
f 369 370 371 372
f 373 374 375 376
f 377 378 379 380
f 381 382 383 384
f 385 386 387
f 388 389 390
f 391 392 393
f 394 395 396
f 397 398 399 400
f 401 402 403 404
f 405 406 407 408
f 409 410 411 412
f 413 414 415 416
f 417 418 419 420
f 421 422 423 424
f 425 426 427 428
f 429 430 431 432
f 433 434 435 436
f 437 438 439 440
f 441 442 443 444
f 445 446 447 448
f 449 450 451 452
f 453 454 455 456
f 457 458 459 460
f 461 462 463 464
f 465 466 467 468
f 469 470 471 472
f 473 474 475 476
f 477 478 479
f 480 481 482
f 483 484 485
f 486 487 488
f 489 490 491 492
f 493 494 495 496
f 497 498 499 500
f 501 502 503 504
f 505 506 507 508
f 509 510 511 512
f 513 514 515 516
f 517 518 519 520
f 521 522 523 524
f 525 526 527 528
f 529 530 531 532
f 533 534 535 536
f 537 538 539
f 540 541 542
f 543 544 545
f 546 547 548
f 549 550 551 552
f 553 554 555 556
f 557 558 559 560
f 561 562 563 564
f 565 566 567 568
f 569 570 571 572
f 573 574 575 576
f 577 578 579 580
f 581 582 583 584
f 585 586 587
f 588 589 590
f 591 592 593
f 594 595 596
f 597 598 599 600
f 601 602 603 604
f 605 606 607 608
f 609 610 611 612
f 613 614 615 616
f 617 618 619 620
f 621 622 623 624
f 625 626 627 628
f 629 630 631 632
f 633 634 635 636
f 637 638 639 640
f 641 642 643
f 644 645 646
f 647 648 649 650
f 651 652 653 654
f 655 656 657 658
f 659 660 661
f 662 663 664
f 665 666 667 668
f 669 670 671 672
f 673 674 675 676
f 677 678 679 680
f 681 682 683 684
f 685 686 687 688
f 689 690 691 692
f 693 694 695 696
f 697 698 699 700
f 701 702 703 704
f 705 706 707 708
f 709 710 711 712
f 713 714 715 716
f 717 718 719 720
f 721 722 723 724
f 725 726 727 728
f 729 730 731 732
f 733 734 735 736
f 737 738 739
f 740 741 742
f 743 744 745 746
f 747 748 749 750
f 751 752 753 754
f 755 756 757 758
f 759 760 761 762
f 763 764 765 766
f 767 768 769 770
f 771 772 773 774
f 775 776 777 778
f 779 780 781 782
f 783 784 785 786
f 787 788 789 790
f 791 792 793 794
f 795 796 797
f 798 799 800
f 801 802 803 804
f 805 806 807 808
f 809 810 811 812
f 813 814 815 816
f 817 818 819 820
f 821 822 823 824
f 825 826 827 828
f 829 830 831 832
f 833 834 835 836
f 837 838 839 840
f 841 842 843 844
f 845 846 847 848
f 849 850 851 852
f 853 854 855 856
f 857 858 859 860
f 861 862 863 864
f 865 866 867 868
f 869 870 871 872
f 873 874 875 876
f 877 878 879 880
f 881 882 883 884
f 885 886 887 888
f 889 890 891 892
f 893 894 895 896
f 897 898 899 900
f 901 902 903
f 904 905 906
f 907 908 909 910
f 911 912 913 914
f 915 916 917 918
f 919 920 921 922
f 923 924 925 926
f 927 928 929 930
f 931 932 933 934
f 935 936 937 938
f 939 940 941 942
f 943 944 945 946
f 947 948 949
f 950 951 952
f 953 954 955 956
f 957 958 959 960
f 961 962 963 964
f 965 966 967 968
f 969 970 971 972
f 973 974 975 976
f 977 978 979 980
f 981 982 983 984
f 985 986 987 988
f 989 990 991 992
f 993 994 995 996
f 997 998 999 1000
f 1001 1002 1003 1004
f 1005 1006 1007 1008
f 1009 1010 1011 1012
f 1013 1014 1015 1016
f 1017 1018 1019 1020
f 1021 1022 1023 1024
f 1025 1026 1027 1028
f 1029 1030 1031
f 1032 1033 1034
f 1035 1036 1037 1038
f 1039 1040 1041 1042
f 1043 1044 1045 1046
f 1047 1048 1049 1050
f 1051 1052 1053 1054
f 1055 1056 1057 1058
f 1059 1060 1061 1062
f 1063 1064 1065
f 1066 1067 1068
f 1069 1070 1071 1072
f 1073 1074 1075 1076
f 1077 1078 1079 1080
f 1081 1082 1083 1084
f 1085 1086 1087 1088
f 1089 1090 1091 1092
f 1093 1094 1095 1096 1097
f 1098 1099 1100 1101
f 1102 1103 1104 1105
f 1106 1107 1108 1109
f 1110 1111 1112 1113
f 1114 1115 1116 1117
f 1118 1119 1120 1121
f 1122 1123 1124
f 1125 1126 1127 1128
f 1129 1130 1131 1132
f 1133 1134 1135 1136
f 1137 1138 1139 1140
f 1141 1142 1143
f 1144 1145 1146
f 1147 1148 1149 1150
f 1151 1152 1153 1154
f 1155 1156 1157 1158
f 1159 1160 1161 1162
f 1163 1164 1165 1166
f 1167 1168 1169 1170
f 1171 1172 1173 1174
f 1175 1176 1177 1178
f 1179 1180 1181
f 1182 1183 1184
f 1185 1186 1187 1188
f 1189 1190 1191 1192
f 1193 1194 1195 1196
f 1197 1198 1199
f 1200 1201 1202
f 1203 1204 1205 1206
f 1207 1208 1209 1210
f 1211 1212 1213 1214
f 1215 1216 1217 1218
f 1219 1220 1221 1222
f 1223 1224 1225 1226
f 1227 1228 1229 1230
f 1231 1232 1233 1234
f 1235 1236 1237
f 1238 1239 1240
f 1241 1242 1243
f 1244 1245 1246
f 1247 1248 1249 1250
f 1251 1252 1253 1254
f 1255 1256 1257 1258
f 1259 1260 1261
f 1262 1263 1264
f 1265 1266 1267
f 1268 1269 1270
f 1271 1272 1273 1274
f 1275 1276 1277 1278
f 1279 1280 1281 1282
f 1283 1284 1285 1286
f 1287 1288 1289 1290
f 1291 1292 1293 1294
f 1295 1296 1297 1298
f 1299 1300 1301 1302
f 1303 1304 1305 1306
f 1307 1308 1309 1310
f 1311 1312 1313 1314
f 1315 1316 1317 1318
f 1319 1320 1321 1322
f 1323 1324 1325 1326
f 1327 1328 1329 1330
f 1331 1332 1333 1334
f 1335 1336 1337 1338
f 1339 1340 1341 1342
f 1343 1344 1345 1346
f 1347 1348 1349 1350
f 1351 1352 1353 1354
f 1355 1356 1357 1358
f 1359 1360 1361 1362
f 1363 1364 1365 1366
f 1367 1368 1369 1370
f 1371 1372 1373 1374
f 1375 1376 1377 1378
f 1379 1380 1381
f 1382 1383 1384
f 1385 1386 1387
f 1388 1389 1390
f 1391 1392 1393 1394
f 1395 1396 1397 1398
f 1399 1400 1401 1402
f 1403 1404 1405 1406
f 1407 1408 1409
f 1410 1411 1412
f 1413 1414 1415 1416
f 1417 1418 1419
f 1420 1421 1422
f 1423 1424 1425 1426
f 1427 1428 1429 1430
f 1431 1432 1433 1434
f 1435 1436 1437
f 1438 1439 1440
f 1441 1442 1443
f 1444 1445 1446
f 1447 1448 1449 1450
f 1451 1452 1453 1454
f 1455 1456 1457 1458
f 1459 1460 1461 1462
f 1463 1464 1465 1466
f 1467 1468 1469 1470
f 1471 1472 1473 1474 1475
f 1476 1477 1478 1479
f 1480 1481 1482
f 1483 1484 1485
f 1486 1487 1488 1489
f 1490 1491 1492 1493
f 1494 1495 1496
f 1497 1498 1499
f 1500 1501 1502 1503
f 1504 1505 1506 1507
f 1508 1509 1510 1511
f 1512 1513 1514 1515
f 1516 1517 1518 1519 1520
f 1521 1522 1523 1524 1525
f 1526 1527 1528 1529
f 1530 1531 1532 1533
f 1534 1535 1536 1537
f 1538 1539 1540 1541
f 1542 1543 1544 1545
f 1546 1547 1548 1549
f 1550 1551 1552 1553
f 1554 1555 1556 1557
f 1558 1559 1560 1561
f 1562 1563 1564
f 1565 1566 1567 1568
f 1569 1570 1571 1572
f 1573 1574 1575 1576
f 1577 1578 1579 1580
f 1581 1582 1583 1584
f 1585 1586 1587 1588
f 1589 1590 1591 1592
f 1593 1594 1595 1596
f 1597 1598 1599 1600
f 1601 1602 1603
f 1604 1605 1606
f 1607 1608 1609 1610 1611
f 1612 1613 1614 1615
f 1616 1617 1618 1619 1620
f 1621 1622 1623 1624 1625
f 1626 1627 1628 1629
f 1630 1631 1632 1633
f 1634 1635 1636 1637 1638
f 1639 1640 1641 1642
f 1643 1644 1645 1646
f 1647 1648 1649 1650
f 1651 1652 1653 1654
f 1655 1656 1657 1658
f 1659 1660 1661
f 1662 1663 1664
f 1665 1666 1667 1668
f 1669 1670 1671 1672
f 1673 1674 1675 1676
f 1677 1678 1679 1680
f 1681 1682 1683 1684
f 1685 1686 1687
f 1688 1689 1690
f 1691 1692 1693 1694 1695
f 1696 1697 1698 1699
f 1700 1701 1702 1703 1704
f 1705 1706 1707 1708
f 1709 1710 1711 1712
f 1713 1714 1715 1716
f 1717 1718 1719 1720
f 1721 1722 1723 1724
f 1725 1726 1727 1728
f 1729 1730 1731 1732
f 1733 1734 1735
f 1736 1737 1738
f 1739 1740 1741 1742 1743
f 1744 1745 1746 1747
f 1748 1749 1750 1751
f 1752 1753 1754 1755
f 1756 1757 1758
f 1759 1760 1761
f 1762 1763 1764 1765 1766
f 1767 1768 1769 1770 1771
f 1772 1773 1774 1775
f 1776 1777 1778 1779
f 1780 1781 1782 1783
f 1784 1785 1786
f 1787 1788 1789
f 1790 1791 1792 1793
f 1794 1795 1796
f 1797 1798 1799
f 1800 1801 1802 1803
f 1804 1805 1806 1807
f 1808 1809 1810 1811
f 1812 1813 1814 1815
f 1816 1817 1818
f 1819 1820 1821
f 1822 1823 1824
f 1825 1826 1827
f 1828 1829 1830 1831
f 1832 1833 1834 1835 1836
f 1837 1838 1839 1840
f 1841 1842 1843 1844
f 1845 1846 1847 1848
f 1849 1850 1851 1852
f 1853 1854 1855 1856
f 1857 1858 1859 1860
f 1861 1862 1863
f 1864 1865 1866
f 1867 1868 1869 1870 1871
f 1872 1873 1874 1875
f 1876 1877 1878 1879
f 1880 1881 1882 1883
f 1884 1885 1886 1887
f 1888 1889 1890 1891
f 1892 1893 1894 1895
f 1896 1897 1898 1899
f 1900 1901 1902 1903
f 1904 1905 1906 1907
f 1908 1909 1910
f 1911 1912 1913
f 1914 1915 1916 1917
f 1918 1919 1920 1921
f 1922 1923 1924 1925
f 1926 1927 1928 1929
f 1930 1931 1932 1933
f 1934 1935 1936 1937
f 1938 1939 1940 1941
f 1942 1943 1944 1945
f 1946 1947 1948 1949
f 1950 1951 1952 1953
f 1954 1955 1956 1957
f 1958 1959 1960 1961 1962
f 1963 1964 1965 1966
f 1967 1968 1969 1970
f 1971 1972 1973 1974
f 1975 1976 1977 1978
f 1979 1980 1981 1982
f 1983 1984 1985 1986
f 1987 1988 1989 1990
f 1991 1992 1993 1994
f 1995 1996 1997 1998
f 1999 2000 2001 2002
f 2003 2004 2005 2006
f 2007 2008 2009 2010 2011
f 2012 2013 2014 2015
f 2016 2017 2018 2019
f 2020 2021 2022 2023
f 2024 2025 2026 2027
f 2028 2029 2030 2031
f 2032 2033 2034 2035
f 2036 2037 2038 2039
f 2040 2041 2042 2043
f 2044 2045 2046 2047
f 2048 2049 2050 2051
f 2052 2053 2054 2055
f 2056 2057 2058 2059
f 2060 2061 2062 2063
f 2064 2065 2066 2067
f 2068 2069 2070 2071
f 2072 2073 2074 2075
f 2076 2077 2078 2079
f 2080 2081 2082 2083
f 2084 2085 2086 2087
f 2088 2089 2090 2091
f 2092 2093 2094 2095
f 2096 2097 2098 2099
f 2100 2101 2102 2103
f 2104 2105 2106 2107 2108
f 2109 2110 2111 2112
f 2113 2114 2115 2116
f 2117 2118 2119 2120
f 2121 2122 2123 2124
f 2125 2126 2127 2128
f 2129 2130 2131 2132
f 2133 2134 2135 2136
f 2137 2138 2139 2140
f 2141 2142 2143
f 2144 2145 2146 2147
f 2148 2149 2150 2151
f 2152 2153 2154 2155
f 2156 2157 2158 2159
f 2160 2161 2162 2163
f 2164 2165 2166 2167
f 2168 2169 2170 2171
f 2172 2173 2174 2175
f 2176 2177 2178 2179
f 2180 2181 2182 2183
f 2184 2185 2186 2187
f 2188 2189 2190 2191
f 2192 2193 2194 2195
f 2196 2197 2198 2199
f 2200 2201 2202 2203
f 2204 2205 2206 2207
f 2208 2209 2210
f 2211 2212 2213
f 2214 2215 2216 2217
f 2218 2219 2220 2221
f 2222 2223 2224 2225
f 2226 2227 2228 2229
f 2230 2231 2232 2233
f 2234 2235 2236 2237
f 2238 2239 2240 2241
f 2242 2243 2244 2245
f 2246 2247 2248 2249
f 2250 2251 2252 2253
f 2254 2255 2256 2257
f 2258 2259 2260 2261
f 2262 2263 2264 2265
f 2266 2267 2268 2269
f 2270 2271 2272 2273
f 2274 2275 2276 2277
f 2278 2279 2280 2281
f 2282 2283 2284 2285
f 2286 2287 2288 2289
f 2290 2291 2292 2293
f 2294 2295 2296 2297
f 2298 2299 2300 2301
f 2302 2303 2304 2305
f 2306 2307 2308 2309
f 2310 2311 2312 2313
f 2314 2315 2316 2317
f 2318 2319 2320 2321
f 2322 2323 2324 2325
f 2326 2327 2328 2329
f 2330 2331 2332 2333
f 2334 2335 2336 2337
f 2338 2339 2340 2341
f 2342 2343 2344 2345
f 2346 2347 2348 2349
f 2350 2351 2352 2353
f 2354 2355 2356 2357
f 2358 2359 2360 2361
f 2362 2363 2364 2365
f 2366 2367 2368 2369
f 2370 2371 2372 2373
f 2374 2375 2376 2377
f 2378 2379 2380 2381
f 2382 2383 2384 2385
f 2386 2387 2388 2389
f 2390 2391 2392 2393
f 2394 2395 2396 2397
f 2398 2399 2400 2401
f 2402 2403 2404 2405
f 2406 2407 2408 2409
f 2410 2411 2412 2413
f 2414 2415 2416 2417
f 2418 2419 2420 2421
f 2422 2423 2424 2425
f 2426 2427 2428 2429
f 2430 2431 2432 2433
f 2434 2435 2436 2437
f 2438 2439 2440 2441
f 2442 2443 2444 2445
f 2446 2447 2448 2449
f 2450 2451 2452 2453
f 2454 2455 2456 2457
f 2458 2459 2460 2461
f 2462 2463 2464 2465
f 2466 2467 2468 2469
f 2470 2471 2472 2473
f 2474 2475 2476 2477
f 2478 2479 2480 2481
f 2482 2483 2484 2485
f 2486 2487 2488 2489
f 2490 2491 2492 2493
f 2494 2495 2496 2497
f 2498 2499 2500 2501
f 2502 2503 2504 2505
f 2506 2507 2508 2509
f 2510 2511 2512 2513
