v -25.899445 38.35511 13.383595
v -24.035112 38.098259 13.385931
v -23.755846 39.21476 13.46546
v -22.8941 38.980831 13.288898
v -21.153465 37.426353 14.151778
v -10.330126 0.352139 16.156601
v -9.203069 2.275823 15.685324
v -10.743384 1.712618 16.086788
v -10.391254 0.352139 16.169909
v -25.689079 16.310865 8.054289
v -23.746141 16.431185 10.215902
v -26.20813 17.896862 10.213223
v 0.953219 12.300415 -25.093439
v -0.317436 14.705517 -25.41773
v 2.317237 14.683275 -26.4209
v -6.467032 23.348669 15.489194
v -4.972492 21.321051 14.993706
v -4.797738 23.955458 15.719067
v 6.450753 10.007666 -24.724018
v 3.113666 10.558306 -24.990902
v 5.802026 12.565982 -25.520908
v 7.632753 49.876595 2.808174
v 5.512669 49.615532 1.222533
v 4.87666 49.155109 3.850599
v -12.013012 47.434776 4.68892
v -12.049232 45.512539 7.020479
v -10.149727 46.185635 6.460679
v -25.93475 37.046638 13.215434
v 6.417128 49.790756 -0.437204
v 11.753286 34.562187 -19.028841
v 8.924535 34.831905 -19.281523
v 10.02604 36.903549 -18.730093
v -13.513053 51.493988 -2.739348
v -13.817413 51.045391 -4.805644
v -14.620459 53.741154 -3.762695
v -8.574442 6.648482 -13.431714
v -8.525093 7.848171 -12.639559
v -6.690829 7.557036 -12.791718
v -3.802363 35.307037 -19.050243
v -0.822619 34.9076 -19.455854
v -2.62045 33.100479 -19.588453
v -7.092625 17.945269 15.205927
v -9.624917 16.951136 15.347945
v -7.190437 15.074075 14.848333
v 12.917803 29.524809 -24.357998
v 14.987572 31.15575 -22.437366
v 15.704411 28.35813 -23.918478
v -19.860798 40.456966 12.547174
v -18.757608 42.33308 12.791631
v -21.581791 42.01757 14.301366
v 35.343712 15.807384 7.358818
v 34.399574 17.282202 7.558794
v 34.207798 15.276443 8.010983
v -27.598719 37.746948 13.166312
v -29.509428 38.172382 12.915883
v -28.412066 37.303215 12.58566
v -5.713605 46.38184 -8.959023
v -5.741935 45.419598 -10.778235
v -8.154504 46.963516 -10.040072
v -3.664994 8.648612 13.236753
v -2.506254 8.253938 14.712594
v -1.858802 9.265582 14.572367
v -12.920094 46.778 6.685112
v 13.485077 4.956754 18.730181
v 11.965551 5.993496 19.746681
v 10.193932 4.603739 18.300461
v 8.793017 50.148392 1.314846
v 8.46751 50.092022 -1.299657
v 9.326687 9.803489 -24.13941
v 12.031228 9.419368 -23.355528
v 10.025862 7.467183 -23.291927
v -4.723871 8.346812 13.210214
v -3.697248 11.107504 12.691613
v 21.716827 18.216223 -22.083822
v 23.78739 19.119616 -20.842415
v 24.139477 16.956215 -20.437698
v -38.552086 47.650188 5.024751
v -37.740025 49.258209 7.276462
v -38.083668 49.637207 4.336347
v -10.869076 6.43348 -12.866421
v -10.857827 8.195259 -12.684767
v -12.851172 39.573582 -16.241631
v -14.897795 37.712643 -17.020803
v -16.149641 39.754768 -16.299643
v 30.819853 16.620384 -14.442465
v 31.338228 14.617402 -13.175346
v 29.88703 14.747612 -14.996559
v 10.151342 49.141144 -7.673003
v 10.782639 50.048386 -4.839004
v 12.875037 49.841702 -6.229473
v 8.988738 34.693752 16.74684
v 7.11272 35.091423 16.467852
v 7.50566 34.089836 17.828636
v 6.667111 21.433056 -26.9757
v 5.070168 19.196642 -27.123119
v 4.019738 21.674149 -27.342974
v -9.738454 10.086568 -12.803545
v -21.443472 13.011311 -7.19495
v -22.375238 12.802993 -5.128719
v -23.637533 13.755761 -6.821766
v 28.95429 4.818292 9.422503
v 31.127811 4.509185 9.202144
v 30.883537 7.179366 9.999623
v -4.390084 7.234316 15.511937
v -27.417248 35.440128 13.142939
v -25.774862 2.378371 -5.183978
v -24.858438 3.541661 -3.25488
v -23.392967 4.410143 -5.909132
v -7.185297 11.011415 -12.724153
v -6.243944 9.69691 -12.560457
v 1.669073 31.866339 -21.875946
v -0.850806 30.904558 -22.443787
v -0.591312 32.077293 -20.212852
v 14.561584 32.834225 -19.851208
v 12.781788 32.647038 -20.936981
v -10.047882 46.212284 -12.101077
v -11.2392 47.746849 -10.022573
v -16.544815 25.499624 17.185425
v -18.276403 28.124582 17.046925
v -19.297117 25.423141 16.718456
v -20.931437 12.307514 3.61291
v -22.789629 13.23569 4.683894
v -23.203274 12.631659 2.265726
v 34.953468 3.077669 4.934572
v 36.778084 3.385079 2.700513
v 37.1413 4.394959 5.158278
v 37.958706 19.490925 1.974211
v 40.033489 19.6033 0.984789
v 37.38002 19.61544 -0.156986
v -20.245258 11.500808 -0.619581
v -21.098541 11.800581 1.398215
v -23.02923 12.272521 -0.206525
v 35.101143 31.275585 1.482706
v 35.054543 32.181789 -1.476974
v 34.249729 34.030121 0.912489
v 15.109986 43.633423 13.114502
v 16.055305 41.692669 13.921411
v 17.377199 44.018627 12.360385
v -22.622751 19.878479 14.133759
v -20.967857 17.772255 13.046065
v -19.823637 19.0632 14.481785
v 31.895699 38.876183 -0.715512
v 33.16745 36.588993 0.35364
v 32.88224 37.319096 -1.79779
v -12.954782 49.191692 5.351734
v -12.64581 50.276653 2.735045
v -13.951639 51.833698 4.38791
v 23.317966 1.477175 14.034368
v 24.422581 1.675308 12.037937
v 24.536346 3.489099 13.748926
v -0.878602 8.276079 16.020458
v 1.534379 35.088379 -19.318544
v 2.726343 36.998676 -18.640505
v 4.332516 34.773319 -19.494221
v 32.739876 10.677899 9.837382
v 33.344906 8.126063 10.317189
v 35.634796 9.863555 10.201086
v -5.19767 25.335054 15.714155
v -3.750674 24.577204 17.5613
v -17.404819 39.975658 12.572455
v -32.500179 36.787815 8.024164
v -30.701967 37.367916 10.236749
v -31.307505 38.341736 9.760307
v -12.161388 18.133591 -15.798313
v -11.728696 15.688231 -14.816608
v -14.184537 17.73328 -14.88192
v 5.851824 43.161777 13.530524
v 2.808229 41.44339 13.754827
v 4.645985 40.313046 14.94507
v 14.661283 35.235207 -18.267757
v 17.419607 35.624371 -17.885937
v 16.844788 33.359833 -19.007153
v -14.60971 15.497511 -13.75954
v 17.863014 49.923668 1.208403
v 20.542953 48.878029 1.314072
v 19.404953 49.404396 -1.450893
v 0.720164 7.521866 17.577223
v -1.617928 6.894776 18.080696
v 2.669433 6.778661 18.408478
v 3.956689 5.601721 18.980549
v 5.126924 6.283379 18.980003
v 34.080006 33.41048 3.674539
v 33.368614 35.615929 2.396381
v 32.836624 36.168995 4.463071
v -23.664286 63.636208 4.888537
v -26.330105 63.581966 5.491572
v -24.766735 63.29446 7.399919
v 4.24303 49.289764 -1.021245
v 15.683981 37.715698 -17.593109
v -28.059402 17.918993 7.981928
v -27.222082 16.382015 5.727295
v -35.178532 53.523754 -3.641848
v -36.533512 51.251232 -2.821429
v -36.036449 53.139656 -1.140727
v -31.276917 61.532387 9.853428
v -29.872982 62.69043 7.690633
v -32.332729 62.045815 7.273335
v 30.37244 35.902092 9.872841
v 28.852262 37.497284 10.66036
v 29.236362 34.847126 11.91961
v 4.642523 47.325649 8.569556
v 7.256862 48.567886 7.647198
v 5.503978 48.706234 6.208486
v -23.43008 49.8517 -11.438656
v -21.500284 48.498497 -11.213137
v -23.230394 47.400181 -11.533688
v 3.277254 47.985298 6.105451
v 2.002668 48.236626 3.882701
v 5.704358 10.843644 21.316574
v 4.528209 8.561469 20.07115
v 7.195374 8.834785 21.024424
v 6.197888 49.614414 -2.56771
v 35.863506 26.510748 0.099501
v 35.524014 28.522593 2.084329
v 35.717922 25.986547 2.87589
v -30.625174 32.490273 11.599897
v -29.371677 30.395733 13.15064
v -28.58898 32.8036 13.24241
v -18.499809 11.614142 3.22298
v -19.485971 12.719752 5.638038
v 16.327148 39.274536 14.574718
v 18.243351 40.313553 13.882927
v -17.553879 10.105006 -0.823911
v -16.591908 10.235744 1.762187
v -18.822691 11.212709 1.086068
v -30.092527 62.856136 -2.266629
v -27.783056 63.42297 -1.205977
v -28.313471 63.068535 -3.936436
v 3.49857 11.290741 20.602024
v 5.102123 13.56678 22.172323
v 36.128906 18.795996 4.132452
v 39.173046 19.02504 3.811507
v 14.224402 26.717783 -24.618019
v 6.961218 45.521488 11.861641
v 8.727183 44.534882 12.965569
v 9.089202 46.483791 11.166112
v -25.400412 13.367505 0.777682
v -27.261787 14.956932 1.741553
v -27.30591 14.867141 -0.827126
v -22.660358 14.476877 -9.257348
v -21.277935 15.913963 -11.688895
v -20.349829 13.889894 -9.439344
v -2.431586 22.282976 19.240431
v -3.467612 21.894098 16.891691
v -3.128895 30.795862 -20.401363
v 2.032788 47.86488 -6.303482
v 3.626464 48.881344 -3.908197
v 4.594277 48.433064 -6.831612
v -24.805218 14.670172 5.83731
v -22.085924 13.917315 6.752564
v -3.263288 12.713846 13.148245
v -5.33899 13.350263 13.577583
v -11.79315 48.228676 3.339695
v 34.489368 2.165869 2.414376
v 36.157017 2.737808 -0.242376
v -31.105967 46.096615 20.368021
v -33.343918 47.914276 19.793337
v -33.430267 45.157425 19.259293
v 2.746901 48.895378 1.211047
v 0.633578 48.142147 2.111141
v -20.832869 35.010777 15.450914
v -23.440008 36.37384 14.308606
v -17.161854 17.366776 -14.319699
v -20.25111 17.554386 -14.252481
v -18.976982 19.317362 -15.819946
v -21.401863 46.332638 -11.460747
v 35.283112 4.558247 7.374694
v 33.323338 5.388699 9.49906
v 32.759983 3.061794 7.191556
v 1.924887 9.234205 19.072269
v -0.222561 10.194838 16.882156
v -19.440199 11.294872 -2.317398
v 34.603935 26.405403 -9.309823
v 35.240295 27.406654 -7.401758
v 35.228832 24.622053 -6.898519
v -8.56374 15.658237 -14.694106
v -9.894696 17.743063 -15.671679
v -7.432129 17.415159 -15.921313
v 34.482876 6.286341 -9.597169
v 34.321724 4.21092 -7.770463
v 32.211658 4.547873 -9.212409
v -36.095051 30.033596 2.506582
v -35.848038 29.678171 4.372684
v -35.752125 32.07756 4.185113
v -37.327934 42.797722 6.529537
v -35.746979 41.441063 8.26573
v -37.145973 43.021847 9.125455
v -35.67841 40.924103 5.821452
v 14.556705 32.316475 20.094711
v 12.951744 33.857815 18.20377
v 11.78167 32.51572 20.859192
v 3.692911 35.320011 16.316498
v 4.979202 33.486198 18.162254
v -16.100271 32.290134 16.316578
v -16.445675 29.898785 16.694815
v -14.038536 30.47353 16.598595
v -18.355457 13.301289 7.663876
v -20.483652 14.190277 8.454516
v -19.295839 12.3681 -7.509089
v -20.053598 11.853972 -4.682152
v -29.1122 23.65391 12.374085
v -27.79793 21.445414 12.135785
v -26.329573 23.3288 14.228736
v -33.470413 34.181831 7.994567
v -34.947216 33.299664 5.970179
v -33.957413 31.63418 8.061716
v -32.585487 20.968653 -4.447083
v -31.363468 19.177223 -3.670409
v -32.294056 20.384617 -1.442084
v -9.686189 24.279404 -17.895605
v -12.38939 25.375088 -18.167021
v -9.771032 27.419346 -18.782022
v 21.096218 34.875237 17.395042
v 21.921097 32.407089 18.103426
v 23.426506 33.670959 17.042727
v 12.610615 3.854934 17.794327
v 15.194468 3.473742 17.530869
v 22.004879 48.215588 -1.048778
v 23.19413 47.540012 1.862238
v -13.462598 36.376751 14.811659
v -13.70507 33.388927 15.925354
v -11.346713 34.73978 15.25478
v -26.999609 39.83345 17.723566
v -25.750387 39.499886 15.711911
v -24.618156 40.507446 17.272186
v -18.038933 21.319883 -16.977024
v -20.579239 21.508196 -16.653091
v -22.811689 40.312092 13.660801
v -23.826975 40.194664 14.877608
v -2.154007 35.039516 16.118118
v 0.600394 34.851509 16.402069
v -0.194383 37.275543 15.432092
v -5.678942 10.791132 13.202253
v 33.365639 1.382271 0.185924
v 34.081551 1.754989 -2.478792
v -13.723207 52.350594 1.556852
v 6.337205 4.976767 18.805973
v 4.231668 3.345985 20.130905
v 7.024184 2.434546 19.328856
v -26.017048 55.716003 -11.230122
v -26.897545 55.759895 -11.024938
v -26.900206 56.045723 -11.435383
v -25.305 63.696716 2.827878
v -26.811104 16.55427 -7.60908
v -24.791304 15.294931 -8.4421
v -25.797642 14.763761 -6.036324
v 1.354983 22.229918 -27.549517
v -1.346796 22.668161 -27.024105
v 0.389315 24.978594 -27.396156
v 27.515791 8.033324 -14.585711
v 27.301493 6.483715 -12.347464
v 26.010059 5.574931 -13.958888
v -13.265972 46.398026 -12.115118
v -28.031012 18.24559 -9.098986
v -27.177362 19.137983 -11.261133
v -25.872707 17.256992 -9.783886
v -5.743346 20.410582 -21.705301
v -6.473418 19.952047 -19.040867
v -6.658274 22.330389 -19.944803
v 11.583638 1.68102 18.014013
v 14.211081 1.613609 17.507793
v 8.913484 32.071484 21.460516
v 9.764544 33.766521 18.848778
v 7.107798 33.095516 19.963625
v -14.117267 35.9254 -17.759048
v -16.391117 35.687084 -17.55415
v -17.338974 44.43705 12.732516
v -18.325918 46.479263 14.002484
v -19.797918 44.065632 14.418173
v 24.140236 46.994854 -1.063169
v 25.626574 45.904404 1.2357
v 26.153519 45.49881 -1.438873
v -37.967888 45.174309 13.272691
v -37.569561 42.749943 12.159962
v -37.251381 43.166939 15.506454
v -19.112116 16.263294 -12.781829
v -5.44353 16.601377 14.336061
v -12.866323 23.376978 16.091318
v -15.037992 23.316916 16.583838
v -13.416177 21.32745 15.923358
v 2.068987 19.429142 -27.489552
v 3.434344 12.848264 -25.951548
v 5.023621 15.03821 -26.338591
v -27.43808 63.063351 7.814338
v -25.980831 62.524418 9.800587
v -9.469666 47.312012 4.540228
v -29.818748 46.131779 -10.418942
v -30.880777 48.628754 -9.882237
v -28.214994 48.488537 -11.156805
v -32.516254 62.365654 -0.718856
v -31.971081 61.948086 -3.21551
v 7.858032 11.571322 22.167509
v 14.521621 9.362686 21.365946
v 16.801649 11.102077 21.128548
v 14.827483 12.056197 21.994987
v -27.763153 63.19907 -4.657684
v -28.723297 62.824039 -5.630128
v 3.122017 24.481415 -27.674593
v -1.472113 5.454204 -21.369789
v 0.403993 3.470428 -21.943371
v -2.633977 3.712221 -22.083113
v -19.285538 16.001909 11.880949
v -17.976789 17.276594 13.357242
v -21.761183 4.128524 9.39628
v -21.590704 4.740706 12.088826
v -19.714695 5.739451 10.757977
v 34.977531 22.648785 -8.065311
v 33.979954 21.102264 -9.970778
v 34.26664 24.18117 -9.732219
v 17.17557 37.045383 15.931506
v 15.17972 35.383198 16.968676
v 17.99078 34.921036 18.016769
v -20.036541 4.083297 6.9993
v -19.296362 5.320166 8.602034
v -8.843766 48.22477 1.945328
v -11.500566 48.856377 1.833867
v 26.190657 44.546944 -6.083828
v 25.382856 44.123814 -8.621275
v 24.149649 45.739357 -7.030338
v -26.71236 38.835636 -12.186392
v -25.304937 40.471359 -12.198572
v -25.02417 37.897476 -13.485689
v 7.274391 40.659492 15.185708
v 27.271738 4.683508 10.819734
v 27.456545 2.685425 8.852054
v -16.738054 11.993533 7.06961
v -16.887234 11.430004 5.475912
v -16.164272 8.129283 0.192623
v -12.611534 28.281387 -18.570864
v -10.910049 29.802238 -18.93623
v -14.028114 40.426964 12.201139
v -15.942118 37.831779 13.926697
v 2.340364 27.179966 -27.100737
v 1.564658 29.380177 -25.824965
v 4.024144 29.427528 -26.002253
v -21.717672 19.507887 -15.422544
v -23.210129 21.802233 -16.088232
v 13.113256 35.722713 16.325298
v 14.452303 37.588078 15.444216
v 13.618853 15.811298 22.970055
v 15.190709 14.351443 22.630545
v 16.194691 16.902706 22.433029
v -1.471241 47.482666 1.96108
v 0.093325 48.197029 0.175794
v -24.199583 45.117264 -11.555035
v -25.401331 47.848209 -11.576859
v -27.164755 45.668468 -11.242871
v -29.983719 58.347767 15.568518
v -29.400642 56.706013 17.377041
v -27.30678 57.9263 16.349995
v -7.480942 28.458115 16.425194
v -4.97845 29.335608 16.740582
v -7.24967 31.247086 16.522966
v -9.644806 28.067078 16.047552
v -9.569138 30.303526 15.994021
v 17.3951 14.121232 21.469603
v 20.022099 14.953506 20.233679
v 18.856262 17.038776 21.369057
v -6.829143 13.612312 -14.021855
v -9.963758 13.618231 -13.728233
v -2.336288 25.358952 -26.42214
v -3.776564 22.801222 -25.510733
v -6.943367 33.951439 15.648934
v -4.262501 32.498661 16.660044
v -4.551489 35.559639 15.34787
v -7.316854 25.105757 -19.270245
v 7.476995 19.11409 23.748484
v 10.678658 19.129713 23.948957
v 8.625392 21.692072 24.125982
v 9.345357 6.762783 20.182514
v 7.767814 5.3132 18.686409
v -8.793036 30.386717 -19.226915
v -10.754029 32.41518 -18.536287
v 2.639908 32.927505 -20.046669
v -9.313116 32.899933 15.51834
v -19.298759 23.603201 -17.668169
v -21.787149 24.042376 -17.010832
v -20.209425 26.134901 -17.61915
v 31.124165 9.704503 10.173635
v 31.80117 9.168431 10.012368
v 31.923735 10.768279 9.867217
v 11.555183 41.356102 15.110229
v 13.354723 42.669884 14.132736
v 11.11963 43.689186 13.739175
v 22.431644 47.408276 -5.479884
v 24.740448 46.212643 -4.049011
v 7.391242 6.015267 -22.909571
v 8.199409 4.24648 -21.527271
v 5.835507 4.227185 -21.499939
v 6.638672 7.051913 19.901854
v -15.612115 44.67271 10.989251
v -15.965429 42.322277 11.084275
v -14.177356 43.800323 9.432156
v 11.897195 20.128551 -25.695602
v 13.094197 22.76198 -25.36656
v 14.673333 20.489265 -25.113386
v -32.338421 57.012379 -6.153605
v -32.28009 60.057533 -5.312778
v -30.829222 58.621326 -7.705586
v -7.230113 9.394737 13.577209
v -9.93875 10.712288 14.411979
v -9.041039 7.942296 14.03001
v 17.650166 6.75907 -21.40205
v 16.985231 4.260846 -20.132069
v 14.933708 5.724151 -21.339642
v -18.400248 3.825746 4.942605
v -18.979792 2.778178 3.444318
v -20.711813 1.95791 5.241442
v 17.361464 32.049675 19.459545
v 15.74564 33.771748 18.479727
v -12.730923 0.352139 16.928932
v -12.007187 3.44737 16.000578
v -14.205626 1.892382 17.097809
v -12.867753 0.352139 16.975975
v -29.037926 51.221401 -10.407812
v -26.154121 50.342323 -11.354947
v -37.064407 56.787178 4.309899
v -36.846058 57.950844 6.542505
v -36.977047 59.36013 4.311621
v 10.596189 23.079247 -26.209093
v 9.178679 20.933729 -26.402493
v -17.375259 6.585465 11.935871
v -17.149157 5.598871 14.99332
v -15.060746 6.374993 13.670297
v 31.767056 12.690731 -11.484413
v 32.326405 11.579337 -9.881303
v 30.274628 10.115595 -11.687387
v -7.894772 37.120033 -17.589159
v -9.589529 35.3368 -17.964445
v -10.152451 38.137501 -17.219397
v 1.662682 48.594887 -1.618597
v -7.878114 3.781311 16.286432
v -7.211166 6.255809 14.404968
v -9.39095 4.246252 15.049953
v -15.597575 21.855749 -17.013834
v -13.181828 22.594063 -17.180828
v -13.721491 20.108658 -16.004532
v -29.846611 51.366608 20.800097
v -27.624168 49.511841 20.862324
v -26.887272 52.132607 19.63018
v -14.348439 50.198204 -6.852392
v -15.146514 48.861874 -8.820088
v -16.395319 51.39069 -8.451019
v 21.460392 1.29011 -16.253899
v 22.795927 3.139275 -15.88061
v 22.341383 1.608535 -13.920961
v 0.573274 37.469025 -18.612942
v 2.808262 39.386997 -17.362093
v -10.418196 5.818949 14.583055
v -2.815059 30.063723 17.206703
v -3.05403 27.509409 18.323631
v -1.318872 29.824469 18.991089
v -31.433887 19.013124 1.072722
v -32.259933 20.703945 1.450746
v 14.817924 50.503841 1.307227
v 15.981782 50.104507 3.601608
v -24.769602 31.226402 15.607008
v -22.652035 31.373331 16.074471
v -23.465326 33.63702 15.375371
v -0.49893 47.255939 3.798803
v -1.29414 12.952927 -23.986065
v -2.544292 15.462087 -23.850798
v 13.126569 50.383381 -3.523213
v -18.336306 3.759943 2.187531
v -20.458445 4.166304 -0.00092
v -21.113945 2.412905 1.763009
v 3.09464 43.843491 12.216589
v 3.164025 45.637989 10.284523
v 1.025128 44.645592 10.438681
v 35.965111 12.473164 9.668812
v 38.324768 11.177844 9.178799
v 37.539993 14.107092 8.855195
v -7.095401 28.145876 -19.75869
v -1.635832 44.219151 9.403814
v -0.702604 42.397671 11.74932
v 33.087959 16.96603 9.731109
v 34.487644 14.563903 8.161219
v -28.339231 41.297768 19.840832
v -29.31118 43.981194 20.834236
v -30.596605 41.820503 18.975145
v 8.924472 16.453085 23.171122
v -33.339592 44.051479 -8.177284
v -31.146641 44.391666 -9.484917
v -31.324226 42.364445 -8.740376
v 13.560611 50.581352 -0.869954
v 15.227175 50.392406 -2.65613
v -4.557737 4.977094 -21.194635
v -4.718531 6.323948 -19.339895
v -2.492566 6.150789 -20.754297
v -30.469013 63.084404 4.883169
v -29.524347 63.419418 2.534665
v -31.782419 62.907562 2.183487
v -4.758793 7.246407 -17.508495
v -3.599285 8.420245 -19.185587
v 14.417049 3.075487 -19.815603
v 20.71048 10.004813 -21.711748
v 22.746563 8.476398 -20.272198
v 20.228592 7.686898 -20.793192
v 23.074274 45.657696 8.512718
v 23.971079 46.14373 6.450799
v 21.48477 47.191673 6.836044
v -11.994648 13.115487 14.211945
v -9.512577 13.831936 15.069057
v -16.842649 15.309982 -12.513048
v -18.87361 14.875093 -11.11033
v -13.074084 7.298704 -12.106885
v -15.646197 8.005584 -10.967216
v -14.486407 9.457565 -11.899327
v 7.010949 47.09708 9.930093
v -26.084944 42.959007 -11.207673
v -27.315388 40.56694 -11.037563
v -28.841494 43.187603 -10.419448
v 28.34697 43.468262 -1.851329
v 26.602234 44.861439 -3.706567
v -12.807506 13.396869 -13.673849
v -14.999228 13.577725 -12.876385
v 0.92894 47.025078 5.882178
v -1.424697 46.267723 5.459984
v -0.320265 45.735741 7.703045
v 13.44423 30.564119 21.973623
v 28.96451 7.392411 -10.926908
v 30.321247 5.759298 -10.085759
v 27.494747 4.649378 -10.208787
v 18.224678 9.151052 -22.163425
v 16.618696 11.042782 -22.869457
v 18.798494 11.242328 -22.339687
v 18.90913 49.326149 3.608569
v 19.724434 48.520172 5.661963
v 21.261524 48.194492 4.04892
v -5.205567 12.268969 -15.962641
v -5.695307 10.53497 -13.393072
v -35.616386 27.523989 3.087639
v 4.993663 45.594284 11.243763
v -18.861496 35.206879 -16.974974
v -17.520983 33.117531 -18.116268
v -20.173792 33.001133 -17.043068
v 26.529087 14.252647 -17.97493
v 24.630775 14.407605 -19.5571
v 25.647274 16.082029 -18.889284
v 9.685256 13.771494 22.936262
v 10.217577 11.537231 22.119261
v 12.450701 13.212637 23.018875
v -31.678127 34.598553 9.859331
v -29.632036 34.945259 11.720152
v 7.543746 2.158965 -20.607578
v 4.76363 1.881091 -20.96365
v 10.676665 30.333981 22.552599
v 15.150203 8.549608 -22.662508
v 13.882667 11.245669 -23.470106
v -11.229719 22.926376 -17.36046
v 1.021638 16.809048 -26.843172
v -0.871182 18.565725 -26.783939
v 4.358225 25.20031 23.630827
v 3.580866 21.289801 23.17367
v 6.616885 23.611053 23.919317
v 4.017399 37.938179 15.806151
v 6.046064 38.919159 15.828471
v -15.084241 17.191694 13.615921
v -14.160429 19.133062 15.087737
v -16.921913 18.975351 14.619662
v -37.017113 51.488544 5.598728
v -36.677612 54.010036 4.28829
v -37.30262 51.423561 2.942917
v 18.577314 25.879761 -23.027414
v 17.558836 27.860144 -23.218876
v 19.764988 27.869419 -22.081991
v 30.061264 2.711091 7.789996
v -36.617474 53.29258 1.443492
v -36.025097 54.915928 0.085293
v -33.62928 52.342422 18.196985
v -34.908123 49.882889 17.764946
v -32.625446 50.672207 19.977413
v 20.859449 12.774358 -21.727184
v 19.808916 15.692794 -22.65592
v 22.592556 15.115751 -21.367714
v 5.2099 27.024616 -27.025009
v 4.823409 19.167318 22.843742
v 6.20566 21.218342 23.672035
v 26.556959 9.327278 -16.960196
v 25.63426 6.618892 -16.62352
v 3.621299 16.376181 21.923563
v 2.418541 13.946024 20.85968
v 38.051888 8.422002 8.504963
v 40.297604 10.125706 7.522952
v -8.903481 12.064605 -13.098515
v -12.654022 10.654974 13.495688
v 14.317184 6.693068 20.369621
v 16.522425 8.33674 20.502697
v 32.290771 14.457385 10.743063
v 31.667091 12.276165 10.695154
v 33.311028 12.044804 9.38082
v -14.08638 32.328373 -18.542622
v -12.427069 34.668095 -18.196173
v -2.370392 24.994287 20.358337
v -0.347592 25.521635 22.634138
v -1.286762 27.674437 20.929485
v 36.506454 13.829127 -8.367587
v 34.666153 15.834641 -7.233494
v 35.699814 16.34395 -6.406336
v 1.636124 23.667772 23.432068
v 2.286485 26.597286 23.311438
v -18.043512 48.633755 13.05259
v -20.037233 48.982288 14.291037
v 16.085079 30.256359 21.145676
v 19.103983 42.280025 12.821402
v 21.593927 42.606628 12.126292
v 19.916191 44.444744 11.412404
v 1.183217 42.500431 12.56862
v -0.04933 40.061253 13.915665
v -32.884441 35.850098 -7.742434
v -33.402401 33.072464 -8.046595
v -34.174286 34.344215 -5.647933
v -35.351269 34.746983 3.681354
v -35.441525 35.570946 1.100061
v -36.001446 32.950382 1.924544
v 27.994617 43.488907 -4.61833
v -16.245129 19.603413 -15.759618
v -30.275494 26.993526 -12.486896
v -29.795412 29.583162 -13.183159
v -28.158651 27.442089 -14.657283
v 35.109959 31.628304 -4.285254
v 34.256104 32.707771 -6.51246
v 34.326145 34.024471 -3.921831
v -34.100819 30.842861 -6.938813
v -33.276585 30.425415 -9.033466
v -33.944759 28.794186 -7.534186
v -25.482983 26.79842 -15.893669
v -23.708742 28.950537 -16.3379
v -22.966112 26.502172 -16.847631
v -28.060778 54.742455 18.786024
v -26.974852 56.180355 17.643707
v -26.120869 22.250252 -14.76184
v -27.13105 24.935619 -15.160102
v -24.554886 24.329586 -16.237942
v -22.529297 37.6329 -14.944104
v -23.24062 40.176064 -13.489543
v -21.097616 39.644337 -14.896077
v -35.548626 31.170858 -2.855276
v -35.783192 28.901058 -1.943415
v -35.998974 30.814659 0.00588
v -25.222391 49.680107 19.435295
v -23.890467 47.200878 19.717901
v -23.253201 49.323421 17.426332
v -6.634644 38.91132 12.951772
v -4.6406 40.312565 12.187208
v -7.091486 41.249725 11.150834
v -11.675827 31.899578 15.821915
v -12.362962 28.786079 16.144732
v -22.148039 46.51236 17.551641
v -20.387959 53.167301 -10.262769
v -20.58559 53.36047 -10.302551
v -20.370199 53.339668 -10.191596
v -12.603703 50.624516 -0.29192
v -13.997264 53.015049 -1.087465
v -24.806555 56.657597 16.342623
v -22.987598 57.081783 14.315098
v -25.0945 58.934052 14.932376
v -3.338691 46.421017 4.056259
v -6.446193 47.197357 3.922769
v -5.361009 45.990967 5.64793
v -5.923406 15.093296 -16.343029
v -4.95356 15.151909 -18.966963
v -4.764183 13.263268 -17.891947
v -30.624947 48.65662 21.267908
v 0.455805 29.723385 21.051781
v 21.212219 29.586668 18.870539
v 18.627102 29.956751 20.499224
v 19.530661 27.610878 20.753618
v -22.97224 44.380432 19.198044
v -21.843538 43.767349 16.533215
v 20.592644 48.669674 -3.924488
v 28.772102 1.024047 -7.092398
v 26.542557 1.804408 -8.669526
v 29.465954 3.08949 -8.949002
v -35.13612 28.034996 5.485543
v -34.412872 25.577295 4.39524
v -2.8468 42.100742 10.962833
v -20.355467 46.459106 15.347923
v -9.765218 42.81778 10.24171
v -12.019952 43.771675 9.063416
v -12.66691 41.830765 10.917234
v 6.103095 29.488768 -25.831638
v 8.042397 38.461475 -18.657484
v 10.972849 39.162865 -17.778515
v 35.237038 28.063129 4.728487
v 34.973637 30.566563 4.021672
v -12.566204 48.649879 -7.906231
v -9.775359 48.246746 -7.835699
v -36.647068 51.42532 7.98376
v -36.961006 49.718956 10.376683
v -36.150688 52.527836 9.971736
v -18.668961 50.98587 -9.891435
v -17.234943 49.154144 -9.643205
v 8.118179 23.580481 -26.898205
v 17.210917 47.17374 9.831039
v 20.124506 46.222439 9.427844
v 18.768419 48.124809 7.692485
v -32.300808 56.290371 16.174181
v -30.729578 54.833786 18.500551
v -19.026447 7.727635 -4.329535
v -18.777031 10.052223 -5.834835
v -18.676453 7.69672 -7.304002
v 30.818487 25.493954 13.281505
v 32.493752 25.998722 11.192577
v 31.352747 28.070551 12.613484
v 21.055086 31.652775 -19.231852
v 17.301287 31.59733 -20.6507
v 19.150377 33.167252 -19.046867
v -15.818585 12.690434 9.86366
v -14.095365 12.975043 12.339071
v -16.280033 15.331398 11.862365
v 5.299559 7.814681 -23.885054
v 4.242723 5.875609 -22.739243
v 14.673255 44.588974 -14.279041
v 12.683538 43.463116 -15.301749
v 11.766067 44.801537 -13.598839
v -8.360432 5.924268 -15.926818
v -6.577722 6.90776 -14.729516
v -7.628706 22.330965 -17.936728
v -13.548122 25.550884 16.826004
v -15.201153 27.975164 17.072554
v -19.748474 5.398726 -8.086556
v -19.847532 3.856158 -10.051362
v -21.928513 4.200013 -8.099088
v -7.307099 44.894882 -12.104812
v -20.645672 5.702423 -5.732451
v -20.151279 5.791727 -2.764668
v 23.39801 45.137489 -9.191035
v 21.80971 46.600769 -8.20351
v -11.07935 21.775799 15.902179
v -9.058164 19.799316 15.574879
v -8.763306 22.549112 15.921916
v -11.50083 42.325008 -14.98989
v -11.611217 44.787437 -13.593611
v -9.191099 43.867393 -13.696026
v 20.520332 44.355064 -12.51924
v 22.231478 42.38353 -13.433946
v 19.769657 42.604847 -14.467511
v -6.926747 20.623928 15.346355
v 26.555855 30.83592 -17.227791
v 27.077158 33.460979 -15.709449
v 28.884109 31.322872 -15.037078
v -6.246172 47.95422 -3.726271
v -3.684983 47.092453 -5.181738
v -5.913213 47.294815 -6.612116
v 29.567459 20.261417 -15.664742
v 31.134392 21.594221 -13.895275
v 30.907839 18.819437 -14.180314
v -31.672764 29.252058 -11.093348
v -14.680308 41.805416 -15.231762
v -13.881167 44.079105 -14.106546
v 1.037072 42.991776 -14.211538
v 3.054489 44.201572 -13.104354
v 2.901689 42.823868 -14.850185
v 38.479748 4.37425 -1.837258
v 36.450867 3.210982 -3.437124
v 38.30088 4.701649 -4.147097
v -32.532448 54.09391 17.927916
v -31.645933 52.784653 19.466452
v -23.201836 62.633392 9.4895
v -24.579062 61.700951 11.657726
v 8.36198 12.283947 -25.132662
v 11.122929 11.954197 -24.448847
v -16.190073 47.185482 11.671656
v -16.831474 50.109589 11.221767
v 18.600544 23.283798 -23.213181
v 16.495512 25.574612 -23.869749
v 43.03336 14.06509 4.421711
v 41.762146 15.097653 6.326214
v 41.917309 12.141895 6.12592
v -8.376505 41.568985 -15.395139
v -17.951185 28.284901 -18.454084
v -17.48938 25.485367 -18.269846
v 16.389664 5.728245 18.789616
v 27.78495 42.67366 -7.639333
v 25.984886 42.455109 -10.21054
v -3.415655 47.408524 -2.680905
v -1.563014 47.525974 -4.109055
v -0.909891 47.883839 -2.125026
v 18.588192 9.884846 19.970623
v 18.959755 12.482166 20.083864
v 17.325583 49.302143 5.80212
v 27.300344 43.783657 5.963818
v 29.163477 42.088562 4.815623
v 27.328144 44.266941 3.343837
v 22.253883 15.340319 18.87248
v 21.340599 12.888607 19.158449
v 29.36982 42.19735 2.153449
v -16.003229 20.971365 15.926971
v 31.7703 24.164108 -14.428078
v 30.089912 22.434986 -15.573174
v -16.869347 5.691063 0.802865
v -15.346124 7.903945 2.920058
v -2.894229 39.706905 -16.544847
v -3.468143 42.119171 -14.762465
v -0.871534 41.592125 -15.324479
v 24.11989 42.289303 11.024709
v 22.359148 44.563889 10.427312
v 12.799314 37.270107 -17.994991
v 25.492971 39.637608 -13.170891
v 26.378584 40.889359 -11.55606
v 27.911154 39.033817 -12.011676
v 1.014006 30.802221 -24.047132
v -0.912016 29.54146 -24.821222
v -35.92078 46.313503 -5.110016
v -35.245655 43.776634 -6.076169
v -36.793331 43.905289 -3.530151
v -17.829798 52.519432 10.512358
v -19.118301 51.072323 12.580893
v 10.136861 32.966671 -21.211643
v 11.917302 41.551693 -16.79479
v 14.603638 42.281521 -16.277197
v 13.893965 39.76791 -17.513811
v 26.813215 37.190746 12.795608
v -22.388908 2.035228 7.313416
v -5.659262 40.525982 -16.054045
v -8.073214 25.693577 16.275818
v 31.638636 30.109209 11.708927
v 32.727474 28.517395 10.327054
v 32.407467 31.101955 9.950707
v 7.448238 49.499023 5.199675
v -18.374292 54.952877 9.698831
v -16.95834 55.631157 7.484444
v -17.988636 57.381351 9.115511
v -25.935184 26.166382 15.351975
v -23.716314 24.288864 16.032516
v 1.936231 36.845043 15.764773
v -1.245605 46.358112 -8.715708
v 0.019612 45.668522 -10.709865
v -3.032791 45.430973 -10.442857
v -35.81221 33.505463 -1.029034
v -35.208267 33.10231 -3.659589
v 32.0359 23.562517 11.905051
v 20.429369 8.682264 18.256662
v 22.895058 8.316151 16.513243
v 22.864605 10.728876 18.126968
v 0.590884 27.759109 22.36145
v 2.564524 29.073555 22.633173
v -4.619639 9.509133 -16.24221
v -31.204641 30.096802 11.327374
v -32.754864 29.99518 9.601889
v -31.887938 27.86338 10.535213
v -22.300322 2.367438 -10.179521
v -24.442877 2.407138 -8.036648
v 9.019574 40.821484 -16.941414
v -6.498382 5.331758 -20.041512
v 5.059294 43.691006 -14.34545
v 7.083553 42.301373 -15.47662
v 4.185822 41.637547 -15.860625
v 27.592196 22.710024 16.466703
v 29.028513 21.52088 15.209484
v 28.939175 24.485483 15.370225
v 30.5084 10.849555 11.535214
v -6.009586 23.684528 -21.663023
v 24.355368 9.94424 16.301756
v 35.715221 18.367706 5.192667
v 35.797203 20.478699 4.281438
v 34.873951 19.644257 6.667454
v -7.410337 12.17182 14.268224
v 16.505451 40.226185 -16.901808
v 19.07423 40.320633 -15.983923
v 18.300688 37.934261 -16.956743
v 27.806364 44.024715 0.493174
v -13.204136 44.731777 8.245417
v 12.296126 10.353729 21.984703
v 19.957832 48.149986 -6.974895
v 19.040287 47.391724 -9.067151
v 16.926115 48.854145 -7.683952
v -13.499848 15.195586 13.502782
v -7.894131 32.975258 -18.775476
v -6.604068 35.320225 -18.363775
v -5.083209 33.029781 -19.121094
v 35.635483 27.078733 -5.324369
v 35.07859 29.854471 -6.558098
v 35.682655 29.516125 -3.407757
v -29.692774 17.882381 -4.461175
v -27.925615 16.186556 -5.282426
v -28.780916 16.393723 -2.582533
v -28.816172 17.912069 -6.945791
v 10.844007 45.444759 12.290949
v -34.853294 29.414473 -4.892143
v -34.045612 26.523315 6.633614
v -33.837681 28.570217 8.003783
v 35.878925 6.690582 9.212633
v 21.643278 26.654037 19.692554
v 24.707651 26.450871 -19.550943
v 25.168188 23.712656 -19.695293
v 23.050753 24.85957 -20.830702
v 23.387308 17.779013 18.724981
v 24.620449 20.177086 18.393126
v 22.33153 19.857494 20.089834
v 37.62019 6.083435 7.06618
v 0.675523 48.080498 -4.047812
v 30.395632 37.61813 8.655107
v 31.846327 35.246201 8.240941
v -35.027332 48.809856 -6.437686
v -34.651527 46.350761 -7.590107
v -26.691214 15.077252 3.934434
v 32.071991 1.056534 -4.377647
v 34.364765 2.531842 -5.306701
v -25.723948 41.271343 19.600569
v -23.470879 42.101837 18.343527
v -24.419563 42.845787 20.224274
v 20.439074 40.381508 13.484781
v -15.112841 26.966877 -18.397696
v -15.066987 29.351658 -18.427961
v 7.928951 38.221996 16.239132
v 9.776667 36.990067 16.486893
v 9.760386 39.871288 15.665786
v 23.48003 12.764283 -20.547075
v 21.154324 45.636009 -10.413559
v -26.820513 14.674695 -3.466303
v 42.549038 16.480799 4.474183
v -2.102455 37.592438 -18.351456
v -5.219685 37.748833 -17.506195
v 36.819447 19.777176 1.418451
v 36.042583 23.948151 1.062523
v 20.38743 10.961352 19.156456
v 3.126147 31.11657 -24.176249
v -18.000887 1.727326 -12.119294
v -17.387619 3.720422 -11.274033
v -15.426532 2.61286 -12.577685
v -5.436759 8.636537 -13.801848
v -32.229164 22.133873 -6.856901
v -33.191811 23.024189 -5.102751
v 33.930927 35.205311 -1.562392
v -5.012909 26.63896 16.26952
v 9.772964 48.296478 8.802355
v 9.181942 49.38055 6.421201
v -31.928165 23.852823 -9.173602
v -33.311314 24.60483 -6.782824
v -33.689297 36.691887 -5.35107
v -34.267017 37.473377 -2.913982
v -33.404209 39.345592 -5.223245
v 0.870349 31.522726 19.051216
v -0.940431 32.186829 17.035351
v -34.218018 53.253807 -5.714611
v -32.475731 53.948784 -7.179518
v -33.740124 51.18782 -7.085568
v -34.690269 32.035759 -5.459579
v 0.807468 18.345428 21.142712
v -0.810432 17.54274 18.536259
v 1.306297 16.384445 20.818031
v -35.271244 26.930372 -3.459841
v -35.334873 26.543737 -0.52076
v 34.152924 32.058235 5.726455
v -35.227131 60.597645 6.777328
v -33.221268 62.286686 4.642092
v -11.010227 24.376904 15.805205
v -27.95285 21.335621 -12.4798
v -26.218945 20.197672 -13.228428
v -4.175808 11.125931 -18.354143
v -3.951758 12.954584 -19.991587
v -33.82568 22.717407 -2.569223
v -34.548233 24.677748 -1.207523
v -34.209263 24.844864 -4.39562
v 2.202629 46.466118 8.223308
v 2.763408 45.932194 -10.598291
v 5.432013 47.536667 -9.650949
v 5.347603 45.519749 -12.171679
v -20.900074 2.025035 16.527403
v -19.476248 4.197505 16.220602
v -21.784538 3.636568 14.259622
v 23.45681 43.790821 -11.128403
v 38.619835 15.238018 -7.387548
v 39.360252 12.482173 -8.483219
v -25.156639 13.721715 3.21986
v -2.984084 29.288788 -22.877287
v 20.187008 1.25061 -17.875257
v 18.874344 2.505911 -19.149237
v 21.40732 3.261482 -18.273838
v -35.411072 46.912632 17.961849
v -36.588585 48.260468 15.866149
v -31.568756 34.894005 -9.974254
v -17.503338 6.485439 9.169668
v -8.9303 35.368153 14.560139
v 43.561615 15.883186 2.307487
v -18.010906 7.20821 -1.582699
v 25.884972 3.161612 11.332828
v 25.931923 5.763532 12.999405
v 31.388105 33.661919 9.979237
v 33.137905 32.317875 7.857009
v 36.55415 19.867392 -2.290632
v 36.247536 22.033598 -0.719978
v 36.41341 20.392954 -0.973557
v 9.888247 27.356859 23.405748
v 6.961927 26.382685 23.589293
v 9.029439 24.395758 23.683727
v 35.928402 24.551294 -4.14285
v -23.05756 2.705719 11.893044
v -10.681535 38.643082 13.417993
v -8.48074 37.602413 13.435093
v -9.202112 40.335258 12.009567
v 12.924636 48.533028 8.402229
v 14.511568 47.202522 10.256572
v 15.895516 48.63031 8.059976
v -2.827102 47.496792 -0.024514
v -5.248075 47.777603 -1.176449
v 26.542431 24.548346 17.094301
v 27.268503 26.735113 16.351116
v 25.470322 26.619308 17.964451
v -31.857517 32.157894 -10.434299
v 19.612291 5.14363 -19.853111
v -28.578003 46.931938 21.347357
v 24.666483 20.967428 -20.238146
v 25.93767 18.601234 -19.368887
v 11.178976 35.283024 16.706551
v 35.219093 11.408165 -9.603337
v 34.276031 13.367902 -8.539942
v -28.439716 25.79388 13.760462
v 33.697906 29.384857 8.202806
v 33.932125 26.426336 8.666218
v 34.647263 27.620363 6.781499
v 34.069187 21.680954 8.453495
v 35.217247 22.275801 6.106767
v 25.695879 22.463839 17.933741
v -34.542423 37.571522 2.774738
v -34.171947 35.933361 5.594213
v -30.175087 33.617279 -11.769951
v -30.624329 31.330364 -12.100181
v 17.059551 42.656033 -15.364192
v 5.986992 36.850544 16.251469
v -17.377857 5.771752 6.819527
v -36.413601 56.516319 8.180778
v -36.005276 53.916397 7.256549
v -36.085083 55.012249 9.963606
v -37.734222 45.36705 10.08163
v -34.531616 26.992519 -6.106213
v 7.990823 30.589258 -24.873911
v 5.636526 31.218533 -24.383921
v 7.667366 32.239319 -22.830606
v -32.279228 58.408745 13.920025
v -33.891033 57.123959 13.833253
v -37.260406 51.006657 0.126485
v -34.680763 37.784584 -0.291605
v -35.114407 35.999069 -1.165345
v -26.272087 33.34446 14.583061
v -4.928608 8.03545 -15.371615
v 2.096678 39.013897 14.985583
v -28.699032 62.201607 9.949249
v -29.610399 60.920975 12.137778
v -27.172575 61.445427 11.947558
v -15.104189 24.286621 -18.079275
v -11.268709 11.698305 -13.216883
v -26.039782 47.400639 21.031944
v 31.979223 38.606335 -3.507291
v 30.867636 39.633003 -5.734984
v 30.636984 40.566917 -2.89379
v -38.113831 46.559723 7.439532
v -37.592766 47.595573 9.482834
v 41.822285 7.715541 2.201822
v 42.981022 10.193651 2.18441
v 41.865871 9.372706 5.029472
v -11.452132 8.17169 13.993858
v 31.422426 8.425363 -10.368104
v 33.867603 9.044384 -10.293004
v 30.782166 15.284361 13.06857
v 30.659044 12.781981 12.517836
v -22.17297 5.227407 -3.767722
v -6.067242 17.520514 -17.843191
v -4.453897 44.034096 -12.56614
v -8.076299 5.444691 -18.276278
v -6.294179 6.380002 -17.28599
v -35.124626 51.906792 16.387068
v 30.298225 12.370235 -13.570093
v 28.879896 12.363518 -15.361162
v 23.371492 6.102279 14.778486
v 9.724379 9.017632 21.79833
v 12.162923 7.749363 21.173693
v -9.605299 21.773653 -16.964289
v -35.173553 30.597275 6.144304
v -35.372097 56.314274 12.177281
v -35.654488 57.16613 10.179904
v -31.35877 43.872551 19.51965
v -33.090553 42.345234 18.675959
v 2.059826 33.040359 17.364349
v 3.053213 32.39809 19.248117
v 33.373096 25.249044 -12.010973
v 32.381081 26.843098 -13.700651
v 33.747673 27.638325 -11.340464
v 17.465137 29.682117 -22.493628
v 38.635525 17.411915 -5.512014
v 41.658245 17.110966 -4.686348
v 40.680367 15.822492 -6.235848
v 24.967052 46.177757 3.799979
v -16.175768 5.483885 4.107232
v -16.00931 7.64698 5.20682
v -34.598701 24.999109 1.783496
v 35.712276 22.097357 -5.718477
v 36.134491 22.165442 -3.133839
v -6.849602 43.539211 9.517876
v -2.739118 19.480595 16.356434
v -2.025214 20.269545 18.222221
v 28.319592 14.628447 -16.657064
v -22.737782 1.446302 14.355927
v -37.281597 46.292721 -2.70419
v -37.478493 48.765598 -1.611235
v -36.271267 48.785515 -4.150936
v 27.196321 32.323624 15.249463
v 25.285435 33.00864 16.136057
v 26.410969 30.707186 16.455088
v -22.812389 17.866051 -13.283122
v -24.281372 19.852629 -14.406986
v 43.697971 15.968533 -0.574372
v 43.186825 15.296115 -3.194062
v 42.445827 17.897636 -2.21068
v 33.070686 2.006985 4.479642
v -38.521576 44.812248 4.98675
v -37.812832 44.592388 7.540617
v -4.269251 17.690664 -22.826878
v -4.396354 20.089535 -24.337193
v -2.813581 18.004498 -25.081341
v -27.608797 30.50535 -14.657444
v 16.582047 50.29422 -0.975368
v 41.84222 9.460686 -4.563224
v 40.244591 8.269642 -6.411211
v 41.01733 10.877607 -6.757343
v -21.062485 27.549934 17.119011
v -23.081591 29.362568 16.591932
v -23.552471 26.957508 16.666042
v -5.330905 22.304808 -23.511187
v -4.544901 25.229815 -24.074272
v 4.886891 32.20969 20.55654
v 4.845914 30.383133 22.459499
v 6.669421 31.585421 21.776035
v 9.707363 26.165136 -26.434071
v 27.744402 10.391525 -15.494572
v 27.27581 12.049459 -16.811419
v -14.268706 46.306305 9.194922
v -14.839228 49.151966 9.40399
v 24.748478 8.998035 -18.753611
v 23.708788 7.123545 -18.627359
v -10.294323 49.022778 -0.699456
v -13.666795 48.422935 7.614408
v -14.316834 50.78933 7.064547
v 29.268919 17.411825 -16.020247
v 35.266624 18.26767 -6.341084
v 36.468018 18.378681 -4.593958
v 33.685295 18.870003 8.981423
v 32.187302 18.981497 11.360462
v -29.39147 53.271759 19.789068
v 30.599653 22.824097 13.658571
v 31.789213 21.36639 12.146414
v -12.606323 4.332402 -12.859409
v -11.582366 4.250862 -14.64317
v -13.555643 2.067027 -13.37676
v 32.125843 37.499229 -6.014799
v 33.227245 36.547985 -3.812035
v 33.394855 35.303436 -6.276876
v -18.497971 9.692242 -3.163502
v -15.722798 60.971489 0.45712
v -16.299072 61.001854 1.302503
v -15.482541 58.436878 0.338462
v -15.145276 59.890465 -0.292701
v 27.648655 28.818531 16.103558
v 28.526453 30.352684 15.113989
v -28.554728 38.456512 -11.154982
v -27.412642 36.850334 -12.633716
v -29.620026 36.188839 -11.351773
v -33.687531 22.38895 0.404823
v 20.790533 25.503212 -21.96199
v 21.368282 23.015074 -21.791008
v -34.840202 35.159176 -3.234686
v -15.863449 51.762207 8.927357
v 33.417866 16.166149 -10.080467
v 32.352123 16.953503 -12.584458
v 33.47316 18.479738 -10.901023
v 18.447971 46.25359 -11.27198
v 18.010685 26.05427 21.813499
v 17.332298 28.169819 21.849859
v 20.968714 37.829475 -16.033251
v 23.022861 35.670734 -16.805531
v 20.209181 35.880417 -17.593102
v -15.216914 52.645065 -6.316325
v -17.573959 37.553886 -16.694696
v -32.387093 37.905388 -7.183931
v -25.193153 54.050949 17.726873
v -23.316641 54.433952 15.289964
v -37.283108 45.83839 15.992147
v -31.066002 23.837399 10.587023
v -29.90589 21.982298 10.331455
v 35.33255 25.236456 5.600338
v 18.030359 49.273117 -5.886075
v -27.885639 38.822567 15.075532
v -18.053116 10.439184 -8.495594
v -20.81846 32.446278 16.120802
v -18.397219 31.065636 16.676615
v -18.386522 33.648746 15.98207
v 31.86174 35.893463 -8.9164
v 14.6292 49.062984 -8.060297
v 15.49994 49.938362 -5.35352
v 23.302179 22.633848 -20.8197
v -21.735119 61.282593 11.731384
v -20.452888 62.3755 9.255112
v 11.333967 50.445206 1.030919
v 9.906945 49.987961 4.130764
v 12.762584 50.280018 3.534495
v -38.176205 46.453571 -0.120411
v -22.503012 63.605087 2.882966
v -25.428501 63.580097 -0.080997
v -5.992862 5.281177 16.91297
v -7.051195 2.554456 18.183201
v -4.980726 4.574392 18.912563
v -11.312532 26.849251 16.023546
v 0.624083 14.553552 19.007345
v 28.502111 8.420774 -12.59105
v 28.880041 10.217739 -13.85238
v 7.20796 25.89591 -26.913883
v 5.630346 24.033728 -27.27766
v 38.710896 19.383301 -1.586543
v -32.390774 32.182076 9.947055
v 25.565567 18.116348 16.652386
v -23.85808 35.625961 -15.07445
v -25.990536 35.260971 -14.120391
v 25.503241 11.711576 -18.763618
v -16.119152 10.01385 4.215839
v -16.197315 8.881792 7.159248
v 6.435749 49.332939 -5.054566
v -23.10191 15.034648 8.304668
v -34.761814 55.312099 14.541973
v -34.16721 53.921417 16.463226
v -10.150782 40.190884 -16.136391
v 34.309666 29.039064 -9.272824
v 32.583652 30.355497 -11.624197
v 33.693336 31.40419 -9.005744
v 39.656544 7.694918 6.451769
v -26.304798 0.352138 -2.621406
v -26.337692 0.931468 -3.211298
v -26.514648 0.352138 -2.798287
v -25.819731 0.352138 -2.212544
v -25.812138 0.357888 -2.211723
v -3.929915 0.35214 21.011883
v -4.763493 2.681005 20.376259
v -6.012432 0.35214 19.428776
v -0.150647 0.35214 21.689085
v 0.041293 1.512706 21.723511
v -0.517307 0.35214 21.645359
v -25.815317 0.352138 -2.21394
v -25.807854 0.352138 -2.210793
v 31.836342 0.593388 -1.703497
v 30.995108 0.352138 -2.400639
v 30.535383 0.352138 -3.73799
v -36.402412 51.233006 12.467571
v -36.164955 50.497585 15.069654
v -35.726891 52.80587 14.540127
v 31.093859 1.48754 5.33698
v 28.346121 41.891541 7.453197
v -22.144791 50.392242 15.028657
v -21.359467 48.156231 15.695276
v 25.521875 4.486436 -11.911055
v 23.945709 3.787561 -13.709829
v 41.015919 13.68697 -6.720177
v 42.744007 12.412191 -4.491173
v 39.999176 6.020701 -3.314087
v -5.875478 1.307515 -22.890551
v -5.848362 3.349268 -22.304625
v -3.477577 1.535831 -22.586866
v -13.523792 8.226024 13.153702
v -14.479175 10.452612 11.732823
v 32.552296 6.775958 -10.164801
v -24.633595 51.465427 17.977732
v 1.595124 3.921056 20.980879
v 0.222993 6.063555 19.673285
v -0.883007 3.963612 21.389769
v -37.892258 44.035591 -0.823477
v -36.850307 41.522171 -1.664339
v -37.574188 41.763138 1.209205
v -22.887857 41.632698 16.252399
v -23.280422 1.816808 9.493539
v -2.950366 12.8986 -22.306189
v -2.975499 10.63511 -20.77351
v 15.824732 19.840069 22.947126
v 17.834888 19.034346 22.059687
v -29.895231 63.24968 0.363883
v 12.028926 38.199715 15.90899
v -30.625603 18.106747 -1.864842
v 30.103376 37.562481 -10.724813
v 29.518703 39.240208 -9.866526
v 30.939693 38.175472 -8.10368
v 29.308968 8.892754 11.65802
v 8.67298 49.541611 -5.940935
v 10.500228 50.350845 -1.434569
v 14.324369 49.701797 5.975799
v 11.398274 49.57761 6.25886
v -35.670269 43.93829 17.852917
v 11.769998 46.952415 10.608065
v 21.729143 1.432557 15.595089
v 22.137268 3.842522 15.733658
v 19.93469 2.500572 16.666468
v -0.941764 47.179592 -6.333172
v -8.27296 1.872667 -22.09952
v -29.478527 39.833843 17.558249
v -16.699526 30.769953 -18.487295
v -32.11673 59.995518 11.959013
v -34.287464 58.454926 11.610753
v -14.263935 11.479889 -12.700104
v -16.630114 13.069651 -11.62433
v -12.524604 17.152342 14.817945
v -22.698858 52.445782 -11.007104
v -24.825506 54.181873 -11.098031
v -23.415121 54.530323 -10.844273
v -22.32869 53.963406 -10.756546
v -21.072622 15.281484 10.182714
v 25.757607 28.730732 17.380018
v -35.468578 58.839634 8.873405
v 21.809656 6.281872 -19.063425
v 25.245848 3.064894 -10.184817
v 23.961025 1.406478 -9.542863
v 23.552759 2.505305 -11.664868
v -18.703262 20.740507 15.658476
v -21.201523 20.955301 15.281171
v 36.767063 4.555593 -6.225977
v 19.902342 19.615 21.222214
v 19.67683 24.597851 21.099102
v 16.883539 23.961317 22.27733
v 18.190105 21.642487 22.168131
v 2.553769 1.548231 20.872669
v -20.086288 53.56226 11.490552
v 35.889793 23.266783 3.664166
v 43.886494 13.84801 0.555561
v -28.219355 34.632137 -13.080338
v -18.370207 14.531785 10.102487
v -7.983679 19.557508 -16.603878
v -37.577965 47.336147 11.878286
v -37.580708 47.116055 14.203278
v 37.777031 17.799164 5.829165
v 36.632767 8.505474 -9.548393
v -11.155458 20.256691 -16.542891
v -23.46163 22.030491 15.004141
v -25.211143 20.661142 13.425796
v 24.224672 25.031052 19.025793
v 22.190636 24.192701 20.271809
v 24.880091 8.265097 14.670664
v 27.240042 8.38424 13.283588
v -2.173981 16.640877 15.603227
v -24.467533 13.440535 -4.358481
v 11.27557 47.695095 -10.283506
v 10.342214 46.431198 -11.887741
v 8.531399 48.076324 -9.99118
v 33.191898 13.486833 -9.125383
v 32.515381 14.632833 -11.305443
v 28.827967 36.714096 -12.977952
v 28.996641 34.151112 -14.112459
v 27.603828 35.59861 -14.576231
v -12.282063 37.016071 -17.540066
v -26.461857 19.473881 11.873241
v -23.920839 18.300074 12.297501
v -28.42325 19.78047 10.118263
v -30.905634 37.707191 -9.311374
v -15.643492 53.394295 6.210218
v -30.980791 21.050184 -8.737569
v -24.971291 0.807279 -1.095372
v -25.797014 0.352138 -2.196611
v -25.006739 0.352138 -1.299011
v -27.633892 63.626137 1.504697
v -30.438026 62.12048 -4.838784
v -30.268417 60.93343 -7.313781
v 17.504055 49.875465 -3.440532
v 31.205551 0.451467 0.980373
v 32.186062 1.168286 2.703836
v 29.921724 0.531179 3.625479
v 16.323723 47.826111 -9.875007
v 15.638554 46.386669 -12.02217
v 13.729588 47.789467 -10.334834
v -29.319233 40.376057 -9.570992
v 5.104805 37.736534 -18.467554
v 7.264978 36.011749 -19.174648
v 22.301279 27.723984 -20.48567
v -33.674988 60.442432 9.551832
v 12.285241 48.789703 -8.511632
v 39.074146 5.806791 4.894278
v -17.639383 6.03434 -9.748249
v -25.132635 13.232347 -1.789885
v -17.333794 8.558978 -9.549806
v -25.423141 28.728498 15.692332
v 42.589294 18.321959 0.431249
v 17.739883 44.829239 -13.552937
v 17.844561 3.87201 16.980864
v -29.302189 18.020433 5.543662
v -30.329227 18.07044 2.773643
v -28.438354 16.530895 3.207421
v -25.198875 35.384281 14.110106
v -20.749819 29.981085 17.075506
v -31.8958 22.697855 8.377245
v 23.187422 5.192266 -17.327843
v 8.548667 49.917915 -3.694812
v 32.784279 22.756662 -12.028674
v 3.166958 3.822075 -21.568136
v -33.487106 22.639111 3.471531
v -33.237301 24.106813 6.236347
v 40.102413 5.80969 2.520653
v 40.697628 7.165287 4.446413
v 30.334658 39.716461 6.651979
v 19.887659 4.681987 16.533569
v 1.294256 11.907288 19.205379
v -31.43754 38.764812 12.194139
v -15.711662 10.032024 9.492521
v -16.126974 7.932657 9.728743
v 22.254568 0.352139 13.956221
v 21.874384 0.352139 14.340626
v -32.678444 25.546169 9.043397
v -31.745583 20.458395 3.592038
v -30.776707 19.723787 5.330551
v -32.008133 21.650438 5.806356
v -33.923912 60.623989 -2.811428
v -33.646637 57.952007 -3.736371
v -35.355202 58.5984 -1.758781
v -1.326532 43.894325 -13.075668
v -35.76252 27.714947 0.984227
v 24.495686 41.794846 -12.31769
v -25.033434 18.37866 -12.145608
v 13.497346 18.231119 22.97212
v 13.319884 20.866335 23.258999
v 31.781239 2.130093 -7.181034
v -35.290913 61.36718 4.238632
v -32.312214 46.311035 -9.208507
v 13.232944 45.046753 12.304006
v 15.85296 45.62817 11.687303
v -30.626019 38.889053 14.892183
v -32.025707 40.069916 17.024122
v -20.778938 23.018564 16.059229
v -27.199423 30.787271 14.820827
v -27.841301 28.303581 14.595193
v -18.466623 36.274342 15.005214
v -15.991115 34.837776 15.341969
v 1.193555 9.867583 -24.028391
v -1.053711 10.597501 -23.007904
v -32.149143 38.803783 8.649308
v 29.604069 40.403339 -7.915454
v 28.06222 40.880959 -10.019351
v 27.228691 16.728477 -17.679214
v 10.04381 2.394845 -20.327484
v 10.268633 5.29027 -22.149431
v 12.475801 4.468201 -20.922821
v -8.509929 4.03818 -20.315903
v -10.358743 2.257213 -20.105026
v 11.157434 22.443623 23.927273
v -2.83828 4.830308 20.105408
v 10.180925 29.025219 -25.404455
v 7.693582 28.122143 -26.167082
v 23.49316 22.253664 19.666924
v 21.13213 22.001305 21.127893
v 23.974747 30.897066 17.939472
v -24.971859 0.352138 -1.253205
v 34.295612 18.391987 -8.790477
v 28.790878 39.684761 9.18088
v -24.561457 0.352138 -0.29958
v 22.997652 47.518242 -3.046057
v -35.634739 39.73362 0.447933
v 23.971216 38.068062 13.757656
v 24.828251 35.495827 14.892169
v 17.626719 13.575493 -22.876255
v -17.116697 23.257423 -17.860367
v 21.08625 6.656182 16.360701
v -10.402571 4.404919 -17.50783
v -20.845909 50.527962 -10.807453
v -10.747314 37.051807 14.331535
v -23.305576 59.884743 13.375538
v 13.904817 40.219543 15.135162
v -34.97086 41.089325 16.64415
v 38.564308 4.344619 1.00131
v -18.196699 12.750492 -9.7959
v -30.181374 20.194189 7.797003
v -0.588569 1.553078 -22.185118
v 5.954812 40.194538 -17.143742
v -2.447789 37.642864 14.62872
v 25.449188 39.963341 12.026734
v 27.425913 39.287182 11.078389
v 9.697705 3.128947 18.42205
v -3.070955 45.186543 6.846137
v -17.681126 22.949936 16.65773
v -13.008438 30.634876 -18.52446
v -4.167172 15.183809 -21.454199
v 1.449387 5.687193 -22.132921
v -21.252407 43.998138 -12.053598
v -36.945621 55.690136 1.973973
v -30.814178 19.677725 -6.211045
v -28.990545 32.178928 -13.392694
v -16.932545 60.062397 5.580132
v -16.934547 61.360046 3.501656
v -18.026884 62.220417 5.65536
v -19.217844 48.038013 -10.593056
v -21.049116 28.609337 -17.170759
v -21.938848 31.088383 -16.636732
v 23.150789 47.210567 4.723491
v 7.916161 19.134027 -26.331577
v 10.108901 18.480225 -25.706985
v 9.135736 16.479439 -25.58423
v 40.383224 13.077147 7.983134
v 36.269279 19.677767 -3.921476
v -0.338118 27.453331 -26.484638
v 35.09967 20.430557 -7.348104
v 21.488256 38.302441 14.443421
v 22.847765 40.395267 12.780258
v -11.31142 15.326042 14.876061
v -1.236987 16.694511 -25.751919
v 2.504352 7.738651 -23.491943
v -3.580726 19.038624 14.936733
v -5.5933 19.124474 14.84255
v -1.784104 8.177093 -21.370394
v 1.222651 32.997791 -19.935593
v -31.762129 51.136127 -8.770893
v -33.348557 48.688129 -8.571114
v 15.271867 12.91054 -23.335981
v -16.64979 53.853027 -7.383601
v -15.393207 54.382919 -6.071014
v -35.306541 51.275593 -5.284499
v 40.685535 6.152919 -0.444515
v 3.743322 17.2185 -27.063089
v 15.769105 22.921446 -24.601419
v 21.590843 40.178379 -14.996689
v -30.976137 56.132717 -8.341459
v 43.775047 13.133167 -1.699254
v 36.206059 21.260532 1.692126
v 36.911461 19.35729 2.159916
v -15.163174 8.18961 11.461864
v -30.474188 24.574198 -11.638741
v -31.815872 26.458761 -10.435089
v -19.654703 62.817593 6.736207
v -22.060137 63.223183 6.97755
v -18.717203 45.453629 -11.645185
v 42.926403 11.679556 4.161167
v 30.753265 32.128689 11.837514
v -21.785881 16.605753 11.605955
v -19.258291 30.731771 -17.87155
v -6.920507 0.352136 -22.975679
v -7.465756 0.352136 -22.841763
v 7.381957 14.719145 -25.755259
v 6.41442 17.182673 -26.287064
v 7.746122 46.607742 -11.891582
v 9.521117 45.178432 -13.142602
v -26.689699 32.953545 -14.55385
v 9.040431 42.365635 14.443271
v 33.078182 34.392841 6.208358
v -10.008494 5.536358 -14.82606
v -4.103779 15.211055 13.576183
v 12.686205 6.770559 -22.614883
v -22.88315 33.28619 -15.962067
v -24.818512 31.303326 -15.565793
v -24.759775 33.666183 -15.115948
v -23.597834 42.383705 -12.073376
v -14.952777 34.095924 -18.33432
v 12.298365 25.197353 -25.594147
v 10.041925 43.174404 -15.023496
v 34.492146 30.044601 6.297471
v 28.354954 18.633881 14.940441
v 26.851576 20.581142 16.571312
v -24.672365 51.83659 -11.275299
v -13.658743 47.875813 -10.00383
v 4.58661 32.471085 -21.964972
v 7.079694 33.457336 -20.529112
v -3.920825 47.172012 2.24702
v -12.330086 9.61478 -12.686918
v -30.06443 27.983322 12.753537
v -5.614605 26.318521 -21.234735
v 24.422731 4.890632 -15.512055
v 39.241264 15.992992 7.480736
v -19.588425 41.208866 -14.689266
v -18.66345 43.329884 -13.506838
v -17.462931 41.520767 -15.13045
v 31.963154 16.772074 11.666119
v 30.578329 17.738417 13.188763
v -3.779432 6.167213 17.917904
v 23.868811 37.923321 -14.982553
v 2.612582 31.191895 21.029913
v 19.859894 29.942101 -20.637253
v -0.815819 14.981103 16.900309
v -20.067085 37.371052 -16.185743
v 19.584787 33.389641 18.401445
v 19.647299 31.459343 19.087759
v -6.15734 8.275949 -12.565096
v -16.228685 10.829087 -11.209285
v -27.829912 53.992302 -10.459167
v -26.528803 52.390537 -11.001907
v -29.277128 16.805717 0.315826
v -19.201345 0.352139 17.677498
v -18.480503 2.121859 17.83143
v -19.615232 0.352139 17.4522
v -21.331415 41.934963 -13.429686
v -16.224144 55.799507 4.59095
v -17.02504 57.835899 6.337372
v -21.157497 58.277222 12.880145
v -30.34407 53.649673 -9.310716
v 17.143681 1.47019 17.098858
v 32.171402 33.109245 -10.829932
v 26.766499 41.595654 9.840905
v -29.313536 56.864548 -9.646943
v -0.276048 20.614023 -27.368805
v 18.865578 6.359648 17.523571
v 22.434559 20.757509 -21.336481
v -21.803513 55.411579 13.025159
v 35.943439 26.894594 -2.536187
v 12.449279 31.771982 -22.65288
v -6.659185 36.387276 14.386534
v 7.559505 44.602272 -13.756285
v 4.828999 27.870638 23.327467
v 7.678005 14.564223 22.942575
v -21.728785 25.320526 16.690662
v 12.952286 46.184204 -12.26748
v 17.231161 20.590988 -23.915638
v 2.021956 0.35214 20.871023
v 0.880623 0.35214 21.328642
v 23.694094 31.368982 -18.454584
v 24.666975 29.021235 -18.920988
v 22.391062 29.842791 -19.526339
v -4.340694 27.377462 -22.912819
v -4.679067 28.63135 -20.765089
v -33.465549 41.791821 -6.806902
v 27.041731 34.379982 14.182721
v 18.76178 18.358948 -23.352516
v 22.213146 33.803101 -18.384647
v 14.40341 0.352137 -19.409544
v 13.926804 0.352137 -19.476334
v 16.392591 1.635051 -19.322975
v 29.317656 42.334328 -2.96258
v 29.542791 41.675304 -5.383412
v 28.927984 32.466732 13.743524
v 28.03618 19.389669 -17.523918
v 11.212539 25.282465 23.672295
v 13.208499 26.715452 23.362051
v 39.165997 6.112178 -5.529503
v 38.198265 6.936502 -7.65553
v 23.285173 0.352137 -8.674941
v 22.327435 0.352137 -11.064748
v 32.464725 19.9865 -12.280592
v -22.310358 52.986366 13.723805
v -23.537342 51.872398 16.177664
v -12.007273 49.739727 -3.00991
v -1.887901 13.819571 14.886772
v -0.339796 12.810372 16.92083
v -15.257315 55.086132 -5.269249
v 24.802608 33.460224 -17.255457
v 26.675165 21.480833 -18.79541
v 30.755098 40.452972 0.155719
v 32.219276 38.051109 2.316797
v 12.518127 28.79056 22.796034
v 18.055832 45.723953 11.050965
v -2.570248 2.110258 21.686613
v -33.427925 39.536873 11.428443
v 36.231766 5.919335 -8.416387
v 28.587126 21.961336 -17.193333
v 39.971157 18.73881 -3.367846
v 40.953617 19.193239 -1.177743
v 31.649107 29.093609 -13.600889
v 28.856461 28.769445 -16.511293
v 16.935736 16.569965 -23.550812
v 16.416733 18.77939 -24.219353
v 41.869049 18.295889 3.18549
v -18.775393 39.450432 -15.873176
v -2.567675 7.394558 16.511263
v -7.873239 39.293003 -16.820368
v 19.850943 20.805761 -22.583509
v 26.725227 28.078999 -18.042656
v -8.487355 45.099583 8.265262
v -7.746564 46.355663 6.340601
v -31.545469 40.018047 -7.650128
v 12.187761 1.836984 -19.956768
v -25.959782 63.338371 -3.07145
v 0.972837 46.8615 -8.508774
v -21.517473 35.230362 -16.416653
v -19.83086 56.561527 11.104869
v 40.704391 17.621952 5.476979
v -35.305054 41.45689 -4.377885
v -10.42872 44.822765 8.240726
v 14.852523 15.161221 -24.102697
v 12.055471 17.273125 -24.930414
v 14.30845 18.008106 -24.689226
v -29.490005 61.986919 -6.955877
v -29.987934 61.327591 -7.93503
v -16.186371 43.229225 -14.302711
v -36.17289 40.889805 13.926164
v -34.13018 39.639069 13.506465
v 33.422443 23.962048 9.832839
v 34.612167 24.677464 7.545218
v -24.850275 44.980442 21.03817
v 21.111517 17.491425 20.175377
v 19.881781 36.675941 16.280138
v 22.581827 36.238842 15.711128
v 3.113537 47.406208 -8.33665
v -4.175123 43.767479 9.071115
v -5.048059 42.192574 10.619857
v 23.658142 28.136389 18.753565
v 30.587648 20.141985 13.47348
v 14.514107 24.685879 -24.782452
v 26.631842 37.51445 -13.99447
v 0.307318 0.35214 21.523556
v -6.344488 42.798832 -14.07375
v -17.909685 60.277386 8.297465
v -19.235315 59.453434 10.635756
v -22.290752 4.224228 -1.32262
v -17.834846 53.132378 -8.847153
v -16.731764 53.746208 -7.543036
v -0.978239 22.586058 21.802397
v 43.564583 12.852403 2.385897
v 43.506069 11.323448 0.081751
v -16.967203 53.718147 8.586131
v 30.321524 0.779099 -5.56936
v -23.687908 16.48267 -10.784242
v -14.554849 58.511284 -1.339174
v -14.753251 55.780357 -1.148783
v -14.337761 57.962139 -1.766896
v 33.009193 21.33511 10.329566
v 30.257534 30.174412 13.544281
v -21.805243 63.46146 -0.73269
v -23.472925 63.317017 -1.903864
v -22.600571 63.554878 0.626701
v -0.192836 39.618847 -17.187756
v 15.683631 0.352139 17.196495
v 15.006321 0.352139 17.287991
v -25.798723 0.352138 -2.199431
v 1.113096 44.522522 -12.404573
v 25.453009 44.643745 7.327271
v 25.868893 45.170967 5.322773
v -27.935797 63.566868 3.928684
v -26.052576 28.911991 -15.470222
v 29.578995 27.644831 14.921875
v 26.298653 10.38249 15.04423
v 24.443569 15.788872 17.231903
v -20.238184 63.371338 2.590482
v -18.083929 62.748146 2.088993
v -19.395189 63.2645 0.545394
v -19.791058 63.394047 0.434749
v -6.217673 30.747046 -19.479332
v -15.388899 56.044102 1.810212
v -16.343658 58.608982 3.293835
v 10.396205 31.428383 -23.721519
v 13.854833 23.776867 23.199703
v -30.365997 59.623676 13.772515
v 6.272867 16.515421 22.564157
v -11.809965 2.049507 -18.325426
v -12.264853 2.462583 -16.097605
v 24.886911 43.776344 9.155647
v 26.672302 43.189709 8.029374
v 7.774149 8.047027 -23.848253
v 23.613823 13.415036 17.926472
v 24.990398 11.93921 16.686308
v -35.149578 60.995972 -0.532518
v -36.430794 59.361431 0.185261
v 22.039156 0.352137 -11.571178
v 21.915255 0.352137 -12.060647
v 23.492775 40.402546 -13.938778
v -30.759947 25.688511 11.758059
v -34.835197 55.756935 -2.108815
v -19.877628 53.277897 -9.952357
v -18.324028 53.149193 -9.130236
v -33.875694 40.110497 8.613292
v -28.501959 23.441469 -13.150766
v -29.985966 22.338766 -10.963313
v -32.962688 28.236084 -9.516614
v -33.342388 26.516012 -8.469152
v 18.176826 7.699738 19.091208
v -29.080153 25.366341 -13.591563
v 42.505527 8.70304 -0.320617
v 42.865215 10.298551 -2.303539
v -36.070347 53.852463 12.336399
v -12.927779 5.840608 14.441534
v -37.012646 58.257614 2.003676
v -2.860272 27.687269 -24.968128
v -36.284016 60.772221 1.996045
v -28.800587 57.746784 -10.864144
v -27.433067 56.591297 -11.20513
v -5.281843 17.548084 -20.27825
v -16.366119 0.352139 17.695902
v -16.528585 3.372057 17.252359
v -16.70113 0.352139 17.761513
v -37.031284 48.97916 13.409499
v 10.582932 0.352139 18.213713
v 9.251974 1.409657 18.704819
v 10.053111 0.352139 18.375607
v 37.580879 11.162957 -9.402278
v 39.096146 9.492846 -8.377828
v -19.708656 2.14574 -11.315698
v -21.445715 0.352137 -11.294581
v -21.863142 0.352137 -11.125196
v -33.525562 38.481056 5.780626
v 2.243139 1.619271 -21.576284
v 1.590032 0.352136 -21.546009
v 0.958492 0.352136 -21.683807
v 13.393893 0.352139 17.592533
v 12.834351 0.352139 17.699524
v 20.794136 0.352137 -16.188044
v 20.443485 0.352137 -16.645355
v 21.436884 0.352137 -14.387171
v -24.683569 2.691477 -1.832101
v -24.111609 0.352137 -10.039514
v -24.42823 0.352137 -9.727631
v 29.296482 0.352138 -5.300559
v 28.561466 0.352138 -5.771255
v -1.206706 0.352136 -22.185358
v -1.863708 0.352136 -22.277002
v -22.281868 0.352139 6.160405
v -22.582695 0.352139 6.523626
v -8.165705 0.352139 16.956894
v -7.848604 0.352139 17.326328
v -21.924208 0.352139 15.712555
v -21.529814 0.352139 16.214937
v 19.82518 0.352139 16.15443
v 20.279659 0.352139 15.953642
v 8.052203 0.352139 18.976017
v 7.564894 0.352139 19.103483
v 9.048435 0.352137 -20.118965
v 8.661998 0.352137 -20.168247
v -12.879095 0.352137 -16.924854
v -12.780489 0.352137 -17.279066
v 6.366273 0.352136 -20.441782
v 5.885953 0.352136 -20.5123
v -6.318082 0.352139 19.133902
v 30.781408 0.352138 1.249197
v 31.067774 0.352138 0.676757
v -23.742395 0.352139 11.685982
v -23.575655 0.352139 12.311327
v 26.978952 0.352138 5.472425
v 26.323315 0.875314 7.197221
v 25.72547 0.352139 6.523151
v 21.258987 0.352137 -14.991697
v 31.325287 0.352138 -1.173385
v -3.945873 0.352136 -22.757315
v 22.912312 0.352139 12.131679
v -21.23908 0.352138 4.080183
v -20.585033 1.302516 3.682914
v -21.324963 0.352138 3.472586
v -21.342957 0.352138 4.40962
v 18.739027 0.352137 -18.196003
v 18.216322 0.352137 -18.316431
v 29.704664 0.352138 3.145753
v -13.484546 0.352137 -15.000072
v -13.31063 0.974342 -15.068629
v -13.100146 0.352137 -16.343084
v -10.899637 0.352139 16.196507
v -26.763729 0.352138 -4.288503
v -26.074554 0.352138 -7.03472
v -22.915257 0.352139 14.387988
v 11.270731 16.137554 23.226845
v -24.347849 63.308975 -2.449106
v -25.756136 63.293827 -3.328984
v -18.962221 38.419998 13.654256
v 5.043505 0.35214 19.829899
v -36.14106 57.104324 -0.071956
v 3.138596 0.352136 -21.108454
v -35.730812 40.113235 3.305765
v -11.978513 0.352137 -19.279039
v 29.078529 0.352138 3.856742
v -28.426931 63.314106 6.033073
v -20.961834 51.549568 13.361465
v -2.447859 20.372725 -26.225611
v 33.097908 33.88625 -8.570007
v -34.884258 39.616177 -2.396727
v 18.939173 38.525192 14.751945
v 42.267036 14.959337 -5.174195
v -5.885865 45.06057 7.510958
v 30.725716 26.559168 -15.674369
v 28.273714 26.266888 -17.290688
v -21.165331 63.418049 4.767492
v -14.501492 54.208904 0.829337
v -11.755332 0.352137 -19.574871
v 37.391796 18.759306 -3.651529
v -9.358506 0.352139 15.931923
v -9.446351 0.352139 15.909563
v 23.129478 0.352139 11.641608
v 23.386864 0.352139 11.050145
v 25.019382 1.307838 9.731186
v -27.806833 59.842678 14.309774
v 27.071577 15.818461 15.654332
v 7.101697 48.814137 -7.543636
v 35.691002 29.126978 -0.677948
v -11.590858 19.350607 15.643433
v 12.892889 13.687535 -24.532156
v -24.943619 55.00499 -11.297576
v -24.265909 54.741753 -11.150503
v 15.913736 26.081106 22.864895
v 14.863295 28.394346 22.46586
v -4.611103 38.056812 13.865315
v 7.726244 29.353045 23.159842
v -14.875884 53.940281 3.142306
v 25.576759 14.046538 16.656166
v 23.351545 10.755795 -20.664423
v 30.82287 40.022141 3.757009
v 27.061779 12.852554 15.439558
v 28.711483 10.876606 13.629951
v -15.195534 5.545694 -11.522377
v -16.461489 61.660744 0.707808
v 1.176287 20.79151 22.258186
v -0.86558 20.152666 20.271074
v -14.533294 4.504446 15.795533
v -23.416603 0.352139 8.400534
v -38.447849 44.261635 1.910689
v -38.606873 47.236561 2.917869
v 29.58144 24.157358 -16.580109
v -14.145625 0.352139 17.295559
v -14.538127 56.16386 -3.726878
v -14.556875 56.60281 -3.289983
v 25.658102 35.543278 -15.738053
v 2.36791 18.542463 22.182199
v 19.130844 0.352137 -17.993723
v 1.545859 41.472988 -16.052603
v -4.567344 0.352136 -22.830248
v -38.091042 48.9431 1.541458
v 38.454746 4.612984 3.288564
v -29.228203 20.134924 -10.429913
v 28.765398 1.183113 6.278761
v 10.948026 0.352137 -19.957424
v 16.207876 0.352137 -19.103401
v -9.577569 0.352136 -21.945189
v -9.939076 0.352136 -21.640875
v -12.591353 0.352139 16.892639
v -19.222076 0.352137 -12.149539
v 24.820335 0.637658 -8.073404
v 25.39296 0.352137 -7.406436
v 24.689238 0.352137 -7.743989
v -14.384052 0.352137 -13.539159
v -16.249184 0.352137 -13.085137
v -14.108209 0.352137 -13.635741
v -25.889473 0.352137 -7.436032
v 13.546076 0.352137 -19.5324
v -23.735474 0.352139 11.237042
v 17.119474 0.352139 16.926071
v 30.01775 0.352138 -4.390492
v 19.169258 0.352139 16.316816
v 11.311326 0.352137 -19.905783
v 3.645063 0.352136 -20.975674
v -23.562349 0.352139 8.792518
v -21.528316 0.352138 3.156533
v -22.61993 0.352138 1.907173
v -0.995385 0.35214 21.632639
v 27.018263 0.352138 -6.758749
v 4.225068 0.35214 20.13011
v -23.519346 2.062574 0.057828
v -22.985346 0.352138 1.613109
v -13.892413 0.352137 -14.187561
v -16.708025 0.352137 -12.951248
v -18.897514 0.352137 -12.273536
v -16.198977 45.019794 -12.802676
v -8.247065 48.323097 -5.841884
v -7.583027 47.627922 -7.892643
v -36.634529 55.779743 6.132006
v -34.161163 62.067326 1.881782
v -29.767454 19.222189 -8.34474
v 36.128834 24.458261 -1.503102
v 40.813061 7.411053 -4.602926
v -12.854716 39.02272 13.402214
v -35.960083 40.936264 10.743783
v 29.13727 16.265007 14.379448
v -3.511532 46.430866 -7.780592
v -5.717449 47.7691 1.083793
v 29.017773 13.788177 14.357708
v -7.529732 48.464405 -1.058528
v -9.364171 48.843342 -3.478247
v -20.180752 63.421753 0.223859
v -22.154634 12.29379 -2.730234
v -2.522678 39.999607 12.904742
v 26.185678 0.352138 -6.990899
v -29.323555 62.539806 -6.288918
v 30.621908 32.229435 -13.044816
v 11.842482 27.358589 -25.31749
v 27.29283 23.975834 -17.962011
v 27.820581 0.352138 4.897053
v 31.857624 37.537956 6.000046
v 26.348082 25.855459 -18.507471
v 15.545979 22.077179 22.85689
v -26.732992 43.14526 21.136303
v -11.377067 48.985737 -5.632616
v 41.747154 7.881129 -2.677878
v -33.86277 55.368122 -4.777833
v -23.661694 63.31073 -2.026154
v 29.534578 42.110291 -0.573931
v -29.799976 60.231544 -8.939309
v -15.948777 0.352139 17.62672
v -26.710678 0.352138 -3.79495
v -11.16773 40.685131 11.935048
v -27.020725 45.482719 21.507721
v -29.753956 59.742828 -9.410299
v -16.183962 46.952763 -10.770265
v 0.167324 7.850764 -22.564537
v -25.571926 60.664787 13.265298
v 24.085249 0.352139 8.760843
v 24.777363 0.352139 7.921176
v 4.661942 0.35214 19.936394
v 28.113647 6.636831 11.370652
v 2.472095 5.335547 19.782808
v -3.598018 0.35214 21.204548
v -24.120825 0.352138 0.271714
v 10.068874 14.404316 -25.294302
v -17.712132 62.913578 1.219973
v -37.657978 42.17387 3.944119
v -19.867052 5.613385 13.513857
v 23.946915 0.352137 -8.265519
v -29.538853 59.361717 -9.667588
v 30.704851 35.220093 -11.965609
v -26.120678 63.346806 -3.498622
v -1.7424 11.486284 14.743526
v -15.498512618985522 7.1994664975342815 -11.149144866244578
v -15.343748384739293 7.922463671633599 -11.101226951659417
v -15.31515395123213 8.42002818126818 -11.2332718094397
v -15.301859756968238 10.099489765245611 -11.576360945602321
v -15.389115807472958 11.107185134436943 -11.846335873665335
v -15.500487789801298 12.310690319857919 -12.13791012502448
v -15.633087057636066 13.3802573003267 -12.389762144442638
v -15.818785636440241 14.347860770736615 -12.714850758526518
v -15.933423070408896 15.386341555433575 -13.020604564432738
v -16.429065435754058 16.83006019730815 -14.158862421280523
v -16.543852136883622 17.442851256628572 -14.436399245718933
v -16.741198154116937 18.39309733864393 -14.98043187512405
v -17.129817839372354 19.510777661571723 -15.779154742387549
v -17.645667407457243 20.943571768877835 -16.710125335510956
v -17.747099809279085 21.383938941233875 -16.981424165707132
v -17.831973071090964 21.754688343381105 -17.17525591079322
v -18.234723619864845 23.43458983053168 -17.761890201318394
v -18.463428397565394 24.47213495947556 -17.945943424750727
v -18.72005060497101 25.779245373603835 -17.975441885372405
v -19.03854470436959 27.249659677379455 -18.052056940250765
v -19.23807201327707 28.419672392597047 -17.92098811235312
v -19.5811474931159 30.349130821250007 -17.74520883061316
v -19.654223668528605 30.78444450807661 -17.689160748106772
v -19.829120356289707 32.1467541072258 -17.354978366809416
v -19.917147927998 33.01239383962053 -17.14689395131144
v -19.945193194119593 33.38536864628368 -17.031206189030815
v -20.180800496459433 35.21854371979627 -16.69763899078579
v -20.375806280910183 36.91539698987056 -16.234893179796696
v -20.409868770771368 37.4075059060036 -16.012884733385754
v -20.490585472470013 38.305266760700064 -15.65575005429675
v -20.558716766363943 39.59933905798573 -15.122824346093187
v -20.573069270705876 40.18811745577783 -14.8241960825866
v -20.56073109508091 41.61391051472468 -13.986624383443385
v -20.529983206469943 42.353984253600686 -13.45286174096153
v -20.509301258307612 43.80632972187529 -12.470720025609944
v -20.485291807410555 44.43854802569308 -11.930018273417431
v -20.524909911027226 46.0455067961288 -11.52099428413429
v -20.564240549910792 46.98668926320828 -11.127967174668647
v -20.561934655766073 48.3091843085688 -10.958211306565817
v -20.566555621175084 50.10072127788404 -10.770665447684875
v -20.552531381385595 50.58967222853301 -10.684005320290641
v -20.358618462215965 53.13006747286457 -10.256430924413237
v -20.35733169600802 53.16703228984415 -10.24596299608226
v -20.347266472492755 53.176119650585974 -10.23801751743559
v -16.249184 0.352137 -13.085137
v -15.426532 2.61286 -12.577685
v -15.195534 5.545694 -11.522377
v -15.498512618985522 7.1994664975342815 -11.149144866244578
v -15.343748384739293 7.922463671633599 -11.101226951659417
v -15.31515395123213 8.42002818126818 -11.2332718094397
v -15.301859756968238 10.099489765245611 -11.576360945602321
v -15.389115807472958 11.107185134436943 -11.846335873665335
v -15.500487789801298 12.310690319857919 -12.13791012502448
v -15.633087057636066 13.3802573003267 -12.389762144442638
v -15.818785636440241 14.347860770736615 -12.714850758526518
v -15.933423070408896 15.386341555433575 -13.020604564432738
v -16.429065435754058 16.83006019730815 -14.158862421280523
v -16.543852136883622 17.442851256628572 -14.436399245718933
v -16.741198154116937 18.39309733864393 -14.98043187512405
v -17.129817839372354 19.510777661571723 -15.779154742387549
v -17.645667407457243 20.943571768877835 -16.710125335510956
v -17.747099809279085 21.383938941233875 -16.981424165707132
v -17.831973071090964 21.754688343381105 -17.17525591079322
v -18.234723619864845 23.43458983053168 -17.761890201318394
v -18.463428397565394 24.47213495947556 -17.945943424750727
v -18.72005060497101 25.779245373603835 -17.975441885372405
v -19.03854470436959 27.249659677379455 -18.052056940250765
v -19.23807201327707 28.419672392597047 -17.92098811235312
v -19.5811474931159 30.349130821250007 -17.74520883061316
v -19.654223668528605 30.78444450807661 -17.689160748106772
v -19.829120356289707 32.1467541072258 -17.354978366809416
v -19.917147927998 33.01239383962053 -17.14689395131144
v -19.945193194119593 33.38536864628368 -17.031206189030815
v -20.180800496459433 35.21854371979627 -16.69763899078579
v -20.375806280910183 36.91539698987056 -16.234893179796696
v -20.409868770771368 37.4075059060036 -16.012884733385754
v -20.490585472470013 38.305266760700064 -15.65575005429675
v -20.558716766363943 39.59933905798573 -15.122824346093187
v -20.573069270705876 40.18811745577783 -14.8241960825866
v -20.56073109508091 41.61391051472468 -13.986624383443385
v -20.529983206469943 42.353984253600686 -13.45286174096153
v -20.509301258307612 43.80632972187529 -12.470720025609944
v -20.485291807410555 44.43854802569308 -11.930018273417431
v -20.524909911027226 46.0455067961288 -11.52099428413429
v -20.564240549910792 46.98668926320828 -11.127967174668647
v -20.561934655766073 48.3091843085688 -10.958211306565817
v -20.566555621175084 50.10072127788404 -10.770665447684875
v -20.552531381385595 50.58967222853301 -10.684005320290641
v -20.358618462215965 53.13006747286457 -10.256430924413237
v -20.35733169600802 53.16703228984415 -10.24596299608226
v -20.347266472492755 53.176119650585974 -10.23801751743559
v -20.370199 53.339668 -10.191596
f 1 2 3
f 4 2 5
f 7 8 6
f 8 9 6
f 10 11 12
f 13 14 15
f 16 17 18
f 19 20 21
f 22 23 24
f 25 26 27
f 2 1 28
f 29 23 22
f 30 31 32
f 33 34 35
f 36 37 38
f 39 40 41
f 42 43 44
f 45 46 47
f 48 49 50
f 51 52 53
f 54 55 56
f 57 58 59
f 60 61 62
f 26 25 63
f 64 65 66
f 29 67 68
f 69 70 71
f 72 60 73
f 74 75 76
f 77 78 79
f 80 81 37
f 82 83 84
f 85 86 87
f 88 89 90
f 91 92 93
f 94 95 96
f 81 97 37
f 98 99 100
f 101 102 103
f 60 72 104
f 105 28 54
f 106 107 108
f 37 109 110
f 111 112 113
f 114 115 30
f 59 116 117
f 118 119 120
f 121 122 123
f 124 125 126
f 127 128 129
f 130 131 132
f 133 134 135
f 136 137 138
f 139 140 141
f 142 143 144
f 145 146 147
f 148 149 150
f 61 151 62
f 152 153 154
f 155 156 157
f 158 18 159
f 160 49 48
f 161 162 163
f 164 165 166
f 167 168 169
f 170 171 172
f 165 173 166
f 174 175 176
f 177 151 178
f 179 180 181
f 182 183 184
f 185 186 187
f 29 188 23
f 189 171 170
f 10 190 191
f 192 193 194
f 195 196 197
f 198 199 200
f 201 202 203
f 204 205 206
f 207 24 208
f 209 210 211
f 212 188 29
f 213 214 215
f 216 217 218
f 219 220 121
f 137 221 222
f 223 224 225
f 226 227 228
f 229 209 230
f 127 231 232
f 233 45 47
f 234 235 236
f 237 238 239
f 240 241 242
f 243 159 244
f 113 245 41
f 246 247 248
f 249 122 250
f 73 251 252
f 25 253 145
f 254 255 125
f 256 257 258
f 259 260 208
f 122 121 220
f 261 5 262
f 263 264 265
f 266 206 205
f 267 268 269
f 270 271 177
f 272 223 130
f 273 274 275
f 276 277 278
f 279 280 281
f 282 283 284
f 285 286 287
f 285 288 286
f 289 290 291
f 292 293 92
f 225 131 130
f 294 295 296
f 297 298 250
f 299 300 98
f 301 302 303
f 304 305 306
f 307 308 309
f 310 311 312
f 313 314 315
f 316 317 64
f 318 175 319
f 320 321 322
f 323 324 325
f 2 262 5
f 326 265 327
f 3 328 329
f 330 331 332
f 333 73 252
f 255 334 335
f 147 146 336
f 337 338 339
f 340 341 342
f 186 185 343
f 344 345 346
f 347 348 349
f 350 351 352
f 353 117 116
f 354 355 356
f 357 358 359
f 316 360 361
f 362 363 364
f 365 366 83
f 367 368 369
f 370 371 372
f 373 374 375
f 264 376 241
f 44 252 377
f 378 379 380
f 381 347 96
f 382 383 21
f 259 24 23
f 345 344 356
f 382 13 15
f 384 385 187
f 253 25 386
f 387 388 389
f 390 226 391
f 392 209 211
f 393 394 395
f 396 397 228
f 347 398 96
f 399 400 401
f 140 402 403
f 404 405 406
f 407 408 409
f 410 411 412
f 240 98 100
f 413 404 414
f 415 416 253
f 417 418 419
f 420 421 422
f 167 169 423
f 101 424 425
f 426 220 427
f 224 223 428
f 429 430 312
f 36 80 37
f 431 160 432
f 433 434 435
f 327 436 437
f 438 411 439
f 440 441 442
f 443 260 444
f 445 446 206
f 445 447 446
f 448 449 450
f 451 452 453
f 454 451 455
f 456 457 458
f 446 447 389
f 459 460 276
f 461 348 462
f 461 349 348
f 463 464 465
f 466 310 312
f 467 468 469
f 66 470 471
f 472 430 473
f 154 474 152
f 475 453 463
f 476 477 478
f 479 480 481
f 482 483 484
f 485 486 419
f 487 488 489
f 480 479 103
f 490 471 470
f 491 492 493
f 494 495 496
f 497 498 499
f 500 501 502
f 503 504 505
f 506 507 508
f 509 510 289
f 512 513 511
f 514 511 513
f 515 516 389
f 517 518 519
f 520 494 521
f 522 523 524
f 525 526 527
f 528 529 530
f 531 188 247
f 362 291 363
f 532 533 534
f 535 536 537
f 538 539 540
f 541 542 543
f 103 102 268
f 544 545 546
f 153 547 548
f 534 533 549
f 550 551 552
f 309 553 554
f 555 556 174
f 557 558 559
f 443 560 260
f 14 561 562
f 90 89 563
f 464 452 550
f 564 565 566
f 567 568 569
f 570 571 572
f 472 573 312
f 574 575 569
f 53 576 577
f 578 579 580
f 581 468 467
f 582 583 584
f 585 586 563
f 587 588 589
f 464 453 452
f 590 591 592
f 588 593 594
f 595 505 504
f 596 597 598
f 599 600 601
f 602 501 603
f 494 520 495
f 376 604 605
f 2139 607 2140
f 2093 608 606
f 2093 606 2092
f 201 609 202
f 610 611 612
f 372 613 614
f 615 616 173
f 617 618 619
f 620 289 291
f 621 622 623
f 624 625 626
f 627 628 629
f 459 630 631
f 283 282 632
f 633 568 567
f 2162 636 2163
f 2116 634 635
f 2116 635 2115
f 637 638 639
f 629 319 175
f 640 641 642
f 162 643 644
f 489 645 646
f 620 291 647
f 648 649 625
f 311 650 536
f 651 652 381
f 653 654 655
f 169 656 657
f 658 659 660
f 503 624 598
f 421 611 610
f 661 662 663
f 300 99 98
f 664 665 666
f 102 101 667
f 668 669 194
f 670 671 672
f 673 674 675
f 433 435 676
f 654 677 678
f 346 345 100
f 675 674 74
f 679 350 680
f 410 439 411
f 230 681 682
f 76 675 74
f 683 684 571
f 459 109 685
f 657 423 169
f 602 686 501
f 393 687 688
f 689 690 691
f 473 692 693
f 694 695 696
f 697 698 699
f 700 653 701
f 368 702 703
f 441 456 442
f 165 615 173
f 509 289 704
f 705 706 707
f 168 708 709
f 710 711 712
f 155 481 480
f 713 714 715
f 716 614 613
f 2151 326 2152
f 2105 535 717
f 2105 717 2104
f 312 430 472
f 718 719 720
f 534 8 7
f 721 722 723
f 724 725 726
f 727 728 729
f 449 730 731
f 732 733 734
f 735 736 737
f 738 739 740
f 741 742 743
f 744 745 746
f 60 104 61
f 447 445 610
f 455 747 748
f 743 742 749
f 750 751 2182
f 336 753 754
f 755 756 757
f 758 759 760
f 242 299 98
f 761 762 763
f 477 476 327
f 256 764 257
f 765 552 696
f 766 767 768
f 749 769 770
f 290 363 291
f 771 176 318
f 772 773 774
f 775 632 776
f 254 125 124
f 777 575 574
f 778 770 369
f 779 780 781
f 782 676 435
f 770 50 369
f 32 783 784
f 785 214 786
f 117 787 788
f 789 790 791
f 792 543 793
f 520 521 794
f 795 796 797
f 369 368 778
f 731 450 449
f 54 56 105
f 449 798 799
f 800 801 802
f 803 804 805
f 806 807 808
f 809 810 811
f 812 487 813
f 814 815 816
f 817 36 818
f 210 179 181
f 359 358 819
f 118 820 821
f 822 823 824
f 58 825 59
f 596 598 624
f 577 51 53
f 754 33 35
f 800 826 827
f 316 361 317
f 419 828 829
f 601 797 796
f 572 51 577
f 830 831 832
f 833 834 835
f 836 837 838
f 832 839 16
f 840 841 842
f 843 844 845
f 846 847 848
f 718 849 719
f 850 851 833
f 158 16 18
f 852 853 854
f 855 856 857
f 858 859 799
f 860 385 861
f 69 862 863
f 864 865 702
f 866 867 664
f 281 774 622
f 868 869 870
f 835 871 833
f 328 3 4
f 834 116 835
f 2110 872 873
f 2110 873 2109
f 2156 478 2157
f 874 687 64
f 807 46 114
f 418 875 876
f 844 877 878
f 878 877 879
f 394 880 881
f 882 797 628
f 883 884 885
f 245 113 112
f 886 457 887
f 888 885 884
f 889 660 659
f 890 847 891
f 892 893 428
f 894 895 896
f 897 898 706
f 30 32 899
f 900 901 902
f 273 275 409
f 492 160 431
f 116 825 835
f 112 903 904
f 535 537 717
f 905 906 907
f 865 908 909
f 179 210 270
f 730 449 799
f 115 910 30
f 911 912 913
f 914 200 199
f 413 508 915
f 916 895 894
f 454 917 451
f 918 919 920
f 921 24 203
f 182 135 183
f 922 923 924
f 925 303 926
f 292 656 927
f 16 917 832
f 928 929 930
f 931 932 738
f 804 803 933
f 263 604 376
f 453 464 463
f 934 935 936
f 611 421 420
f 937 701 938
f 659 380 889
f 939 631 630
f 940 941 942
f 824 943 944
f 783 945 784
f 588 587 946
f 947 948 949
f 950 951 952
f 481 953 479
f 954 359 466
f 935 955 936
f 956 957 958
f 252 44 959
f 960 961 962
f 963 371 885
f 63 964 26
f 642 965 395
f 966 967 968
f 602 969 810
f 917 16 158
f 970 971 972
f 973 974 975
f 976 977 978
f 976 979 977
f 235 484 980
f 981 724 726
f 276 460 165
f 775 982 983
f 984 683 157
f 225 224 219
f 768 985 766
f 986 987 988
f 989 990 991
f 984 992 683
f 547 153 152
f 247 993 531
f 450 755 757
f 994 198 995
f 996 997 905
f 998 249 191
f 329 328 50
f 899 189 170
f 999 1000 335
f 1001 1002 1003
f 1004 706 705
f 429 1005 1006
f 1007 1008 1009
f 1010 673 675
f 1011 829 828
f 675 638 1010
f 1012 977 346
f 868 1013 869
f 1014 1015 894
f 127 129 1016
f 215 1017 213
f 770 769 1002
f 887 881 1018
f 770 778 749
f 903 111 1019
f 1020 1021 2136
f 1023 631 939
f 1024 307 1025
f 1026 135 134
f 143 183 135
f 722 721 974
f 1027 451 917
f 202 1028 1029
f 1030 1024 1031
f 1032 1033 1034
f 552 1035 1036
f 1037 1038 1039
f 387 389 447
f 932 712 1040
f 1041 1042 1043
f 1044 1045 739
f 182 1046 786
f 826 802 822
f 182 133 135
f 1047 197 1048
f 378 1049 820
f 515 389 388
f 667 101 425
f 1032 710 712
f 355 1050 1051
f 1052 763 1053
f 1054 1055 1056
f 453 455 451
f 1057 619 569
f 268 267 984
f 1058 1059 1060
f 1061 1062 1063
f 837 836 1064
f 765 937 938
f 48 50 328
f 1065 1066 697
f 238 237 1067
f 112 1068 245
f 885 888 963
f 1069 1070 1071
f 1072 671 1073
f 710 1074 711
f 522 1075 406
f 1076 475 463
f 663 662 668
f 1013 868 1077
f 1078 892 428
f 150 1079 1080
f 1081 1082 995
f 1083 1084 1085
f 1086 1087 1088
f 275 973 1089
f 1090 1063 405
f 1091 1092 1093
f 1094 1095 1096
f 1097 877 1098
f 292 927 331
f 1099 1100 1101
f 108 944 106
f 1001 325 1002
f 711 1074 1102
f 504 1103 1070
f 156 480 103
f 256 579 1104
f 1105 1106 75
f 1107 290 438
f 1108 1109 697
f 576 689 577
f 1110 301 303
f 1111 1112 1113
f 603 501 959
f 1114 958 1115
f 1099 1116 950
f 696 695 937
f 1117 713 1118
f 1102 1119 1120
f 1121 912 814
f 1122 656 292
f 506 413 1123
f 1124 1125 1126
f 373 1127 374
f 726 1128 981
f 1129 1130 1131
f 1132 1133 798
f 1134 663 668
f 1135 1033 1136
f 1137 105 218
f 124 126 267
f 24 921 22
f 65 64 687
f 407 409 275
f 593 939 594
f 593 1138 939
f 169 168 1139
f 1122 92 1007
f 307 1054 1025
f 1140 1141 1142
f 1143 311 536
f 1144 615 460
f 165 460 615
f 539 1104 1145
f 1146 1147 1148
f 1149 1150 78
f 937 765 696
f 369 49 367
f 1151 1152 1153
f 549 502 1154
f 1155 526 1156
f 1155 527 526
f 708 567 569
f 1157 1158 689
f 1049 832 917
f 108 1159 826
f 1160 761 278
f 1161 825 58
f 1162 1163 946
f 671 670 1164
f 87 1165 1166
f 1080 1167 150
f 965 1168 1169
f 650 310 1170
f 1171 283 775
f 1172 1173 1126
f 1174 258 1175
f 36 38 818
f 1176 1177 293
f 1150 1149 1127
f 1178 1179 1180
f 937 695 701
f 47 46 1181
f 1182 1183 1184
f 885 371 1185
f 705 222 1004
f 1186 1187 893
f 1188 1045 1055
f 1189 1089 1190
f 746 1191 779
f 244 1192 1193
f 332 1139 709
f 545 544 1071
f 1166 1194 87
f 1195 1061 1063
f 1196 1197 1198
f 1199 1200 1201
f 1202 1203 436
f 1204 1205 1206
f 1207 124 269
f 577 570 572
f 1102 1120 849
f 1149 1208 1209
f 1210 1211 1212
f 719 1213 720
f 174 176 1214
f 1215 1216 1217
f 732 437 1203
f 732 734 437
f 1218 1219 1220
f 462 1221 1222
f 1223 1224 1225
f 794 1226 520
f 1166 1227 1228
f 1229 1230 864
f 1231 1232 597
f 416 415 1233
f 28 1 54
f 1230 1234 1235
f 85 87 1236
f 699 1237 1238
f 1239 1240 576
f 1241 538 540
f 1006 1005 872
f 1242 1243 933
f 1244 1245 1246
f 729 734 727
f 264 263 376
f 1247 1248 1249
f 1250 1078 223
f 1253 1254 1252
f 1252 1254 1251
f 1255 1256 1201
f 980 236 235
f 1257 1258 1259
f 393 1169 687
f 1260 1054 309
f 866 1261 1262
f 1011 828 1064
f 931 1136 1263
f 865 1230 1264
f 1265 1266 1267
f 1011 836 1268
f 1269 768 1270
f 1271 1272 1273
f 541 543 1274
f 366 634 1275
f 1103 503 598
f 419 829 485
f 1276 1032 1034
f 1277 1278 755
f 1279 373 375
f 301 1280 1281
f 734 477 437
f 266 445 206
f 920 919 1111
f 859 858 670
f 1100 1099 952
f 1054 307 309
f 785 1282 215
f 785 215 214
f 1283 966 968
f 54 1284 55
f 502 533 500
f 197 590 1048
f 197 196 590
f 633 167 234
f 802 801 1285
f 516 446 389
f 1286 1287 1288
f 1289 1247 1249
f 1290 90 1291
f 988 987 1292
f 146 416 753
f 860 1293 1294
f 1295 1296 1297
f 1196 1298 1197
f 161 304 643
f 343 1299 1300
f 1301 1302 1303
f 917 1304 1049
f 486 614 417
f 1305 682 1043
f 185 1299 343
f 43 42 831
f 1306 1307 527
f 1040 711 724
f 850 82 84
f 225 219 121
f 676 1308 1309
f 129 1083 1085
f 129 1310 1083
f 306 941 1311
f 990 989 1312
f 1119 1102 1074
f 422 1313 1314
f 714 1135 1136
f 1315 679 1231
f 242 241 605
f 304 1118 305
f 1316 1187 1317
f 500 333 959
f 212 1318 247
f 1112 1111 919
f 1319 250 298
f 1320 1321 798
f 79 78 661
f 833 871 1322
f 1323 1324 1325
f 1326 683 992
f 1327 1328 1329
f 1328 1327 1331
f 1327 1330 1331
f 1332 1333 1334
f 1335 1336 1337
f 1330 1338 1331
f 1339 1331 1338
f 999 1340 1342
f 1341 1342 1340
f 169 1139 656
f 722 974 1325
f 1056 1031 1025
f 1343 1344 1345
f 1346 1207 269
f 884 883 1347
f 1348 743 1349
f 1235 1264 1230
f 352 1350 1351
f 1352 1353 1217
f 181 337 471
f 258 257 1072
f 1154 501 686
f 857 1354 855
f 879 1097 444
f 1355 1356 1357
f 739 981 1044
f 378 830 1049
f 1358 686 1359
f 281 622 1360
f 1211 1221 462
f 394 881 456
f 1361 1277 540
f 1362 1363 1364
f 1365 1366 1367
f 770 1002 1368
f 1189 407 275
f 1369 404 915
f 1053 1370 1371
f 1372 442 1373
f 1237 699 698
f 1374 227 226
f 390 1374 226
f 879 877 1097
f 1375 1009 1008
f 308 976 1376
f 969 811 810
f 1377 1378 1379
f 103 479 1380
f 810 809 1359
f 89 88 1381
f 1242 803 952
f 631 1023 110
f 858 1321 670
f 585 563 1382
f 1383 1384 1094
f 1279 375 1385
f 921 1029 1296
f 1110 303 925
f 1094 1028 1386
f 11 10 1319
f 551 1027 159
f 1387 1388 1389
f 1390 878 993
f 1355 1391 1356
f 578 580 1392
f 426 297 220
f 686 1358 1154
f 1006 872 1393
f 1394 1395 1132
f 2143 1397 2144
f 2097 616 1396
f 2097 1396 2096
f 969 1398 658
f 1399 1400 1402
f 1401 1402 1400
f 1319 1403 11
f 1255 1201 1404
f 809 297 426
f 518 1405 1047
f 325 1001 323
f 818 1023 1138
f 597 1232 1406
f 133 182 786
f 568 1057 569
f 1407 1408 1409
f 245 972 41
f 1081 995 198
f 1410 1411 141
f 1000 1412 856
f 1165 87 86
f 507 564 566
f 538 859 672
f 1266 86 85
f 31 30 910
f 458 1413 1373
f 1414 1415 1416
f 1362 1417 338
f 1418 908 922
f 215 1419 1017
f 893 1187 1316
f 1078 827 565
f 1077 1420 1204
f 1164 1321 1345
f 1258 1421 1259
f 297 1422 298
f 1423 278 277
f 856 335 1000
f 560 208 260
f 1132 1395 1133
f 1424 373 1425
f 51 1426 956
f 1427 279 1156
f 1428 164 537
f 287 1209 285
f 533 532 1301
f 139 1411 1429
f 1430 303 302
f 1431 985 1432
f 545 1351 546
f 1433 1080 1434
f 1042 1192 1435
f 1117 1135 714
f 100 1436 346
f 1437 1438 1439
f 1265 1440 1441
f 325 329 1368
f 475 455 453
f 717 537 166
f 1078 800 827
f 1118 304 161
f 1442 1443 1444
f 530 1445 82
f 1446 1447 1430
f 1448 12 1446
f 1257 1259 1449
f 1235 147 1450
f 132 123 237
f 317 874 64
f 380 830 378
f 821 119 118
f 298 1403 1319
f 1030 1451 1024
f 1352 1217 1066
f 217 216 940
f 1454 1452 1453
f 1452 1331 1453
f 1455 1300 227
f 1456 1457 498
f 1291 586 1458
f 193 1198 1197
f 1459 1460 1461
f 1462 1463 1464
f 611 1257 1465
f 1466 783 1467
f 1211 1210 357
f 1261 666 1468
f 287 374 1127
f 65 687 1169
f 1360 1155 1156
f 1257 611 420
f 1141 1140 195
f 1424 1127 373
f 195 197 1469
f 297 250 220
f 917 454 1304
f 90 1470 88
f 638 1315 1010
f 1445 83 82
f 126 1471 992
f 823 822 1472
f 585 1382 1295
f 638 637 1315
f 800 1078 1250
f 137 222 705
f 139 1429 1430
f 1012 1473 239
f 1472 802 1474
f 1437 1470 1464
f 1130 1129 782
f 204 206 446
f 925 1220 1475
f 1368 329 50
f 3 329 1
f 1215 1217 1353
f 1476 1204 1206
f 567 167 633
f 459 631 109
f 965 642 641
f 838 1477 836
f 317 1478 874
f 543 542 793
f 290 510 411
f 843 877 844
f 1479 1480 1481
f 28 105 1482
f 1460 1207 1346
f 1483 1286 558
f 1382 563 89
f 1232 1231 680
f 930 1161 58
f 170 114 30
f 1280 1484 1281
f 1406 1485 1071
f 208 24 259
f 1382 89 1486
f 408 1487 409
f 646 1488 489
f 38 1023 818
f 1219 1483 558
f 1489 1490 776
f 1479 191 190
f 565 564 892
f 344 346 977
f 1471 1491 1492
f 1373 442 458
f 1445 529 693
f 878 879 993
f 156 268 984
f 191 1481 998
f 1493 884 1347
f 1494 1478 1389
f 270 229 1495
f 1219 558 557
f 163 162 1496
f 1009 1375 482
f 1056 1128 1031
f 1497 1317 1498
f 270 177 179
f 1387 1500 148
f 1499 148 1500
f 1280 1501 1484
f 1502 1503 1504
f 1241 540 730
f 1352 1066 1065
f 1505 1506 1507
f 505 648 503
f 329 324 1
f 896 895 1508
f 1509 739 1045
f 900 1510 901
f 355 1051 1511
f 551 452 1027
f 468 1512 1513
f 1340 335 334
f 285 1209 1208
f 1514 772 774
f 1515 519 1047
f 422 735 1313
f 1218 1483 1219
f 1482 559 262
f 1281 302 301
f 388 387 1516
f 476 326 327
f 1517 1518 1095
f 617 560 618
f 1519 1392 1520
f 908 1418 909
f 685 109 97
f 859 670 672
f 105 1137 1482
f 1411 1521 1429
f 1429 926 303
f 105 644 218
f 1522 217 1523
f 1524 1288 1525
f 1289 1377 1379
f 1057 617 619
f 1526 1527 561
f 1007 92 1008
f 1395 1394 1469
f 161 163 1528
f 875 1529 1530
f 493 781 780
f 1268 1462 967
f 1440 1265 698
f 208 560 617
f 639 1531 637
f 337 180 338
f 1149 1209 1127
f 124 1207 254
f 296 321 294
f 335 1340 999
f 1287 294 1288
f 1287 295 294
f 1532 1533 1534
f 1535 1391 1536
f 510 412 411
f 1537 1088 469
f 1430 302 1446
f 491 864 367
f 139 141 1411
f 1363 1538 1364
f 1056 1025 1054
f 1304 748 821
f 413 915 404
f 1360 1156 279
f 440 442 1512
f 939 1138 1023
f 693 365 1445
f 1318 212 1486
f 1504 1484 1490
f 1539 1540 1129
f 93 363 91
f 1123 1186 506
f 2150 265 326
f 2150 326 2151
f 2104 717 2103
f 63 145 1234
f 1541 1432 1542
f 1525 294 321
f 549 512 534
f 1543 314 766
f 1469 1394 195
f 978 1012 239
f 196 195 1140
f 1544 1452 1454
f 384 187 186
f 644 56 162
f 1545 698 1265
f 77 1208 1149
f 994 1546 199
f 1547 1452 1544
f 939 1052 594
f 820 118 379
f 485 1548 486
f 1414 1269 1415
f 1103 1406 1071
f 1366 1549 1367
f 1550 1551 914
f 1194 1166 1228
f 393 688 394
f 626 1552 673
f 2107 1553 2106
f 2153 326 476
f 2153 476 2154
f 1554 1494 1388
f 817 1162 1555
f 1095 1518 795
f 1399 750 1556
f 1092 1091 1557
f 757 756 1558
f 1559 483 482
f 1560 1385 375
f 1561 255 855
f 1562 605 1397
f 190 1448 1563
f 401 400 1564
f 945 1565 948
f 808 172 171
f 332 1566 330
f 512 8 534
f 1567 914 1568
f 1569 316 66
f 1047 1469 197
f 1047 1405 1469
f 760 1570 758
f 1571 1410 889
f 839 832 831
f 1572 473 430
f 171 962 1273
f 1049 1304 820
f 764 538 672
f 1573 562 1370
f 946 1535 1162
f 1094 1386 1095
f 287 1127 1209
f 813 1488 1574
f 801 299 1285
f 1115 1419 1282
f 40 113 41
f 821 820 1304
f 1575 445 266
f 668 1576 669
f 1024 1577 307
f 1027 917 158
f 1474 802 1285
f 1578 1119 1421
f 1579 1580 1581
f 2129 1582 2128
f 2175 266 205
f 2175 205 2176
f 1583 728 1584
f 1585 600 1185
f 236 1028 609
f 1586 1587 1588
f 571 1589 572
f 1238 1237 1590
f 433 349 1591
f 408 407 1592
f 561 14 13
f 1535 946 1356
f 560 758 618
f 1163 593 588
f 1004 1593 1594
f 602 1595 969
f 1356 587 401
f 439 410 221
f 652 651 1596
f 1597 812 813
f 1211 357 1221
f 964 780 26
f 1371 1370 1527
f 17 1598 1192
f 17 1599 1598
f 580 1174 1175
f 20 382 21
f 1600 1371 1527
f 455 475 747
f 1214 586 585
f 1214 1458 586
f 111 113 1601
f 1138 1163 818
f 903 434 904
f 1039 1602 1603
f 1321 1320 1345
f 1604 625 649
f 882 1096 797
f 797 1096 795
f 312 573 466
f 451 1027 452
f 643 216 644
f 486 370 372
f 1274 1605 1606
f 1607 1198 193
f 115 114 46
f 369 50 49
f 1599 42 377
f 1241 730 799
f 34 1274 35
f 1151 1491 1608
f 308 1376 309
f 829 967 966
f 1287 1286 1483
f 14 651 15
f 1540 1226 1308
f 477 327 437
f 1609 651 381
f 138 705 707
f 592 591 1374
f 496 495 1610
f 587 1356 946
f 43 603 44
f 961 1611 1271
f 497 499 1612
f 560 443 758
f 466 819 310
f 977 979 344
f 1205 1613 1353
f 1399 1556 204
f 564 1186 892
f 94 96 1309
f 1428 650 1170
f 4 3 2
f 394 456 395
f 1614 1615 1016
f 639 1106 1531
f 971 970 529
f 799 859 1241
f 522 524 1616
f 718 1617 1618
f 728 1583 729
f 1309 1308 794
f 613 372 963
f 17 16 839
f 521 494 1587
f 1619 1620 1294
f 1137 218 1522
f 2127 1621 2126
f 2173 1575 266
f 2173 266 2174
f 1153 1152 1622
f 1081 1623 920
f 83 1275 84
f 1403 1624 11
f 1586 94 521
f 508 413 506
f 529 473 693
f 2158 1583 2159
f 2112 1625 872
f 2112 872 2111
f 1421 1258 1314
f 490 210 181
f 1391 1355 1627
f 1626 1627 1355
f 378 820 379
f 648 624 503
f 1192 244 17
f 1628 383 1629
f 1242 933 803
f 1176 1036 1035
f 1229 964 63
f 618 1570 619
f 553 309 1376
f 1630 1438 1631
f 1632 1578 1421
f 484 1633 482
f 1632 1213 1578
f 182 1634 1046
f 1124 1126 1173
f 1635 80 36
f 2106 1553 535
f 2106 535 2105
f 2152 326 2153
f 1308 1226 794
f 377 252 1636
f 1637 648 505
f 790 789 78
f 1638 1639 1640
f 610 1641 421
f 808 807 172
f 771 318 1548
f 708 569 575
f 693 1642 365
f 693 692 1642
f 76 75 1106
f 1283 1291 1458
f 32 784 899
f 520 1226 1643
f 290 411 438
f 945 948 1644
f 784 913 899
f 785 1645 1113
f 527 1165 525
f 328 4 48
f 1646 1647 1312
f 595 1534 505
f 1400 1399 1648
f 787 117 1649
f 382 15 383
f 1449 1465 1257
f 676 782 1540
f 1131 1650 1651
f 714 1136 931
f 207 1057 201
f 700 701 695
f 758 1652 759
f 1653 1144 97
f 634 366 635
f 330 1036 331
f 1093 1092 744
f 217 1654 1523
f 879 531 993
f 1263 712 932
f 1533 1532 488
f 34 541 1274
f 1174 579 256
f 1655 954 466
f 95 1586 1629
f 417 614 716
f 956 52 51
f 769 749 742
f 1351 545 1656
f 56 644 105
f 30 899 170
f 1466 548 1565
f 111 474 1650
f 572 1589 1657
f 1658 1659 1660
f 682 229 230
f 609 234 236
f 1661 1240 1662
f 49 160 492
f 863 70 69
f 1303 1663 1301
f 1014 547 40
f 1271 1611 1664
f 893 1316 224
f 1358 1616 524
f 1042 1193 1192
f 273 1180 1323
f 293 1223 364
f 434 903 1019
f 561 1527 1370
f 1035 765 1665
f 1398 659 658
f 1666 807 806
f 1174 256 258
f 747 475 322
f 1667 1305 1042
f 2120 1668 2119
f 2166 735 737
f 2166 737 2167
f 1046 1634 1082
f 498 1457 499
f 98 240 242
f 509 1669 412
f 1669 509 1670
f 1005 429 311
f 38 1671 1023
f 1562 1397 1672
f 1047 1048 1515
f 1673 1674 515
f 1675 553 1376
f 1084 1614 1085
f 1061 1678 1677
f 1676 1677 1678
f 931 1263 932
f 47 867 233
f 887 1018 936
f 94 1309 794
f 736 1679 737
f 913 784 911
f 923 1680 1681
f 1682 1558 756
f 296 747 321
f 548 949 1565
f 550 552 1036
f 1026 144 143
f 1038 1683 1602
f 1478 317 1684
f 1685 1325 1324
f 1390 993 246
f 1686 1567 1568
f 499 1687 1612
f 1688 348 347
f 90 563 1291
f 1163 1138 593
f 337 181 180
f 1689 874 1478
f 875 418 417
f 379 889 380
f 1262 1292 1690
f 212 247 188
f 785 1113 1282
f 1612 1687 1683
f 774 623 622
f 7 1302 532
f 657 656 1122
f 1363 177 178
f 1682 756 1691
f 1692 1089 973
f 798 1133 1320
f 1406 598 597
f 46 1693 115
f 1375 439 1559
f 189 962 171
f 189 960 962
f 624 626 596
f 1103 598 1406
f 1694 463 465
f 1644 948 1695
f 601 628 797
f 938 1696 1224
f 910 115 1693
f 1697 230 392
f 1218 1220 1698
f 756 755 1278
f 1463 1699 1464
f 691 690 481
f 907 1196 905
f 1700 1610 866
f 1412 857 856
f 1701 1417 1702
f 996 905 1198
f 299 242 1562
f 1703 1704 1705
f 393 965 1169
f 1478 1494 1689
f 1698 1220 926
f 926 1220 925
f 94 1586 95
f 1006 1572 429
f 109 631 110
f 1068 1706 1707
f 331 1176 292
f 331 1036 1176
f 278 761 276
f 582 906 997
f 582 1708 906
f 1132 798 448
f 914 1709 200
f 74 674 1710
f 1224 1665 938
f 808 1711 806
f 595 1714 1713
f 1714 1712 1713
f 1715 1716 716
f 992 267 126
f 1103 1071 1070
f 128 127 232
f 200 1717 1623
f 1568 914 199
f 1531 1106 1718
f 1305 1043 1042
f 1632 1639 1213
f 1516 387 583
f 1719 1720 1086
f 403 402 811
f 1216 1721 1722
f 1347 1686 1546
f 653 655 1087
f 1409 546 1351
f 1428 536 650
f 1723 1724 1408
f 673 596 626
f 1404 1101 1100
f 856 855 255
f 1656 1485 680
f 1487 408 1725
f 1726 1727 1348
f 1728 34 33
f 1667 1729 1730
f 121 131 225
f 1683 515 1602
f 925 1475 1523
f 35 1274 1731
f 1731 1274 1606
f 1732 840 1703
f 1661 689 576
f 1733 1106 1105
f 1502 554 553
f 552 765 1035
f 1542 991 1541
f 1734 1735 142
f 1531 1718 1236
f 2161 636 2162
f 2115 635 1625
f 2115 1625 2114
f 1736 647 1086
f 1260 1188 1055
f 707 796 1737
f 204 1556 205
f 1538 1333 1738
f 459 761 630
f 537 164 166
f 441 395 456
f 966 485 829
f 912 911 815
f 1247 1379 1147
f 163 1496 1739
f 104 533 1301
f 1495 229 682
f 433 1591 434
f 292 92 1122
f 1412 280 1740
f 988 1261 1468
f 91 363 1107
f 1718 1733 1741
f 1742 1310 1743
f 1744 1745 842
f 1746 1747 1710
f 1476 128 1748
f 1109 698 697
f 172 114 170
f 1749 84 1275
f 1250 300 801
f 1750 104 1663
f 846 1236 1718
f 1176 1035 1177
f 1751 916 1015
f 36 817 1635
f 866 1262 1752
f 174 1214 555
f 1194 1236 87
f 840 1753 1704
f 1314 1632 1421
f 407 1189 1592
f 74 1752 1690
f 856 255 335
f 1433 1167 1080
f 27 1754 1755
f 1567 897 1594
f 1034 1756 1276
f 49 492 367
f 1650 154 1651
f 972 971 39
f 1535 1536 1555
f 198 994 199
f 708 168 567
f 1255 1404 1100
f 1757 1532 1534
f 1228 679 1315
f 1085 1016 129
f 227 1758 228
f 929 928 1759
f 1155 622 621
f 1511 1051 1203
f 1760 1638 1313
f 865 909 702
f 1310 128 1743
f 1691 1761 1682
f 1656 545 1485
f 324 329 325
f 1413 1416 1373
f 232 1426 1762
f 1763 907 906
f 26 1764 27
f 1765 1766 1767
f 1153 1492 1151
f 1457 1768 1769
f 860 1294 1620
f 931 715 714
f 906 905 997
f 1770 1660 1659
f 1560 1771 1772
f 174 627 175
f 482 1375 1559
f 1236 1194 1531
f 270 210 229
f 1112 1773 1774
f 1439 88 1437
f 742 1775 769
f 874 688 687
f 996 1039 1603
f 377 1598 1599
f 486 372 614
f 1368 50 770
f 253 386 415
f 1413 1776 991
f 1593 1777 1778
f 455 748 454
f 1418 922 1761
f 32 1467 783
f 1779 246 248
f 1754 1764 779
f 1601 40 152
f 877 843 1098
f 1780 1191 1781
f 1782 1101 1404
f 2154 476 2155
f 2108 873 1553
f 2108 1553 2107
f 289 510 290
f 1240 1783 1662
f 1726 1418 1691
f 91 1008 92
f 430 429 1572
f 495 1643 1784
f 1349 743 749
f 1785 900 902
f 1743 1206 1742
f 1611 961 838
f 914 1567 1550
f 353 1649 117
f 894 1015 916
f 1786 1336 1335
f 935 934 1554
f 1081 200 1623
f 740 715 931
f 871 835 1787
f 313 315 1778
f 1431 1782 985
f 1788 1294 1789
f 1141 195 1394
f 1630 1060 1059
f 1027 158 159
f 1526 13 20
f 1438 816 1631
f 825 116 59
f 1101 1431 1099
f 1161 1787 825
f 565 827 1790
f 901 1530 902
f 543 1791 1792
f 835 825 1787
f 1388 1167 1554
f 1360 622 1155
f 700 695 1793
f 1420 1794 1795
f 1433 935 1167
f 703 702 909
f 1691 1418 1761
f 1450 1796 1264
f 1514 1797 772
f 15 651 1609
f 1759 246 1779
f 920 1623 918
f 1732 841 840
f 441 642 395
f 1798 1511 1202
f 1800 1801 1253
f 1253 1801 1799
f 469 655 678
f 435 1130 782
f 1549 1135 1117
f 1467 31 1651
f 2146 604 263
f 2146 263 2147
f 2100 173 2099
f 135 1026 143
f 1243 1802 933
f 1542 1413 991
f 1647 1116 990
f 758 443 1652
f 1406 1232 1485
f 1488 400 1574
f 1803 1717 1256
f 1804 1805 1806
f 1807 547 1014
f 910 1131 1651
f 1684 361 1808
f 1809 1808 361
f 1810 1331 1339
f 1223 293 1177
f 258 1072 1385
f 1101 1782 1431
f 890 1178 1487
f 1331 1810 1453
f 1811 929 1058
f 1812 1813 600
f 1089 1189 275
f 352 1351 1656
f 1058 1060 853
f 1787 895 916
f 913 912 960
f 967 1011 1268
f 637 1531 1194
f 186 343 1814
f 1302 1301 532
f 1016 1085 1614
f 1200 1543 1201
f 1077 1204 1476
f 1815 728 727
f 1256 1255 1816
f 1776 886 989
f 989 991 1776
f 1175 1560 1520
f 955 1433 1817
f 582 997 1516
f 1312 989 1818
f 1820 1821 1819
f 1821 1822 1819
f 1529 1716 1147
f 875 716 1716
f 1823 245 1707
f 1646 1783 951
f 1427 1722 1740
f 1124 1173 1405
f 1044 1055 1045
f 804 933 1773
f 477 734 729
f 481 155 691
f 824 826 822
f 1680 1824 1825
f 1455 343 1300
f 1129 1826 1539
f 1477 1121 814
f 1827 1720 1719
f 573 472 1823
f 931 738 740
f 548 1466 153
f 1463 1477 814
f 2130 1582 2129
f 2176 205 1556
f 2176 1556 2177
f 40 39 1014
f 1828 1394 1132
f 935 1433 955
f 305 284 1171
f 677 681 1829
f 1555 1830 1831
f 1247 1147 1146
f 1832 1833 1812
f 1742 1206 1183
f 812 1834 487
f 1112 919 804
f 1783 1242 951
f 155 157 691
f 427 219 1316
f 1326 1492 1153
f 1776 1413 458
f 485 966 771
f 924 1788 1789
f 58 57 930
f 968 1291 1283
f 968 1290 1291
f 783 1565 945
f 1835 936 1836
f 1774 1115 1282
f 1545 1267 408
f 1837 1507 1838
f 1055 1044 1056
f 1520 1392 580
f 1409 1839 546
f 546 1839 1840
f 1369 1090 404
f 1273 808 171
f 1265 1441 1266
f 1545 1237 698
f 1383 1094 1096
f 1664 1841 900
f 466 359 819
f 354 344 979
f 484 483 1517
f 1188 1509 1045
f 1221 357 954
f 1268 1477 1463
f 1140 384 196
f 1842 1280 301
f 709 1139 168
f 104 72 533
f 1424 790 1150
f 1090 1195 1063
f 1843 194 669
f 127 1016 1615
f 1199 1201 1256
f 912 815 814
f 1361 1727 1277
f 1484 1501 1490
f 2179 750 2180
f 2133 1845 792
f 2133 792 2132
f 2180 750 2181
f 2134 1844 1845
f 2134 1845 2133
f 1156 1108 1427
f 1081 920 1082
f 1052 630 763
f 1052 939 630
f 527 1155 621
f 1037 1607 192
f 163 1846 1528
f 1137 1522 557
f 1509 282 740
f 1620 187 860
f 802 826 800
f 253 416 146
f 1617 1847 1848
f 726 1849 1850
f 1471 1492 1326
f 193 192 1607
f 220 250 122
f 1196 1198 905
f 1076 322 475
f 1052 1053 1371
f 1665 1177 1035
f 1259 1421 1119
f 1044 1128 1056
f 1602 388 1603
f 981 1040 724
f 725 1102 849
f 934 1851 1689
f 1852 1617 718
f 1853 1854 1795
f 710 1276 1449
f 215 1282 1419
f 272 300 1250
f 200 1081 198
f 666 1261 664
f 1116 1099 1431
f 1172 1126 1855
f 1175 1520 580
f 908 865 1264
f 849 718 1618
f 1856 1154 1358
f 1856 549 1154
f 366 365 1642
f 1814 343 1455
f 495 520 1643
f 1172 1320 1133
f 1106 1733 1718
f 1689 1554 934
f 1278 1277 1727
f 22 67 29
f 1118 713 305
f 1084 1083 1190
f 487 1533 488
f 543 1792 1274
f 1605 1274 1792
f 1134 193 1197
f 1172 1855 1320
f 1857 517 519
f 1858 1068 904
f 1857 519 1859
f 271 1495 1730
f 448 798 449
f 762 1573 1053
f 1065 699 1182
f 1816 1255 1100
f 1229 1234 1230
f 63 1234 1229
f 1855 1126 791
f 1206 1205 1183
f 1860 1861 1687
f 1861 341 1687
f 1266 848 1725
f 301 1110 1842
f 842 841 1443
f 1862 762 1160
f 914 1551 1709
f 578 1392 323
f 1641 610 445
f 1424 1150 1127
f 1864 1677 1863
f 1677 1865 1863
f 1405 518 1124
f 2125 1659 2124
f 2171 1679 1575
f 2171 1575 2172
f 1866 1073 1344
f 352 1656 680
f 1423 819 358
f 1862 358 357
f 357 1210 1862
f 844 878 1390
f 623 774 773
f 773 1407 623
f 164 277 165
f 1207 1460 254
f 201 203 207
f 1065 1184 1352
f 1519 1520 1772
f 954 1222 1221
f 1489 1260 554
f 1407 773 1408
f 1543 1782 1404
f 680 350 352
f 1253 1799 1254
f 360 1868 1867
f 1869 1867 1868
f 804 919 805
f 661 78 789
f 308 1577 976
f 1862 1573 762
f 1620 185 187
f 1395 1469 1405
f 1870 1066 1871
f 1173 1395 1405
f 1872 1873 943
f 943 1873 1874
f 1321 1164 670
f 804 1773 1112
f 1528 1875 161
f 713 284 305
f 1681 1825 1579
f 1365 1298 1196
f 1564 1876 1878
f 1877 1878 1876
f 360 1880 361
f 361 1880 1879
f 1069 544 1882
f 1882 544 1881
f 1840 1883 546
f 1884 1331 1452
f 943 1885 944
f 944 1885 1886
f 772 1797 1888
f 1887 1888 1797
f 1357 1564 1890
f 1889 1890 1564
f 508 1891 915
f 915 1891 1892
f 1302 7 1894
f 7 1893 1894
f 1061 1195 1896
f 1895 1896 1195
f 1389 1897 1387
f 1898 1387 1897
f 339 1900 1868
f 1899 1868 1900
f 1532 1901 645
f 1902 645 1901
f 1831 1830 1903
f 1904 1903 1830
f 1869 1868 1899
f 645 1905 646
f 1906 646 1905
f 1333 1302 1334
f 1334 1302 1907
f 1908 1909 1459
f 862 19 21
f 1195 1090 1911
f 1090 1910 1911
f 1912 1913 1914
f 146 753 336
f 1876 1564 400
f 546 1883 544
f 1915 544 1883
f 1340 1459 1916
f 1909 1916 1459
f 1331 1884 1328
f 976 978 1376
f 1890 1917 1357
f 1499 1918 148
f 1919 1920 1921
f 1635 817 1555
f 508 1920 1922
f 1922 1920 1919
f 1714 1070 1924
f 1923 1924 1070
f 1925 1908 1461
f 1459 1461 1908
f 1926 1927 1928
f 1915 1881 544
f 9 8 1929
f 1831 1903 1927
f 1928 1927 1903
f 288 1846 286
f 1665 1223 1177
f 1614 1084 1017
f 37 1671 38
f 325 1368 1002
f 1363 179 177
f 1509 740 739
f 1497 1616 1359
f 444 531 879
f 7 532 534
f 1377 1442 902
f 619 574 569
f 1384 1028 1094
f 1340 334 1459
f 617 207 208
f 1387 148 1388
f 1376 978 1675
f 1019 1650 1130
f 1095 795 1096
f 66 316 64
f 1930 106 1931
f 1932 1195 1911
f 1313 1638 1640
f 1193 243 244
f 1784 1610 495
f 429 312 311
f 1668 1275 634
f 236 1386 1028
f 927 656 1139
f 1933 642 440
f 1758 1934 1935
f 1410 1521 1411
f 1572 692 473
f 48 1936 160
f 632 775 283
f 100 99 1436
f 847 1487 1725
f 1244 80 1245
f 1852 720 733
f 1592 1545 408
f 974 973 274
f 1900 339 1937
f 1938 1507 1843
f 733 732 1847
f 2168 737 2169
f 2122 1658 1749
f 2122 1749 2121
f 932 1040 738
f 859 538 1241
f 581 1829 1697
f 249 1067 122
f 1186 1123 1187
f 922 924 1761
f 771 966 1283
f 2167 737 2168
f 2121 1749 1668
f 2121 1668 2120
f 1824 1253 1825
f 120 1698 1521
f 1319 10 249
f 1916 1341 1340
f 1939 1877 1876
f 923 1450 1680
f 1319 249 250
f 895 1787 1161
f 1880 360 1867
f 1565 783 1466
f 220 219 427
f 1276 710 1032
f 755 731 1277
f 1940 1367 1549
f 1446 302 1448
f 1013 1762 869
f 921 202 1029
f 921 203 202
f 1904 1830 1941
f 801 300 299
f 1460 334 254
f 1925 1461 1942
f 1851 688 874
f 367 864 368
f 500 959 501
f 384 186 1943
f 1478 1684 1389
f 31 910 1651
f 296 748 747
f 10 12 190
f 755 450 731
f 1 324 1284
f 860 187 385
f 1348 703 1944
f 1212 1945 652
f 1184 1065 1182
f 1625 635 1393
f 259 531 444
f 1219 1475 1220
f 1219 557 1475
f 1946 1249 722
f 777 574 1780
f 682 681 1043
f 1481 191 1479
f 118 120 1571
f 10 191 249
f 1385 1560 1175
f 1033 1947 1034
f 1639 1638 1584
f 1223 1665 1224
f 1495 271 270
f 1448 190 12
f 1503 1480 1479
f 814 816 1699
f 1511 356 355
f 1503 1502 1480
f 1395 1173 1172
f 1008 91 1107
f 554 1260 309
f 989 886 1818
f 120 1218 1698
f 120 119 1218
f 1418 1726 1944
f 296 295 821
f 616 615 1396
f 776 1188 1489
f 632 1188 776
f 1668 1749 1275
f 1471 1326 992
f 1777 1948 410
f 1549 1117 1940
f 223 272 1250
f 1760 1313 735
f 558 1286 559
f 440 1512 1933
f 2149 263 265
f 2149 265 2150
f 2103 717 2102
f 1492 1491 1151
f 1205 1353 1949
f 1353 1352 1949
f 942 941 983
f 1525 1288 294
f 267 269 124
f 1345 1344 1164
f 1950 1191 1780
f 564 506 1186
f 339 1569 471
f 1618 1850 1849
f 1249 1248 723
f 539 538 764
f 980 484 1517
f 531 259 188
f 801 800 1250
f 1559 137 483
f 321 320 1525
f 155 480 156
f 957 956 231
f 1745 1951 1952
f 264 436 265
f 268 156 103
f 66 65 470
f 27 386 25
f 217 1522 218
f 1789 1293 1682
f 1620 1953 185
f 1434 1817 1433
f 1009 1633 423
f 1623 1717 1803
f 1954 1800 1824
f 535 1143 536
f 1536 1955 1830
f 1941 1830 1955
f 1071 1485 545
f 1539 1226 1540
f 1590 1956 1238
f 1590 1083 1956
f 354 356 344
f 1163 588 946
f 1357 1356 401
f 1893 7 1957
f 1957 7 1958
f 194 1134 668
f 828 419 418
f 1349 749 778
f 14 562 1596
f 747 322 321
f 1961 149 1960
f 1959 1960 149
f 391 1456 498
f 40 1601 113
f 1815 1639 728
f 1555 1245 1635
f 193 1134 194
f 1086 1720 1736
f 1738 1364 1538
f 96 398 1309
f 336 754 1954
f 1583 478 729
f 761 1160 762
f 144 1026 1248
f 1628 21 383
f 1628 862 21
f 1948 1777 1593
f 1005 873 872
f 823 1472 1021
f 529 970 473
f 635 366 1642
f 753 1728 33
f 1371 594 1052
f 152 474 1601
f 221 137 1559
f 418 1064 828
f 1309 398 676
f 450 1962 448
f 1358 1359 1616
f 603 43 1595
f 2163 636 1760
f 2163 1760 2164
f 2117 634 2116
f 333 72 73
f 1363 178 1538
f 1818 1963 1312
f 642 1933 640
f 1508 1811 852
f 550 452 551
f 1381 1964 1318
f 1502 1504 1489
f 744 746 1093
f 433 398 349
f 1546 994 1493
f 889 379 1571
f 213 1965 214
f 831 1966 43
f 1765 1604 1967
f 603 959 44
f 78 1150 790
f 440 642 441
f 252 251 1636
f 395 965 393
f 1595 602 603
f 1505 391 498
f 2132 792 2131
f 2178 1556 750
f 2178 750 2179
f 1672 607 1474
f 1182 1742 1183
f 655 1088 1087
f 1710 674 1746
f 1400 1968 1969
f 1641 445 1575
f 1970 1720 1827
f 1970 1971 1720
f 1972 1694 465
f 1190 1590 1189
f 746 745 1781
f 463 1694 1076
f 107 1790 1159
f 1634 182 184
f 839 1599 17
f 1655 1222 954
f 1655 1706 1222
f 667 1346 269
f 700 654 653
f 145 1235 1234
f 753 33 754
f 86 1266 1441
f 1427 1870 1871
f 1535 1356 1391
f 1426 232 231
f 1000 280 1412
f 471 490 181
f 957 1419 1115
f 116 834 353
f 647 1973 1086
f 1578 1120 1119
f 147 336 1974
f 1975 1963 1818
f 1474 1285 1672
f 963 372 371
f 2111 872 2110
f 2157 478 1583
f 2157 1583 2158
f 1793 695 694
f 1315 1231 1976
f 130 223 225
f 486 417 419
f 18 17 244
f 1543 1200 315
f 168 167 567
f 888 884 1977
f 392 211 1168
f 76 639 638
f 1270 768 767
f 1269 1970 1415
f 401 1564 1357
f 1075 522 1498
f 1510 900 1841
f 1653 81 606
f 897 706 1594
f 1038 497 1612
f 1978 1817 1979
f 1508 1161 930
f 478 477 729
f 1336 1364 1738
f 1336 1362 1364
f 962 1271 1273
f 448 1962 1828
f 464 330 465
f 144 1248 1146
f 1119 1074 1259
f 442 1372 1512
f 713 1117 714
f 583 582 1516
f 1462 968 967
f 1462 1290 968
f 293 292 1176
f 886 1776 457
f 351 623 1350
f 875 1530 876
f 1511 1798 356
f 624 648 625
f 1603 1516 997
f 849 1849 725
f 1472 2137 1021
f 134 133 1965
f 398 433 676
f 1859 1837 1838
f 1847 1617 1852
f 1981 1252 1251
f 2174 266 2175
f 2128 1582 1621
f 2128 1621 2127
f 1482 1137 559
f 1485 1232 680
f 1262 1690 1752
f 1041 1982 1983
f 1476 1743 128
f 1654 1842 1110
f 1262 988 1292
f 216 218 644
f 76 1106 639
f 625 1552 626
f 18 244 159
f 151 177 271
f 1165 86 525
f 1729 1636 251
f 364 363 93
f 1849 849 1618
f 1305 1495 682
f 111 1601 474
f 1281 1484 1563
f 972 245 1823
f 227 1300 1758
f 119 821 295
f 1751 528 530
f 138 1518 136
f 733 1847 1852
f 1584 728 1639
f 813 489 1488
f 1149 78 77
f 2109 873 2108
f 2155 476 478
f 2155 478 2156
f 613 1715 716
f 247 246 993
f 1749 1660 84
f 1537 1719 1088
f 1744 1179 1951
f 1057 207 617
f 962 961 1271
f 513 512 1984
f 683 1326 684
f 127 1615 231
f 1464 1470 1290
f 1277 730 540
f 769 1775 1003
f 698 1109 1440
f 1366 1947 1549
f 1870 1427 1108
f 1152 1795 1794
f 1966 380 659
f 1269 1270 1970
f 420 1258 1257
f 1227 1166 1307
f 1494 1554 1689
f 1613 1205 1204
f 1650 1131 1130
f 1422 297 809
f 779 1191 1754
f 1040 981 738
f 1985 915 1892
f 1964 1439 1059
f 1835 1975 1818
f 1305 1730 1495
f 754 35 1800
f 1986 1987 1298
f 894 1807 1014
f 949 948 1565
f 650 311 310
f 1125 789 791
f 209 229 210
f 890 1988 1951
f 1755 386 27
f 513 1989 514
f 956 1426 231
f 1789 1761 924
f 1064 1510 837
f 1171 306 305
f 1287 119 295
f 1465 1449 1756
f 1285 1562 1672
f 1068 112 904
f 767 766 1670
f 1142 861 385
f 1417 1362 1336
f 1711 1272 1732
f 1624 1447 11
f 1800 35 1991
f 1990 1991 35
f 1489 1504 1490
f 1673 1400 1674
f 1066 1870 697
f 1841 837 1510
f 97 81 1653
f 1554 1167 935
f 541 787 542
f 1272 1664 1992
f 1953 1819 1299
f 1716 1148 1147
f 1404 1201 1543
f 803 1816 952
f 1291 563 586
f 1730 1305 1667
f 1874 1885 943
f 1993 681 677
f 985 1782 766
f 990 1541 991
f 533 502 549
f 980 1386 236
f 63 25 145
f 1069 1882 1994
f 200 1709 1717
f 852 854 1995
f 995 1082 1634
f 442 456 458
f 1851 874 1689
f 903 112 111
f 612 447 610
f 1996 1626 1355
f 1279 1072 1073
f 1153 684 1326
f 357 359 954
f 1785 1664 900
f 1293 861 1558
f 1577 979 976
f 1159 1790 827
f 1956 1742 1182
f 1025 1031 1024
f 277 1428 1423
f 1079 150 149
f 1773 1114 1774
f 1231 679 680
f 1843 669 1938
f 722 1249 723
f 1347 1546 1493
f 1122 1007 657
f 210 490 211
f 1445 365 83
f 665 1181 666
f 848 1266 85
f 1355 1357 1996
f 1917 1996 1357
f 1708 584 1756
f 981 739 738
f 1298 1997 1197
f 1068 1858 1706
f 694 551 159
f 544 1069 1071
f 1168 211 470
f 1902 1905 645
f 1998 1561 1491
f 1038 1602 1039
f 1449 1276 1756
f 354 1999 355
f 217 940 1654
f 290 1107 363
f 762 1053 763
f 1506 1843 1507
f 276 761 459
f 720 1213 1815
f 1346 667 2000
f 661 789 1125
f 1954 754 1800
f 1662 1783 1646
f 1172 1133 1395
f 1573 1370 1053
f 1463 814 1699
f 1956 1182 1238
f 1197 1997 1134
f 1015 39 971
f 1015 1014 39
f 1345 1320 1855
f 1371 1600 594
f 896 1807 894
f 552 551 696
f 2001 1901 1532
f 2002 1712 1714
f 1907 1302 1894
f 1536 1391 2004
f 2003 2004 1391
f 1929 8 2005
f 2006 1873 1872
f 1500 1387 1898
f 512 511 8
f 2005 8 511
f 1924 2002 1714
f 2007 2008 2009
f 2010 2011 1022
f 1022 1246 2010
f 2012 2010 1246
f 1891 508 1922
f 2013 944 1886
f 1678 1061 1896
f 1876 1488 646
f 595 1713 1757
f 1757 1713 2014
f 149 1961 1079
f 1090 1369 1910
f 1369 2015 1910
f 1417 1336 1702
f 1702 1336 1786
f 1809 361 1879
f 148 1918 149
f 1959 149 1918
f 2016 1684 1808
f 999 1342 1797
f 2017 1797 1342
f 2018 1684 2016
f 1684 2018 1389
f 1897 1389 2018
f 1797 2017 1887
f 2014 2019 1757
f 1958 7 6
f 646 2020 1876
f 1876 2020 1939
f 915 1985 1369
f 2021 1369 1985
f 1627 2003 1391
f 1408 1724 1409
f 1839 1409 1724
f 2022 566 2023
f 566 2022 1920
f 1921 1920 2022
f 1738 2024 1336
f 1337 1336 2024
f 772 1888 2025
f 2015 1369 2021
f 2026 1417 1701
f 566 2027 2023
f 2023 2027 2028
f 1895 1195 1932
f 1955 1536 2004
f 2029 1927 1926
f 1246 1927 2012
f 2029 2012 1927
f 261 1286 1288
f 1865 1677 1676
f 2030 2031 1020
f 1906 2020 646
f 1410 141 660
f 5 261 1524
f 1671 37 110
f 866 1610 867
f 798 858 799
f 910 1693 1826
f 138 137 705
f 735 422 736
f 1674 516 515
f 503 1103 504
f 1275 83 366
f 1675 239 238
f 590 1814 591
f 1644 815 911
f 1079 1961 425
f 74 1690 75
f 1675 978 239
f 422 421 736
f 1273 1711 808
f 2032 1770 1659
f 1770 2032 851
f 1318 1964 248
f 1497 426 1317
f 97 109 37
f 972 39 41
f 1974 336 1954
f 1851 880 688
f 1468 666 1666
f 1493 1977 884
f 1827 1415 1970
f 2113 1625 2112
f 2159 1583 1584
f 2159 1584 2160
f 1386 980 1517
f 1508 929 1811
f 1992 1664 1785
f 1449 1259 1074
f 426 1497 809
f 1735 183 143
f 107 1159 108
f 501 1154 502
f 1082 920 1111
f 776 982 775
f 519 1515 1859
f 652 1596 1212
f 2033 845 2034
f 35 1731 1990
f 721 134 975
f 1239 52 958
f 1488 1876 400
f 247 1318 248
f 958 1114 1239
f 2034 788 2033
f 1458 176 771
f 1709 1200 1199
f 1490 982 776
f 261 1288 1524
f 1350 1407 1409
f 723 134 721
f 858 798 1321
f 1608 1561 855
f 235 234 167
f 257 672 671
f 1846 1875 1528
f 559 1286 261
f 288 1875 1846
f 1484 1504 1563
f 1579 1825 1580
f 1875 1117 1118
f 262 559 261
f 1913 425 1961
f 240 100 345
f 1711 1273 1272
f 1123 1075 1317
f 525 1440 526
f 641 640 392
f 1188 1260 1489
f 1036 464 550
f 872 1625 1393
f 781 492 431
f 318 176 175
f 1562 242 605
f 252 959 333
f 925 1523 1110
f 1125 2035 662
f 1837 1859 2036
f 1814 1455 591
f 293 93 92
f 388 1516 1603
f 1783 1243 1242
f 1577 2037 979
f 1095 1386 1517
f 1394 1828 1141
f 1995 949 548
f 1784 1643 233
f 379 118 1571
f 1745 1744 1951
f 1949 1352 1184
f 845 57 2034
f 57 59 2034
f 1017 1084 2038
f 1390 246 1759
f 782 1129 1540
f 1693 46 45
f 1706 1858 1222
f 1477 838 1121
f 1680 1974 1824
f 1589 869 1657
f 156 984 157
f 1088 1719 1086
f 1450 1974 1680
f 1826 1131 910
f 1215 2039 1216
f 1850 1031 1128
f 1796 908 1264
f 1464 1290 1462
f 1592 1237 1545
f 315 1551 1778
f 1030 1618 1617
f 1982 654 700
f 1165 1307 1166
f 1293 1789 1294
f 1875 1118 161
f 1811 1058 853
f 1385 1072 1279
f 1743 1476 1206
f 1091 2040 1557
f 1306 527 621
f 1175 258 1385
f 402 140 1624
f 1260 1055 1054
f 1423 1170 819
f 908 1796 922
f 213 1017 2038
f 1164 1344 671
f 1200 1709 1551
f 2148 263 2149
f 2102 717 166
f 2102 166 2101
f 1681 1680 1825
f 1344 1073 671
f 1871 1722 1427
f 685 97 1144
f 763 630 761
f 2041 1771 374
f 1157 1662 2042
f 768 1269 1414
f 267 992 984
f 987 1733 1105
f 79 661 663
f 1441 525 86
f 1872 1020 2006
f 2031 2006 1020
f 1790 107 1884
f 57 2043 930
f 759 2044 415
f 211 490 470
f 784 945 911
f 1716 1715 1148
f 1650 474 154
f 876 901 1510
f 1591 904 434
f 1648 1399 204
f 694 243 1793
f 93 293 364
f 1007 423 657
f 1470 90 1290
f 1793 1982 700
f 123 1067 237
f 697 699 1065
f 986 1704 1753
f 786 214 133
f 310 819 1170
f 2043 845 844
f 845 2043 57
f 1058 929 1759
f 1530 1378 902
f 716 875 417
f 880 1851 934
f 1157 2042 2045
f 1414 985 768
f 723 1248 1026
f 1129 1131 1826
f 418 876 1064
f 961 1121 838
f 1015 528 1751
f 528 1015 971
f 1992 1785 1444
f 710 1449 1074
f 796 898 599
f 134 723 1026
f 306 1171 983
f 176 1458 1214
f 1974 1954 1824
f 44 377 42
f 1398 1595 43
f 1410 660 889
f 1123 1317 1187
f 692 1393 1642
f 1294 1788 1619
f 2046 2047 1233
f 1293 1558 1682
f 1009 423 1007
f 1293 860 861
f 2119 1668 2118
f 2165 1760 735
f 2165 735 2166
f 1972 465 1566
f 1973 1087 1086
f 1450 147 1974
f 1146 1148 142
f 512 1856 1984
f 1546 1568 199
f 1059 1779 248
f 525 1441 1440
f 1227 350 679
f 1348 1727 743
f 1795 1613 1420
f 806 1705 1666
f 1806 2048 1804
f 1759 928 1390
f 850 1770 851
f 918 805 919
f 1717 1709 1199
f 1662 1646 2042
f 748 296 821
f 513 1984 1864
f 1009 482 1633
f 1790 2027 565
f 668 662 1576
f 1972 745 744
f 787 1649 542
f 643 1311 216
f 1410 1571 1521
f 427 1316 1317
f 1001 578 323
f 94 794 521
f 89 1381 1486
f 140 403 141
f 1966 1398 43
f 1933 468 581
f 1986 1298 1365
f 1591 1858 904
f 2049 1473 1436
f 938 1665 765
f 940 1311 941
f 307 1577 308
f 533 72 500
f 1913 2000 425
f 1740 1722 1412
f 145 253 146
f 1858 461 1222
f 392 1168 641
f 420 422 1258
f 970 1823 472
f 1847 1050 1848
f 1295 67 1296
f 696 551 694
f 422 1314 1258
f 69 19 862
f 1125 1124 2035
f 2039 1354 1721
f 924 923 1681
f 209 392 230
f 512 549 1856
f 709 2050 1566
f 1568 1546 1686
f 1566 332 709
f 1753 1745 1952
f 1999 2037 1451
f 1058 1759 1779
f 928 2043 1390
f 133 214 1965
f 238 1481 1675
f 428 223 1078
f 1486 212 68
f 1242 952 951
f 450 757 1962
f 1012 978 977
f 1186 893 892
f 128 1310 129
f 786 1046 1645
f 484 235 1633
f 849 1120 719
f 1208 77 1987
f 126 1998 1471
f 2043 844 1390
f 1398 1966 659
f 1997 663 1134
f 426 427 1317
f 110 1023 1671
f 1460 1346 1461
f 471 337 339
f 773 772 2051
f 772 2025 2051
f 444 1097 443
f 1407 1350 623
f 1503 1563 1504
f 1456 228 2052
f 228 397 2052
f 519 518 1047
f 1997 79 663
f 381 1688 347
f 461 1858 1591
f 1744 842 2053
f 1722 1871 1216
f 1539 2054 1226
f 1152 1853 1795
f 851 353 834
f 1456 2052 1457
f 1768 1457 2052
f 1059 1058 1779
f 715 282 284
f 1142 1141 1962
f 1393 1572 1006
f 1854 1613 1795
f 1130 435 1019
f 1963 2045 2042
f 1988 1952 1951
f 1420 1613 1204
f 983 941 306
f 1184 1183 1949
f 1042 1983 1193
f 692 1572 1393
f 1952 1988 2055
f 1311 940 216
f 1862 1160 358
f 462 1222 461
f 1800 1991 1801
f 243 1193 1983
f 923 1796 1450
f 324 323 1284
f 439 221 1559
f 675 76 638
f 240 1798 241
f 2000 667 425
f 66 471 1569
f 483 137 136
f 1913 1912 2000
f 2056 2000 1912
f 816 1438 1699
f 403 660 141
f 1977 1493 2057
f 2136 2135 1020
f 2030 1020 2135
f 1087 1696 653
f 812 19 1834
f 986 1753 2058
f 1092 1694 744
f 1168 965 641
f 392 640 1697
f 1633 167 423
f 845 2033 843
f 1017 1419 1614
f 1403 402 1624
f 2059 1415 1827
f 1749 1658 1660
f 1964 1381 88
f 1306 621 351
f 990 1312 1647
f 635 1642 1393
f 1538 178 1663
f 345 356 1798
f 2060 1003 1775
f 788 2061 2033
f 1397 605 604
f 1551 1550 1778
f 213 2038 1692
f 1472 822 802
f 1815 1213 1639
f 1140 385 384
f 1422 811 402
f 161 643 162
f 125 1998 126
f 1793 1983 1982
f 1963 1975 1978
f 256 1104 764
f 1579 1581 1788
f 22 921 1296
f 1798 240 345
f 1569 1868 360
f 970 972 1823
f 1373 1416 1372
f 339 1868 1569
f 2038 1089 1692
f 1793 243 1983
f 464 1036 330
f 837 1841 1611
f 167 1633 235
f 2062 1215 1854
f 1614 1419 957
f 1854 1353 1613
f 1157 689 1661
f 136 1517 483
f 1243 1240 1802
f 1506 498 497
f 612 583 387
f 2063 1506 497
f 1832 1686 1833
f 1850 1618 1030
f 923 922 1796
f 1228 637 1194
f 764 672 257
f 773 2051 2007
f 2008 2007 2051
f 183 1735 184
f 1422 402 1403
f 1353 1854 1215
f 838 837 1611
f 2054 1643 1226
f 1024 1451 1577
f 1505 1507 1837
f 387 447 612
f 1157 1661 1662
f 1645 1111 1113
f 1300 2064 1758
f 1934 1758 2064
f 1700 496 1610
f 1753 840 1745
f 1806 1805 1300
f 2064 1300 1805
f 924 1681 1788
f 1414 1432 985
f 2101 166 173
f 2101 173 2100
f 2147 263 2148
f 381 652 1688
f 1735 1977 184
f 1111 1645 1082
f 1748 1013 1077
f 1850 1030 1031
f 2055 2058 1952
f 1579 1788 1681
f 2045 1963 1978
f 1734 2065 888
f 1966 831 830
f 1306 350 1307
f 1039 1607 1037
f 1486 1381 1318
f 332 331 927
f 1227 1307 350
f 1843 1506 2063
f 1312 1963 1646
f 704 767 509
f 562 1212 1596
f 1979 953 1158
f 1748 1077 1476
f 72 333 500
f 1753 1952 2058
f 1030 1848 1451
f 1228 1227 679
f 364 1223 1225
f 1486 68 1382
f 69 71 1834
f 863 649 70
f 1514 774 281
f 237 239 1473
f 1146 142 144
f 1128 726 1850
f 120 1521 1571
f 1304 454 748
f 439 1375 438
f 1372 2059 1513
f 1512 1372 1513
f 425 424 1079
f 1019 435 434
f 1297 1296 1384
f 1550 1593 1778
f 1046 1082 1645
f 2062 1608 1354
f 596 673 1976
f 245 1068 1707
f 282 715 740
f 1771 1560 375
f 1037 2063 1038
f 1772 1496 1519
f 1158 1157 2045
f 792 793 1582
f 1817 1434 1979
f 2054 233 1643
f 1694 1972 744
f 1416 2059 1372
f 1228 1315 637
f 1246 1831 1927
f 1645 785 786
f 1551 315 1200
f 2063 497 1038
f 1245 1831 1246
f 1739 2041 1846
f 652 1945 1688
f 1585 319 629
f 857 1412 1721
f 1843 2063 192
f 2054 1539 45
f 1297 1384 1383
f 2054 45 233
f 1416 1415 2059
f 351 621 623
f 2055 1733 987
f 1466 154 153
f 689 1158 690
f 1077 1794 1420
f 1156 526 1108
f 237 1473 132
f 507 506 564
f 868 1794 1077
f 1384 1029 1028
f 1151 1853 1152
f 555 1297 556
f 950 1647 951
f 998 238 1067
f 1933 1512 468
f 462 1945 1211
f 1945 1212 1211
f 1856 1358 524
f 320 2040 432
f 1646 951 1647
f 1949 1183 1205
f 1151 1608 1853
f 1389 1388 1494
f 260 259 444
f 1473 2049 132
f 1496 1772 1739
f 1244 1246 1022
f 936 955 1836
f 1574 1597 813
f 831 42 839
f 19 69 1834
f 1628 1629 1588
f 1828 1132 448
f 1508 930 929
f 870 869 1589
f 59 117 788
f 1116 1647 950
f 955 1817 1836
f 203 24 207
f 1859 1515 2036
f 281 280 1514
f 1747 1767 496
f 284 713 715
f 1631 816 1644
f 1836 1817 1978
f 128 232 1748
f 2046 1233 415
f 787 2061 788
f 1343 1855 791
f 1773 933 1802
f 1975 1836 1978
f 571 684 1589
f 1617 1848 1030
f 704 289 620
f 1700 1747 496
f 1296 1029 1384
f 59 788 2034
f 1943 1814 590
f 708 575 709
f 950 952 1099
f 2062 1853 1608
f 2040 431 432
f 1008 1107 1375
f 1769 2066 1457
f 1 1284 54
f 1871 1217 1216
f 1570 1780 574
f 619 1570 574
f 1836 1975 1835
f 1920 508 507
f 1162 817 1163
f 130 2049 272
f 816 815 1644
f 370 318 319
f 647 291 362
f 647 362 1973
f 1818 886 1835
f 1660 1770 850
f 1995 896 852
f 1622 1152 1794
f 1248 1247 1146
f 846 1741 891
f 1595 1398 969
f 1171 775 983
f 1110 1523 1654
f 868 1622 1794
f 566 1920 507
f 612 1465 584
f 2049 1436 99
f 1171 284 283
f 1481 238 998
f 373 1279 1425
f 901 876 1530
f 80 1635 1245
f 1807 1995 548
f 154 1466 1467
f 1660 850 84
f 1848 1999 1451
f 1443 2053 842
f 790 1424 1866
f 1989 513 2067
f 1576 1938 669
f 350 1306 351
f 1489 554 1502
f 928 930 2043
f 547 1807 548
f 1218 119 1483
f 1072 257 671
f 1139 332 927
f 791 790 1343
f 1722 1721 1412
f 317 361 1684
f 2049 130 132
f 71 70 1637
f 2062 1854 1853
f 1966 830 380
f 575 777 2050
f 2170 1679 2171
f 2124 1659 1658
f 2124 1658 2123
f 1329 1328 2068
f 620 647 1736
f 1210 562 1573
f 1012 346 1436
f 2037 354 979
f 1322 530 82
f 1539 1826 45
f 1677 1864 1062
f 1862 1210 1573
f 1648 204 516
f 988 1468 986
f 1694 1092 1076
f 887 457 881
f 255 254 334
f 832 1049 830
f 465 330 1566
f 80 1244 606
f 1995 1807 896
f 1762 1426 1657
f 1011 967 829
f 1826 1693 45
f 1425 1279 1073
f 2164 1760 2165
f 2118 1668 634
f 2118 634 2117
f 1938 1576 1857
f 82 833 1322
f 833 82 850
f 1012 1436 1473
f 281 1360 279
f 1762 1657 869
f 1153 870 684
f 2037 1999 354
f 887 936 1835
f 2062 1354 2039
f 1590 1190 1083
f 1677 1062 1061
f 971 529 528
f 1816 1100 952
f 1965 213 1692
f 827 826 1159
f 725 724 711
f 1102 725 711
f 2036 592 390
f 1740 279 1427
f 1374 1455 227
f 399 589 1600
f 1212 562 1210
f 1612 1683 1038
f 1695 948 947
f 591 1455 1374
f 1497 1359 809
f 2172 1575 2173
f 2126 1621 1659
f 2126 1659 2125
f 1091 1093 2069
f 852 896 1508
f 75 1690 1105
f 606 81 80
f 1383 1096 882
f 843 2033 2047
f 1597 20 812
f 1414 1542 1432
f 1343 790 1866
f 2049 99 300
f 1434 1380 1979
f 68 67 1295
f 487 1834 71
f 106 1930 1328
f 1328 1930 2068
f 580 579 1174
f 986 1468 1704
f 175 627 629
f 460 459 685
f 2092 606 1980
f 2092 1980 2091
f 2138 607 2139
f 2070 579 2060
f 1416 1413 1542
f 1622 870 1153
f 523 1864 1984
f 1060 947 853
f 953 690 1158
f 1490 1501 982
f 911 945 1644
f 280 279 1740
f 2136 1021 2137
f 1414 1416 1542
f 868 870 1622
f 1878 1889 1564
f 403 658 660
f 1600 589 594
f 726 725 1849
f 1715 2065 1148
f 2058 2055 987
f 494 496 1767
f 1835 886 887
f 986 2058 987
f 68 212 29
f 2062 2039 1215
f 2049 300 272
f 578 2060 579
f 1675 1481 1480
f 1001 1003 2060
f 192 194 1843
f 1956 1083 1310
f 722 1325 1946
f 192 2063 1037
f 1998 125 1561
f 1400 341 1968
f 1968 341 340
f 1032 712 1263
f 556 1383 882
f 341 1400 1673
f 1956 1310 1742
f 499 1457 2071
f 1457 2066 2071
f 1217 1871 1066
f 1562 1285 299
f 1067 249 998
f 489 813 487
f 403 811 658
f 697 1870 1108
f 912 1121 960
f 1746 1552 1765
f 457 456 881
f 1048 590 592
f 1460 1459 334
f 1623 1803 918
f 2070 2060 1775
f 579 2070 1104
f 990 1116 1541
f 1767 1747 1746
f 1552 674 673
f 226 228 1456
f 1491 1471 1998
f 2000 2056 1461
f 1942 1461 2056
f 20 19 812
f 20 1597 1526
f 1343 1866 1344
f 1604 1552 625
f 2072 542 1649
f 853 852 1811
f 1527 1526 2073
f 391 226 1456
f 320 432 1525
f 2072 1649 353
f 757 2074 1962
f 1346 2000 1461
f 818 1163 817
f 640 581 1697
f 1728 2047 2061
f 570 157 571
f 1765 1767 1746
f 1307 1165 527
f 1631 1644 1695
f 1238 1182 699
f 1961 2075 1913
f 2076 1913 2075
f 2074 1142 1962
f 736 421 1641
f 1541 1431 1432
f 882 627 556
f 123 122 1067
f 1400 1648 1674
f 1979 1380 953
f 575 2050 709
f 1946 1325 1685
f 628 627 882
f 811 969 658
f 1552 1604 1765
f 399 401 589
f 2114 1625 2113
f 2160 1584 636
f 2160 636 2161
f 805 1816 803
f 1263 1033 1032
f 1236 846 848
f 34 2061 541
f 458 457 1776
f 809 811 1422
f 1757 1534 595
f 1270 1971 1970
f 589 401 587
f 1728 2061 34
f 541 2061 787
f 123 132 131
f 2033 2061 2047
f 123 131 121
f 590 196 1943
f 578 1001 2060
f 674 1552 1746
f 1674 1648 516
f 338 1417 2077
f 2026 2077 1417
f 432 1524 1525
f 1914 1913 2076
f 983 982 1501
f 390 391 1505
f 1766 1765 1967
f 1263 1136 1033
f 1852 718 720
f 1003 1002 769
f 588 594 589
f 767 704 1270
f 1725 848 847
f 52 956 958
f 516 204 446
f 1496 55 1519
f 1720 1971 1736
f 1596 651 14
f 848 85 1236
f 1235 145 147
f 620 1971 704
f 432 160 1936
f 741 743 1361
f 1736 1971 620
f 1602 515 388
f 521 1587 1586
f 741 1361 540
f 53 52 576
f 1971 1270 704
f 805 918 1803
f 154 1467 1651
f 1748 232 1762
f 1297 1383 556
f 1864 1863 513
f 2067 513 1863
f 2047 2046 843
f 556 627 174
f 2075 1961 1960
f 988 1262 1261
f 1748 1762 1013
f 683 571 157
f 2078 1080 424
f 1424 1425 1866
f 1239 1114 1802
f 1978 1979 2045
f 1264 1235 1450
f 1802 1240 1239
f 1116 1431 1541
f 1823 1707 573
f 1375 1107 438
f 159 243 694
f 736 1641 1679
f 1425 1073 1866
f 1143 1553 873
f 576 52 1239
f 1362 338 2079
f 1585 1185 319
f 1080 2078 1434
f 1434 2078 1380
f 1289 1249 1946
f 1005 1143 873
f 1230 865 864
f 2024 1738 2080
f 222 221 1948
f 196 384 1943
f 424 1080 1079
f 1655 573 1707
f 1655 1707 1706
f 1284 323 1392
f 1143 1005 311
f 537 536 1428
f 1751 1322 871
f 424 101 2078
f 1993 1982 1041
f 1751 530 1322
f 1630 1631 1695
f 826 824 108
f 916 1751 871
f 1060 1630 1695
f 1655 466 573
f 106 944 1931
f 2013 1931 944
f 1144 460 685
f 1519 1284 1392
f 1284 1519 55
f 1687 341 1673
f 1203 1051 732
f 1948 221 410
f 108 824 944
f 810 686 602
f 996 1603 997
f 1576 662 517
f 222 1948 1004
f 1359 686 810
f 1553 1143 535
f 795 1518 1737
f 981 1128 1044
f 62 73 60
f 1004 1948 1593
f 2039 1721 1216
f 1735 1734 1977
f 184 1977 2057
f 103 1380 2078
f 1615 957 231
f 526 1440 1109
f 1448 1281 1563
f 996 1607 1039
f 1458 771 1283
f 1857 1576 517
f 595 504 1714
f 1983 1042 1041
f 601 629 628
f 2027 1452 2081
f 1547 2081 1452
f 1884 1452 2027
f 953 481 690
f 1683 1673 515
f 1518 1517 136
f 1448 302 1281
f 996 1198 1607
f 1121 961 960
f 1695 947 1060
f 1105 1690 1292
f 987 1105 1292
f 1789 1682 1761
f 319 371 370
f 1943 186 1814
f 179 1363 2079
f 103 2078 101
f 1614 957 1615
f 479 953 1380
f 23 188 259
f 327 265 436
f 540 539 741
f 139 1447 140
f 125 255 1561
f 140 1447 1624
f 1479 1563 1503
f 731 730 1277
f 347 349 398
f 2144 1397 604
f 2144 604 2145
f 2098 616 2097
f 846 891 847
f 1202 436 264
f 752 1844 2134
f 2181 750 2182
f 530 529 1445
f 913 960 189
f 862 1628 2082
f 1585 629 601
f 678 677 467
f 689 691 577
f 791 1126 1125
f 854 853 947
f 1524 1936 5
f 890 891 1988
f 1463 1462 1268
f 995 2057 994
f 409 1178 273
f 1019 111 1650
f 12 11 1447
f 1075 1123 414
f 899 913 189
f 2123 1658 2122
f 2169 737 1679
f 2169 1679 2170
f 1190 1089 2038
f 577 691 570
f 61 1750 151
f 1487 847 890
f 611 1465 612
f 892 1078 565
f 1104 2070 1145
f 405 404 1090
f 1597 2073 1526
f 703 1348 1349
f 1225 1224 1973
f 727 734 733
f 720 727 733
f 1265 1267 1545
f 1679 1641 1575
f 1820 1252 2083
f 1981 2083 1252
f 1514 1000 999
f 1343 1345 1855
f 855 1354 1608
f 907 1763 1366
f 2141 1672 2142
f 2095 1396 608
f 2095 608 2094
f 1969 1401 1400
f 1984 1856 524
f 1115 1774 1114
f 940 942 1654
f 1439 1438 1630
f 947 949 854
f 1479 190 1563
f 1521 1698 926
f 1842 942 1501
f 1088 655 469
f 1084 1190 2038
f 1548 370 486
f 688 880 394
f 1370 562 561
f 609 1028 202
f 469 678 467
f 1266 1725 1267
f 1522 1523 1475
f 957 1115 958
f 1752 74 1710
f 1540 1308 676
f 1555 1162 1535
f 1522 1475 557
f 771 1548 485
f 1508 895 1161
f 505 1534 1637
f 1780 1781 777
f 893 224 428
f 1202 264 241
f 645 489 488
f 2050 745 1972
f 1070 1714 504
f 1687 1673 1683
f 596 1976 597
f 875 1716 1529
f 1787 916 871
f 597 1976 1231
f 842 1745 840
f 1737 796 795
f 201 1057 568
f 1147 1379 1529
f 846 1718 1741
f 1536 1830 1555
f 102 269 268
f 1777 313 1778
f 1781 1191 746
f 2044 1097 1098
f 469 468 1537
f 1798 1202 241
f 678 655 654
f 1717 1199 1256
f 707 1737 138
f 1815 727 720
f 2083 1821 1820
f 1555 1831 1245
f 1267 1725 408
f 1986 2084 1208
f 12 1447 1446
f 712 711 1040
f 667 269 102
f 942 1842 1654
f 1300 1299 1806
f 1070 1069 1923
f 1069 1994 1923
f 1506 1505 498
f 148 150 1388
f 1167 1388 150
f 1621 2072 2032
f 1763 1947 1366
f 406 405 2085
f 185 1953 1299
f 1402 751 1399
f 750 1399 751
f 381 96 95
f 970 472 473
f 1752 1700 866
f 1781 745 777
f 65 1169 470
f 1168 470 1169
f 1315 1976 1010
f 351 1350 352
f 1439 1630 1059
f 1619 1581 1953
f 854 949 1995
f 1561 1608 1491
f 661 1125 662
f 1977 1734 888
f 2007 2009 2086
f 1408 2007 1723
f 2086 1723 2007
f 1735 143 142
f 1483 119 1287
f 2032 1659 1621
f 2145 604 2146
f 2099 173 616
f 2099 616 2098
f 2035 517 662
f 40 547 152
f 1303 1302 1333
f 1700 1752 1710
f 1696 1973 1224
f 1747 1700 1710
f 1819 1581 1820
f 1299 1819 1806
f 518 2035 1124
f 2035 518 517
f 1104 539 764
f 461 1591 349
f 609 201 633
f 370 1548 318
f 1158 2045 1979
f 1569 360 316
f 2007 1408 773
f 1566 2050 1972
f 1451 2037 1577
f 584 583 612
f 362 1225 1973
f 1225 362 364
f 1976 673 1010
f 1050 1847 732
f 1741 1733 2055
f 1108 526 1109
f 1947 1033 1135
f 1620 1619 1953
f 1741 2055 1988
f 891 1741 1988
f 584 1465 1756
f 1514 280 1000
f 2057 1493 994
f 487 71 1533
f 742 741 1145
f 539 1145 741
f 2036 390 1837
f 1362 2079 1363
f 1825 1253 1252
f 1580 1252 1820
f 1247 1289 1379
f 1051 1050 732
f 1737 1518 138
f 2137 1472 607
f 180 2079 338
f 2079 180 179
f 1766 2082 1588
f 399 2073 1574
f 2073 399 1600
f 399 1574 400
f 414 404 406
f 437 436 1203
f 1599 839 42
f 1763 906 1708
f 934 1018 880
f 488 1532 645
f 557 559 1137
f 410 412 1777
f 633 234 609
f 1537 1513 1827
f 1732 1992 841
f 1409 1351 1350
f 2084 288 285
f 1703 806 1711
f 1437 1464 1699
f 1498 1616 1497
f 1018 881 880
f 1034 1708 1756
f 1064 836 1011
f 1075 414 406
f 1268 836 1477
f 1842 1501 1280
f 1687 499 2087
f 2071 2087 499
f 298 1422 1403
f 1498 1317 1075
f 1732 1272 1992
f 288 2084 1940
f 1515 1048 2036
f 1048 592 2036
f 348 1688 1945
f 1214 585 555
f 1719 1537 1827
f 1824 1800 1253
f 1611 1841 1664
f 313 1669 314
f 1018 934 936
f 897 1567 1686
f 353 2032 2072
f 376 605 241
f 1696 938 701
f 163 1739 1846
f 1980 606 1244
f 178 1750 1663
f 1750 61 104
f 1663 104 1301
f 1558 2074 757
f 767 1670 509
f 1687 2087 1860
f 2084 1986 1367
f 1316 219 224
f 1664 1272 1271
f 1113 1774 1282
f 2074 1558 861
f 1708 1034 1763
f 582 584 1708
f 341 1861 342
f 1365 1196 907
f 1685 2053 2088
f 1669 313 412
f 1986 1365 1367
f 1144 1396 615
f 1396 1144 1653
f 1634 184 2057
f 1578 719 1120
f 1940 2084 1367
f 1999 1050 355
f 1803 1256 1816
f 1498 522 1616
f 1594 706 1004
f 1670 766 314
f 494 1767 1766
f 1532 1757 2001
f 2019 2001 1757
f 1578 1213 719
f 1999 1848 1050
f 796 599 601
f 1203 1202 1511
f 1059 248 1964
f 1142 2074 861
f 1438 1437 1699
f 1354 857 1721
f 1581 1619 1788
f 1783 1240 1243
f 870 1589 684
f 653 1696 701
f 1964 88 1439
f 1538 1663 1303
f 897 1686 1832
f 898 897 1832
f 1022 1980 1244
f 348 1945 462
f 648 70 649
f 1549 1947 1135
f 2053 1685 1324
f 1574 2073 1597
f 805 1803 1816
f 1185 371 319
f 745 2050 777
f 1732 1703 1711
f 414 1123 413
f 1750 178 151
f 2073 1600 1527
f 907 1366 1365
f 1501 942 983
f 1634 2057 995
f 1947 1763 1034
f 1142 385 1140
f 633 201 568
f 648 1637 70
f 1837 390 1505
f 1825 1252 1580
f 964 493 780
f 1533 1637 1534
f 864 491 1229
f 1967 863 2082
f 396 228 2089
f 2089 228 1758
f 793 542 2072
f 792 1845 543
f 1791 543 1845
f 851 834 833
f 975 974 721
f 1935 2089 1758
f 793 2072 1582
f 1703 1705 806
f 304 306 1311
f 973 975 1692
f 1797 1514 999
f 1430 1447 139
f 1429 303 1430
f 1543 766 1782
f 1950 760 1755
f 386 1755 759
f 1229 493 964
f 707 706 898
f 1967 2082 1766
f 1705 1704 1468
f 707 898 796
f 840 1704 1703
f 1550 1594 1593
f 1550 1567 1594
f 664 867 665
f 1510 1064 876
f 691 157 570
f 1507 1938 1838
f 1857 1838 1938
f 277 276 165
f 643 304 1311
f 2028 2027 2081
f 1637 1533 71
f 2072 1621 1582
f 1859 1838 1857
f 1987 1997 1298
f 975 134 1965
f 1295 1297 555
f 1705 1468 1666
f 1208 1987 1986
f 1141 1828 1962
f 2085 405 1063
f 285 1208 2084
f 1864 523 1062
f 592 1374 390
f 975 1965 1692
f 555 585 1295
f 338 2077 339
f 1937 339 2077
f 2046 1098 843
f 1333 1332 1738
f 2080 1738 1332
f 2088 1289 1685
f 1829 581 467
f 1829 467 677
f 607 1472 1474
f 1444 1443 841
f 851 2032 353
f 2088 2053 1443
f 88 1470 1437
f 1444 841 1992
f 1087 1973 1696
f 77 79 1987
f 898 1832 599
f 2085 1063 1062
f 523 2085 1062
f 2088 1443 1442
f 493 492 781
f 164 1428 277
f 600 1585 601
f 1813 1812 883
f 606 608 1653
f 55 1496 162
f 943 824 823
f 522 406 2085
f 1653 608 1396
f 600 1813 1185
f 1638 1760 636
f 522 2085 523
f 1950 1780 1570
f 664 1261 866
f 1526 561 13
f 649 1967 1604
f 172 807 114
f 15 1609 383
f 1832 1812 599
f 600 599 1812
f 2131 792 1582
f 2131 1582 2130
f 2177 1556 2178
f 1833 883 1812
f 883 1833 1347
f 943 823 1872
f 863 1967 649
f 62 151 271
f 251 2090 1729
f 1423 1428 1170
f 760 1950 1570
f 1442 1444 1785
f 1790 1884 2027
f 1833 1686 1347
f 1963 2042 1646
f 251 73 2090
f 2046 2044 1098
f 1185 1813 885
f 1584 1638 636
f 55 162 56
f 2094 608 2093
f 2140 607 1672
f 2140 1672 2141
f 1984 524 523
f 1521 926 1429
f 1537 468 1513
f 1442 1785 902
f 1829 681 230
f 1827 1513 2059
f 1829 230 1697
f 415 2044 2046
f 491 493 1229
f 760 759 1755
f 1813 883 885
f 1685 1289 1946
f 374 1771 375
f 1278 1727 1726
f 1993 677 654
f 1377 1289 2088
f 1233 2047 1728
f 758 1570 618
f 416 1233 753
f 1314 1640 1632
f 1640 1639 1632
f 2090 1730 1729
f 753 1233 1728
f 415 386 759
f 367 492 491
f 1313 1640 1314
f 314 1543 315
f 756 1278 1691
f 1423 1160 278
f 1610 1784 867
f 1145 1775 742
f 1423 358 1160
f 1145 2070 1775
f 1806 1819 2048
f 1822 2048 1819
f 2053 1324 1744
f 665 867 47
f 1754 1191 1950
f 1754 1950 1755
f 1636 1729 1435
f 1666 1181 807
f 47 1181 665
f 1378 1529 1379
f 1435 1192 1598
f 780 1764 26
f 271 1730 2090
f 1652 2044 759
f 233 867 1784
f 1323 1180 1324
f 1764 1754 27
f 1349 778 703
f 1764 780 779
f 2044 1652 1097
f 1652 443 1097
f 412 313 1777
f 368 864 702
f 1348 1944 1726
f 1418 1944 909
f 271 2090 62
f 2088 1442 1377
f 1181 1666 666
f 1378 1530 1529
f 1181 46 807
f 1667 1435 1729
f 1378 1377 902
f 1727 1361 743
f 581 640 1933
f 1042 1435 1667
f 381 95 1609
f 1953 1581 1819
f 1581 1580 1820
f 1669 1670 314
f 2082 863 862
f 703 909 1944
f 1691 1278 1726
f 1482 262 28
f 282 1509 632
f 1323 1325 974
f 262 2 28
f 509 412 510
f 1467 32 31
f 1802 1114 1773
f 1093 746 779
f 779 2069 1093
f 2069 779 781
f 1178 890 1179
f 1629 383 1609
f 1628 1588 2082
f 2069 2040 1091
f 1675 1480 553
f 1766 1588 1587
f 1586 1588 1629
f 73 62 2090
f 95 1629 1609
f 1180 1179 1744
f 778 368 703
f 553 1480 1502
f 576 1240 1661
f 322 1557 320
f 1936 48 4
f 1509 1188 632
f 1092 1557 1076
f 1076 1557 322
f 1872 1021 1020
f 1715 613 2065
f 1178 409 1487
f 1987 79 1997
f 1557 2040 320
f 1872 823 1021
f 1333 1538 1303
f 1993 1041 1043
f 273 1178 1180
f 963 2065 613
f 2065 963 888
f 1846 2041 286
f 1993 1043 681
f 2041 374 287
f 1936 4 5
f 286 2041 287
f 1179 890 1951
f 274 973 275
f 654 1982 1993
f 1774 1113 1112
f 274 273 1323
f 1936 1524 432
f 20 13 382
f 1734 142 1148
f 1772 1520 1560
f 974 274 1323
f 565 2027 566
f 67 22 1296
f 431 2040 2069
f 1382 68 1295
f 107 106 1328
f 2142 1672 1397
f 2142 1397 2143
f 2096 1396 2095
f 494 1766 1587
f 1884 107 1328
f 2065 1734 1148
f 431 2069 781
f 1180 1744 1324
f 1636 1435 1598
f 1636 1598 377
f 1772 1771 2041
f 1590 1237 1592
f 1189 1590 1592
f 1772 2041 1739
f 51 572 1657
f 51 1657 1426
f 1875 288 1940
f 1875 1940 1117
