# KnittingStitches from conjugate-height scales + smooth
v -21.777857502478348 0.39858059496400455 -10.813406258931078 0.55 0.55 0.55
v -19.543928179811175 4.962157231740284 -9.114552326107003 0.55 0.55 0.55
v -22.866021299725606 4.404889952859827 -5.257392532301396 0.55 0.55 0.55
v -26.384705770124853 0.34851013137281805 -6.7704185616002555 0.55 0.55 0.55
v -24.716879474698537 1.0362424068968088 -0.9709388797265793 1.0 0.0 0.0
v -26.384705770124853 0.34851013137281805 -6.7704185616002555 1.0 0.0 0.0
v -22.866021299725606 4.404889952859827 -5.257392532301396 1.0 0.0 0.0
v -18.682011217845055 4.636859557102916 0.9556789086859782 1.0 0.0 0.0
v -21.53858973396114 0.5277221159702966 2.6548811944515727 1.0 0.0 0.0
v -21.53858973396114 0.5277221159702966 2.6548811944515727 0.55 0.55 0.55
v -18.682011217845055 4.636859557102916 0.9556789086859782 0.55 0.55 0.55
v -18.28452625621372 4.673398377101262 5.745626716900399 0.55 0.55 0.55
v -21.895440389733707 0.49978072479574925 6.193998031801 0.55 0.55 0.55
v -21.895440389733707 0.49978072479574925 6.193998031801 0.55 0.55 0.55
v -18.28452625621372 4.673398377101262 5.745626716900399 0.55 0.55 0.55
v -20.68621358137099 4.589429677100512 12.033225573091237 0.55 0.55 0.55
v -23.390046634455736 0.41380736429242493 13.754720029972969 0.55 0.55 0.55
v -23.390046634455736 0.41380736429242493 13.754720029972969 0.55 0.55 0.55
v -20.68621358137099 4.589429677100512 12.033225573091237 0.55 0.55 0.55
v -17.595309885794922 5.599648831989517 14.747630587098218 0.55 0.55 0.55
v -19.3465629865904 0.35054137486251613 17.55742031646017 0.55 0.55 0.55
v -19.3465629865904 0.35054137486251613 17.55742031646017 0.55 0.55 0.55
v -17.595309885794922 5.599648831989517 14.747630587098218 0.55 0.55 0.55
v -12.634146032748621 4.8548359801236645 15.087195271644495 0.55 0.55 0.55
v -13.96796184753132 0.3147880412744757 17.22117623045044 0.55 0.55 0.55
v -13.96796184753132 0.3147880412744757 17.22117623045044 0.55 0.55 0.55
v -12.634146032748621 4.8548359801236645 15.087195271644495 0.55 0.55 0.55
v -7.525947323001532 5.441694791391355 15.252616494442055 0.55 0.55 0.55
v -8.12244270011396 0.28636037402644254 16.807253436924313 0.55 0.55 0.55
v -8.12244270011396 0.28636037402644254 16.807253436924313 0.55 0.55 0.55
v -7.525947323001532 5.441694791391355 15.252616494442055 0.55 0.55 0.55
v -3.7468099039539333 5.1248308264963125 18.434437421901556 0.55 0.55 0.55
v -4.694898538026204 0.43078430219802344 20.403186521533307 0.55 0.55 0.55
v -4.694898538026204 0.43078430219802344 20.403186521533307 0.55 0.55 0.55
v -3.7468099039539333 5.1248308264963125 18.434437421901556 0.55 0.55 0.55
v 0.5667545337984918 5.590569912221651 19.879724175103085 0.55 0.55 0.55
v -0.03276781051139733 0.33171491920913027 21.561925057292793 0.55 0.55 0.55
v -0.03276781051139733 0.33171491920913027 21.561925057292793 0.55 0.55 0.55
v 0.5667545337984918 5.590569912221651 19.879724175103085 0.55 0.55 0.55
v 4.845635391357039 7.040770525436997 19.420213884307387 0.55 0.55 0.55
v 5.133056877763702 0.3620466128142211 19.80634889992603 0.55 0.55 0.55
v 5.133056877763702 0.3620466128142211 19.80634889992603 0.55 0.55 0.55
v 4.845635391357039 7.040770525436997 19.420213884307387 0.55 0.55 0.55
v 10.175160199937489 5.556835056634785 19.510312695149253 0.55 0.55 0.55
v 10.753354197445315 0.211041950458714 17.764236551831363 0.55 0.55 0.55
v 10.753354197445315 0.211041950458714 17.764236551831363 0.55 0.55 0.55
v 10.175160199937489 5.556835056634785 19.510312695149253 0.55 0.55 0.55
v 15.126121669466555 5.390399862221825 19.00924500925313 0.55 0.55 0.55
v 15.965914435107878 0.4392007241787661 17.05324476214783 0.55 0.55 0.55
v 15.965914435107878 0.4392007241787661 17.05324476214783 0.55 0.55 0.55
v 15.126121669466555 5.390399862221825 19.00924500925313 0.55 0.55 0.55
v 19.33342246024407 10.387197894963677 19.65376154203135 0.55 0.55 0.55
v 19.093832286918534 5.520615945206718 17.059278478527958 0.55 0.55 0.55
v 19.093832286918534 5.520615945206718 17.059278478527958 0.55 0.55 0.55
v 19.33342246024407 10.387197894963677 19.65376154203135 0.55 0.55 0.55
v 23.21747738619506 5.427434022148116 15.20103966020338 0.55 0.55 0.55
v 21.884352078629902 0.36600207482929353 14.062717944027337 0.55 0.55 0.55
v 21.884352078629902 0.36600207482929353 14.062717944027337 0.55 0.55 0.55
v 23.21747738619506 5.427434022148116 15.20103966020338 0.55 0.55 0.55
v 26.460395009514663 4.802433777688947 11.770597853306935 0.55 0.55 0.55
v 23.78159447227356 0.3271382260732517 10.146628434301695 0.55 0.55 0.55
v 23.78159447227356 0.3271382260732517 10.146628434301695 0.55 0.55 0.55
v 26.460395009514663 4.802433777688947 11.770597853306935 0.55 0.55 0.55
v 29.599232311145975 3.159076855142832 8.053921041685848 0.55 0.55 0.55
v 26.617300481608904 -0.2952729956629555 5.707927477068067 0.55 0.55 0.55
v 26.617300481608904 -0.2952729956629555 5.707927477068067 0.55 0.55 0.55
v 29.599232311145975 3.159076855142832 8.053921041685848 0.55 0.55 0.55
v 38.08308342116255 8.744707474679569 8.26675865566846 0.55 0.55 0.55
v 35.32808421367734 4.134716630935773 6.839826980652178 0.55 0.55 0.55
v 35.32808421367734 4.134716630935773 6.839826980652178 0.55 0.55 0.55
v 38.08308342116255 8.744707474679569 8.26675865566846 0.55 0.55 0.55
v 35.83233793289417 2.750072500504944 1.8274885735744881 0.55 0.55 0.55
v 31.342667531631363 0.3546679666695351 0.4143449982648277 0.55 0.55 0.55
v 31.342667531631363 0.3546679666695351 0.4143449982648277 0.55 0.55 0.55
v 35.83233793289417 2.750072500504944 1.8274885735744881 0.55 0.55 0.55
v 39.793462315580996 5.681807822899991 -2.470438463049634 0.55 0.55 0.55
v 33.83414428586978 1.6936927633642016 -2.7511839675140637 0.55 0.55 0.55
v 33.83414428586978 1.6936927633642016 -2.7511839675140637 0.55 0.55 0.55
v 39.793462315580996 5.681807822899991 -2.470438463049634 0.55 0.55 0.55
v 41.35135008610127 13.724425798331133 -5.317159891452152 0.55 0.55 0.55
v 40.77812906034406 8.217146891745767 -6.009408820703784 0.55 0.55 0.55
v 40.77812906034406 8.217146891745767 -6.009408820703784 0.55 0.55 0.55
v 41.35135008610127 13.724425798331133 -5.317159891452152 0.55 0.55 0.55
v 34.03331496306466 3.578277169803335 -6.941681214273016 0.55 0.55 0.55
v 30.442452686207194 0.3050601800467051 -4.402372894500226 0.55 0.55 0.55
v 30.442452686207194 0.3050601800467051 -4.402372894500226 0.55 0.55 0.55
v 34.03331496306466 3.578277169803335 -6.941681214273016 0.55 0.55 0.55
v 29.29382756598882 3.519680832214187 -9.046751575279174 0.55 0.55 0.55
v 25.59285662213428 -0.1101215362496214 -7.274252151076027 0.55 0.55 0.55
v 25.59285662213428 -0.1101215362496214 -7.274252151076027 0.55 0.55 0.55
v 29.29382756598882 3.519680832214187 -9.046751575279174 0.55 0.55 0.55
v 26.116527444914556 4.9967520295892225 -12.089698676730018 0.55 0.55 0.55
v 22.482736649895152 0.9878688710737409 -11.411674506602733 0.55 0.55 0.55
v 22.482736649895152 0.9878688710737409 -11.411674506602733 0.55 0.55 0.55
v 26.116527444914556 4.9967520295892225 -12.089698676730018 0.55 0.55 0.55
v 24.96494689553603 6.515739803701938 -16.876249946067787 0.55 0.55 0.55
v 22.592853108043006 2.2098106937148274 -14.826805004375274 0.55 0.55 0.55
v 22.592853108043006 2.2098106937148274 -14.826805004375274 0.55 0.55 0.55
v 24.96494689553603 6.515739803701938 -16.876249946067787 0.55 0.55 0.55
v 20.564735212471433 5.427590986366155 -19.614796998535233 0.55 0.55 0.55
v 19.14606229211281 0.34572418844335245 -17.851298525507048 0.55 0.55 0.55
v 19.14606229211281 0.34572418844335245 -17.851298525507048 0.55 0.55 0.55
v 20.564735212471433 5.427590986366155 -19.614796998535233 0.55 0.55 0.55
v 15.867942781284588 4.957462558876054 -20.905189970027585 0.55 0.55 0.55
v 14.422713999765062 0.2603913286432806 -19.07276244672487 0.55 0.55 0.55
v 14.422713999765062 0.2603913286432806 -19.07276244672487 0.55 0.55 0.55
v 15.867942781284588 4.957462558876054 -20.905189970027585 0.55 0.55 0.55
v 11.579761260696962 7.059477423011012 -22.696096835283605 0.55 0.55 0.55
v 11.54509241576617 2.053978065446619 -20.147141228029934 0.55 0.55 0.55
v 11.54509241576617 2.053978065446619 -20.147141228029934 0.55 0.55 0.55
v 11.579761260696962 7.059477423011012 -22.696096835283605 0.55 0.55 0.55
v 7.294966851750894 5.239124589744264 -22.471543772231595 0.55 0.55 0.55
v 8.872544188826025 0.326692464363376 -19.890063170110004 0.55 0.55 0.55
v 8.872544188826025 0.326692464363376 -19.890063170110004 0.55 0.55 0.55
v 7.294966851750894 5.239124589744264 -22.471543772231595 0.55 0.55 0.55
v 2.2057903646341495 6.343193831404244 -22.65585116599557 0.55 0.55 0.55
v 3.477301718711634 0.35453146830482823 -20.991831129235667 0.55 0.55 0.55
v 3.477301718711634 0.35453146830482823 -20.991831129235667 0.55 0.55 0.55
v 2.2057903646341495 6.343193831404244 -22.65585116599557 0.55 0.55 0.55
v -2.3895231112563518 5.765090495933804 -21.435917586796144 0.55 0.55 0.55
v -2.888271108354409 0.4240263816709362 -22.370276256060023 0.55 0.55 0.55
v -2.888271108354409 0.4240263816709362 -22.370276256060023 0.55 0.55 0.55
v -2.3895231112563518 5.765090495933804 -21.435917586796144 0.55 0.55 0.55
v -7.00597325750618 4.666004681060044 -19.997653620644222 0.55 0.55 0.55
v -9.344761639094415 0.38482326823781715 -21.97249204086186 0.55 0.55 0.55
v -9.344761639094415 0.38482326823781715 -21.97249204086186 0.55 0.55 0.55
v -7.00597325750618 4.666004681060044 -19.997653620644222 0.55 0.55 0.55
v -9.988231761939227 4.580652138763428 -16.10826153628455 0.55 0.55 0.55
v -12.311434546491684 0.5128500350264035 -18.56965717202955 0.55 0.55 0.55
v -12.311434546491684 0.5128500350264035 -18.56965717202955 0.55 0.55 0.55
v -9.988231761939227 4.580652138763428 -16.10826153628455 0.55 0.55 0.55
v -11.965980316932734 5.037811295367164 -13.008740169947417 0.55 0.55 0.55
v -13.974258384745628 0.3539942247296878 -13.989527372391766 0.55 0.55 0.55
v -13.974258384745628 0.3539942247296878 -13.989527372391766 0.55 0.55 0.55
v -11.965980316932734 5.037811295367164 -13.008740169947417 0.55 0.55 0.55
v -19.543928179811175 4.962157231740284 -9.114552326107003 0.55 0.55 0.55
v -21.777857502478348 0.39858059496400455 -10.813406258931078 0.55 0.55 0.55
v -19.543928179811175 4.962157231740284 -9.114552326107003 0.55 0.55 0.55
v -18.63210917432333 10.126869818456885 -8.775370578697334 0.55 0.55 0.55
v -19.339227573026548 8.319959010486139 -4.288799103253476 0.55 0.55 0.55
v -22.866021299725606 4.404889952859827 -5.257392532301396 0.55 0.55 0.55
v -22.866021299725606 4.404889952859827 -5.257392532301396 0.55 0.55 0.55
v -19.339227573026548 8.319959010486139 -4.288799103253476 0.55 0.55 0.55
v -18.04635814425444 9.3570196547202 -0.1356622757184961 0.55 0.55 0.55
v -18.682011217845055 4.636859557102916 0.9556789086859782 0.55 0.55 0.55
v -18.682011217845055 4.636859557102916 0.9556789086859782 0.55 0.55 0.55
v -18.04635814425444 9.3570196547202 -0.1356622757184961 0.55 0.55 0.55
v -17.141653432305063 9.685133089401099 4.71091003889324 0.55 0.55 0.55
v -18.28452625621372 4.673398377101262 5.745626716900399 0.55 0.55 0.55
v -18.28452625621372 4.673398377101262 5.745626716900399 0.55 0.55 0.55
v -17.141653432305063 9.685133089401099 4.71091003889324 0.55 0.55 0.55
v -16.732931035350884 7.737648762868748 10.821467496239038 0.55 0.55 0.55
v -20.68621358137099 4.589429677100512 12.033225573091237 0.55 0.55 0.55
v -17.595309885794922 5.599648831989517 14.747630587098218 1.0 1.0 0.0
v -20.68621358137099 4.589429677100512 12.033225573091237 1.0 1.0 0.0
v -16.732931035350884 7.737648762868748 10.821467496239038 1.0 1.0 0.0
v -12.634146032748621 4.8548359801236645 15.087195271644495 1.0 1.0 0.0
v -16.732931035350884 7.737648762868748 10.821467496239038 0.0 0.0 0.0
v -16.79960287102195 12.657783993336137 10.094938711816319 0.0 0.0 0.0
v -12.634146032748621 4.8548359801236645 15.087195271644495 0.0 0.0 0.0
v -17.141653432305063 9.685133089401099 4.71091003889324 1.0 1.0 1.0
v -16.79960287102195 12.657783993336137 10.094938711816319 1.0 1.0 1.0
v -16.732931035350884 7.737648762868748 10.821467496239038 1.0 1.0 1.0
v -17.141653432305063 9.685133089401099 4.71091003889324 1.0 1.0 1.0
v -20.246750496236853 16.258229726395854 11.801851323426037 1.0 1.0 1.0
v -16.79960287102195 12.657783993336137 10.094938711816319 1.0 1.0 1.0
v -16.79960287102195 12.657783993336137 10.094938711816319 0.55 0.55 0.55
v -20.246750496236853 16.258229726395854 11.801851323426037 0.55 0.55 0.55
v -12.523663595573154 9.803625821364145 13.758180281724096 0.55 0.55 0.55
v -12.634146032748621 4.8548359801236645 15.087195271644495 0.55 0.55 0.55
v -12.634146032748621 4.8548359801236645 15.087195271644495 0.55 0.55 0.55
v -12.523663595573154 9.803625821364145 13.758180281724096 0.55 0.55 0.55
v -7.842532496189302 10.719873630050625 14.480402672000828 0.55 0.55 0.55
v -7.525947323001532 5.441694791391355 15.252616494442055 0.55 0.55 0.55
v -7.525947323001532 5.441694791391355 15.252616494442055 0.55 0.55 0.55
v -7.842532496189302 10.719873630050625 14.480402672000828 0.55 0.55 0.55
v -2.791785699497303 8.889830489301644 14.924219289049283 0.55 0.55 0.55
v -3.7468099039539333 5.1248308264963125 18.434437421901556 0.55 0.55 0.55
v -3.7468099039539333 5.1248308264963125 18.434437421901556 0.55 0.55 0.55
v -2.791785699497303 8.889830489301644 14.924219289049283 0.55 0.55 0.55
v 0.4013708347847825 10.58615425333019 17.987932809845553 0.55 0.55 0.55
v 0.5667545337984918 5.590569912221651 19.879724175103085 0.55 0.55 0.55
v 0.5667545337984918 5.590569912221651 19.879724175103085 0.55 0.55 0.55
v 0.4013708347847825 10.58615425333019 17.987932809845553 0.55 0.55 0.55
v 3.281417453706673 13.475209864259135 21.092807312669823 0.55 0.55 0.55
v 4.845635391357039 7.040770525436997 19.420213884307387 0.55 0.55 0.55
v 4.845635391357039 7.040770525436997 19.420213884307387 0.55 0.55 0.55
v 3.281417453706673 13.475209864259135 21.092807312669823 0.55 0.55 0.55
v 9.073826440933859 10.52590991636399 22.04699095009912 0.55 0.55 0.55
v 10.175160199937489 5.556835056634785 19.510312695149253 0.55 0.55 0.55
v 10.175160199937489 5.556835056634785 19.510312695149253 0.55 0.55 0.55
v 9.073826440933859 10.52590991636399 22.04699095009912 0.55 0.55 0.55
v 14.314570883134175 10.114641114950606 21.49852450650173 0.55 0.55 0.55
v 15.126121669466555 5.390399862221825 19.00924500925313 0.55 0.55 0.55
v 15.126121669466555 5.390399862221825 19.00924500925313 0.0 0.0 0.0
v 14.314570883134175 10.114641114950606 21.49852450650173 0.0 0.0 0.0
v 19.33342246024407 10.387197894963677 19.65376154203135 0.0 0.0 0.0
v 14.314570883134175 10.114641114950606 21.49852450650173 0.0 0.0 0.0
v 13.004853639066342 15.162223613763024 23.003599136784093 0.0 0.0 0.0
v 19.33342246024407 10.387197894963677 19.65376154203135 0.0 0.0 0.0
v 9.073826440933859 10.52590991636399 22.04699095009912 1.0 1.0 1.0
v 13.004853639066342 15.162223613763024 23.003599136784093 1.0 1.0 1.0
v 14.314570883134175 10.114641114950606 21.49852450650173 1.0 1.0 1.0
v 9.073826440933859 10.52590991636399 22.04699095009912 1.0 1.0 1.0
v 10.855212640109524 20.073198220695335 23.94128048547231 1.0 1.0 1.0
v 13.004853639066342 15.162223613763024 23.003599136784093 1.0 1.0 1.0
v 13.004853639066342 15.162223613763024 23.003599136784093 0.0 0.0 1.0
v 10.855212640109524 20.073198220695335 23.94128048547231 0.0 0.0 1.0
v 16.50260372406929 17.32519621777587 22.356956643484075 0.0 0.0 1.0
v 19.33342246024407 10.387197894963677 19.65376154203135 0.0 0.0 1.0
v 16.50260372406929 17.32519621777587 22.356956643484075 0.0 0.0 0.0
v 14.42861872212507 22.803272829279717 23.165995651360422 0.0 0.0 0.0
v 19.33342246024407 10.387197894963677 19.65376154203135 0.0 0.0 0.0
v 10.855212640109524 20.073198220695335 23.94128048547231 1.0 1.0 1.0
v 14.42861872212507 22.803272829279717 23.165995651360422 1.0 1.0 1.0
v 16.50260372406929 17.32519621777587 22.356956643484075 1.0 1.0 1.0
v 10.855212640109524 20.073198220695335 23.94128048547231 1.0 1.0 1.0
v 11.902510027243835 28.14470490873143 22.86411562623159 1.0 1.0 1.0
v 14.42861872212507 22.803272829279717 23.165995651360422 1.0 1.0 1.0
v 14.42861872212507 22.803272829279717 23.165995651360422 0.55 0.55 0.55
v 11.902510027243835 28.14470490873143 22.86411562623159 0.55 0.55 0.55
v 19.26061938810946 15.754400818431947 21.016612399662154 0.55 0.55 0.55
v 19.33342246024407 10.387197894963677 19.65376154203135 0.55 0.55 0.55
v 19.33342246024407 10.387197894963677 19.65376154203135 0.55 0.55 0.55
v 19.26061938810946 15.754400818431947 21.016612399662154 0.55 0.55 0.55
v 23.806821980150566 10.46222609906632 17.211992251758634 0.55 0.55 0.55
v 23.21747738619506 5.427434022148116 15.20103966020338 0.55 0.55 0.55
v 23.21747738619506 5.427434022148116 15.20103966020338 0.55 0.55 0.55
v 23.806821980150566 10.46222609906632 17.211992251758634 0.55 0.55 0.55
v 27.63926478274211 9.840122764618123 13.770406249959914 0.55 0.55 0.55
v 26.460395009514663 4.802433777688947 11.770597853306935 0.55 0.55 0.55
v 26.460395009514663 4.802433777688947 11.770597853306935 0.55 0.55 0.55
v 27.63926478274211 9.840122764618123 13.770406249959914 0.55 0.55 0.55
v 31.57722114492242 7.519578727506078 9.933900778873662 0.55 0.55 0.55
v 29.599232311145975 3.159076855142832 8.053921041685848 0.55 0.55 0.55
v 29.599232311145975 3.159076855142832 8.053921041685848 0.0 0.0 0.0
v 31.57722114492242 7.519578727506078 9.933900778873662 0.0 0.0 0.0
v 38.08308342116255 8.744707474679569 8.26675865566846 0.0 0.0 0.0
v 31.57722114492242 7.519578727506078 9.933900778873662 0.0 0.0 0.0
v 31.766487734654014 12.229398906724853 10.913371603392212 0.0 0.0 0.0
v 38.08308342116255 8.744707474679569 8.26675865566846 0.0 0.0 0.0
v 27.63926478274211 9.840122764618123 13.770406249959914 0.55 0.55 0.55
v 27.933288195404234 15.182255028520341 15.14276840831614 0.55 0.55 0.55
v 31.766487734654014 12.229398906724853 10.913371603392212 0.55 0.55 0.55
v 31.57722114492242 7.519578727506078 9.933900778873662 0.55 0.55 0.55
v 23.806821980150566 10.46222609906632 17.211992251758634 0.55 0.55 0.55
v 23.66340604714111 15.825340611179874 18.148086963257573 0.55 0.55 0.55
v 27.933288195404234 15.182255028520341 15.14276840831614 0.55 0.55 0.55
v 27.63926478274211 9.840122764618123 13.770406249959914 0.55 0.55 0.55
v 19.26061938810946 15.754400818431947 21.016612399662154 1.0 1.0 1.0
v 23.66340604714111 15.825340611179874 18.148086963257573 1.0 1.0 1.0
v 23.806821980150566 10.46222609906632 17.211992251758634 1.0 1.0 1.0
v 19.26061938810946 15.754400818431947 21.016612399662154 1.0 1.0 1.0
v 23.508932028266976 21.185409654071197 19.216268629833223 1.0 1.0 1.0
v 23.66340604714111 15.825340611179874 18.148086963257573 1.0 1.0 1.0
v 23.66340604714111 15.825340611179874 18.148086963257573 0.55 0.55 0.55
v 23.508932028266976 21.185409654071197 19.216268629833223 0.55 0.55 0.55
v 27.778558060765754 20.657161728679476 15.993576373081364 0.55 0.55 0.55
v 27.933288195404234 15.182255028520341 15.14276840831614 0.55 0.55 0.55
v 27.933288195404234 15.182255028520341 15.14276840831614 0.55 0.55 0.55
v 27.778558060765754 20.657161728679476 15.993576373081364 0.55 0.55 0.55
v 31.892296357137372 17.219006657514274 12.214347704135042 0.55 0.55 0.55
v 31.766487734654014 12.229398906724853 10.913371603392212 0.55 0.55 0.55
v 31.766487734654014 12.229398906724853 10.913371603392212 0.55 0.55 0.55
v 31.892296357137372 17.219006657514274 12.214347704135042 0.55 0.55 0.55
v 37.72117771045514 14.19502620057937 8.398858517761818 0.55 0.55 0.55
v 38.08308342116255 8.744707474679569 8.26675865566846 0.55 0.55 0.55
v 38.08308342116255 8.744707474679569 8.26675865566846 0.0 1.0 0.0
v 37.72117771045514 14.19502620057937 8.398858517761818 0.0 1.0 0.0
v 35.34046855557567 25.303738205677398 5.098826973860293 0.0 1.0 0.0
v 39.65037178943437 6.0203990929841495 3.409170974222217 0.0 1.0 0.0
v 35.83233793289417 2.750072500504944 1.8274885735744881 0.0 1.0 0.0
v 35.83233793289417 2.750072500504944 1.8274885735744881 0.55 0.55 0.55
v 39.65037178943437 6.0203990929841495 3.409170974222217 0.55 0.55 0.55
v 43.4779850157243 11.581546593667039 -0.7184012560131493 0.55 0.55 0.55
v 39.793462315580996 5.681807822899991 -2.470438463049634 0.55 0.55 0.55
v 39.793462315580996 5.681807822899991 -2.470438463049634 0.0 0.0 0.0
v 43.4779850157243 11.581546593667039 -0.7184012560131493 0.0 0.0 0.0
v 41.35135008610127 13.724425798331133 -5.317159891452152 0.0 0.0 0.0
v 43.4779850157243 11.581546593667039 -0.7184012560131493 0.0 0.0 0.0
v 42.37693822441005 18.473508607826602 0.17451623789373444 0.0 0.0 0.0
v 41.35135008610127 13.724425798331133 -5.317159891452152 0.0 0.0 0.0
v 39.65037178943437 6.0203990929841495 3.409170974222217 0.55 0.55 0.55
v 41.76106505143958 10.644338751989144 4.639616841987905 0.55 0.55 0.55
v 42.37693822441005 18.473508607826602 0.17451623789373444 0.55 0.55 0.55
v 43.4779850157243 11.581546593667039 -0.7184012560131493 0.55 0.55 0.55
v 35.34046855557567 25.303738205677398 5.098826973860293 0.55 0.55 0.55
v 34.53310760767306 30.74653248493894 5.691741504982946 0.55 0.55 0.55
v 41.76106505143958 10.644338751989144 4.639616841987905 0.55 0.55 0.55
v 39.65037178943437 6.0203990929841495 3.409170974222217 0.55 0.55 0.55
v 37.72117771045514 14.19502620057937 8.398858517761818 1.0 1.0 1.0
v 34.53310760767306 30.74653248493894 5.691741504982946 1.0 1.0 1.0
v 35.34046855557567 25.303738205677398 5.098826973860293 1.0 1.0 1.0
v 37.72117771045514 14.19502620057937 8.398858517761818 1.0 1.0 1.0
v 32.548366976849685 35.91373366848175 6.2028435881231765 1.0 1.0 1.0
v 34.53310760767306 30.74653248493894 5.691741504982946 1.0 1.0 1.0
v 34.53310760767306 30.74653248493894 5.691741504982946 0.55 0.55 0.55
v 32.548366976849685 35.91373366848175 6.2028435881231765 0.55 0.55 0.55
v 41.326506208521 15.822185637605866 4.980388399937266 0.55 0.55 0.55
v 41.76106505143958 10.644338751989144 4.639616841987905 0.55 0.55 0.55
v 42.37693822441005 18.473508607826602 0.17451623789373444 1.0 0.0 0.0
v 41.76106505143958 10.644338751989144 4.639616841987905 1.0 0.0 0.0
v 41.326506208521 15.822185637605866 4.980388399937266 1.0 0.0 0.0
v 38.821943130831 18.353483826401593 -4.005355879909906 1.0 0.0 0.0
v 41.35135008610127 13.724425798331133 -5.317159891452152 1.0 0.0 0.0
v 41.35135008610127 13.724425798331133 -5.317159891452152 0.55 0.55 0.55
v 38.821943130831 18.353483826401593 -4.005355879909906 0.55 0.55 0.55
v 36.73508346343978 8.043875397450442 -8.53382947404675 0.55 0.55 0.55
v 34.03331496306466 3.578277169803335 -6.941681214273016 0.55 0.55 0.55
v 34.03331496306466 3.578277169803335 -6.941681214273016 0.55 0.55 0.55
v 36.73508346343978 8.043875397450442 -8.53382947404675 0.55 0.55 0.55
v 31.733386587892397 8.247496768541593 -10.341372136349733 0.55 0.55 0.55
v 29.29382756598882 3.519680832214187 -9.046751575279174 0.55 0.55 0.55
v 29.29382756598882 3.519680832214187 -9.046751575279174 0.55 0.55 0.55
v 31.733386587892397 8.247496768541593 -10.341372136349733 0.55 0.55 0.55
v 28.602447698796297 9.612791521241206 -13.716062999176929 0.55 0.55 0.55
v 26.116527444914556 4.9967520295892225 -12.089698676730018 0.55 0.55 0.55
v 26.116527444914556 4.9967520295892225 -12.089698676730018 0.55 0.55 0.55
v 28.602447698796297 9.612791521241206 -13.716062999176929 0.55 0.55 0.55
v 25.833576072497074 11.538671542337749 -18.366743526567014 0.55 0.55 0.55
v 24.96494689553603 6.515739803701938 -16.876249946067787 0.55 0.55 0.55
v 24.96494689553603 6.515739803701938 -16.876249946067787 0.55 0.55 0.55
v 25.833576072497074 11.538671542337749 -18.366743526567014 0.55 0.55 0.55
v 21.045122104699352 10.598677975602786 -21.594509772070655 0.55 0.55 0.55
v 20.564735212471433 5.427590986366155 -19.614796998535233 0.55 0.55 0.55
v 20.564735212471433 5.427590986366155 -19.614796998535233 0.55 0.55 0.55
v 21.045122104699352 10.598677975602786 -21.594509772070655 0.55 0.55 0.55
v 15.98389072858593 9.847655645291601 -22.9368466116809 0.55 0.55 0.55
v 15.867942781284588 4.957462558876054 -20.905189970027585 0.55 0.55 0.55
v 15.867942781284588 4.957462558876054 -20.905189970027585 0.0 0.0 0.0
v 15.98389072858593 9.847655645291601 -22.9368466116809 0.0 0.0 0.0
v 11.579761260696962 7.059477423011012 -22.696096835283605 0.0 0.0 0.0
v 15.98389072858593 9.847655645291601 -22.9368466116809 0.0 0.0 0.0
v 15.160011356007297 14.957111635443356 -24.149526692915845 0.0 0.0 0.0
v 11.579761260696962 7.059477423011012 -22.696096835283605 0.0 0.0 0.0
v 21.045122104699352 10.598677975602786 -21.594509772070655 0.55 0.55 0.55
v 20.079761281410477 15.998254677841011 -22.648747648597283 0.55 0.55 0.55
v 15.160011356007297 14.957111635443356 -24.149526692915845 0.55 0.55 0.55
v 15.98389072858593 9.847655645291601 -22.9368466116809 0.55 0.55 0.55
v 25.833576072497074 11.538671542337749 -18.366743526567014 0.55 0.55 0.55
v 25.77730083801263 16.80521016985888 -19.184625055218405 0.55 0.55 0.55
v 20.079761281410477 15.998254677841011 -22.648747648597283 0.55 0.55 0.55
v 21.045122104699352 10.598677975602786 -21.594509772070655 0.55 0.55 0.55
v 28.602447698796297 9.612791521241206 -13.716062999176929 0.55 0.55 0.55
v 29.645049273410127 14.797261551581625 -15.205436414023417 0.55 0.55 0.55
v 25.77730083801263 16.80521016985888 -19.184625055218405 0.55 0.55 0.55
v 25.833576072497074 11.538671542337749 -18.366743526567014 0.55 0.55 0.55
v 31.733386587892397 8.247496768541593 -10.341372136349733 0.55 0.55 0.55
v 32.57231768546573 13.592338508452693 -11.049635534402613 0.55 0.55 0.55
v 29.645049273410127 14.797261551581625 -15.205436414023417 0.55 0.55 0.55
v 28.602447698796297 9.612791521241206 -13.716062999176929 0.55 0.55 0.55
v 36.73508346343978 8.043875397450442 -8.53382947404675 0.55 0.55 0.55
v 37.01882860213481 13.380445620371201 -8.357399750502063 0.55 0.55 0.55
v 32.57231768546573 13.592338508452693 -11.049635534402613 0.55 0.55 0.55
v 31.733386587892397 8.247496768541593 -10.341372136349733 0.55 0.55 0.55
v 38.821943130831 18.353483826401593 -4.005355879909906 1.0 1.0 1.0
v 37.01882860213481 13.380445620371201 -8.357399750502063 1.0 1.0 1.0
v 36.73508346343978 8.043875397450442 -8.53382947404675 1.0 1.0 1.0
v 38.821943130831 18.353483826401593 -4.005355879909906 1.0 1.0 1.0
v 35.423638908477876 18.396656234114005 -7.766657402006828 1.0 1.0 1.0
v 37.01882860213481 13.380445620371201 -8.357399750502063 1.0 1.0 1.0
v 37.01882860213481 13.380445620371201 -8.357399750502063 0.55 0.55 0.55
v 35.423638908477876 18.396656234114005 -7.766657402006828 0.55 0.55 0.55
v 32.9707178246573 18.94661549503012 -12.158724887792738 0.55 0.55 0.55
v 32.57231768546573 13.592338508452693 -11.049635534402613 0.55 0.55 0.55
v 32.57231768546573 13.592338508452693 -11.049635534402613 0.55 0.55 0.55
v 32.9707178246573 18.94661549503012 -12.158724887792738 0.55 0.55 0.55
v 29.536329180560603 20.259391869704807 -15.914724805650835 0.55 0.55 0.55
v 29.645049273410127 14.797261551581625 -15.205436414023417 0.55 0.55 0.55
v 29.645049273410127 14.797261551581625 -15.205436414023417 0.55 0.55 0.55
v 29.536329180560603 20.259391869704807 -15.914724805650835 0.55 0.55 0.55
v 25.366445055751203 22.07773338306984 -19.672351266396515 0.55 0.55 0.55
v 25.77730083801263 16.80521016985888 -19.184625055218405 0.55 0.55 0.55
v 25.77730083801263 16.80521016985888 -19.184625055218405 0.0 1.0 0.0
v 25.366445055751203 22.07773338306984 -19.672351266396515 0.0 1.0 0.0
v 21.41548534231831 25.71236757582126 -21.54402335143829 0.0 1.0 0.0
v 18.403648440998737 21.278348001945794 -23.326548836623694 0.0 1.0 0.0
v 20.079761281410477 15.998254677841011 -22.648747648597283 0.0 1.0 0.0
v 20.079761281410477 15.998254677841011 -22.648747648597283 0.55 0.55 0.55
v 18.403648440998737 21.278348001945794 -23.326548836623694 0.55 0.55 0.55
v 13.81595500014549 20.015044550777038 -25.11777177247029 0.55 0.55 0.55
v 15.160011356007297 14.957111635443356 -24.149526692915845 0.55 0.55 0.55
v 15.160011356007297 14.957111635443356 -24.149526692915845 0.55 0.55 0.55
v 13.81595500014549 20.015044550777038 -25.11777177247029 0.55 0.55 0.55
v 10.582333308925847 12.280448944610551 -24.61026703725071 0.55 0.55 0.55
v 11.579761260696962 7.059477423011012 -22.696096835283605 0.55 0.55 0.55
v 11.579761260696962 7.059477423011012 -22.696096835283605 0.55 0.55 0.55
v 10.582333308925847 12.280448944610551 -24.61026703725071 0.55 0.55 0.55
v 5.946747434167754 10.29575524278485 -24.950059369241206 0.55 0.55 0.55
v 7.294966851750894 5.239124589744264 -22.471543772231595 0.55 0.55 0.55
v 7.294966851750894 5.239124589744264 -22.471543772231595 0.55 0.55 0.55
v 5.946747434167754 10.29575524278485 -24.950059369241206 0.55 0.55 0.55
v 0.6289474334797 12.12478592471947 -24.794594926260206 0.55 0.55 0.55
v 2.2057903646341495 6.343193831404244 -22.65585116599557 0.55 0.55 0.55
v 2.2057903646341495 6.343193831404244 -22.65585116599557 0.55 0.55 0.55
v 0.6289474334797 12.12478592471947 -24.794594926260206 0.55 0.55 0.55
v -2.9242954084073505 11.18950490564495 -21.746663553938337 0.55 0.55 0.55
v -2.3895231112563518 5.765090495933804 -21.435917586796144 0.55 0.55 0.55
v -2.3895231112563518 5.765090495933804 -21.435917586796144 0.55 0.55 0.55
v -2.9242954084073505 11.18950490564495 -21.746663553938337 0.55 0.55 0.55
v -4.92704121018174 8.704965752789791 -17.518605235923097 0.55 0.55 0.55
v -7.00597325750618 4.666004681060044 -19.997653620644222 0.55 0.55 0.55
v -7.00597325750618 4.666004681060044 -19.997653620644222 0.55 0.55 0.55
v -4.92704121018174 8.704965752789791 -17.518605235923097 0.55 0.55 0.55
v -7.302879068868156 8.003027879723458 -13.110911601391114 0.55 0.55 0.55
v -9.988231761939227 4.580652138763428 -16.10826153628455 0.55 0.55 0.55
v -9.988231761939227 4.580652138763428 -16.10826153628455 0.55 0.55 0.55
v -7.302879068868156 8.003027879723458 -13.110911601391114 0.55 0.55 0.55
v -12.107105440476921 9.27471839864504 -12.376000659905587 0.55 0.55 0.55
v -11.965980316932734 5.037811295367164 -13.008740169947417 0.55 0.55 0.55
v -11.965980316932734 5.037811295367164 -13.008740169947417 0.55 0.55 0.55
v -12.107105440476921 9.27471839864504 -12.376000659905587 0.55 0.55 0.55
v -18.63210917432333 10.126869818456885 -8.775370578697334 0.55 0.55 0.55
v -19.543928179811175 4.962157231740284 -9.114552326107003 0.55 0.55 0.55
v -18.63210917432333 10.126869818456885 -8.775370578697334 0.55 0.55 0.55
v -20.91057989238928 14.579114203042641 -10.440646517057534 0.55 0.55 0.55
v -21.882873856804732 12.586458519685948 -5.512513515167848 0.55 0.55 0.55
v -19.339227573026548 8.319959010486139 -4.288799103253476 0.55 0.55 0.55
v -19.339227573026548 8.319959010486139 -4.288799103253476 0.55 0.55 0.55
v -21.882873856804732 12.586458519685948 -5.512513515167848 0.55 0.55 0.55
v -22.4710436449372 12.153845127379167 -0.5129944228480731 0.55 0.55 0.55
v -18.04635814425444 9.3570196547202 -0.1356622757184961 0.55 0.55 0.55
v -18.04635814425444 9.3570196547202 -0.1356622757184961 0.55 0.55 0.55
v -22.4710436449372 12.153845127379167 -0.5129944228480731 0.55 0.55 0.55
v -21.62721784721165 12.739569535079301 4.345746021333892 0.55 0.55 0.55
v -17.141653432305063 9.685133089401099 4.71091003889324 0.55 0.55 0.55
v -17.141653432305063 9.685133089401099 4.71091003889324 0.0 0.0 1.0
v -21.62721784721165 12.739569535079301 4.345746021333892 0.0 0.0 1.0
v -23.13887252777576 14.653188046679592 7.938502772065242 0.0 0.0 1.0
v -20.246750496236853 16.258229726395854 11.801851323426037 0.0 0.0 1.0
v -23.13887252777576 14.653188046679592 7.938502772065242 0.0 0.0 0.0
v -27.50288609509528 17.651870458925988 7.84573182459123 0.0 0.0 0.0
v -20.246750496236853 16.258229726395854 11.801851323426037 0.0 0.0 0.0
v -21.62721784721165 12.739569535079301 4.345746021333892 0.55 0.55 0.55
v -26.38902799516531 15.444433215061519 3.4905977776363546 0.55 0.55 0.55
v -27.50288609509528 17.651870458925988 7.84573182459123 0.55 0.55 0.55
v -23.13887252777576 14.653188046679592 7.938502772065242 0.55 0.55 0.55
v -22.4710436449372 12.153845127379167 -0.5129944228480731 0.55 0.55 0.55
v -26.78535696090464 15.117333454130737 -1.276510996216657 0.55 0.55 0.55
v -26.38902799516531 15.444433215061519 3.4905977776363546 0.55 0.55 0.55
v -21.62721784721165 12.739569535079301 4.345746021333892 0.55 0.55 0.55
v -21.882873856804732 12.586458519685948 -5.512513515167848 0.0 1.0 0.0
v -25.109146544306565 15.919438677189271 -8.543873190389213 0.0 1.0 0.0
v -29.03099581672472 17.84526788629161 -6.188376033932824 0.0 1.0 0.0
v -26.78535696090464 15.117333454130737 -1.276510996216657 0.0 1.0 0.0
v -22.4710436449372 12.153845127379167 -0.5129944228480731 0.0 1.0 0.0
v -20.91057989238928 14.579114203042641 -10.440646517057534 0.55 0.55 0.55
v -23.27839679928062 18.640700010841535 -13.112799819635367 0.55 0.55 0.55
v -25.109146544306565 15.919438677189271 -8.543873190389213 0.55 0.55 0.55
v -21.882873856804732 12.586458519685948 -5.512513515167848 0.55 0.55 0.55
v -12.107105440476921 9.27471839864504 -12.376000659905587 0.55 0.55 0.55
v -15.94334617521985 12.516938414622665 -11.872670401407566 0.55 0.55 0.55
v -20.91057989238928 14.579114203042641 -10.440646517057534 0.55 0.55 0.55
v -18.63210917432333 10.126869818456885 -8.775370578697334 0.55 0.55 0.55
v -7.302879068868156 8.003027879723458 -13.110911601391114 0.55 0.55 0.55
v -8.767360509997298 12.773235614255293 -13.623950186994891 0.55 0.55 0.55
v -15.94334617521985 12.516938414622665 -11.872670401407566 0.55 0.55 0.55
v -12.107105440476921 9.27471839864504 -12.376000659905587 0.55 0.55 0.55
v -4.92704121018174 8.704965752789791 -17.518605235923097 0.55 0.55 0.55
v -5.396652096714871 13.949931556882209 -17.37516627781049 0.55 0.55 0.55
v -8.767360509997298 12.773235614255293 -13.623950186994891 0.55 0.55 0.55
v -7.302879068868156 8.003027879723458 -13.110911601391114 0.55 0.55 0.55
v -2.9242954084073505 11.18950490564495 -21.746663553938337 0.55 0.55 0.55
v -4.128846691192005 16.53327420672371 -22.0874443411724 0.55 0.55 0.55
v -5.396652096714871 13.949931556882209 -17.37516627781049 0.55 0.55 0.55
v -4.92704121018174 8.704965752789791 -17.518605235923097 0.55 0.55 0.55
v 0.6289474334797 12.12478592471947 -24.794594926260206 0.55 0.55 0.55
v -1.2837310294382025 18.02611514260775 -26.235450436010872 0.55 0.55 0.55
v -4.128846691192005 16.53327420672371 -22.0874443411724 0.55 0.55 0.55
v -2.9242954084073505 11.18950490564495 -21.746663553938337 0.55 0.55 0.55
v 5.946747434167754 10.29575524278485 -24.950059369241206 0.55 0.55 0.55
v 4.597626031172186 15.702416461149468 -26.5788661929188 0.55 0.55 0.55
v -1.2837310294382025 18.02611514260775 -26.235450436010872 0.55 0.55 0.55
v 0.6289474334797 12.12478592471947 -24.794594926260206 0.55 0.55 0.55
v 10.582333308925847 12.280448944610551 -24.61026703725071 0.55 0.55 0.55
v 9.296806475281201 17.61820050994378 -25.90806675130778 0.55 0.55 0.55
v 4.597626031172186 15.702416461149468 -26.5788661929188 0.55 0.55 0.55
v 5.946747434167754 10.29575524278485 -24.950059369241206 0.55 0.55 0.55
v 13.81595500014549 20.015044550777038 -25.11777177247029 0.55 0.55 0.55
v 12.330610443444979 25.121190153023512 -25.198304663431653 0.55 0.55 0.55
v 9.296806475281201 17.61820050994378 -25.90806675130778 0.55 0.55 0.55
v 10.582333308925847 12.280448944610551 -24.61026703725071 0.55 0.55 0.55
v 18.403648440998737 21.278348001945794 -23.326548836623694 1.0 1.0 1.0
v 12.330610443444979 25.121190153023512 -25.198304663431653 1.0 1.0 1.0
v 13.81595500014549 20.015044550777038 -25.11777177247029 1.0 1.0 1.0
v 18.403648440998737 21.278348001945794 -23.326548836623694 1.0 1.0 1.0
v 10.678885747359427 30.000753124691606 -24.0142136462645 1.0 1.0 1.0
v 12.330610443444979 25.121190153023512 -25.198304663431653 1.0 1.0 1.0
v 12.330610443444979 25.121190153023512 -25.198304663431653 0.55 0.55 0.55
v 10.678885747359427 30.000753124691606 -24.0142136462645 0.55 0.55 0.55
v 7.621372598463329 22.91484571565798 -26.924923780131156 0.55 0.55 0.55
v 9.296806475281201 17.61820050994378 -25.90806675130778 0.55 0.55 0.55
v 9.296806475281201 17.61820050994378 -25.90806675130778 0.55 0.55 0.55
v 7.621372598463329 22.91484571565798 -26.924923780131156 0.55 0.55 0.55
v 2.8338424969295146 21.17749801016924 -27.258120807631308 0.55 0.55 0.55
v 4.597626031172186 15.702416461149468 -26.5788661929188 0.55 0.55 0.55
v 4.597626031172186 15.702416461149468 -26.5788661929188 0.55 0.55 0.55
v 2.8338424969295146 21.17749801016924 -27.258120807631308 0.55 0.55 0.55
v -3.0692444087903943 24.10920091600542 -25.96870688019496 0.55 0.55 0.55
v -1.2837310294382025 18.02611514260775 -26.235450436010872 0.55 0.55 0.55
v -1.2837310294382025 18.02611514260775 -26.235450436010872 0.55 0.55 0.55
v -3.0692444087903943 24.10920091600542 -25.96870688019496 0.55 0.55 0.55
v -5.2639635586627955 21.896789099847766 -22.024353068284547 0.55 0.55 0.55
v -4.128846691192005 16.53327420672371 -22.0874443411724 0.55 0.55 0.55
v -4.128846691192005 16.53327420672371 -22.0874443411724 0.55 0.55 0.55
v -5.2639635586627955 21.896789099847766 -22.024353068284547 0.55 0.55 0.55
v -6.773604156832193 19.05955007081202 -17.709751827520538 0.55 0.55 0.55
v -5.396652096714871 13.949931556882209 -17.37516627781049 0.55 0.55 0.55
v -5.396652096714871 13.949931556882209 -17.37516627781049 0.55 0.55 0.55
v -6.773604156832193 19.05955007081202 -17.709751827520538 0.55 0.55 0.55
v -10.688071156917431 17.40624830905244 -15.37287237808737 0.55 0.55 0.55
v -8.767360509997298 12.773235614255293 -13.623950186994891 0.55 0.55 0.55
v -8.767360509997298 12.773235614255293 -13.623950186994891 0.55 0.55 0.55
v -10.688071156917431 17.40624830905244 -15.37287237808737 0.55 0.55 0.55
v -18.141471357007614 16.734399137939725 -13.922987819399479 0.55 0.55 0.55
v -15.94334617521985 12.516938414622665 -11.872670401407566 0.55 0.55 0.55
v -15.94334617521985 12.516938414622665 -11.872670401407566 0.55 0.55 0.55
v -18.141471357007614 16.734399137939725 -13.922987819399479 0.55 0.55 0.55
v -23.27839679928062 18.640700010841535 -13.112799819635367 0.55 0.55 0.55
v -20.91057989238928 14.579114203042641 -10.440646517057534 0.55 0.55 0.55
v -23.27839679928062 18.640700010841535 -13.112799819635367 0.55 0.55 0.55
v -25.300612388093825 23.302110178465576 -14.874071710467428 0.55 0.55 0.55
v -28.06845649491355 20.007068397123724 -10.943320517745557 0.55 0.55 0.55
v -25.109146544306565 15.919438677189271 -8.543873190389213 0.55 0.55 0.55
v -25.109146544306565 15.919438677189271 -8.543873190389213 0.55 0.55 0.55
v -28.06845649491355 20.007068397123724 -10.943320517745557 0.55 0.55 0.55
v -32.186190531792455 22.41152292849876 -7.334963624164601 0.55 0.55 0.55
v -29.03099581672472 17.84526788629161 -6.188376033932824 0.55 0.55 0.55
v -29.03099581672472 17.84526788629161 -6.188376033932824 0.55 0.55 0.55
v -32.186190531792455 22.41152292849876 -7.334963624164601 0.55 0.55 0.55
v -30.532562059731692 18.834185799754636 -1.8395651766266834 0.55 0.55 0.55
v -26.78535696090464 15.117333454130737 -1.276510996216657 0.55 0.55 0.55
v -26.78535696090464 15.117333454130737 -1.276510996216657 0.55 0.55 0.55
v -30.532562059731692 18.834185799754636 -1.8395651766266834 0.55 0.55 0.55
v -30.41250372939907 19.238858880410206 3.0579730011117334 0.55 0.55 0.55
v -26.38902799516531 15.444433215061519 3.4905977776363546 0.55 0.55 0.55
v -26.38902799516531 15.444433215061519 3.4905977776363546 0.55 0.55 0.55
v -30.41250372939907 19.238858880410206 3.0579730011117334 0.55 0.55 0.55
v -30.921203164460703 21.69853116872826 7.801738114092435 0.55 0.55 0.55
v -27.50288609509528 17.651870458925988 7.84573182459123 0.55 0.55 0.55
v -27.50288609509528 17.651870458925988 7.84573182459123 0.0 1.0 0.0
v -30.921203164460703 21.69853116872826 7.801738114092435 0.0 1.0 0.0
v -27.704788348579566 21.154072575625435 11.990166903530103 0.0 1.0 0.0
v -23.719482601854512 20.0184017754448 13.09495643633045 0.0 1.0 0.0
v -20.246750496236853 16.258229726395854 11.801851323426037 0.0 1.0 0.0
v -20.246750496236853 16.258229726395854 11.801851323426037 0.55 0.55 0.55
v -23.719482601854512 20.0184017754448 13.09495643633045 0.55 0.55 0.55
v -13.887358627085263 14.811920352967624 13.680888832936565 0.55 0.55 0.55
v -12.523663595573154 9.803625821364145 13.758180281724096 0.55 0.55 0.55
v -12.523663595573154 9.803625821364145 13.758180281724096 0.55 0.55 0.55
v -13.887358627085263 14.811920352967624 13.680888832936565 0.55 0.55 0.55
v -9.488057808012337 15.870824565884432 15.219044835239085 0.55 0.55 0.55
v -7.842532496189302 10.719873630050625 14.480402672000828 0.55 0.55 0.55
v -7.842532496189302 10.719873630050625 14.480402672000828 0.55 0.55 0.55
v -9.488057808012337 15.870824565884432 15.219044835239085 0.55 0.55 0.55
v -3.8071481252933803 13.869215914172868 13.91348827944772 0.55 0.55 0.55
v -2.791785699497303 8.889830489301644 14.924219289049283 0.55 0.55 0.55
v -2.791785699497303 8.889830489301644 14.924219289049283 0.55 0.55 0.55
v -3.8071481252933803 13.869215914172868 13.91348827944772 0.55 0.55 0.55
v -0.9049011928938683 16.021047543903116 17.47153276998678 0.55 0.55 0.55
v 0.4013708347847825 10.58615425333019 17.987932809845553 0.55 0.55 0.55
v 0.4013708347847825 10.58615425333019 17.987932809845553 0.55 0.55 0.55
v -0.9049011928938683 16.021047543903116 17.47153276998678 0.55 0.55 0.55
v 0.8004973207566303 19.815380397462043 21.723692849194276 0.55 0.55 0.55
v 3.281417453706673 13.475209864259135 21.092807312669823 0.55 0.55 0.55
v 3.281417453706673 13.475209864259135 21.092807312669823 0.55 0.55 0.55
v 0.8004973207566303 19.815380397462043 21.723692849194276 0.55 0.55 0.55
v 7.500320927507213 15.93834211430177 22.90764011554504 0.55 0.55 0.55
v 9.073826440933859 10.52590991636399 22.04699095009912 0.55 0.55 0.55
v 9.073826440933859 10.52590991636399 22.04699095009912 0.55 0.55 0.55
v 7.500320927507213 15.93834211430177 22.90764011554504 0.55 0.55 0.55
v 8.401047825110938 24.925422267356478 23.750316496312504 0.55 0.55 0.55
v 10.855212640109524 20.073198220695335 23.94128048547231 0.55 0.55 0.55
v 10.855212640109524 20.073198220695335 23.94128048547231 0.0 0.0 0.0
v 8.401047825110938 24.925422267356478 23.750316496312504 0.0 0.0 0.0
v 11.902510027243835 28.14470490873143 22.86411562623159 0.0 0.0 0.0
v 8.401047825110938 24.925422267356478 23.750316496312504 0.0 0.0 0.0
v 5.636328451837574 29.473052654438497 22.696528573288692 0.0 0.0 0.0
v 11.902510027243835 28.14470490873143 22.86411562623159 0.0 0.0 0.0
v 7.500320927507213 15.93834211430177 22.90764011554504 0.55 0.55 0.55
v 5.14267422194179 21.141116686241347 23.21092477607321 0.55 0.55 0.55
v 5.636328451837574 29.473052654438497 22.696528573288692 0.55 0.55 0.55
v 8.401047825110938 24.925422267356478 23.750316496312504 0.55 0.55 0.55
v 0.8004973207566303 19.815380397462043 21.723692849194276 0.55 0.55 0.55
v -2.121028681957338 25.691417818420625 20.528959451850994 0.55 0.55 0.55
v 5.14267422194179 21.141116686241347 23.21092477607321 0.55 0.55 0.55
v 7.500320927507213 15.93834211430177 22.90764011554504 0.55 0.55 0.55
v -0.9049011928938683 16.021047543903116 17.47153276998678 0.55 0.55 0.55
v -2.8464555511551017 21.297948562290358 17.376804643377696 0.55 0.55 0.55
v -2.121028681957338 25.691417818420625 20.528959451850994 0.55 0.55 0.55
v 0.8004973207566303 19.815380397462043 21.723692849194276 0.55 0.55 0.55
v -3.8071481252933803 13.869215914172868 13.91348827944772 0.55 0.55 0.55
v -5.541306652626329 18.749673296203596 14.726399883201026 0.55 0.55 0.55
v -2.8464555511551017 21.297948562290358 17.376804643377696 0.55 0.55 0.55
v -0.9049011928938683 16.021047543903116 17.47153276998678 0.55 0.55 0.55
v -9.488057808012337 15.870824565884432 15.219044835239085 0.55 0.55 0.55
v -12.20843711393866 20.588041052821435 15.594187671361867 0.55 0.55 0.55
v -5.541306652626329 18.749673296203596 14.726399883201026 0.55 0.55 0.55
v -3.8071481252933803 13.869215914172868 13.91348827944772 0.55 0.55 0.55
v -13.887358627085263 14.811920352967624 13.680888832936565 0.55 0.55 0.55
v -16.862084318297182 18.93148987209454 14.661864649161709 0.55 0.55 0.55
v -12.20843711393866 20.588041052821435 15.594187671361867 0.55 0.55 0.55
v -9.488057808012337 15.870824565884432 15.219044835239085 0.55 0.55 0.55
v -23.719482601854512 20.0184017754448 13.09495643633045 1.0 1.0 1.0
v -16.862084318297182 18.93148987209454 14.661864649161709 1.0 1.0 1.0
v -13.887358627085263 14.811920352967624 13.680888832936565 1.0 1.0 1.0
v -23.719482601854512 20.0184017754448 13.09495643633045 1.0 1.0 1.0
v -20.09963125320137 22.873691722294378 15.637027347947315 1.0 1.0 1.0
v -16.862084318297182 18.93148987209454 14.661864649161709 1.0 1.0 1.0
v -16.862084318297182 18.93148987209454 14.661864649161709 0.55 0.55 0.55
v -20.09963125320137 22.873691722294378 15.637027347947315 0.55 0.55 0.55
v -15.510461949750242 24.865159504824963 16.38796138804542 0.55 0.55 0.55
v -12.20843711393866 20.588041052821435 15.594187671361867 0.55 0.55 0.55
v -12.20843711393866 20.588041052821435 15.594187671361867 0.55 0.55 0.55
v -15.510461949750242 24.865159504824963 16.38796138804542 0.55 0.55 0.55
v -8.09121783832798 23.288805815560195 15.427371865011068 0.55 0.55 0.55
v -5.541306652626329 18.749673296203596 14.726399883201026 0.55 0.55 0.55
v -5.541306652626329 18.749673296203596 14.726399883201026 0.55 0.55 0.55
v -8.09121783832798 23.288805815560195 15.427371865011068 0.55 0.55 0.55
v -4.78662930777897 26.509740231361818 16.583291857731453 0.55 0.55 0.55
v -2.8464555511551017 21.297948562290358 17.376804643377696 0.55 0.55 0.55
v -2.121028681957338 25.691417818420625 20.528959451850994 1.0 0.0 0.0
v -2.8464555511551017 21.297948562290358 17.376804643377696 1.0 0.0 0.0
v -4.78662930777897 26.509740231361818 16.583291857731453 1.0 0.0 0.0
v 2.187803543174154 26.011444340759276 22.68601891179258 1.0 0.0 0.0
v 5.14267422194179 21.141116686241347 23.21092477607321 1.0 0.0 0.0
v 5.14267422194179 21.141116686241347 23.21092477607321 0.55 0.55 0.55
v 2.187803543174154 26.011444340759276 22.68601891179258 0.55 0.55 0.55
v 2.676411235378523 32.3645781833935 19.28760420611857 0.55 0.55 0.55
v 5.636328451837574 29.473052654438497 22.696528573288692 0.55 0.55 0.55
v 5.636328451837574 29.473052654438497 22.696528573288692 0.55 0.55 0.55
v 2.676411235378523 32.3645781833935 19.28760420611857 0.55 0.55 0.55
v 8.663030971457204 32.46895386506856 20.577551235932507 0.55 0.55 0.55
v 11.902510027243835 28.14470490873143 22.86411562623159 0.55 0.55 0.55
v 11.902510027243835 28.14470490873143 22.86411562623159 0.55 0.55 0.55
v 8.663030971457204 32.46895386506856 20.577551235932507 0.55 0.55 0.55
v 19.001478911602696 21.233919314550242 21.752376638583183 0.55 0.55 0.55
v 19.26061938810946 15.754400818431947 21.016612399662154 0.55 0.55 0.55
v 19.26061938810946 15.754400818431947 21.016612399662154 0.55 0.55 0.55
v 19.001478911602696 21.233919314550242 21.752376638583183 0.55 0.55 0.55
v 22.203421072988732 26.45383159544393 19.290692162268705 0.55 0.55 0.55
v 23.508932028266976 21.185409654071197 19.216268629833223 0.55 0.55 0.55
v 23.508932028266976 21.185409654071197 19.216268629833223 0.55 0.55 0.55
v 22.203421072988732 26.45383159544393 19.290692162268705 0.55 0.55 0.55
v 26.924084766977526 26.079405915951146 16.632427917666355 0.55 0.55 0.55
v 27.778558060765754 20.657161728679476 15.993576373081364 0.55 0.55 0.55
v 27.778558060765754 20.657161728679476 15.993576373081364 0.55 0.55 0.55
v 26.924084766977526 26.079405915951146 16.632427917666355 0.55 0.55 0.55
v 31.560671430773432 22.352443707768952 12.818144097506725 0.55 0.55 0.55
v 31.892296357137372 17.219006657514274 12.214347704135042 0.55 0.55 0.55
v 31.892296357137372 17.219006657514274 12.214347704135042 0.55 0.55 0.55
v 31.560671430773432 22.352443707768952 12.818144097506725 0.55 0.55 0.55
v 34.78976355541932 18.589875537887604 7.795944825966954 0.55 0.55 0.55
v 37.72117771045514 14.19502620057937 8.398858517761818 0.55 0.55 0.55
v 37.72117771045514 14.19502620057937 8.398858517761818 0.0 0.0 0.0
v 34.78976355541932 18.589875537887604 7.795944825966954 0.0 0.0 0.0
v 32.548366976849685 35.91373366848175 6.2028435881231765 0.0 0.0 0.0
v 34.78976355541932 18.589875537887604 7.795944825966954 0.0 0.0 0.0
v 33.9144528431606 24.06886507533189 8.648430980700658 0.0 0.0 0.0
v 32.548366976849685 35.91373366848175 6.2028435881231765 0.0 0.0 0.0
v 31.560671430773432 22.352443707768952 12.818144097506725 0.55 0.55 0.55
v 30.698818800857364 27.42744325356731 13.391787302422463 0.55 0.55 0.55
v 33.9144528431606 24.06886507533189 8.648430980700658 0.55 0.55 0.55
v 34.78976355541932 18.589875537887604 7.795944825966954 0.55 0.55 0.55
v 26.924084766977526 26.079405915951146 16.632427917666355 1.0 1.0 1.0
v 30.698818800857364 27.42744325356731 13.391787302422463 1.0 1.0 1.0
v 31.560671430773432 22.352443707768952 12.818144097506725 1.0 1.0 1.0
v 26.924084766977526 26.079405915951146 16.632427917666355 1.0 1.0 1.0
v 28.897360606306297 32.25478309450714 13.531341670754477 1.0 1.0 1.0
v 30.698818800857364 27.42744325356731 13.391787302422463 1.0 1.0 1.0
v 30.698818800857364 27.42744325356731 13.391787302422463 0.55 0.55 0.55
v 28.897360606306297 32.25478309450714 13.531341670754477 0.55 0.55 0.55
v 32.81627704168388 29.52737927561262 9.374421532842202 0.55 0.55 0.55
v 33.9144528431606 24.06886507533189 8.648430980700658 0.55 0.55 0.55
v 33.9144528431606 24.06886507533189 8.648430980700658 0.0 0.0 0.0
v 32.81627704168388 29.52737927561262 9.374421532842202 0.0 0.0 0.0
v 32.548366976849685 35.91373366848175 6.2028435881231765 0.0 0.0 0.0
v 32.81627704168388 29.52737927561262 9.374421532842202 0.0 0.0 0.0
v 30.995746699463172 34.815355206319694 9.758743121369442 0.0 0.0 0.0
v 32.548366976849685 35.91373366848175 6.2028435881231765 0.0 0.0 0.0
v 28.897360606306297 32.25478309450714 13.531341670754477 0.55 0.55 0.55
v 26.37994999837993 36.74172539157331 12.940006440945362 0.55 0.55 0.55
v 30.995746699463172 34.815355206319694 9.758743121369442 0.55 0.55 0.55
v 32.81627704168388 29.52737927561262 9.374421532842202 0.55 0.55 0.55
v 26.924084766977526 26.079405915951146 16.632427917666355 0.55 0.55 0.55
v 25.155779068236896 31.314681859219466 16.797972719946113 0.55 0.55 0.55
v 26.37994999837993 36.74172539157331 12.940006440945362 0.55 0.55 0.55
v 28.897360606306297 32.25478309450714 13.531341670754477 0.55 0.55 0.55
v 22.203421072988732 26.45383159544393 19.290692162268705 0.55 0.55 0.55
v 20.103679197036225 31.46743973210648 18.715356731283624 0.55 0.55 0.55
v 25.155779068236896 31.314681859219466 16.797972719946113 0.55 0.55 0.55
v 26.924084766977526 26.079405915951146 16.632427917666355 0.55 0.55 0.55
v 19.001478911602696 21.233919314550242 21.752376638583183 0.55 0.55 0.55
v 17.528127034873354 26.55926671631838 21.676869284137165 0.55 0.55 0.55
v 20.103679197036225 31.46743973210648 18.715356731283624 0.55 0.55 0.55
v 22.203421072988732 26.45383159544393 19.290692162268705 0.55 0.55 0.55
v 8.663030971457204 32.46895386506856 20.577551235932507 1.0 1.0 1.0
v 17.528127034873354 26.55926671631838 21.676869284137165 1.0 1.0 1.0
v 19.001478911602696 21.233919314550242 21.752376638583183 1.0 1.0 1.0
v 8.663030971457204 32.46895386506856 20.577551235932507 1.0 1.0 1.0
v 14.92685786522184 31.239179203883396 20.478374458232857 1.0 1.0 1.0
v 17.528127034873354 26.55926671631838 21.676869284137165 1.0 1.0 1.0
v 17.528127034873354 26.55926671631838 21.676869284137165 0.55 0.55 0.55
v 14.92685786522184 31.239179203883396 20.478374458232857 0.55 0.55 0.55
v 17.031793853909363 35.65518727807875 17.253696258263066 0.55 0.55 0.55
v 20.103679197036225 31.46743973210648 18.715356731283624 0.55 0.55 0.55
v 20.103679197036225 31.46743973210648 18.715356731283624 0.55 0.55 0.55
v 17.031793853909363 35.65518727807875 17.253696258263066 0.55 0.55 0.55
v 22.52882342724696 36.08852125910115 15.827633291788235 0.55 0.55 0.55
v 25.155779068236896 31.314681859219466 16.797972719946113 0.55 0.55 0.55
v 25.155779068236896 31.314681859219466 16.797972719946113 0.55 0.55 0.55
v 22.52882342724696 36.08852125910115 15.827633291788235 0.55 0.55 0.55
v 23.438834469205183 40.86194042059093 11.874743410779956 0.55 0.55 0.55
v 26.37994999837993 36.74172539157331 12.940006440945362 0.55 0.55 0.55
v 26.37994999837993 36.74172539157331 12.940006440945362 0.55 0.55 0.55
v 23.438834469205183 40.86194042059093 11.874743410779956 0.55 0.55 0.55
v 28.631980813680016 39.876496662151396 9.275353473518098 0.55 0.55 0.55
v 30.995746699463172 34.815355206319694 9.758743121369442 0.55 0.55 0.55
v 30.995746699463172 34.815355206319694 9.758743121369442 0.55 0.55 0.55
v 28.631980813680016 39.876496662151396 9.275353473518098 0.55 0.55 0.55
v 29.64623267922258 40.625807850053356 6.573842488120219 0.55 0.55 0.55
v 32.548366976849685 35.91373366848175 6.2028435881231765 0.55 0.55 0.55
v 32.548366976849685 35.91373366848175 6.2028435881231765 0.55 0.55 0.55
v 29.64623267922258 40.625807850053356 6.573842488120219 0.55 0.55 0.55
v 38.35850819511957 19.469812480166983 2.970970917877991 0.55 0.55 0.55
v 41.326506208521 15.822185637605866 4.980388399937266 0.55 0.55 0.55
v 41.326506208521 15.822185637605866 4.980388399937266 0.55 0.55 0.55
v 38.35850819511957 19.469812480166983 2.970970917877991 0.55 0.55 0.55
v 36.60705830689229 23.109185944805933 -3.1529016705039723 0.55 0.55 0.55
v 38.821943130831 18.353483826401593 -4.005355879909906 0.55 0.55 0.55
v 38.821943130831 18.353483826401593 -4.005355879909906 0.55 0.55 0.55
v 36.60705830689229 23.109185944805933 -3.1529016705039723 0.55 0.55 0.55
v 35.21560527189018 23.90430500541846 -8.008458304666046 0.55 0.55 0.55
v 35.423638908477876 18.396656234114005 -7.766657402006828 0.55 0.55 0.55
v 35.423638908477876 18.396656234114005 -7.766657402006828 0.55 0.55 0.55
v 35.21560527189018 23.90430500541846 -8.008458304666046 0.55 0.55 0.55
v 32.94455869651957 24.4280712080648 -12.597143687478026 0.55 0.55 0.55
v 32.9707178246573 18.94661549503012 -12.158724887792738 0.55 0.55 0.55
v 32.9707178246573 18.94661549503012 -12.158724887792738 0.55 0.55 0.55
v 32.94455869651957 24.4280712080648 -12.597143687478026 0.55 0.55 0.55
v 29.27743590554804 25.720044420469126 -16.506352703893803 0.55 0.55 0.55
v 29.536329180560603 20.259391869704807 -15.914724805650835 0.55 0.55 0.55
v 29.536329180560603 20.259391869704807 -15.914724805650835 0.55 0.55 0.55
v 29.27743590554804 25.720044420469126 -16.506352703893803 0.55 0.55 0.55
v 24.10501276419831 27.243744861407645 -19.541378450185437 0.55 0.55 0.55
v 25.366445055751203 22.07773338306984 -19.672351266396515 0.55 0.55 0.55
v 21.41548534231831 25.71236757582126 -21.54402335143829 1.0 1.0 0.0
v 25.366445055751203 22.07773338306984 -19.672351266396515 1.0 1.0 0.0
v 24.10501276419831 27.243744861407645 -19.541378450185437 1.0 1.0 0.0
v 18.403648440998737 21.278348001945794 -23.326548836623694 1.0 1.0 0.0
v 24.10501276419831 27.243744861407645 -19.541378450185437 0.0 0.0 0.0
v 21.286444036782985 31.716352391793677 -19.084411400439823 0.0 0.0 0.0
v 18.403648440998737 21.278348001945794 -23.326548836623694 0.0 0.0 0.0
v 29.27743590554804 25.720044420469126 -16.506352703893803 0.55 0.55 0.55
v 27.42369903209403 30.871291786741082 -16.430504461277746 0.55 0.55 0.55
v 21.286444036782985 31.716352391793677 -19.084411400439823 0.55 0.55 0.55
v 24.10501276419831 27.243744861407645 -19.541378450185437 0.55 0.55 0.55
v 32.94455869651957 24.4280712080648 -12.597143687478026 0.55 0.55 0.55
v 31.911005336303106 29.765269502964934 -12.79916037442235 0.55 0.55 0.55
v 27.42369903209403 30.871291786741082 -16.430504461277746 0.55 0.55 0.55
v 29.27743590554804 25.720044420469126 -16.506352703893803 0.55 0.55 0.55
v 35.21560527189018 23.90430500541846 -8.008458304666046 0.55 0.55 0.55
v 34.50350832385237 29.361363233668666 -8.14362431856237 0.55 0.55 0.55
v 31.911005336303106 29.765269502964934 -12.79916037442235 0.55 0.55 0.55
v 32.94455869651957 24.4280712080648 -12.597143687478026 0.55 0.55 0.55
v 36.60705830689229 23.109185944805933 -3.1529016705039723 0.55 0.55 0.55
v 35.768963752238 28.66448846919432 -3.3002618624192643 0.55 0.55 0.55
v 34.50350832385237 29.361363233668666 -8.14362431856237 0.55 0.55 0.55
v 35.21560527189018 23.90430500541846 -8.008458304666046 0.55 0.55 0.55
v 38.35850819511957 19.469812480166983 2.970970917877991 0.55 0.55 0.55
v 36.5185024682413 24.090648010554435 2.388285930677076 0.55 0.55 0.55
v 35.768963752238 28.66448846919432 -3.3002618624192643 0.55 0.55 0.55
v 36.60705830689229 23.109185944805933 -3.1529016705039723 0.55 0.55 0.55
v 29.64623267922258 40.625807850053356 6.573842488120219 1.0 1.0 1.0
v 36.5185024682413 24.090648010554435 2.388285930677076 1.0 1.0 1.0
v 38.35850819511957 19.469812480166983 2.970970917877991 1.0 1.0 1.0
v 29.64623267922258 40.625807850053356 6.573842488120219 1.0 1.0 1.0
v 35.485772240672944 29.231569298359695 1.671071426149663 1.0 1.0 1.0
v 36.5185024682413 24.090648010554435 2.388285930677076 1.0 1.0 1.0
v 36.5185024682413 24.090648010554435 2.388285930677076 0.55 0.55 0.55
v 35.485772240672944 29.231569298359695 1.671071426149663 0.55 0.55 0.55
v 34.121396529256366 34.02568549968682 -3.354221986168407 0.55 0.55 0.55
v 35.768963752238 28.66448846919432 -3.3002618624192643 0.55 0.55 0.55
v 35.768963752238 28.66448846919432 -3.3002618624192643 0.55 0.55 0.55
v 34.121396529256366 34.02568549968682 -3.354221986168407 0.55 0.55 0.55
v 32.60085601820809 34.53713617182179 -8.344081013813035 0.55 0.55 0.55
v 34.50350832385237 29.361363233668666 -8.14362431856237 0.55 0.55 0.55
v 34.50350832385237 29.361363233668666 -8.14362431856237 0.0 0.0 0.0
v 32.60085601820809 34.53713617182179 -8.344081013813035 0.0 0.0 0.0
v 31.911005336303106 29.765269502964934 -12.79916037442235 0.0 0.0 0.0
v 32.60085601820809 34.53713617182179 -8.344081013813035 0.0 0.0 0.0
v 29.882309947752773 39.33939120945442 -8.299213433197389 0.0 0.0 0.0
v 31.911005336303106 29.765269502964934 -12.79916037442235 0.0 0.0 0.0
v 34.121396529256366 34.02568549968682 -3.354221986168407 0.55 0.55 0.55
v 31.498044308340006 38.982465450402756 -3.430179778304484 0.55 0.55 0.55
v 29.882309947752773 39.33939120945442 -8.299213433197389 0.55 0.55 0.55
v 32.60085601820809 34.53713617182179 -8.344081013813035 0.55 0.55 0.55
v 35.485772240672944 29.231569298359695 1.671071426149663 0.55 0.55 0.55
v 33.797370388007316 34.24161237869094 1.6384886013900133 0.55 0.55 0.55
v 31.498044308340006 38.982465450402756 -3.430179778304484 0.55 0.55 0.55
v 34.121396529256366 34.02568549968682 -3.354221986168407 0.55 0.55 0.55
v 29.64623267922258 40.625807850053356 6.573842488120219 1.0 1.0 1.0
v 33.797370388007316 34.24161237869094 1.6384886013900133 1.0 1.0 1.0
v 35.485772240672944 29.231569298359695 1.671071426149663 1.0 1.0 1.0
v 29.64623267922258 40.625807850053356 6.573842488120219 1.0 1.0 1.0
v 31.367616242897746 38.93760913422142 1.5958928006349276 1.0 1.0 1.0
v 33.797370388007316 34.24161237869094 1.6384886013900133 1.0 1.0 1.0
v 33.797370388007316 34.24161237869094 1.6384886013900133 0.55 0.55 0.55
v 31.367616242897746 38.93760913422142 1.5958928006349276 0.55 0.55 0.55
v 28.055887139575535 43.41295620226863 -3.4793491567629715 0.55 0.55 0.55
v 31.498044308340006 38.982465450402756 -3.430179778304484 0.55 0.55 0.55
v 31.498044308340006 38.982465450402756 -3.430179778304484 0.55 0.55 0.55
v 28.055887139575535 43.41295620226863 -3.4793491567629715 0.55 0.55 0.55
v 26.254357545415246 43.48492491449806 -8.31213616159653 0.55 0.55 0.55
v 29.882309947752773 39.33939120945442 -8.299213433197389 0.55 0.55 0.55
v 29.882309947752773 39.33939120945442 -8.299213433197389 0.55 0.55 0.55
v 26.254357545415246 43.48492491449806 -8.31213616159653 0.55 0.55 0.55
v 29.726797589183427 34.81707691037147 -12.823396676925169 0.55 0.55 0.55
v 31.911005336303106 29.765269502964934 -12.79916037442235 0.55 0.55 0.55
v 31.911005336303106 29.765269502964934 -12.79916037442235 0.55 0.55 0.55
v 29.726797589183427 34.81707691037147 -12.823396676925169 0.55 0.55 0.55
v 24.553769401604924 35.556552336945714 -16.25734284731772 0.55 0.55 0.55
v 27.42369903209403 30.871291786741082 -16.430504461277746 0.55 0.55 0.55
v 27.42369903209403 30.871291786741082 -16.430504461277746 0.55 0.55 0.55
v 24.553769401604924 35.556552336945714 -16.25734284731772 0.55 0.55 0.55
v 18.058798145323056 35.76458124204585 -17.876061163887815 0.55 0.55 0.55
v 21.286444036782985 31.716352391793677 -19.084411400439823 0.55 0.55 0.55
v 21.286444036782985 31.716352391793677 -19.084411400439823 0.55 0.55 0.55
v 18.058798145323056 35.76458124204585 -17.876061163887815 0.55 0.55 0.55
v 17.15040836556946 26.719320891671906 -23.190826857235987 0.55 0.55 0.55
v 18.403648440998737 21.278348001945794 -23.326548836623694 0.55 0.55 0.55
v 18.403648440998737 21.278348001945794 -23.326548836623694 0.55 0.55 0.55
v 17.15040836556946 26.719320891671906 -23.190826857235987 0.55 0.55 0.55
v 7.974389434539068 33.4231808626949 -21.07351657440004 0.55 0.55 0.55
v 10.678885747359427 30.000753124691606 -24.0142136462645 0.55 0.55 0.55
v 10.678885747359427 30.000753124691606 -24.0142136462645 0.55 0.55 0.55
v 7.974389434539068 33.4231808626949 -21.07351657440004 0.55 0.55 0.55
v 6.10051622573036 28.256632189538177 -26.194580937878055 0.55 0.55 0.55
v 7.621372598463329 22.91484571565798 -26.924923780131156 0.55 0.55 0.55
v 7.621372598463329 22.91484571565798 -26.924923780131156 0.55 0.55 0.55
v 6.10051622573036 28.256632189538177 -26.194580937878055 0.55 0.55 0.55
v 1.329548201993453 26.701865897245273 -26.587008456082906 0.55 0.55 0.55
v 2.8338424969295146 21.17749801016924 -27.258120807631308 0.55 0.55 0.55
v -3.0692444087903943 24.10920091600542 -25.96870688019496 1.0 0.0 0.0
v 2.8338424969295146 21.17749801016924 -27.258120807631308 1.0 0.0 0.0
v 1.329548201993453 26.701865897245273 -26.587008456082906 1.0 0.0 0.0
v -5.344399695968843 27.25104092969665 -20.904358475607935 1.0 0.0 0.0
v -5.2639635586627955 21.896789099847766 -22.024353068284547 1.0 0.0 0.0
v -5.2639635586627955 21.896789099847766 -22.024353068284547 0.55 0.55 0.55
v -5.344399695968843 27.25104092969665 -20.904358475607935 0.55 0.55 0.55
v -8.253486387770783 24.11149143002282 -18.170184793436434 0.55 0.55 0.55
v -6.773604156832193 19.05955007081202 -17.709751827520538 0.55 0.55 0.55
v -6.773604156832193 19.05955007081202 -17.709751827520538 0.55 0.55 0.55
v -8.253486387770783 24.11149143002282 -18.170184793436434 0.55 0.55 0.55
v -12.47165705936672 22.173757534070756 -16.89123623606493 0.55 0.55 0.55
v -10.688071156917431 17.40624830905244 -15.37287237808737 0.55 0.55 0.55
v -10.688071156917431 17.40624830905244 -15.37287237808737 0.55 0.55 0.55
v -12.47165705936672 22.173757534070756 -16.89123623606493 0.55 0.55 0.55
v -19.963231537801548 20.950222988077062 -16.3468776294419 0.55 0.55 0.55
v -18.141471357007614 16.734399137939725 -13.922987819399479 0.55 0.55 0.55
v -18.141471357007614 16.734399137939725 -13.922987819399479 0.55 0.55 0.55
v -19.963231537801548 20.950222988077062 -16.3468776294419 0.55 0.55 0.55
v -25.300612388093825 23.302110178465576 -14.874071710467428 0.55 0.55 0.55
v -23.27839679928062 18.640700010841535 -13.112799819635367 0.55 0.55 0.55
v -25.300612388093825 23.302110178465576 -14.874071710467428 0.55 0.55 0.55
v -26.619611483197925 28.51070063492365 -15.00597864412933 0.55 0.55 0.55
v -30.22325086342135 25.005751596097372 -12.130051038819913 0.55 0.55 0.55
v -28.06845649491355 20.007068397123724 -10.943320517745557 0.55 0.55 0.55
v -28.06845649491355 20.007068397123724 -10.943320517745557 0.55 0.55 0.55
v -30.22325086342135 25.005751596097372 -12.130051038819913 0.55 0.55 0.55
v -33.560539687381784 27.869365070700997 -8.023859364952333 0.55 0.55 0.55
v -32.186190531792455 22.41152292849876 -7.334963624164601 0.55 0.55 0.55
v -32.186190531792455 22.41152292849876 -7.334963624164601 0.55 0.55 0.55
v -33.560539687381784 27.869365070700997 -8.023859364952333 0.55 0.55 0.55
v -33.59926843458099 23.11827913913693 -2.455971223482351 0.55 0.55 0.55
v -30.532562059731692 18.834185799754636 -1.8395651766266834 0.55 0.55 0.55
v -30.532562059731692 18.834185799754636 -1.8395651766266834 0.55 0.55 0.55
v -33.59926843458099 23.11827913913693 -2.455971223482351 0.55 0.55 0.55
v -33.69161466667826 23.687531656910995 2.5978102887134553 0.55 0.55 0.55
v -30.41250372939907 19.238858880410206 3.0579730011117334 0.55 0.55 0.55
v -30.41250372939907 19.238858880410206 3.0579730011117334 0.55 0.55 0.55
v -33.69161466667826 23.687531656910995 2.5978102887134553 0.55 0.55 0.55
v -33.38962905036273 26.34631006038297 7.251124616615169 0.55 0.55 0.55
v -30.921203164460703 21.69853116872826 7.801738114092435 0.55 0.55 0.55
v -27.704788348579566 21.154072575625435 11.990166903530103 1.0 0.0 0.0
v -30.921203164460703 21.69853116872826 7.801738114092435 1.0 0.0 0.0
v -33.38962905036273 26.34631006038297 7.251124616615169 1.0 0.0 0.0
v -26.856241404509703 24.22960365028073 13.524758243452402 1.0 0.0 0.0
v -23.719482601854512 20.0184017754448 13.09495643633045 1.0 0.0 0.0
v -23.719482601854512 20.0184017754448 13.09495643633045 0.0 0.0 0.0
v -26.856241404509703 24.22960365028073 13.524758243452402 0.0 0.0 0.0
v -20.09963125320137 22.873691722294378 15.637027347947315 0.0 0.0 0.0
v -26.856241404509703 24.22960365028073 13.524758243452402 0.0 0.0 0.0
v -30.08410171244745 28.034095870802982 12.314851728238562 0.0 0.0 0.0
v -20.09963125320137 22.873691722294378 15.637027347947315 0.0 0.0 0.0
v -33.38962905036273 26.34631006038297 7.251124616615169 1.0 1.0 1.0
v -30.08410171244745 28.034095870802982 12.314851728238562 1.0 1.0 1.0
v -26.856241404509703 24.22960365028073 13.524758243452402 1.0 1.0 1.0
v -33.38962905036273 26.34631006038297 7.251124616615169 1.0 1.0 1.0
v -31.881935607297798 32.73976739288114 10.754477810616434 1.0 1.0 1.0
v -30.08410171244745 28.034095870802982 12.314851728238562 1.0 1.0 1.0
v -30.08410171244745 28.034095870802982 12.314851728238562 0.55 0.55 0.55
v -31.881935607297798 32.73976739288114 10.754477810616434 0.55 0.55 0.55
v -23.15636237704748 27.070254878397307 16.029337291876864 0.55 0.55 0.55
v -20.09963125320137 22.873691722294378 15.637027347947315 0.55 0.55 0.55
v -20.09963125320137 22.873691722294378 15.637027347947315 0.55 0.55 0.55
v -23.15636237704748 27.070254878397307 16.029337291876864 0.55 0.55 0.55
v -18.665953485756372 29.311187899642963 16.505369552312466 0.55 0.55 0.55
v -15.510461949750242 24.865159504824963 16.38796138804542 0.55 0.55 0.55
v -15.510461949750242 24.865159504824963 16.38796138804542 0.55 0.55 0.55
v -18.665953485756372 29.311187899642963 16.505369552312466 0.55 0.55 0.55
v -11.222300727725306 27.490159061134804 15.621126164869349 0.55 0.55 0.55
v -8.09121783832798 23.288805815560195 15.427371865011068 0.55 0.55 0.55
v -8.09121783832798 23.288805815560195 15.427371865011068 0.0 0.0 0.0
v -11.222300727725306 27.490159061134804 15.621126164869349 0.0 0.0 0.0
v -4.78662930777897 26.509740231361818 16.583291857731453 0.0 0.0 0.0
v -11.222300727725306 27.490159061134804 15.621126164869349 0.0 0.0 0.0
v -14.093346080028047 31.85308779395089 15.886638750533585 0.0 0.0 0.0
v -4.78662930777897 26.509740231361818 16.583291857731453 0.0 0.0 0.0
v -18.665953485756372 29.311187899642963 16.505369552312466 1.0 1.0 1.0
v -14.093346080028047 31.85308779395089 15.886638750533585 1.0 1.0 1.0
v -11.222300727725306 27.490159061134804 15.621126164869349 1.0 1.0 1.0
v -18.665953485756372 29.311187899642963 16.505369552312466 1.0 1.0 1.0
v -16.690032373553677 36.326565807410056 14.966708522642033 1.0 1.0 1.0
v -14.093346080028047 31.85308779395089 15.886638750533585 1.0 1.0 1.0
v -14.093346080028047 31.85308779395089 15.886638750533585 0.55 0.55 0.55
v -16.690032373553677 36.326565807410056 14.966708522642033 0.55 0.55 0.55
v -7.924781683300375 31.114729094666 16.063930448377345 0.55 0.55 0.55
v -4.78662930777897 26.509740231361818 16.583291857731453 0.55 0.55 0.55
v -4.78662930777897 26.509740231361818 16.583291857731453 0.55 0.55 0.55
v -7.924781683300375 31.114729094666 16.063930448377345 0.55 0.55 0.55
v -0.784617982917608 29.726544144613726 19.619349166632023 0.55 0.55 0.55
v 2.187803543174154 26.011444340759276 22.68601891179258 0.55 0.55 0.55
v 2.676411235378523 32.3645781833935 19.28760420611857 1.0 1.0 0.0
v 2.187803543174154 26.011444340759276 22.68601891179258 1.0 1.0 0.0
v -0.784617982917608 29.726544144613726 19.619349166632023 1.0 1.0 0.0
v 8.663030971457204 32.46895386506856 20.577551235932507 1.0 1.0 0.0
v -0.784617982917608 29.726544144613726 19.619349166632023 0.0 0.0 0.0
v -3.428026229486087 33.68844598309927 16.70932955409885 0.0 0.0 0.0
v 8.663030971457204 32.46895386506856 20.577551235932507 0.0 0.0 0.0
v -7.924781683300375 31.114729094666 16.063930448377345 1.0 1.0 1.0
v -3.428026229486087 33.68844598309927 16.70932955409885 1.0 1.0 1.0
v -0.784617982917608 29.726544144613726 19.619349166632023 1.0 1.0 1.0
v -7.924781683300375 31.114729094666 16.063930448377345 1.0 1.0 1.0
v -6.369460097063925 37.771602018235825 13.974160730017962 1.0 1.0 1.0
v -3.428026229486087 33.68844598309927 16.70932955409885 1.0 1.0 1.0
v -3.428026229486087 33.68844598309927 16.70932955409885 0.55 0.55 0.55
v -6.369460097063925 37.771602018235825 13.974160730017962 0.55 0.55 0.55
v 4.906216808545021 35.24383326049759 16.92027008929932 0.55 0.55 0.55
v 8.663030971457204 32.46895386506856 20.577551235932507 0.55 0.55 0.55
v 8.663030971457204 32.46895386506856 20.577551235932507 0.55 0.55 0.55
v 4.906216808545021 35.24383326049759 16.92027008929932 0.55 0.55 0.55
v 11.745737011352356 34.81848887836036 17.742223169481015 0.55 0.55 0.55
v 14.92685786522184 31.239179203883396 20.478374458232857 0.55 0.55 0.55
v 14.92685786522184 31.239179203883396 20.478374458232857 0.55 0.55 0.55
v 11.745737011352356 34.81848887836036 17.742223169481015 0.55 0.55 0.55
v 13.484643289337516 39.37881808028479 15.62381379569674 0.55 0.55 0.55
v 17.031793853909363 35.65518727807875 17.253696258263066 0.55 0.55 0.55
v 17.031793853909363 35.65518727807875 17.253696258263066 0.55 0.55 0.55
v 13.484643289337516 39.37881808028479 15.62381379569674 0.55 0.55 0.55
v 18.892424532963954 39.962947138012524 14.247925545660848 0.55 0.55 0.55
v 22.52882342724696 36.08852125910115 15.827633291788235 0.55 0.55 0.55
v 22.52882342724696 36.08852125910115 15.827633291788235 0.0 0.0 0.0
v 18.892424532963954 39.962947138012524 14.247925545660848 0.0 0.0 0.0
v 23.438834469205183 40.86194042059093 11.874743410779956 0.0 0.0 0.0
v 18.892424532963954 39.962947138012524 14.247925545660848 0.0 0.0 0.0
v 14.590556499475564 43.30164514266668 13.222868389582633 0.0 0.0 0.0
v 23.438834469205183 40.86194042059093 11.874743410779956 0.0 0.0 0.0
v 13.484643289337516 39.37881808028479 15.62381379569674 0.55 0.55 0.55
v 9.725076271569353 42.963921562648416 14.021540803688998 0.55 0.55 0.55
v 14.590556499475564 43.30164514266668 13.222868389582633 0.55 0.55 0.55
v 18.892424532963954 39.962947138012524 14.247925545660848 0.55 0.55 0.55
v 11.745737011352356 34.81848887836036 17.742223169481015 0.55 0.55 0.55
v 8.368243509871515 38.78433624852777 16.03183526557183 0.55 0.55 0.55
v 9.725076271569353 42.963921562648416 14.021540803688998 0.55 0.55 0.55
v 13.484643289337516 39.37881808028479 15.62381379569674 0.55 0.55 0.55
v 4.906216808545021 35.24383326049759 16.92027008929932 1.0 1.0 1.0
v 8.368243509871515 38.78433624852777 16.03183526557183 1.0 1.0 1.0
v 11.745737011352356 34.81848887836036 17.742223169481015 1.0 1.0 1.0
v 4.906216808545021 35.24383326049759 16.92027008929932 1.0 1.0 1.0
v 4.419051705846205 41.89356896068313 13.735450404530429 1.0 1.0 1.0
v 8.368243509871515 38.78433624852777 16.03183526557183 1.0 1.0 1.0
v 8.368243509871515 38.78433624852777 16.03183526557183 0.55 0.55 0.55
v 4.419051705846205 41.89356896068313 13.735450404530429 0.55 0.55 0.55
v 5.2721903822403124 44.834017207590925 11.917698625903537 0.55 0.55 0.55
v 9.725076271569353 42.963921562648416 14.021540803688998 0.55 0.55 0.55
v 14.590556499475564 43.30164514266668 13.222868389582633 1.0 0.0 0.0
v 9.725076271569353 42.963921562648416 14.021540803688998 1.0 0.0 0.0
v 5.2721903822403124 44.834017207590925 11.917698625903537 1.0 0.0 0.0
v 19.6115557216792 44.21739542909482 11.059072756631995 1.0 0.0 0.0
v 23.438834469205183 40.86194042059093 11.874743410779956 1.0 0.0 0.0
v 28.631980813680016 39.876496662151396 9.275353473518098 1.0 0.0 0.0
v 23.438834469205183 40.86194042059093 11.874743410779956 1.0 0.0 0.0
v 19.6115557216792 44.21739542909482 11.059072756631995 1.0 0.0 0.0
v 25.71744807488577 44.53762128548006 6.8605222746676136 1.0 0.0 0.0
v 29.64623267922258 40.625807850053356 6.573842488120219 1.0 0.0 0.0
v 29.64623267922258 40.625807850053356 6.573842488120219 0.55 0.55 0.55
v 25.71744807488577 44.53762128548006 6.8605222746676136 0.55 0.55 0.55
v 28.239214014659826 43.19808543611153 1.5096739740995695 0.55 0.55 0.55
v 31.367616242897746 38.93760913422142 1.5958928006349276 0.55 0.55 0.55
v 31.367616242897746 38.93760913422142 1.5958928006349276 0.55 0.55 0.55
v 28.239214014659826 43.19808543611153 1.5096739740995695 0.55 0.55 0.55
v 23.720264873809654 46.973701461281614 -3.5093729352712173 0.55 0.55 0.55
v 28.055887139575535 43.41295620226863 -3.4793491567629715 0.55 0.55 0.55
v 28.055887139575535 43.41295620226863 -3.4793491567629715 0.55 0.55 0.55
v 23.720264873809654 46.973701461281614 -3.5093729352712173 0.55 0.55 0.55
v 21.80414669305418 46.7464618587815 -8.259100966472365 0.55 0.55 0.55
v 26.254357545415246 43.48492491449806 -8.31213616159653 0.55 0.55 0.55
v 26.254357545415246 43.48492491449806 -8.31213616159653 0.55 0.55 0.55
v 21.80414669305418 46.7464618587815 -8.259100966472365 0.55 0.55 0.55
v 26.47592403828772 39.21193087650937 -12.463872727908246 0.55 0.55 0.55
v 29.726797589183427 34.81707691037147 -12.823396676925169 0.55 0.55 0.55
v 29.726797589183427 34.81707691037147 -12.823396676925169 0.55 0.55 0.55
v 26.47592403828772 39.21193087650937 -12.463872727908246 0.55 0.55 0.55
v 20.954757599628966 39.66770209609189 -15.557269097800205 0.55 0.55 0.55
v 24.553769401604924 35.556552336945714 -16.25734284731772 0.55 0.55 0.55
v 24.553769401604924 35.556552336945714 -16.25734284731772 0.0 0.0 0.0
v 20.954757599628966 39.66770209609189 -15.557269097800205 0.0 0.0 0.0
v 18.058798145323056 35.76458124204585 -17.876061163887815 0.0 0.0 0.0
v 20.954757599628966 39.66770209609189 -15.557269097800205 0.0 0.0 0.0
v 17.158457108682903 43.51657372776756 -14.563732575994704 0.0 0.0 0.0
v 18.058798145323056 35.76458124204585 -17.876061163887815 0.0 0.0 0.0
v 26.47592403828772 39.21193087650937 -12.463872727908246 0.55 0.55 0.55
v 22.561004077393875 43.025066931223634 -11.86337705456426 0.55 0.55 0.55
v 17.158457108682903 43.51657372776756 -14.563732575994704 0.55 0.55 0.55
v 20.954757599628966 39.66770209609189 -15.557269097800205 0.55 0.55 0.55
v 21.80414669305418 46.7464618587815 -8.259100966472365 1.0 0.0 0.0
v 23.720264873809654 46.973701461281614 -3.5093729352712173 1.0 0.0 0.0
v 18.704677480147833 49.4608361025561 -3.2927322653402937 1.0 0.0 0.0
v 22.561004077393875 43.025066931223634 -11.86337705456426 1.0 0.0 0.0
v 26.47592403828772 39.21193087650937 -12.463872727908246 1.0 0.0 0.0
v 28.239214014659826 43.19808543611153 1.5096739740995695 0.55 0.55 0.55
v 24.305857805697116 46.72822561457964 1.5406285808677125 0.55 0.55 0.55
v 18.704677480147833 49.4608361025561 -3.2927322653402937 0.55 0.55 0.55
v 23.720264873809654 46.973701461281614 -3.5093729352712173 0.55 0.55 0.55
v 25.71744807488577 44.53762128548006 6.8605222746676136 0.55 0.55 0.55
v 21.001540523544605 47.45850840975373 6.618189992417948 0.55 0.55 0.55
v 24.305857805697116 46.72822561457964 1.5406285808677125 0.55 0.55 0.55
v 28.239214014659826 43.19808543611153 1.5096739740995695 0.55 0.55 0.55
v 19.6115557216792 44.21739542909482 11.059072756631995 1.0 1.0 1.0
v 21.001540523544605 47.45850840975373 6.618189992417948 1.0 1.0 1.0
v 25.71744807488577 44.53762128548006 6.8605222746676136 1.0 1.0 1.0
v 19.6115557216792 44.21739542909482 11.059072756631995 1.0 1.0 1.0
v 15.846812092722308 49.402283511815895 5.98718471713162 1.0 1.0 1.0
v 21.001540523544605 47.45850840975373 6.618189992417948 1.0 1.0 1.0
v 21.001540523544605 47.45850840975373 6.618189992417948 0.55 0.55 0.55
v 15.846812092722308 49.402283511815895 5.98718471713162 0.55 0.55 0.55
v 19.664292422484028 49.24951050933935 1.4914451473285515 0.55 0.55 0.55
v 24.305857805697116 46.72822561457964 1.5406285808677125 0.55 0.55 0.55
v 24.305857805697116 46.72822561457964 1.5406285808677125 0.55 0.55 0.55
v 19.664292422484028 49.24951050933935 1.4914451473285515 0.55 0.55 0.55
v 13.292046385345362 50.46738639686957 -2.336290563506156 0.55 0.55 0.55
v 18.704677480147833 49.4608361025561 -3.2927322653402937 0.55 0.55 0.55
v 18.704677480147833 49.4608361025561 -3.2927322653402937 0.55 0.55 0.55
v 13.292046385345362 50.46738639686957 -2.336290563506156 0.55 0.55 0.55
v 18.179598881252907 46.074895198560476 -10.570688871598055 0.55 0.55 0.55
v 22.561004077393875 43.025066931223634 -11.86337705456426 0.55 0.55 0.55
v 22.561004077393875 43.025066931223634 -11.86337705456426 0.55 0.55 0.55
v 18.179598881252907 46.074895198560476 -10.570688871598055 0.55 0.55 0.55
v 12.78889255406352 46.078540746963256 -12.451909445533305 0.55 0.55 0.55
v 17.158457108682903 43.51657372776756 -14.563732575994704 0.55 0.55 0.55
v 17.158457108682903 43.51657372776756 -14.563732575994704 0.55 0.55 0.55
v 12.78889255406352 46.078540746963256 -12.451909445533305 0.55 0.55 0.55
v 14.79705536328372 39.89079368057645 -17.025630563934328 0.55 0.55 0.55
v 18.058798145323056 35.76458124204585 -17.876061163887815 0.55 0.55 0.55
v 18.058798145323056 35.76458124204585 -17.876061163887815 0.55 0.55 0.55
v 14.79705536328372 39.89079368057645 -17.025630563934328 0.55 0.55 0.55
v 14.994024653334954 31.520051249872512 -21.60811541015623 0.55 0.55 0.55
v 17.15040836556946 26.719320891671906 -23.190826857235987 0.55 0.55 0.55
v 17.15040836556946 26.719320891671906 -23.190826857235987 0.0 0.0 0.0
v 14.994024653334954 31.520051249872512 -21.60811541015623 0.0 0.0 0.0
v 7.974389434539068 33.4231808626949 -21.07351657440004 0.0 0.0 0.0
v 14.994024653334954 31.520051249872512 -21.60811541015623 0.0 0.0 0.0
v 12.007544807335877 35.48909447075566 -19.118423005058933 0.0 0.0 0.0
v 7.974389434539068 33.4231808626949 -21.07351657440004 0.0 0.0 0.0
v 14.79705536328372 39.89079368057645 -17.025630563934328 1.0 1.0 1.0
v 12.007544807335877 35.48909447075566 -19.118423005058933 1.0 1.0 1.0
v 14.994024653334954 31.520051249872512 -21.60811541015623 1.0 1.0 1.0
v 14.79705536328372 39.89079368057645 -17.025630563934328 1.0 1.0 1.0
v 8.54229859671554 39.607861513591324 -17.702748413513138 1.0 1.0 1.0
v 12.007544807335877 35.48909447075566 -19.118423005058933 1.0 1.0 1.0
v 12.007544807335877 35.48909447075566 -19.118423005058933 0.55 0.55 0.55
v 8.54229859671554 39.607861513591324 -17.702748413513138 0.55 0.55 0.55
v 4.761705778951103 37.089442699055816 -18.98205848270812 0.55 0.55 0.55
v 7.974389434539068 33.4231808626949 -21.07351657440004 0.55 0.55 0.55
v 7.974389434539068 33.4231808626949 -21.07351657440004 0.55 0.55 0.55
v 4.761705778951103 37.089442699055816 -18.98205848270812 0.55 0.55 0.55
v 4.181389901890279 32.12382332345745 -22.749141414596064 0.55 0.55 0.55
v 6.10051622573036 28.256632189538177 -26.194580937878055 0.55 0.55 0.55
v 6.10051622573036 28.256632189538177 -26.194580937878055 0.55 0.55 0.55
v 4.181389901890279 32.12382332345745 -22.749141414596064 0.55 0.55 0.55
v 0.05321503234732851 31.025900812030887 -23.113753758359003 0.55 0.55 0.55
v 1.329548201993453 26.701865897245273 -26.587008456082906 0.55 0.55 0.55
v 1.329548201993453 26.701865897245273 -26.587008456082906 0.0 0.0 0.0
v 0.05321503234732851 31.025900812030887 -23.113753758359003 0.0 0.0 0.0
v -5.344399695968843 27.25104092969665 -20.904358475607935 0.0 0.0 0.0
v 0.05321503234732851 31.025900812030887 -23.113753758359003 0.0 0.0 0.0
v -1.0335393571500184 35.27953966590183 -19.645287221998213 0.0 0.0 0.0
v -5.344399695968843 27.25104092969665 -20.904358475607935 0.0 0.0 0.0
v 4.181389901890279 32.12382332345745 -22.749141414596064 1.0 1.0 1.0
v -1.0335393571500184 35.27953966590183 -19.645287221998213 1.0 1.0 1.0
v 0.05321503234732851 31.025900812030887 -23.113753758359003 1.0 1.0 1.0
v 4.181389901890279 32.12382332345745 -22.749141414596064 1.0 1.0 1.0
v -2.815248585015523 39.58409811118199 -16.24269538045348 1.0 1.0 1.0
v -1.0335393571500184 35.27953966590183 -19.645287221998213 1.0 1.0 1.0
v -1.0335393571500184 35.27953966590183 -19.645287221998213 0.55 0.55 0.55
v -2.815248585015523 39.58409811118199 -16.24269538045348 0.55 0.55 0.55
v -5.716109769188907 32.45330960420265 -19.320336999589454 0.55 0.55 0.55
v -5.344399695968843 27.25104092969665 -20.904358475607935 0.55 0.55 0.55
v -5.344399695968843 27.25104092969665 -20.904358475607935 0.55 0.55 0.55
v -5.716109769188907 32.45330960420265 -19.320336999589454 0.55 0.55 0.55
v -9.688861435954518 29.196678319225878 -18.62966106602542 0.55 0.55 0.55
v -8.253486387770783 24.11149143002282 -18.170184793436434 0.55 0.55 0.55
v -8.253486387770783 24.11149143002282 -18.170184793436434 0.55 0.55 0.55
v -9.688861435954518 29.196678319225878 -18.62966106602542 0.55 0.55 0.55
v -14.224421652676652 27.002583492352684 -18.194074025394215 0.55 0.55 0.55
v -12.47165705936672 22.173757534070756 -16.89123623606493 0.55 0.55 0.55
v -12.47165705936672 22.173757534070756 -16.89123623606493 0.55 0.55 0.55
v -14.224421652676652 27.002583492352684 -18.194074025394215 0.55 0.55 0.55
v -21.34275878918677 25.90860641515645 -17.077789533105047 0.55 0.55 0.55
v -19.963231537801548 20.950222988077062 -16.3468776294419 0.55 0.55 0.55
v -19.963231537801548 20.950222988077062 -16.3468776294419 0.55 0.55 0.55
v -21.34275878918677 25.90860641515645 -17.077789533105047 0.55 0.55 0.55
v -26.619611483197925 28.51070063492365 -15.00597864412933 0.55 0.55 0.55
v -25.300612388093825 23.302110178465576 -14.874071710467428 0.55 0.55 0.55
v -26.619611483197925 28.51070063492365 -15.00597864412933 0.55 0.55 0.55
v -26.795086046306295 33.853473048181336 -14.253035596405798 0.55 0.55 0.55
v -30.866268867405278 30.53777699715235 -12.136386328419563 0.55 0.55 0.55
v -30.22325086342135 25.005751596097372 -12.130051038819913 0.55 0.55 0.55
v -30.22325086342135 25.005751596097372 -12.130051038819913 0.0 0.0 0.0
v -30.866268867405278 30.53777699715235 -12.136386328419563 0.0 0.0 0.0
v -33.560539687381784 27.869365070700997 -8.023859364952333 0.0 0.0 0.0
v -30.866268867405278 30.53777699715235 -12.136386328419563 0.0 0.0 0.0
v -30.02465058665546 35.90557789643438 -10.891133795493923 0.0 0.0 0.0
v -33.560539687381784 27.869365070700997 -8.023859364952333 0.0 0.0 0.0
v -26.795086046306295 33.853473048181336 -14.253035596405798 0.55 0.55 0.55
v -26.538000394504433 39.02090025960566 -12.669541002935155 0.55 0.55 0.55
v -30.02465058665546 35.90557789643438 -10.891133795493923 0.55 0.55 0.55
v -30.866268867405278 30.53777699715235 -12.136386328419563 0.55 0.55 0.55
v -21.34275878918677 25.90860641515645 -17.077789533105047 0.55 0.55 0.55
v -22.026794081491538 31.058443114878955 -16.532829246316574 0.55 0.55 0.55
v -26.795086046306295 33.853473048181336 -14.253035596405798 0.55 0.55 0.55
v -26.619611483197925 28.51070063492365 -15.00597864412933 0.55 0.55 0.55
v -14.224421652676652 27.002583492352684 -18.194074025394215 0.55 0.55 0.55
v -15.969911752369336 32.0057283967555 -18.41513708287681 0.55 0.55 0.55
v -22.026794081491538 31.058443114878955 -16.532829246316574 0.55 0.55 0.55
v -21.34275878918677 25.90860641515645 -17.077789533105047 0.55 0.55 0.55
v -9.688861435954518 29.196678319225878 -18.62966106602542 0.55 0.55 0.55
v -11.150498396984498 34.25504627277696 -18.03054077646522 0.55 0.55 0.55
v -15.969911752369336 32.0057283967555 -18.41513708287681 0.55 0.55 0.55
v -14.224421652676652 27.002583492352684 -18.194074025394215 0.55 0.55 0.55
v -5.716109769188907 32.45330960420265 -19.320336999589454 0.55 0.55 0.55
v -7.00972133705453 37.489125629397265 -17.579089567614087 0.55 0.55 0.55
v -11.150498396984498 34.25504627277696 -18.03054077646522 0.55 0.55 0.55
v -9.688861435954518 29.196678319225878 -18.62966106602542 0.55 0.55 0.55
v -2.815248585015523 39.58409811118199 -16.24269538045348 1.0 0.0 0.0
v 4.181389901890279 32.12382332345745 -22.749141414596064 1.0 0.0 0.0
v 4.761705778951103 37.089442699055816 -18.98205848270812 1.0 0.0 0.0
v 1.1748069825074152 40.36166126118744 -16.812041355431834 1.0 0.0 0.0
v -7.00972133705453 37.489125629397265 -17.579089567614087 1.0 0.0 0.0
v -5.716109769188907 32.45330960420265 -19.320336999589454 1.0 0.0 0.0
v 8.54229859671554 39.607861513591324 -17.702748413513138 1.0 1.0 1.0
v 1.1748069825074152 40.36166126118744 -16.812041355431834 1.0 1.0 1.0
v 4.761705778951103 37.089442699055816 -18.98205848270812 1.0 1.0 1.0
v 8.54229859671554 39.607861513591324 -17.702748413513138 1.0 1.0 1.0
v -2.939613028443393 42.60346018748161 -14.322390184751212 1.0 1.0 1.0
v 1.1748069825074152 40.36166126118744 -16.812041355431834 1.0 1.0 1.0
v 1.1748069825074152 40.36166126118744 -16.812041355431834 0.55 0.55 0.55
v -2.939613028443393 42.60346018748161 -14.322390184751212 0.55 0.55 0.55
v -8.685167707264803 42.058962438978355 -15.073218550949504 0.55 0.55 0.55
v -7.00972133705453 37.489125629397265 -17.579089567614087 0.55 0.55 0.55
v -7.00972133705453 37.489125629397265 -17.579089567614087 0.55 0.55 0.55
v -8.685167707264803 42.058962438978355 -15.073218550949504 0.55 0.55 0.55
v -12.700884006899837 39.095587822648994 -16.567319829132042 0.55 0.55 0.55
v -11.150498396984498 34.25504627277696 -18.03054077646522 0.55 0.55 0.55
v -11.150498396984498 34.25504627277696 -18.03054077646522 0.55 0.55 0.55
v -12.700884006899837 39.095587822648994 -16.567319829132042 0.55 0.55 0.55
v -17.132241738867208 37.02552579907002 -17.21567458438574 0.55 0.55 0.55
v -15.969911752369336 32.0057283967555 -18.41513708287681 0.55 0.55 0.55
v -15.969911752369336 32.0057283967555 -18.41513708287681 0.55 0.55 0.55
v -17.132241738867208 37.02552579907002 -17.21567458438574 0.55 0.55 0.55
v -22.22702281475104 36.18239032984742 -15.564746160261459 0.55 0.55 0.55
v -22.026794081491538 31.058443114878955 -16.532829246316574 0.55 0.55 0.55
v -22.026794081491538 31.058443114878955 -16.532829246316574 0.55 0.55 0.55
v -22.22702281475104 36.18239032984742 -15.564746160261459 0.55 0.55 0.55
v -26.538000394504433 39.02090025960566 -12.669541002935155 0.55 0.55 0.55
v -26.795086046306295 33.853473048181336 -14.253035596405798 0.55 0.55 0.55
v -30.02465058665546 35.90557789643438 -10.891133795493923 1.0 0.0 0.0
v -26.538000394504433 39.02090025960566 -12.669541002935155 1.0 0.0 0.0
v -26.24113033192266 44.279615370199195 -11.56109413016138 1.0 0.0 0.0
v -32.99494430239813 33.51813276414056 -8.319622638456329 1.0 0.0 0.0
v -33.560539687381784 27.869365070700997 -8.023859364952333 1.0 0.0 0.0
v -33.560539687381784 27.869365070700997 -8.023859364952333 0.55 0.55 0.55
v -32.99494430239813 33.51813276414056 -8.319622638456329 0.55 0.55 0.55
v -35.31330265456191 28.05948414279632 -3.196864850936313 0.55 0.55 0.55
v -33.59926843458099 23.11827913913693 -2.455971223482351 0.55 0.55 0.55
v -33.59926843458099 23.11827913913693 -2.455971223482351 0.55 0.55 0.55
v -35.31330265456191 28.05948414279632 -3.196864850936313 0.55 0.55 0.55
v -35.86346264713469 28.722580616342743 1.7656480347238004 0.55 0.55 0.55
v -33.69161466667826 23.687531656910995 2.5978102887134553 0.55 0.55 0.55
v -33.69161466667826 23.687531656910995 2.5978102887134553 0.55 0.55 0.55
v -35.86346264713469 28.722580616342743 1.7656480347238004 0.55 0.55 0.55
v -34.87738019749813 31.357167997325877 6.414559163789915 0.55 0.55 0.55
v -33.38962905036273 26.34631006038297 7.251124616615169 0.55 0.55 0.55
v -33.38962905036273 26.34631006038297 7.251124616615169 0.55 0.55 0.55
v -34.87738019749813 31.357167997325877 6.414559163789915 0.55 0.55 0.55
v -32.74147560202624 37.73104669293232 9.322923567360284 0.55 0.55 0.55
v -31.881935607297798 32.73976739288114 10.754477810616434 0.55 0.55 0.55
v -31.881935607297798 32.73976739288114 10.754477810616434 0.55 0.55 0.55
v -32.74147560202624 37.73104669293232 9.322923567360284 0.55 0.55 0.55
v -25.846933147622764 31.42983751396851 15.085072166075863 0.55 0.55 0.55
v -23.15636237704748 27.070254878397307 16.029337291876864 0.55 0.55 0.55
v -23.15636237704748 27.070254878397307 16.029337291876864 0.55 0.55 0.55
v -25.846933147622764 31.42983751396851 15.085072166075863 0.55 0.55 0.55
v -21.26640742780541 34.05963408564106 15.807740591854914 0.55 0.55 0.55
v -18.665953485756372 29.311187899642963 16.505369552312466 0.55 0.55 0.55
v -18.665953485756372 29.311187899642963 16.505369552312466 0.55 0.55 0.55
v -21.26640742780541 34.05963408564106 15.807740591854914 0.55 0.55 0.55
v -19.326915163746943 40.64139114539798 13.560584343240649 0.55 0.55 0.55
v -16.690032373553677 36.326565807410056 14.966708522642033 0.55 0.55 0.55
v -16.690032373553677 36.326565807410056 14.966708522642033 0.55 0.55 0.55
v -19.326915163746943 40.64139114539798 13.560584343240649 0.55 0.55 0.55
v -10.751102058153215 35.802798852846394 14.792168899347535 0.55 0.55 0.55
v -7.924781683300375 31.114729094666 16.063930448377345 0.55 0.55 0.55
v -7.924781683300375 31.114729094666 16.063930448377345 0.0 0.0 0.0
v -10.751102058153215 35.802798852846394 14.792168899347535 0.0 0.0 0.0
v -6.369460097063925 37.771602018235825 13.974160730017962 0.0 0.0 0.0
v -10.751102058153215 35.802798852846394 14.792168899347535 0.0 0.0 0.0
v -13.5975178936799 40.26324575503509 12.94004950971101 0.0 0.0 0.0
v -6.369460097063925 37.771602018235825 13.974160730017962 0.0 0.0 0.0
v -19.326915163746943 40.64139114539798 13.560584343240649 0.55 0.55 0.55
v -20.538332807408857 45.43507645954624 15.131291276607802 0.55 0.55 0.55
v -13.5975178936799 40.26324575503509 12.94004950971101 0.55 0.55 0.55
v -10.751102058153215 35.802798852846394 14.792168899347535 0.55 0.55 0.55
v -21.26640742780541 34.05963408564106 15.807740591854914 0.55 0.55 0.55
v -23.79157538998749 38.72381465046549 14.76075283953306 0.55 0.55 0.55
v -20.538332807408857 45.43507645954624 15.131291276607802 0.55 0.55 0.55
v -19.326915163746943 40.64139114539798 13.560584343240649 0.55 0.55 0.55
v -25.846933147622764 31.42983751396851 15.085072166075863 0.55 0.55 0.55
v -28.156886460175116 35.89889266217559 13.798395024567625 0.55 0.55 0.55
v -23.79157538998749 38.72381465046549 14.76075283953306 0.55 0.55 0.55
v -21.26640742780541 34.05963408564106 15.807740591854914 0.55 0.55 0.55
v -32.74147560202624 37.73104669293232 9.322923567360284 0.0 1.0 0.0
v -35.87082402197921 41.78350782916548 8.33786012736252 0.0 1.0 0.0
v -34.127511588893235 39.558992646034554 13.168930375244939 0.0 1.0 0.0
v -28.156886460175116 35.89889266217559 13.798395024567625 0.0 1.0 0.0
v -25.846933147622764 31.42983751396851 15.085072166075863 0.0 1.0 0.0
v -34.87738019749813 31.357167997325877 6.414559163789915 0.55 0.55 0.55
v -34.93509161625006 36.464227181507745 5.030735909426152 0.55 0.55 0.55
v -35.87082402197921 41.78350782916548 8.33786012736252 0.55 0.55 0.55
v -32.74147560202624 37.73104669293232 9.322923567360284 0.55 0.55 0.55
v -35.86346264713469 28.722580616342743 1.7656480347238004 0.55 0.55 0.55
v -36.1546840688044 34.16750024621478 0.7852772329543583 0.55 0.55 0.55
v -34.93509161625006 36.464227181507745 5.030735909426152 0.55 0.55 0.55
v -34.87738019749813 31.357167997325877 6.414559163789915 0.55 0.55 0.55
v -35.31330265456191 28.05948414279632 -3.196864850936313 0.55 0.55 0.55
v -35.36293528440962 33.304762474846584 -3.9295898215509113 0.55 0.55 0.55
v -36.1546840688044 34.16750024621478 0.7852772329543583 0.55 0.55 0.55
v -35.86346264713469 28.722580616342743 1.7656480347238004 0.55 0.55 0.55
v -32.99494430239813 33.51813276414056 -8.319622638456329 1.0 1.0 1.0
v -35.36293528440962 33.304762474846584 -3.9295898215509113 1.0 1.0 1.0
v -35.31330265456191 28.05948414279632 -3.196864850936313 1.0 1.0 1.0
v -32.99494430239813 33.51813276414056 -8.319622638456329 1.0 1.0 1.0
v -34.27634977818566 38.39300750795598 -4.980391129340755 1.0 1.0 1.0
v -35.36293528440962 33.304762474846584 -3.9295898215509113 1.0 1.0 1.0
v -35.36293528440962 33.304762474846584 -3.9295898215509113 0.55 0.55 0.55
v -34.27634977818566 38.39300750795598 -4.980391129340755 0.55 0.55 0.55
v -35.98687390826338 39.44038489795405 -0.7052585037244712 0.55 0.55 0.55
v -36.1546840688044 34.16750024621478 0.7852772329543583 0.55 0.55 0.55
v -36.1546840688044 34.16750024621478 0.7852772329543583 0.55 0.55 0.55
v -35.98687390826338 39.44038489795405 -0.7052585037244712 0.55 0.55 0.55
v -36.79471546184292 41.10399787838912 3.7202950106847243 0.55 0.55 0.55
v -34.93509161625006 36.464227181507745 5.030735909426152 0.55 0.55 0.55
v -34.93509161625006 36.464227181507745 5.030735909426152 0.0 1.0 0.0
v -36.79471546184292 41.10399787838912 3.7202950106847243 0.0 1.0 0.0
v -37.72779282250025 44.91123475928193 10.785046694558124 0.0 1.0 0.0
v -37.627488699323415 46.5277674646867 7.102423028570859 0.0 1.0 0.0
v -35.87082402197921 41.78350782916548 8.33786012736252 0.0 1.0 0.0
v -35.87082402197921 41.78350782916548 8.33786012736252 0.55 0.55 0.55
v -37.627488699323415 46.5277674646867 7.102423028570859 0.55 0.55 0.55
v -36.97207834697038 43.64636692628371 15.280613149790709 0.55 0.55 0.55
v -34.127511588893235 39.558992646034554 13.168930375244939 0.55 0.55 0.55
v -34.127511588893235 39.558992646034554 13.168930375244939 0.55 0.55 0.55
v -36.97207834697038 43.64636692628371 15.280613149790709 0.55 0.55 0.55
v -30.684650875107536 39.42064646176712 16.09744424245858 0.55 0.55 0.55
v -28.156886460175116 35.89889266217559 13.798395024567625 0.55 0.55 0.55
v -28.156886460175116 35.89889266217559 13.798395024567625 0.0 0.0 0.0
v -30.684650875107536 39.42064646176712 16.09744424245858 0.0 0.0 0.0
v -23.79157538998749 38.72381465046549 14.76075283953306 0.0 0.0 0.0
v -30.684650875107536 39.42064646176712 16.09744424245858 0.0 0.0 1.0
v -32.794503247257666 43.44193711139192 18.452606690267345 0.0 0.0 1.0
v -28.09428840809195 40.94520344302992 19.408912329254594 0.0 0.0 1.0
v -23.79157538998749 38.72381465046549 14.76075283953306 0.0 0.0 1.0
v -36.97207834697038 43.64636692628371 15.280613149790709 0.55 0.55 0.55
v -37.004353169369956 48.94132082769963 13.809259702467124 0.55 0.55 0.55
v -32.794503247257666 43.44193711139192 18.452606690267345 0.55 0.55 0.55
v -30.684650875107536 39.42064646176712 16.09744424245858 0.55 0.55 0.55
v -37.627488699323415 46.5277674646867 7.102423028570859 1.0 1.0 1.0
v -37.004353169369956 48.94132082769963 13.809259702467124 1.0 1.0 1.0
v -36.97207834697038 43.64636692628371 15.280613149790709 1.0 1.0 1.0
v -37.627488699323415 46.5277674646867 7.102423028570859 1.0 1.0 1.0
v -36.30162763255626 53.668165068111875 10.886949221050623 1.0 1.0 1.0
v -37.004353169369956 48.94132082769963 13.809259702467124 1.0 1.0 1.0
v -37.004353169369956 48.94132082769963 13.809259702467124 0.55 0.55 0.55
v -36.30162763255626 53.668165068111875 10.886949221050623 0.55 0.55 0.55
v -33.906769187900615 48.483320935988544 18.713686058459505 0.55 0.55 0.55
v -32.794503247257666 43.44193711139192 18.452606690267345 0.55 0.55 0.55
v -32.794503247257666 43.44193711139192 18.452606690267345 0.55 0.55 0.55
v -33.906769187900615 48.483320935988544 18.713686058459505 0.55 0.55 0.55
v -28.659868697880402 46.33400597563666 21.26915284173257 0.55 0.55 0.55
v -28.09428840809195 40.94520344302992 19.408912329254594 0.55 0.55 0.55
v -28.09428840809195 40.94520344302992 19.408912329254594 0.0 0.0 0.0
v -28.659868697880402 46.33400597563666 21.26915284173257 0.0 0.0 0.0
v -23.79157538998749 38.72381465046549 14.76075283953306 0.0 0.0 0.0
v -28.659868697880402 46.33400597563666 21.26915284173257 0.0 0.0 0.0
v -29.321410859850268 52.035636110762056 20.302759851098998 0.0 0.0 0.0
v -23.79157538998749 38.72381465046549 14.76075283953306 0.0 0.0 0.0
v -33.906769187900615 48.483320935988544 18.713686058459505 1.0 1.0 1.0
v -29.321410859850268 52.035636110762056 20.302759851098998 1.0 1.0 1.0
v -28.659868697880402 46.33400597563666 21.26915284173257 1.0 1.0 1.0
v -33.906769187900615 48.483320935988544 18.713686058459505 1.0 1.0 1.0
v -29.499245678757738 56.89363259394351 17.048391502948807 1.0 1.0 1.0
v -29.321410859850268 52.035636110762056 20.302759851098998 1.0 1.0 1.0
v -29.321410859850268 52.035636110762056 20.302759851098998 0.55 0.55 0.55
v -29.499245678757738 56.89363259394351 17.048391502948807 0.55 0.55 0.55
v -23.7975150681449 42.750651447041015 18.378123480214203 0.55 0.55 0.55
v -23.79157538998749 38.72381465046549 14.76075283953306 0.55 0.55 0.55
v -23.79157538998749 38.72381465046549 14.76075283953306 0.55 0.55 0.55
v -23.7975150681449 42.750651447041015 18.378123480214203 0.55 0.55 0.55
v -21.64347865573823 50.431991070492664 14.266832210640656 0.55 0.55 0.55
v -20.538332807408857 45.43507645954624 15.131291276607802 0.55 0.55 0.55
v -20.538332807408857 45.43507645954624 15.131291276607802 0.55 0.55 0.55
v -21.64347865573823 50.431991070492664 14.266832210640656 0.55 0.55 0.55
v -16.035393355457888 44.96536238642515 11.872158908940712 0.55 0.55 0.55
v -13.5975178936799 40.26324575503509 12.94004950971101 0.55 0.55 0.55
v -13.5975178936799 40.26324575503509 12.94004950971101 0.55 0.55 0.55
v -16.035393355457888 44.96536238642515 11.872158908940712 0.55 0.55 0.55
v -9.455801878094103 41.71242857800821 11.18282475547716 0.55 0.55 0.55
v -6.369460097063925 37.771602018235825 13.974160730017962 0.55 0.55 0.55
v -6.369460097063925 37.771602018235825 13.974160730017962 0.55 0.55 0.55
v -9.455801878094103 41.71242857800821 11.18282475547716 0.55 0.55 0.55
v 0.5698022027907677 38.61455546093916 14.65216810183077 0.55 0.55 0.55
v 4.906216808545021 35.24383326049759 16.92027008929932 0.55 0.55 0.55
v 4.906216808545021 35.24383326049759 16.92027008929932 0.0 0.0 0.0
v 0.5698022027907677 38.61455546093916 14.65216810183077 0.0 0.0 0.0
v 4.419051705846205 41.89356896068313 13.735450404530429 0.0 0.0 0.0
v 0.5698022027907677 38.61455546093916 14.65216810183077 0.0 0.0 0.0
v -3.081237456407526 41.733137738333774 11.1380121334012 0.0 0.0 0.0
v 4.419051705846205 41.89356896068313 13.735450404530429 0.0 0.0 0.0
v -9.455801878094103 41.71242857800821 11.18282475547716 1.0 1.0 1.0
v -3.081237456407526 41.733137738333774 11.1380121334012 1.0 1.0 1.0
v 0.5698022027907677 38.61455546093916 14.65216810183077 1.0 1.0 1.0
v -9.455801878094103 41.71242857800821 11.18282475547716 1.0 1.0 1.0
v -6.714183583421413 45.06715523037377 7.833486363483294 1.0 1.0 1.0
v -3.081237456407526 41.733137738333774 11.1380121334012 1.0 1.0 1.0
v -3.081237456407526 41.733137738333774 11.1380121334012 0.55 0.55 0.55
v -6.714183583421413 45.06715523037377 7.833486363483294 0.55 0.55 0.55
v 0.8642058329150377 44.60254000936892 10.489461192066813 0.55 0.55 0.55
v 4.419051705846205 41.89356896068313 13.735450404530429 0.55 0.55 0.55
v 5.2721903822403124 44.834017207590925 11.917698625903537 1.0 0.0 0.0
v 4.419051705846205 41.89356896068313 13.735450404530429 1.0 0.0 0.0
v 0.8642058329150377 44.60254000936892 10.489461192066813 1.0 0.0 0.0
v 15.103170059601997 46.56693996708937 10.148318170716447 1.0 0.0 0.0
v 19.6115557216792 44.21739542909482 11.059072756631995 1.0 0.0 0.0
v 19.6115557216792 44.21739542909482 11.059072756631995 0.55 0.55 0.55
v 15.103170059601997 46.56693996708937 10.148318170716447 0.55 0.55 0.55
v 10.44032104146891 49.924353324574746 4.863479786240876 0.55 0.55 0.55
v 15.846812092722308 49.402283511815895 5.98718471713162 0.55 0.55 0.55
v 15.846812092722308 49.402283511815895 5.98718471713162 0.55 0.55 0.55
v 10.44032104146891 49.924353324574746 4.863479786240876 0.55 0.55 0.55
v 14.558681949191406 50.55288383454106 1.7206516134239842 0.55 0.55 0.55
v 19.664292422484028 49.24951050933935 1.4914451473285515 0.55 0.55 0.55
v 19.664292422484028 49.24951050933935 1.4914451473285515 0.0 0.0 0.0
v 14.558681949191406 50.55288383454106 1.7206516134239842 0.0 0.0 0.0
v 13.292046385345362 50.46738639686957 -2.336290563506156 0.0 0.0 0.0
v 14.558681949191406 50.55288383454106 1.7206516134239842 1.0 1.0 0.0
v 10.44032104146891 49.924353324574746 4.863479786240876 1.0 1.0 0.0
v 5.230417754429345 49.440751134783596 2.9923625417447983 1.0 1.0 0.0
v 13.292046385345362 50.46738639686957 -2.336290563506156 1.0 1.0 0.0
v 15.103170059601997 46.56693996708937 10.148318170716447 0.55 0.55 0.55
v 10.180097280702402 47.75951523111915 9.079240710967788 0.55 0.55 0.55
v 5.230417754429345 49.440751134783596 2.9923625417447983 0.55 0.55 0.55
v 10.44032104146891 49.924353324574746 4.863479786240876 0.55 0.55 0.55
v 0.8642058329150377 44.60254000936892 10.489461192066813 1.0 1.0 1.0
v 10.180097280702402 47.75951523111915 9.079240710967788 1.0 1.0 1.0
v 15.103170059601997 46.56693996708937 10.148318170716447 1.0 1.0 1.0
v 0.8642058329150377 44.60254000936892 10.489461192066813 1.0 1.0 1.0
v 5.290628827282108 48.12951054532136 7.444012681413644 1.0 1.0 1.0
v 10.180097280702402 47.75951523111915 9.079240710967788 1.0 1.0 1.0
v 10.180097280702402 47.75951523111915 9.079240710967788 0.55 0.55 0.55
v 5.290628827282108 48.12951054532136 7.444012681413644 0.55 0.55 0.55
v 0.27208898058667175 48.066283933336585 0.8921328026431854 0.55 0.55 0.55
v 5.230417754429345 49.440751134783596 2.9923625417447983 0.55 0.55 0.55
v 5.230417754429345 49.440751134783596 2.9923625417447983 0.55 0.55 0.55
v 0.27208898058667175 48.066283933336585 0.8921328026431854 0.55 0.55 0.55
v 7.755275018673431 50.01650297765025 -1.566637481877835 0.55 0.55 0.55
v 13.292046385345362 50.46738639686957 -2.336290563506156 0.55 0.55 0.55
v 13.292046385345362 50.46738639686957 -2.336290563506156 0.55 0.55 0.55
v 7.755275018673431 50.01650297765025 -1.566637481877835 0.55 0.55 0.55
v 14.449487413413785 48.42515352049533 -7.951823737461524 0.55 0.55 0.55
v 18.179598881252907 46.074895198560476 -10.570688871598055 0.55 0.55 0.55
v 18.179598881252907 46.074895198560476 -10.570688871598055 0.55 0.55 0.55
v 14.449487413413785 48.42515352049533 -7.951823737461524 0.55 0.55 0.55
v 8.258331685114275 47.982319002247905 -9.96741285163968 0.55 0.55 0.55
v 12.78889255406352 46.078540746963256 -12.451909445533305 0.55 0.55 0.55
v 12.78889255406352 46.078540746963256 -12.451909445533305 0.55 0.55 0.55
v 8.258331685114275 47.982319002247905 -9.96741285163968 0.55 0.55 0.55
v 10.908194574748823 42.95914234079833 -15.158986187187969 0.55 0.55 0.55
v 14.79705536328372 39.89079368057645 -17.025630563934328 0.55 0.55 0.55
v 14.79705536328372 39.89079368057645 -17.025630563934328 0.0 0.0 0.0
v 10.908194574748823 42.95914234079833 -15.158986187187969 0.0 0.0 0.0
v 8.54229859671554 39.607861513591324 -17.702748413513138 0.0 0.0 0.0
v 10.908194574748823 42.95914234079833 -15.158986187187969 0.0 0.0 0.0
v 6.758858991349443 45.34465120519947 -12.83052810474437 0.0 0.0 0.0
v 8.54229859671554 39.607861513591324 -17.702748413513138 0.0 0.0 0.0
v 8.258331685114275 47.982319002247905 -9.96741285163968 1.0 0.0 0.0
v 14.449487413413785 48.42515352049533 -7.951823737461524 1.0 0.0 0.0
v 9.170875814937542 49.087308615151194 -6.602765638691207 1.0 0.0 0.0
v 6.758858991349443 45.34465120519947 -12.83052810474437 1.0 0.0 0.0
v 10.908194574748823 42.95914234079833 -15.158986187187969 1.0 0.0 0.0
v 7.755275018673431 50.01650297765025 -1.566637481877835 1.0 1.0 1.0
v 9.170875814937542 49.087308615151194 -6.602765638691207 1.0 1.0 1.0
v 14.449487413413785 48.42515352049533 -7.951823737461524 1.0 1.0 1.0
v 7.755275018673431 50.01650297765025 -1.566637481877835 1.0 1.0 1.0
v 3.764021882307224 48.801224799948955 -5.632474795529806 1.0 1.0 1.0
v 9.170875814937542 49.087308615151194 -6.602765638691207 1.0 1.0 1.0
v 9.170875814937542 49.087308615151194 -6.602765638691207 0.55 0.55 0.55
v 3.764021882307224 48.801224799948955 -5.632474795529806 0.55 0.55 0.55
v 2.026592828878538 46.18361104310241 -10.67694686027192 0.55 0.55 0.55
v 6.758858991349443 45.34465120519947 -12.83052810474437 0.55 0.55 0.55
v 6.758858991349443 45.34465120519947 -12.83052810474437 0.55 0.55 0.55
v 2.026592828878538 46.18361104310241 -10.67694686027192 0.55 0.55 0.55
v 4.67085391121988 42.60732798768602 -15.011574134029075 0.55 0.55 0.55
v 8.54229859671554 39.607861513591324 -17.702748413513138 0.55 0.55 0.55
v 8.54229859671554 39.607861513591324 -17.702748413513138 0.55 0.55 0.55
v 4.67085391121988 42.60732798768602 -15.011574134029075 0.55 0.55 0.55
v -6.582730082171856 45.020185577387814 -11.306716949206233 0.55 0.55 0.55
v -2.939613028443393 42.60346018748161 -14.322390184751212 0.55 0.55 0.55
v -2.939613028443393 42.60346018748161 -14.322390184751212 0.55 0.55 0.55
v -6.582730082171856 45.020185577387814 -11.306716949206233 0.55 0.55 0.55
v -10.463965348191554 46.18773143425476 -11.93543934267589 0.55 0.55 0.55
v -8.685167707264803 42.058962438978355 -15.073218550949504 0.55 0.55 0.55
v -8.685167707264803 42.058962438978355 -15.073218550949504 0.55 0.55 0.55
v -10.463965348191554 46.18773143425476 -11.93543934267589 0.55 0.55 0.55
v -14.178753034072116 43.73839795643792 -14.463839090216354 0.55 0.55 0.55
v -12.700884006899837 39.095587822648994 -16.567319829132042 0.55 0.55 0.55
v -12.700884006899837 39.095587822648994 -16.567319829132042 0.55 0.55 0.55
v -14.178753034072116 43.73839795643792 -14.463839090216354 0.55 0.55 0.55
v -18.072891463923675 41.71586507280636 -14.963329289428748 0.55 0.55 0.55
v -17.132241738867208 37.02552579907002 -17.21567458438574 0.55 0.55 0.55
v -17.132241738867208 37.02552579907002 -17.21567458438574 0.55 0.55 0.55
v -18.072891463923675 41.71586507280636 -14.963329289428748 0.55 0.55 0.55
v -21.921911912513345 41.0724600507413 -13.750997632739702 0.55 0.55 0.55
v -22.22702281475104 36.18239032984742 -15.564746160261459 0.55 0.55 0.55
v -22.22702281475104 36.18239032984742 -15.564746160261459 0.55 0.55 0.55
v -21.921911912513345 41.0724600507413 -13.750997632739702 0.55 0.55 0.55
v -26.24113033192266 44.279615370199195 -11.56109413016138 0.55 0.55 0.55
v -26.538000394504433 39.02090025960566 -12.669541002935155 0.55 0.55 0.55
v -26.24113033192266 44.279615370199195 -11.56109413016138 0.55 0.55 0.55
v -25.498264306227764 49.62306103317094 -11.291422474582035 0.55 0.55 0.55
v -30.871306057794094 38.66859719739618 -9.098621370583649 0.55 0.55 0.55
v -32.99494430239813 33.51813276414056 -8.319622638456329 0.55 0.55 0.55
v -32.99494430239813 33.51813276414056 -8.319622638456329 0.55 0.55 0.55
v -30.871306057794094 38.66859719739618 -9.098621370583649 0.55 0.55 0.55
v -34.38195754395903 43.416242033423835 -6.6416312229594245 0.55 0.55 0.55
v -34.27634977818566 38.39300750795598 -4.980391129340755 0.55 0.55 0.55
v -34.27634977818566 38.39300750795598 -4.980391129340755 0.55 0.55 0.55
v -34.38195754395903 43.416242033423835 -6.6416312229594245 0.55 0.55 0.55
v -36.91550427405804 44.5084318222918 -2.5480339123317735 0.55 0.55 0.55
v -35.98687390826338 39.44038489795405 -0.7052585037244712 0.55 0.55 0.55
v -35.98687390826338 39.44038489795405 -0.7052585037244712 0.55 0.55 0.55
v -36.91550427405804 44.5084318222918 -2.5480339123317735 0.55 0.55 0.55
v -38.05613606134327 45.92083196113876 2.1728277730717096 0.55 0.55 0.55
v -36.79471546184292 41.10399787838912 3.7202950106847243 0.55 0.55 0.55
v -37.72779282250025 44.91123475928193 10.785046694558124 1.0 0.0 0.0
v -36.79471546184292 41.10399787838912 3.7202950106847243 1.0 0.0 0.0
v -38.05613606134327 45.92083196113876 2.1728277730717096 1.0 0.0 0.0
v -36.9693425611825 51.51295309206691 5.570858749355838 1.0 0.0 0.0
v -37.627488699323415 46.5277674646867 7.102423028570859 1.0 0.0 0.0
v -37.627488699323415 46.5277674646867 7.102423028570859 0.0 0.0 0.0
v -36.9693425611825 51.51295309206691 5.570858749355838 0.0 0.0 0.0
v -36.30162763255626 53.668165068111875 10.886949221050623 0.0 0.0 0.0
v -36.9693425611825 51.51295309206691 5.570858749355838 0.0 0.0 0.0
v -36.90980651938206 56.36896210480501 3.541512765520658 0.0 0.0 0.0
v -36.30162763255626 53.668165068111875 10.886949221050623 0.0 0.0 0.0
v -38.05613606134327 45.92083196113876 2.1728277730717096 0.55 0.55 0.55
v -37.079103450672086 50.86939962250359 0.5825221370368632 0.55 0.55 0.55
v -36.90980651938206 56.36896210480501 3.541512765520658 0.55 0.55 0.55
v -36.9693425611825 51.51295309206691 5.570858749355838 0.55 0.55 0.55
v -36.91550427405804 44.5084318222918 -2.5480339123317735 0.55 0.55 0.55
v -35.680314452458596 49.662754876029844 -4.204710684040248 0.55 0.55 0.55
v -37.079103450672086 50.86939962250359 0.5825221370368632 0.55 0.55 0.55
v -38.05613606134327 45.92083196113876 2.1728277730717096 0.55 0.55 0.55
v -34.38195754395903 43.416242033423835 -6.6416312229594245 0.55 0.55 0.55
v -33.19444841262657 48.333365222037486 -8.130596024809078 0.55 0.55 0.55
v -35.680314452458596 49.662754876029844 -4.204710684040248 0.55 0.55 0.55
v -36.91550427405804 44.5084318222918 -2.5480339123317735 0.55 0.55 0.55
v -30.871306057794094 38.66859719739618 -9.098621370583649 0.55 0.55 0.55
v -30.34902953065016 44.23884503702142 -9.707406056666738 0.55 0.55 0.55
v -33.19444841262657 48.333365222037486 -8.130596024809078 0.55 0.55 0.55
v -34.38195754395903 43.416242033423835 -6.6416312229594245 0.55 0.55 0.55
v -25.498264306227764 49.62306103317094 -11.291422474582035 1.0 1.0 1.0
v -30.34902953065016 44.23884503702142 -9.707406056666738 1.0 1.0 1.0
v -30.871306057794094 38.66859719739618 -9.098621370583649 1.0 1.0 1.0
v -25.498264306227764 49.62306103317094 -11.291422474582035 1.0 1.0 1.0
v -29.92107045794809 49.88906506352602 -10.25221129189689 1.0 1.0 1.0
v -30.34902953065016 44.23884503702142 -9.707406056666738 1.0 1.0 1.0
v -30.34902953065016 44.23884503702142 -9.707406056666738 0.55 0.55 0.55
v -29.92107045794809 49.88906506352602 -10.25221129189689 0.55 0.55 0.55
v -30.116098479780348 52.35469308208395 -9.589000443127174 0.55 0.55 0.55
v -33.19444841262657 48.333365222037486 -8.130596024809078 0.55 0.55 0.55
v -33.19444841262657 48.333365222037486 -8.130596024809078 0.55 0.55 0.55
v -30.116098479780348 52.35469308208395 -9.589000443127174 0.55 0.55 0.55
v -33.288250033773494 54.369605136083315 -5.87246469038507 0.55 0.55 0.55
v -35.680314452458596 49.662754876029844 -4.204710684040248 0.55 0.55 0.55
v -35.680314452458596 49.662754876029844 -4.204710684040248 0.55 0.55 0.55
v -33.288250033773494 54.369605136083315 -5.87246469038507 0.55 0.55 0.55
v -35.26301510593767 55.45080783913228 -1.3719169277552334 0.55 0.55 0.55
v -37.079103450672086 50.86939962250359 0.5825221370368632 0.55 0.55 0.55
v -37.079103450672086 50.86939962250359 0.5825221370368632 0.55 0.55 0.55
v -35.26301510593767 55.45080783913228 -1.3719169277552334 0.55 0.55 0.55
v -35.77643675597241 60.811928070360125 1.056676538775093 0.55 0.55 0.55
v -36.90980651938206 56.36896210480501 3.541512765520658 0.55 0.55 0.55
v -36.90980651938206 56.36896210480501 3.541512765520658 0.55 0.55 0.55
v -35.77643675597241 60.811928070360125 1.056676538775093 0.55 0.55 0.55
v -35.576480540597565 58.52978060300741 8.190588166158918 0.55 0.55 0.55
v -36.30162763255626 53.668165068111875 10.886949221050623 0.55 0.55 0.55
v -33.906769187900615 48.483320935988544 18.713686058459505 1.0 0.0 0.0
v -36.30162763255626 53.668165068111875 10.886949221050623 1.0 0.0 0.0
v -35.576480540597565 58.52978060300741 8.190588166158918 1.0 0.0 0.0
v -29.256254039679174 60.61350495347072 12.531907516120771 1.0 0.0 0.0
v -29.499245678757738 56.89363259394351 17.048391502948807 1.0 0.0 0.0
v -29.499245678757738 56.89363259394351 17.048391502948807 0.55 0.55 0.55
v -29.256254039679174 60.61350495347072 12.531907516120771 0.55 0.55 0.55
v -24.324877765582492 48.023851577251186 18.975652222344976 0.55 0.55 0.55
v -23.7975150681449 42.750651447041015 18.378123480214203 0.55 0.55 0.55
v -23.7975150681449 42.750651447041015 18.378123480214203 0.0 0.0 0.0
v -24.324877765582492 48.023851577251186 18.975652222344976 0.0 0.0 0.0
v -21.64347865573823 50.431991070492664 14.266832210640656 0.0 0.0 0.0
v -24.324877765582492 48.023851577251186 18.975652222344976 0.0 0.0 0.0
v -24.807033828932294 53.24974707839577 17.485919608713388 0.0 0.0 0.0
v -21.64347865573823 50.431991070492664 14.266832210640656 0.0 0.0 0.0
v -29.256254039679174 60.61350495347072 12.531907516120771 1.0 1.0 1.0
v -24.807033828932294 53.24974707839577 17.485919608713388 1.0 1.0 1.0
v -24.324877765582492 48.023851577251186 18.975652222344976 1.0 1.0 1.0
v -29.256254039679174 60.61350495347072 12.531907516120771 1.0 1.0 1.0
v -24.522195182705488 58.07791076817584 14.998894532142625 1.0 1.0 1.0
v -24.807033828932294 53.24974707839577 17.485919608713388 1.0 1.0 1.0
v -24.807033828932294 53.24974707839577 17.485919608713388 0.55 0.55 0.55
v -24.522195182705488 58.07791076817584 14.998894532142625 0.55 0.55 0.55
v -21.527493335290757 55.29470984945028 12.398527951325171 0.55 0.55 0.55
v -21.64347865573823 50.431991070492664 14.266832210640656 0.55 0.55 0.55
v -21.64347865573823 50.431991070492664 14.266832210640656 0.55 0.55 0.55
v -21.527493335290757 55.29470984945028 12.398527951325171 0.55 0.55 0.55
v -17.225941659192383 50.33807827303098 10.938858604371138 0.55 0.55 0.55
v -16.035393355457888 44.96536238642515 11.872158908940712 0.55 0.55 0.55
v -16.035393355457888 44.96536238642515 11.872158908940712 0.55 0.55 0.55
v -17.225941659192383 50.33807827303098 10.938858604371138 0.55 0.55 0.55
v -12.62168765616453 45.302952781650156 8.049088760135342 0.55 0.55 0.55
v -9.455801878094103 41.71242857800821 11.18282475547716 0.55 0.55 0.55
v 0.8642058329150377 44.60254000936892 10.489461192066813 1.0 0.0 0.0
v -6.714183583421413 45.06715523037377 7.833486363483294 1.0 0.0 0.0
v -9.455801878094103 41.71242857800821 11.18282475547716 1.0 0.0 0.0
v -12.62168765616453 45.302952781650156 8.049088760135342 1.0 0.0 0.0
v 0.7165317129769686 47.99329781393308 5.0213234573920476 1.0 0.0 0.0
v 5.290628827282108 48.12951054532136 7.444012681413644 1.0 0.0 0.0
v 7.755275018673431 50.01650297765025 -1.566637481877835 1.0 0.0 0.0
v 0.27208898058667175 48.066283933336585 0.8921328026431854 1.0 0.0 0.0
v 5.290628827282108 48.12951054532136 7.444012681413644 1.0 0.0 0.0
v 0.7165317129769686 47.99329781393308 5.0213234573920476 1.0 0.0 0.0
v -1.4794483161138883 48.45732073846855 -3.998539835702088 1.0 0.0 0.0
v 3.764021882307224 48.801224799948955 -5.632474795529806 1.0 0.0 0.0
v 3.764021882307224 48.801224799948955 -5.632474795529806 0.55 0.55 0.55
v -1.4794483161138883 48.45732073846855 -3.998539835702088 0.55 0.55 0.55
v -2.8947103184925744 46.47236289484141 -8.885564776406332 0.55 0.55 0.55
v 2.026592828878538 46.18361104310241 -10.67694686027192 0.55 0.55 0.55
v -6.582730082171856 45.020185577387814 -11.306716949206233 1.0 1.0 0.0
v 4.67085391121988 42.60732798768602 -15.011574134029075 1.0 1.0 0.0
v 2.026592828878538 46.18361104310241 -10.67694686027192 1.0 1.0 0.0
v -2.8947103184925744 46.47236289484141 -8.885564776406332 1.0 1.0 0.0
v -10.463965348191554 46.18773143425476 -11.93543934267589 1.0 1.0 0.0
v -2.8947103184925744 46.47236289484141 -8.885564776406332 0.0 0.0 0.0
v -7.796152744233314 47.430271656040674 -7.114610062245904 0.0 0.0 0.0
v -10.463965348191554 46.18773143425476 -11.93543934267589 0.0 0.0 0.0
v -1.4794483161138883 48.45732073846855 -3.998539835702088 0.55 0.55 0.55
v -6.8357244195976055 49.10726897540414 -3.226929268314795 0.55 0.55 0.55
v -7.796152744233314 47.430271656040674 -7.114610062245904 0.55 0.55 0.55
v -2.8947103184925744 46.47236289484141 -8.885564776406332 0.55 0.55 0.55
v 0.7165317129769686 47.99329781393308 5.0213234573920476 0.55 0.55 0.55
v -4.013268641579071 48.111060031609014 2.9961448712111123 0.55 0.55 0.55
v -6.8357244195976055 49.10726897540414 -3.226929268314795 0.55 0.55 0.55
v -1.4794483161138883 48.45732073846855 -3.998539835702088 0.55 0.55 0.55
v -12.62168765616453 45.302952781650156 8.049088760135342 1.0 1.0 1.0
v -4.013268641579071 48.111060031609014 2.9961448712111123 1.0 1.0 1.0
v 0.7165317129769686 47.99329781393308 5.0213234573920476 1.0 1.0 1.0
v -12.62168765616453 45.302952781650156 8.049088760135342 1.0 1.0 1.0
v -8.80506314606916 48.021248858394245 3.337382068072837 1.0 1.0 1.0
v -4.013268641579071 48.111060031609014 2.9961448712111123 1.0 1.0 1.0
v -4.013268641579071 48.111060031609014 2.9961448712111123 0.0 0.0 0.0
v -8.80506314606916 48.021248858394245 3.337382068072837 0.0 0.0 0.0
v -6.8357244195976055 49.10726897540414 -3.226929268314795 0.0 0.0 0.0
v -8.80506314606916 48.021248858394245 3.337382068072837 0.0 0.0 0.0
v -12.926273227408956 49.234214977514384 1.1696091334698786 0.0 0.0 0.0
v -6.8357244195976055 49.10726897540414 -3.226929268314795 0.0 0.0 0.0
v -12.62168765616453 45.302952781650156 8.049088760135342 0.55 0.55 0.55
v -14.137596548621525 50.48198733003342 6.182447774423917 0.55 0.55 0.55
v -12.926273227408956 49.234214977514384 1.1696091334698786 0.55 0.55 0.55
v -8.80506314606916 48.021248858394245 3.337382068072837 0.55 0.55 0.55
v -17.225941659192383 50.33807827303098 10.938858604371138 0.55 0.55 0.55
v -17.93909117788373 55.23803239005899 8.308997701198876 0.55 0.55 0.55
v -14.137596548621525 50.48198733003342 6.182447774423917 0.55 0.55 0.55
v -12.62168765616453 45.302952781650156 8.049088760135342 0.55 0.55 0.55
v -21.527493335290757 55.29470984945028 12.398527951325171 1.0 1.0 1.0
v -17.93909117788373 55.23803239005899 8.308997701198876 1.0 1.0 1.0
v -17.225941659192383 50.33807827303098 10.938858604371138 1.0 1.0 1.0
v -21.527493335290757 55.29470984945028 12.398527951325171 1.0 1.0 1.0
v -17.490283152394625 59.746486585823206 5.0153950606699675 1.0 1.0 1.0
v -17.93909117788373 55.23803239005899 8.308997701198876 1.0 1.0 1.0
v -17.93909117788373 55.23803239005899 8.308997701198876 0.55 0.55 0.55
v -17.490283152394625 59.746486585823206 5.0153950606699675 0.55 0.55 0.55
v -15.594955447046406 55.0482164834555 3.0530067732662367 0.55 0.55 0.55
v -14.137596548621525 50.48198733003342 6.182447774423917 0.55 0.55 0.55
v -12.926273227408956 49.234214977514384 1.1696091334698786 1.0 0.0 0.0
v -14.137596548621525 50.48198733003342 6.182447774423917 1.0 0.0 0.0
v -15.594955447046406 55.0482164834555 3.0530067732662367 1.0 0.0 0.0
v -12.084370868603147 50.642599701838655 -3.4159655064551795 1.0 0.0 0.0
v -6.8357244195976055 49.10726897540414 -3.226929268314795 1.0 0.0 0.0
v -7.796152744233314 47.430271656040674 -7.114610062245904 1.0 0.0 0.0
v -6.8357244195976055 49.10726897540414 -3.226929268314795 1.0 0.0 0.0
v -12.084370868603147 50.642599701838655 -3.4159655064551795 1.0 0.0 0.0
v -13.1234721631652 48.84821833519469 -8.051177715768732 1.0 0.0 0.0
v -10.463965348191554 46.18773143425476 -11.93543934267589 1.0 0.0 0.0
v -10.463965348191554 46.18773143425476 -11.93543934267589 0.55 0.55 0.55
v -13.1234721631652 48.84821833519469 -8.051177715768732 0.55 0.55 0.55
v -15.946675227476671 47.34316713693026 -11.033767733901614 0.55 0.55 0.55
v -14.178753034072116 43.73839795643792 -14.463839090216354 0.55 0.55 0.55
v -14.178753034072116 43.73839795643792 -14.463839090216354 0.55 0.55 0.55
v -15.946675227476671 47.34316713693026 -11.033767733901614 0.55 0.55 0.55
v -18.36956107167632 45.61673863511885 -11.383123466106097 0.55 0.55 0.55
v -18.072891463923675 41.71586507280636 -14.963329289428748 0.55 0.55 0.55
v -18.072891463923675 41.71586507280636 -14.963329289428748 0.55 0.55 0.55
v -18.36956107167632 45.61673863511885 -11.383123466106097 0.55 0.55 0.55
v -21.380323220031283 45.867538955021956 -11.780065926772135 0.55 0.55 0.55
v -21.921911912513345 41.0724600507413 -13.750997632739702 0.55 0.55 0.55
v -21.921911912513345 41.0724600507413 -13.750997632739702 0.55 0.55 0.55
v -21.380323220031283 45.867538955021956 -11.780065926772135 0.55 0.55 0.55
v -25.498264306227764 49.62306103317094 -11.291422474582035 0.55 0.55 0.55
v -26.24113033192266 44.279615370199195 -11.56109413016138 0.55 0.55 0.55
v -29.92107045794809 49.88906506352602 -10.25221129189689 1.0 0.0 0.0
v -25.498264306227764 49.62306103317094 -11.291422474582035 1.0 0.0 0.0
v -23.549576180722966 54.61474670798164 -10.774460640222827 1.0 0.0 0.0
v -27.830289274205626 56.76693750887294 -11.14873524237055 1.0 0.0 0.0
v -30.116098479780348 52.35469308208395 -9.589000443127174 1.0 0.0 0.0
v -30.116098479780348 52.35469308208395 -9.589000443127174 0.55 0.55 0.55
v -27.830289274205626 56.76693750887294 -11.14873524237055 0.55 0.55 0.55
v -30.421742713572492 58.42838566790674 -8.303815317012194 0.55 0.55 0.55
v -33.288250033773494 54.369605136083315 -5.87246469038507 0.55 0.55 0.55
v -33.288250033773494 54.369605136083315 -5.87246469038507 0.55 0.55 0.55
v -30.421742713572492 58.42838566790674 -8.303815317012194 0.55 0.55 0.55
v -29.40056806313343 61.83933902669211 -6.973889971006883 0.55 0.55 0.55
v -35.26301510593767 55.45080783913228 -1.3719169277552334 0.55 0.55 0.55
v -35.77643675597241 60.811928070360125 1.056676538775093 1.0 0.0 0.0
v -35.26301510593767 55.45080783913228 -1.3719169277552334 1.0 0.0 0.0
v -29.40056806313343 61.83933902669211 -6.973889971006883 1.0 0.0 0.0
v -33.09864250511803 62.0205933987812 4.680068276233698 1.0 0.0 0.0
v -35.576480540597565 58.52978060300741 8.190588166158918 1.0 0.0 0.0
v -35.576480540597565 58.52978060300741 8.190588166158918 0.0 0.0 0.0
v -33.09864250511803 62.0205933987812 4.680068276233698 0.0 0.0 0.0
v -29.256254039679174 60.61350495347072 12.531907516120771 0.0 0.0 0.0
v -33.09864250511803 62.0205933987812 4.680068276233698 0.0 0.0 0.0
v -29.61762997237579 63.30232021019607 0.4955632869094859 0.0 0.0 0.0
v -29.256254039679174 60.61350495347072 12.531907516120771 0.0 0.0 0.0
v -29.40056806313343 61.83933902669211 -6.973889971006883 1.0 1.0 1.0
v -29.61762997237579 63.30232021019607 0.4955632869094859 1.0 1.0 1.0
v -33.09864250511803 62.0205933987812 4.680068276233698 1.0 1.0 1.0
v -29.40056806313343 61.83933902669211 -6.973889971006883 1.0 1.0 1.0
v -25.970194229735046 63.07292414189198 -3.507994673312232 1.0 1.0 1.0
v -29.61762997237579 63.30232021019607 0.4955632869094859 1.0 1.0 1.0
v -29.61762997237579 63.30232021019607 0.4955632869094859 0.55 0.55 0.55
v -25.970194229735046 63.07292414189198 -3.507994673312232 0.55 0.55 0.55
v -25.30966117522655 63.53772611748091 2.3970620672385095 0.55 0.55 0.55
v -29.256254039679174 60.61350495347072 12.531907516120771 0.55 0.55 0.55
v -29.256254039679174 60.61350495347072 12.531907516120771 0.55 0.55 0.55
v -25.30966117522655 63.53772611748091 2.3970620672385095 0.55 0.55 0.55
v -24.298416915883376 61.91886993543682 11.181597535814477 0.55 0.55 0.55
v -24.522195182705488 58.07791076817584 14.998894532142625 0.55 0.55 0.55
v -24.522195182705488 58.07791076817584 14.998894532142625 0.55 0.55 0.55
v -24.298416915883376 61.91886993543682 11.181597535814477 0.55 0.55 0.55
v -19.497751539916955 63.108653778304905 6.261551620785068 0.55 0.55 0.55
v -21.527493335290757 55.29470984945028 12.398527951325171 0.55 0.55 0.55
v -21.527493335290757 55.29470984945028 12.398527951325171 0.55 0.55 0.55
v -19.497751539916955 63.108653778304905 6.261551620785068 0.55 0.55 0.55
v -18.155260402979543 62.95013562237027 0.4989202398262689 0.55 0.55 0.55
v -17.490283152394625 59.746486585823206 5.0153950606699675 0.55 0.55 0.55
v -17.490283152394625 59.746486585823206 5.0153950606699675 0.55 0.55 0.55
v -18.155260402979543 62.95013562237027 0.4989202398262689 0.55 0.55 0.55
v -15.418715661052513 59.27585699093348 -0.7038753462925613 0.55 0.55 0.55
v -15.594955447046406 55.0482164834555 3.0530067732662367 0.55 0.55 0.55
v -15.594955447046406 55.0482164834555 3.0530067732662367 0.55 0.55 0.55
v -15.418715661052513 59.27585699093348 -0.7038753462925613 0.55 0.55 0.55
v -15.073374913574726 55.04936076812109 -3.59440312354565 0.55 0.55 0.55
v -12.084370868603147 50.642599701838655 -3.4159655064551795 0.55 0.55 0.55
v -13.1234721631652 48.84821833519469 -8.051177715768732 1.0 0.0 0.0
v -12.084370868603147 50.642599701838655 -3.4159655064551795 1.0 0.0 0.0
v -15.073374913574726 55.04936076812109 -3.59440312354565 1.0 0.0 0.0
v -16.789295531164584 51.18907650271247 -8.316627935488286 1.0 0.0 0.0
v -15.946675227476671 47.34316713693026 -11.033767733901614 1.0 0.0 0.0
v -18.36956107167632 45.61673863511885 -11.383123466106097 1.0 0.0 0.0
v -15.946675227476671 47.34316713693026 -11.033767733901614 1.0 0.0 0.0
v -16.789295531164584 51.18907650271247 -8.316627935488286 1.0 0.0 0.0
v -20.49279299270004 50.84497667071847 -10.459990646695392 1.0 0.0 0.0
v -21.380323220031283 45.867538955021956 -11.780065926772135 1.0 0.0 0.0
v -21.380323220031283 45.867538955021956 -11.780065926772135 0.55 0.55 0.55
v -20.49279299270004 50.84497667071847 -10.459990646695392 0.55 0.55 0.55
v -23.549576180722966 54.61474670798164 -10.774460640222827 0.55 0.55 0.55
v -25.498264306227764 49.62306103317094 -11.291422474582035 0.55 0.55 0.55
f 1 2 3 4
f 5 6 7 8 9
f 10 11 12 13
f 14 15 16 17
f 18 19 20 21
f 22 23 24 25
f 26 27 28 29
f 30 31 32 33
f 34 35 36 37
f 38 39 40 41
f 42 43 44 45
f 46 47 48 49
f 50 51 52 53
f 54 55 56 57
f 58 59 60 61
f 62 63 64 65
f 66 67 68 69
f 70 71 72 73
f 74 75 76 77
f 78 79 80 81
f 82 83 84 85
f 86 87 88 89
f 90 91 92 93
f 94 95 96 97
f 98 99 100 101
f 102 103 104 105
f 106 107 108 109
f 110 111 112 113
f 114 115 116 117
f 118 119 120 121
f 122 123 124 125
f 126 127 128 129
f 130 131 132 133
f 134 135 136 137
f 138 139 140 141
f 142 143 144 145
f 146 147 148 149
f 150 151 152 153
f 154 155 156 157
f 158 159 160
f 161 162 163
f 164 165 166
f 167 168 169 170
f 171 172 173 174
f 175 176 177 178
f 179 180 181 182
f 183 184 185 186
f 187 188 189 190
f 191 192 193 194
f 195 196 197
f 198 199 200
f 201 202 203
f 204 205 206
f 207 208 209 210
f 211 212 213
f 214 215 216
f 217 218 219
f 220 221 222 223
f 224 225 226 227
f 228 229 230 231
f 232 233 234 235
f 236 237 238
f 239 240 241
f 242 243 244 245
f 246 247 248 249
f 250 251 252
f 253 254 255
f 256 257 258 259
f 260 261 262 263
f 264 265 266 267
f 268 269 270 271 272
f 273 274 275 276
f 277 278 279
f 280 281 282
f 283 284 285 286
f 287 288 289 290
f 291 292 293
f 294 295 296
f 297 298 299 300
f 301 302 303 304 305
f 306 307 308 309
f 310 311 312 313
f 314 315 316 317
f 318 319 320 321
f 322 323 324 325
f 326 327 328 329
f 330 331 332
f 333 334 335
f 336 337 338 339
f 340 341 342 343
f 344 345 346 347
f 348 349 350 351
f 352 353 354 355
f 356 357 358
f 359 360 361
f 362 363 364 365
f 366 367 368 369
f 370 371 372 373
f 374 375 376 377 378
f 379 380 381 382
f 383 384 385 386
f 387 388 389 390
f 391 392 393 394
f 395 396 397 398
f 399 400 401 402
f 403 404 405 406
f 407 408 409 410
f 411 412 413 414
f 415 416 417 418
f 419 420 421 422
f 423 424 425 426
f 427 428 429 430
f 431 432 433
f 434 435 436 437
f 438 439 440 441
f 442 443 444 445 446
f 447 448 449 450
f 451 452 453 454
f 455 456 457 458
f 459 460 461 462
f 463 464 465 466
f 467 468 469 470
f 471 472 473 474
f 475 476 477 478
f 479 480 481 482
f 483 484 485
f 486 487 488
f 489 490 491 492
f 493 494 495 496
f 497 498 499 500
f 501 502 503 504
f 505 506 507 508
f 509 510 511 512
f 513 514 515 516
f 517 518 519 520
f 521 522 523 524
f 525 526 527 528
f 529 530 531 532
f 533 534 535 536
f 537 538 539 540
f 541 542 543 544 545
f 546 547 548 549
f 550 551 552 553
f 554 555 556 557
f 558 559 560 561
f 562 563 564 565
f 566 567 568 569
f 570 571 572 573
f 574 575 576
f 577 578 579
f 580 581 582 583
f 584 585 586 587
f 588 589 590 591
f 592 593 594 595
f 596 597 598 599
f 600 601 602 603
f 604 605 606
f 607 608 609
f 610 611 612 613
f 614 615 616 617
f 618 619 620 621
f 622 623 624 625 626
f 627 628 629 630
f 631 632 633 634
f 635 636 637 638
f 639 640 641 642
f 643 644 645 646
f 647 648 649 650
f 651 652 653 654
f 655 656 657
f 658 659 660
f 661 662 663 664
f 665 666 667
f 668 669 670
f 671 672 673 674
f 675 676 677
f 678 679 680
f 681 682 683 684
f 685 686 687 688
f 689 690 691 692
f 693 694 695 696
f 697 698 699
f 700 701 702
f 703 704 705 706
f 707 708 709 710
f 711 712 713 714
f 715 716 717 718
f 719 720 721 722
f 723 724 725 726
f 727 728 729 730
f 731 732 733 734
f 735 736 737 738
f 739 740 741 742
f 743 744 745 746
f 747 748 749 750
f 751 752 753
f 754 755 756 757
f 758 759 760 761
f 762 763 764 765
f 766 767 768 769
f 770 771 772 773
f 774 775 776
f 777 778 779
f 780 781 782 783
f 784 785 786 787
f 788 789 790
f 791 792 793
f 794 795 796 797
f 798 799 800 801
f 802 803 804
f 805 806 807
f 808 809 810 811
f 812 813 814 815
f 816 817 818 819
f 820 821 822 823
f 824 825 826 827
f 828 829 830 831
f 832 833 834 835
f 836 837 838 839
f 840 841 842 843
f 844 845 846 847 848
f 849 850 851 852
f 853 854 855 856
f 857 858 859 860
f 861 862 863 864
f 865 866 867 868
f 869 870 871 872
f 873 874 875 876
f 877 878 879 880
f 881 882 883 884
f 885 886 887 888 889
f 890 891 892
f 893 894 895
f 896 897 898
f 899 900 901
f 902 903 904 905
f 906 907 908 909
f 910 911 912 913
f 914 915 916
f 917 918 919
f 920 921 922
f 923 924 925
f 926 927 928 929
f 930 931 932 933
f 934 935 936 937
f 938 939 940
f 941 942 943
f 944 945 946
f 947 948 949 950
f 951 952 953 954
f 955 956 957 958
f 959 960 961 962
f 963 964 965
f 966 967 968
f 969 970 971 972
f 973 974 975 976
f 977 978 979
f 980 981 982
f 983 984 985 986
f 987 988 989 990 991
f 992 993 994 995 996
f 997 998 999 1000
f 1001 1002 1003 1004
f 1005 1006 1007 1008
f 1009 1010 1011 1012
f 1013 1014 1015 1016
f 1017 1018 1019
f 1020 1021 1022
f 1023 1024 1025 1026
f 1027 1028 1029 1030 1031
f 1032 1033 1034 1035
f 1036 1037 1038 1039
f 1040 1041 1042
f 1043 1044 1045
f 1046 1047 1048 1049
f 1050 1051 1052 1053
f 1054 1055 1056 1057
f 1058 1059 1060 1061
f 1062 1063 1064 1065
f 1066 1067 1068 1069
f 1070 1071 1072
f 1073 1074 1075
f 1076 1077 1078
f 1079 1080 1081
f 1082 1083 1084 1085
f 1086 1087 1088 1089
f 1090 1091 1092 1093
f 1094 1095 1096
f 1097 1098 1099
f 1100 1101 1102
f 1103 1104 1105
f 1106 1107 1108 1109
f 1110 1111 1112 1113
f 1114 1115 1116 1117
f 1118 1119 1120 1121
f 1122 1123 1124 1125
f 1126 1127 1128 1129
f 1130 1131 1132
f 1133 1134 1135
f 1136 1137 1138 1139
f 1140 1141 1142 1143
f 1144 1145 1146 1147
f 1148 1149 1150 1151
f 1152 1153 1154 1155
f 1156 1157 1158 1159 1160 1161
f 1162 1163 1164
f 1165 1166 1167
f 1168 1169 1170 1171
f 1172 1173 1174 1175
f 1176 1177 1178 1179
f 1180 1181 1182 1183
f 1184 1185 1186 1187
f 1188 1189 1190 1191 1192
f 1193 1194 1195 1196
f 1197 1198 1199 1200
f 1201 1202 1203 1204
f 1205 1206 1207 1208
f 1209 1210 1211 1212
f 1213 1214 1215 1216
f 1217 1218 1219 1220
f 1221 1222 1223 1224
f 1225 1226 1227
f 1228 1229 1230
f 1231 1232 1233 1234
f 1235 1236 1237 1238
f 1239 1240 1241 1242
f 1243 1244 1245 1246 1247
f 1248 1249 1250 1251
f 1252 1253 1254 1255
f 1256 1257 1258 1259
f 1260 1261 1262
f 1263 1264 1265
f 1266 1267 1268 1269
f 1270 1271 1272 1273
f 1274 1275 1276 1277 1278
f 1279 1280 1281 1282
f 1283 1284 1285 1286
f 1287 1288 1289
f 1290 1291 1292 1293
f 1294 1295 1296 1297
f 1298 1299 1300
f 1301 1302 1303
f 1304 1305 1306 1307
f 1308 1309 1310 1311
f 1312 1313 1314
f 1315 1316 1317
f 1318 1319 1320
f 1321 1322 1323
f 1324 1325 1326 1327
f 1328 1329 1330 1331
f 1332 1333 1334 1335
f 1336 1337 1338 1339
f 1340 1341 1342 1343
f 1344 1345 1346
f 1347 1348 1349
f 1350 1351 1352
f 1353 1354 1355
f 1356 1357 1358 1359
f 1360 1361 1362 1363 1364
f 1365 1366 1367 1368
f 1369 1370 1371 1372
f 1373 1374 1375
f 1376 1377 1378 1379
f 1380 1381 1382 1383
f 1384 1385 1386
f 1387 1388 1389
f 1390 1391 1392 1393
f 1394 1395 1396 1397
f 1398 1399 1400 1401
f 1402 1403 1404 1405
f 1406 1407 1408 1409
f 1410 1411 1412
f 1413 1414 1415
f 1416 1417 1418 1419 1420
f 1421 1422 1423
f 1424 1425 1426
f 1427 1428 1429 1430
f 1431 1432 1433 1434
f 1435 1436 1437 1438
f 1439 1440 1441 1442
f 1443 1444 1445 1446
f 1447 1448 1449 1450
f 1451 1452 1453 1454
f 1455 1456 1457 1458
f 1459 1460 1461 1462
f 1463 1464 1465 1466
f 1467 1468 1469 1470
f 1471 1472 1473 1474
f 1475 1476 1477 1478 1479
f 1480 1481 1482
f 1483 1484 1485
f 1486 1487 1488 1489
f 1490 1491 1492 1493
f 1494 1495 1496 1497
f 1498 1499 1500 1501
f 1502 1503 1504
f 1505 1506 1507
f 1508 1509 1510 1511
f 1512 1513 1514 1515
f 1516 1517 1518 1519
f 1520 1521 1522 1523
f 1524 1525 1526 1527
f 1528 1529 1530 1531 1532
f 1533 1534 1535 1536
f 1537 1538 1539
f 1540 1541 1542
f 1543 1544 1545
f 1546 1547 1548
f 1549 1550 1551 1552
f 1553 1554 1555 1556
f 1557 1558 1559 1560
f 1561 1562 1563 1564 1565 1566
f 1567 1568 1569 1570 1571 1572
f 1573 1574 1575 1576
f 1577 1578 1579 1580 1581
f 1582 1583 1584
f 1585 1586 1587 1588
f 1589 1590 1591 1592
f 1593 1594 1595
f 1596 1597 1598
f 1599 1600 1601
f 1602 1603 1604
f 1605 1606 1607 1608
f 1609 1610 1611 1612
f 1613 1614 1615
f 1616 1617 1618
f 1619 1620 1621 1622
f 1623 1624 1625 1626 1627
f 1628 1629 1630 1631 1632
f 1633 1634 1635 1636
f 1637 1638 1639 1640
f 1641 1642 1643 1644
f 1645 1646 1647 1648
f 1649 1650 1651 1652 1653
f 1654 1655 1656 1657
f 1658 1659 1660 1661
f 1662 1663 1664 1665 1666
f 1667 1668 1669
f 1670 1671 1672
f 1673 1674 1675
f 1676 1677 1678
f 1679 1680 1681 1682
f 1683 1684 1685 1686
f 1687 1688 1689 1690
f 1691 1692 1693 1694
f 1695 1696 1697 1698
f 1699 1700 1701 1702
f 1703 1704 1705 1706 1707
f 1708 1709 1710 1711 1712
f 1713 1714 1715 1716
