# KnittingStitches from conjugate-height scales + smooth
v 20.289854270636685 0.05601023400712372 3.474900627036397 0.55 0.55 0.55
v 19.795277229535337 2.5918557649660534 3.3567324769529727 0.55 0.55 0.55
v 19.172896769869247 2.591610504206796 5.793260284047353 0.55 0.55 0.55
v 19.66102685963708 0.055971869444379894 5.919642432877258 0.55 0.55 0.55
v 19.66102685963708 0.055971869444379894 5.919642432877258 0.55 0.55 0.55
v 19.172896769869247 2.591610504206796 5.793260284047353 0.55 0.55 0.55
v 18.342725741686113 2.598123135571633 8.16866476469483 0.55 0.55 0.55
v 18.8383844674411 0.05965600081969003 8.310048211788498 0.55 0.55 0.55
v 18.8383844674411 0.05965600081969003 8.310048211788498 0.55 0.55 0.55
v 18.342725741686113 2.598123135571633 8.16866476469483 0.55 0.55 0.55
v 17.177492260582504 2.607872092290205 10.40885697440088 0.55 0.55 0.55
v 17.687010177160165 0.06343040797283961 10.57149290783478 0.55 0.55 0.55
v 17.687010177160165 0.06343040797283961 10.57149290783478 0.55 0.55 0.55
v 17.177492260582504 2.607872092290205 10.40885697440088 0.55 0.55 0.55
v 15.377991396707744 2.808475753998174 12.429237363285639 0.55 0.55 0.55
v 15.480321270118832 -0.0009877179257236012 12.507985237953342 0.55 0.55 0.55
v 15.480321270118832 -0.0009877179257236012 12.507985237953342 0.55 0.55 0.55
v 15.377991396707744 2.808475753998174 12.429237363285639 0.55 0.55 0.55
v 13.697686066653691 2.7683508470483686 14.34542513328882 0.55 0.55 0.55
v 13.799530731233789 -0.007537022945063119 14.418335867516983 0.55 0.55 0.55
v 13.799530731233789 -0.007537022945063119 14.418335867516983 0.55 0.55 0.55
v 13.697686066653691 2.7683508470483686 14.34542513328882 0.55 0.55 0.55
v 11.914178701060568 2.62444157331433 16.130374992911094 0.55 0.55 0.55
v 12.247076894383074 0.07342194883647597 16.512523166560825 0.55 0.55 0.55
v 12.247076894383074 0.07342194883647597 16.512523166560825 0.55 0.55 0.55
v 11.914178701060568 2.62444157331433 16.130374992911094 0.55 0.55 0.55
v 9.58999957033831 2.762952837865155 17.30063776628847 0.55 0.55 0.55
v 9.656078813570414 -0.0028104308647815155 17.40389686015734 0.55 0.55 0.55
v 9.656078813570414 -0.0028104308647815155 17.40389686015734 0.55 0.55 0.55
v 9.58999957033831 2.762952837865155 17.30063776628847 0.55 0.55 0.55
v 7.318814417603486 2.922135542338812 18.430920941578805 0.55 0.55 0.55
v 7.374675943267704 -0.003493122763033642 18.558703209885444 0.55 0.55 0.55
v 7.374675943267704 -0.003493122763033642 18.558703209885444 0.55 0.55 0.55
v 7.318814417603486 2.922135542338812 18.430920941578805 0.55 0.55 0.55
v 4.933101568346156 2.597776355350701 19.432191188805184 0.55 0.55 0.55
v 5.047454611153904 0.05736407065423306 19.92356074345716 0.55 0.55 0.55
v 5.047454611153904 0.05736407065423306 19.92356074345716 0.55 0.55 0.55
v 4.933101568346156 2.597776355350701 19.432191188805184 0.55 0.55 0.55
v 2.399158365215742 2.767918933909927 19.637382654730068 0.55 0.55 0.55
v 2.416749393403885 -0.0029145835972737423 19.759000901368562 0.55 0.55 0.55
v 2.416749393403885 -0.0029145835972737423 19.759000901368562 0.55 0.55 0.55
v 2.399158365215742 2.767918933909927 19.637382654730068 0.55 0.55 0.55
v -0.16245508610793602 2.6008853219513224 20.110571913583673 0.55 0.55 0.55
v -0.18450146172308285 0.059221731143032516 20.61710150382256 0.55 0.55 0.55
v -0.18450146172308285 0.059221731143032516 20.61710150382256 0.55 0.55 0.55
v -0.16245508610793602 2.6008853219513224 20.110571913583673 0.55 0.55 0.55
v -2.64600791689309 2.5750275034623473 19.862742566024274 0.55 0.55 0.55
v -2.669743587415706 0.05874837178607206 20.35106110150024 0.55 0.55 0.55
v -2.669743587415706 0.05874837178607206 20.35106110150024 0.55 0.55 0.55
v -2.64600791689309 2.5750275034623473 19.862742566024274 0.55 0.55 0.55
v -5.1182518433031134 3.800243046723219 18.997321049987175 0.55 0.55 0.55
v -5.1683089662777375 0.8488162926953914 19.19801931550532 0.55 0.55 0.55
v -5.1683089662777375 0.8488162926953914 19.19801931550532 0.55 0.55 0.55
v -5.1182518433031134 3.800243046723219 18.997321049987175 0.55 0.55 0.55
v -7.670020986973989 2.6087574166789635 18.60196158667806 0.55 0.55 0.55
v -7.855605545961587 0.044587064429043685 19.07720988936378 0.55 0.55 0.55
v -7.855605545961587 0.044587064429043685 19.07720988936378 0.55 0.55 0.55
v -7.670020986973989 2.6087574166789635 18.60196158667806 0.55 0.55 0.55
v -9.824783472512701 2.819162358883669 17.168647816701395 0.55 0.55 0.55
v -9.888049999465448 -0.0032635044626572306 17.279067057531634 0.55 0.55 0.55
v -9.888049999465448 -0.0032635044626572306 17.279067057531634 0.55 0.55 0.55
v -9.824783472512701 2.819162358883669 17.168647816701395 0.55 0.55 0.55
v -12.066914070035182 2.592949733085827 16.006883541443262 0.55 0.55 0.55
v -12.349554249287515 0.05613252688805489 16.42650841899559 0.55 0.55 0.55
v -12.349554249287515 0.05613252688805489 16.42650841899559 0.55 0.55 0.55
v -12.066914070035182 2.592949733085827 16.006883541443262 0.55 0.55 0.55
v -13.905086592996053 2.8625213748326965 14.16168886890438 0.55 0.55 0.55
v -13.996950340611939 -0.004956676908910982 14.256663057960871 0.55 0.55 0.55
v -13.996950340611939 -0.004956676908910982 14.256663057960871 0.55 0.55 0.55
v -13.905086592996053 2.8625213748326965 14.16168886890438 0.55 0.55 0.55
v -15.730985006949378 2.591616852288431 12.403614762651953 0.55 0.55 0.55
v -16.114799231730878 0.05551685683510367 12.730023625427293 0.55 0.55 0.55
v -16.114799231730878 0.05551685683510367 12.730023625427293 0.55 0.55 0.55
v -15.730985006949378 2.591616852288431 12.403614762651953 0.55 0.55 0.55
v -16.99568633717111 2.82092835127036 10.14801133240727 0.55 0.55 0.55
v -17.105177617005925 -0.003222695174556617 10.213338796700157 0.55 0.55 0.55
v -17.105177617005925 -0.003222695174556617 10.213338796700157 0.55 0.55 0.55
v -16.99568633717111 2.82092835127036 10.14801133240727 0.55 0.55 0.55
v -18.179321680051988 2.9852251597601147 7.896074051381203 0.55 0.55 0.55
v -18.313325082595473 -0.002472824213140286 7.954135419374468 0.55 0.55 0.55
v -18.313325082595473 -0.002472824213140286 7.954135419374468 0.55 0.55 0.55
v -18.179321680051988 2.9852251597601147 7.896074051381203 0.55 0.55 0.55
v -19.00280418774778 2.7212071468356425 5.5083481778778225 0.55 0.55 0.55
v -19.12286723539237 -0.002043951080812347 5.512523839932674 0.55 0.55 0.55
v -19.12286723539237 -0.002043951080812347 5.512523839932674 0.55 0.55 0.55
v -19.00280418774778 2.7212071468356425 5.5083481778778225 0.55 0.55 0.55
v -19.823790496138958 2.592070617758617 3.0670698531314384 0.55 0.55 0.55
v -20.322900500360564 0.05550606816792494 3.1388167055968346 0.55 0.55 0.55
v -20.322900500360564 0.05550606816792494 3.1388167055968346 0.55 0.55 0.55
v -19.823790496138958 2.592070617758617 3.0670698531314384 0.55 0.55 0.55
v -19.804903727749853 2.9596684509382225 0.4939814060628081 0.55 0.55 0.55
v -19.947568915611143 -0.003780135511510118 0.49840126285279274 0.55 0.55 0.55
v -19.947568915611143 -0.003780135511510118 0.49840126285279274 0.55 0.55 0.55
v -19.804903727749853 2.9596684509382225 0.4939814060628081 0.55 0.55 0.55
v -19.275167654283123 2.9206426011222035 -4.536226456572308 0.55 0.55 0.55
v -19.40854024993977 -0.0035651694167077945 -4.573188799773899 0.55 0.55 0.55
v -19.40854024993977 -0.0035651694167077945 -4.573188799773899 0.55 0.55 0.55
v -19.275167654283123 2.9206426011222035 -4.536226456572308 0.55 0.55 0.55
v -19.92004497847457 2.5928221379032275 -2.087206358229127 0.55 0.55 0.55
v -20.418787595466668 0.05624104009823606 -2.1623147944838577 0.55 0.55 0.55
v -20.418787595466668 0.05624104009823606 -2.1623147944838577 0.55 0.55 0.55
v -19.92004497847457 2.5928221379032275 -2.087206358229127 0.55 0.55 0.55
v -18.77233136815582 2.5961594235506946 -7.1094241659395285 0.55 0.55 0.55
v -19.233234698785246 0.05735414778681449 -7.324565645537157 0.55 0.55 0.55
v -19.233234698785246 0.05735414778681449 -7.324565645537157 0.55 0.55 0.55
v -18.77233136815582 2.5961594235506946 -7.1094241659395285 0.55 0.55 0.55
v -17.47143520148391 2.7636029498054047 -9.270274581412016 0.55 0.55 0.55
v -17.577183574759303 -0.0029281277476817303 -9.331970420685971 0.55 0.55 0.55
v -17.577183574759303 -0.0029281277476817303 -9.331970420685971 0.55 0.55 0.55
v -17.47143520148391 2.7636029498054047 -9.270274581412016 0.55 0.55 0.55
v -16.358363992766048 2.597780836057191 -11.650480950002533 0.55 0.55 0.55
v -16.74278427960709 0.05789639777024362 -11.98539883389827 0.55 0.55 0.55
v -16.74278427960709 0.05789639777024362 -11.98539883389827 0.55 0.55 0.55
v -16.358363992766048 2.597780836057191 -11.650480950002533 0.55 0.55 0.55
v -14.76716501759538 2.595991960572866 -13.57620832755181 0.55 0.55 0.55
v -15.144349658010952 0.05723415124994358 -13.910126013748535 0.55 0.55 0.55
v -15.144349658010952 0.05723415124994358 -13.910126013748535 0.55 0.55 0.55
v -14.76716501759538 2.595991960572866 -13.57620832755181 0.55 0.55 0.55
v -12.724464341425918 2.6931274839931523 -15.15347952370919 0.55 0.55 0.55
v -12.78405034502935 -0.0036571596807476177 -15.252090200117639 0.55 0.55 0.55
v -12.78405034502935 -0.0036571596807476177 -15.252090200117639 0.55 0.55 0.55
v -12.724464341425918 2.6931274839931523 -15.15347952370919 0.55 0.55 0.55
v -10.818234282591735 2.6108471955102606 -16.924326634446533 0.55 0.55 0.55
v -11.06766259052779 0.04885660083379093 -17.365253193625314 0.55 0.55 0.55
v -11.06766259052779 0.04885660083379093 -17.365253193625314 0.55 0.55 0.55
v -10.818234282591735 2.6108471955102606 -16.924326634446533 0.55 0.55 0.55
v -8.456254685007025 2.921023309992918 -17.887867756860317 0.55 0.55 0.55
v -8.509473078275303 -0.003549968618673302 -18.01635038555348 0.55 0.55 0.55
v -8.509473078275303 -0.003549968618673302 -18.01635038555348 0.55 0.55 0.55
v -8.456254685007025 2.921023309992918 -17.887867756860317 0.55 0.55 0.55
v -6.101240320641297 2.8031220742180833 -18.813355341416035 0.55 0.55 0.55
v -6.132655295095975 -0.00305495425991876 -18.936021383159268 0.55 0.55 0.55
v -6.132655295095975 -0.00305495425991876 -18.936021383159268 0.55 0.55 0.55
v -6.101240320641297 2.8031220742180833 -18.813355341416035 0.55 0.55 0.55
v -3.6631761692429756 2.603211275325115 -19.529494154012344 0.55 0.55 0.55
v -3.6713735160474363 -0.0033699627632047075 -19.635635505331784 0.55 0.55 0.55
v -3.6713735160474363 -0.0033699627632047075 -19.635635505331784 0.55 0.55 0.55
v -3.6631761692429756 2.603211275325115 -19.529494154012344 0.55 0.55 0.55
v -1.1358602121588968 2.592074422754446 -20.0139362754525 0.55 0.55 0.55
v -1.1508895240296229 0.055678777559063995 -20.518574537874162 0.55 0.55 0.55
v -1.1508895240296229 0.055678777559063995 -20.518574537874162 0.55 0.55 0.55
v -1.1358602121588968 2.592074422754446 -20.0139362754525 0.55 0.55 0.55
v 1.4048503397760614 2.8181115108331305 -19.730178484943327 0.55 0.55 0.55
v 1.421877045353196 -0.003260133403330511 -19.85621701188739 0.55 0.55 0.55
v 1.421877045353196 -0.003260133403330511 -19.85621701188739 0.55 0.55 0.55
v 1.4048503397760614 2.8181115108331305 -19.730178484943327 0.55 0.55 0.55
v 3.9391157320449715 2.6043593756528907 -19.490467717443156 0.55 0.55 0.55
v 3.9673930025853377 -0.0024831658660179304 -19.592213194756987 0.55 0.55 0.55
v 3.9673930025853377 -0.0024831658660179304 -19.592213194756987 0.55 0.55 0.55
v 3.9391157320449715 2.6043593756528907 -19.490467717443156 0.55 0.55 0.55
v 6.364032748151037 2.732789076455876 -18.741902484713766 0.55 0.55 0.55
v 6.430239464183927 -0.002720518682921312 -18.84477604573878 0.55 0.55 0.55
v 6.430239464183927 -0.002720518682921312 -18.84477604573878 0.55 0.55 0.55
v 6.364032748151037 2.732789076455876 -18.741902484713766 0.55 0.55 0.55
v 10.943565655487545 2.867733261798991 -16.564915744286978 0.55 0.55 0.55
v 11.037468242544913 -0.002699048247770171 -16.664607193084517 0.55 0.55 0.55
v 11.037468242544913 -0.002699048247770171 -16.664607193084517 0.55 0.55 0.55
v 10.943565655487545 2.867733261798991 -16.564915744286978 0.55 0.55 0.55
v 8.830391892643274 3.3621053327606814 -17.887571042564808 0.55 0.55 0.55
v 9.129027219298788 0.8489819247775607 -18.357589135225876 0.55 0.55 0.55
v 9.129027219298788 0.8489819247775607 -18.357589135225876 0.55 0.55 0.55
v 8.830391892643274 3.3621053327606814 -17.887571042564808 0.55 0.55 0.55
v 12.918082980561467 2.771897760617793 -14.984963457347176 0.55 0.55 0.55
v 13.045453125375683 -0.0028367729476381372 -15.035499141175256 0.55 0.55 0.55
v 13.045453125375683 -0.0028367729476381372 -15.035499141175256 0.55 0.55 0.55
v 12.918082980561467 2.771897760617793 -14.984963457347176 0.55 0.55 0.55
v 15.02952330079568 2.6138131377191858 -13.27913302603983 0.55 0.55 0.55
v 15.461351593461064 0.05465402398721174 -13.56315514406123 0.55 0.55 0.55
v 15.461351593461064 0.05465402398721174 -13.56315514406123 0.55 0.55 0.55
v 15.02952330079568 2.6138131377191858 -13.27913302603983 0.55 0.55 0.55
v 16.347342651859336 2.9156999994338038 -11.230887367399747 0.55 0.55 0.55
v 16.47329021449415 -0.0006978374189512338 -11.296933924678594 0.55 0.55 0.55
v 16.47329021449415 -0.0006978374189512338 -11.296933924678594 0.55 0.55 0.55
v 16.347342651859336 2.9156999994338038 -11.230887367399747 0.55 0.55 0.55
v 17.884517973287988 2.5990106425939796 -9.046701849824808 0.55 0.55 0.55
v 18.386705595842738 0.058935858812053925 -9.18827834101366 0.55 0.55 0.55
v 18.386705595842738 0.058935858812053925 -9.18827834101366 0.55 0.55 0.55
v 17.884517973287988 2.5990106425939796 -9.046701849824808 0.55 0.55 0.55
v 18.890394571562364 2.5923961708234162 -6.743630526493839 0.55 0.55 0.55
v 19.382983168351856 0.05590579197502901 -6.867883695217935 0.55 0.55 0.55
v 19.382983168351856 0.05590579197502901 -6.867883695217935 0.55 0.55 0.55
v 18.890394571562364 2.5923961708234162 -6.743630526493839 0.55 0.55 0.55
v 19.61877944502068 2.5915558832509733 -4.323454985414401 0.55 0.55 0.55
v 20.110819620990178 0.05603843552883609 -4.436863986564919 0.55 0.55 0.55
v 20.110819620990178 0.05603843552883609 -4.436863986564919 0.55 0.55 0.55
v 19.61877944502068 2.5915558832509733 -4.323454985414401 0.55 0.55 0.55
v 19.716508286069203 2.5980907632606796 -1.7816702093519956 0.55 0.55 0.55
v 19.818422829400095 -0.008075905626526754 -1.8080598437754007 0.55 0.55 0.55
v 19.818422829400095 -0.008075905626526754 -1.8080598437754007 0.55 0.55 0.55
v 19.716508286069203 2.5980907632606796 -1.7816702093519956 0.55 0.55 0.55
v 19.743212392910074 3.2455653545694263 0.783638708768762 0.55 0.55 0.55
v 19.916718643089794 -0.0004345649301222856 0.8243428870820366 0.55 0.55 0.55
v 19.916718643089794 -0.0004345649301222856 0.8243428870820366 0.55 0.55 0.55
v 19.743212392910074 3.2455653545694263 0.783638708768762 0.55 0.55 0.55
v 19.795277229535337 2.5918557649660534 3.3567324769529727 0.55 0.55 0.55
v 20.289854270636685 0.05601023400712372 3.474900627036397 0.55 0.55 0.55
v 19.795277229535337 2.5918557649660534 3.3567324769529727 0.55 0.55 0.55
v 19.206603598193514 5.106228090577928 3.213996798565114 0.55 0.55 0.55
v 18.59437068356438 5.106285901019968 5.634308235411067 0.55 0.55 0.55
v 19.172896769869247 2.591610504206796 5.793260284047353 0.55 0.55 0.55
v 19.172896769869247 2.591610504206796 5.793260284047353 0.55 0.55 0.55
v 18.59437068356438 5.106285901019968 5.634308235411067 0.55 0.55 0.55
v 17.760639368790144 5.115363207816738 7.984363439993152 0.55 0.55 0.55
v 18.342725741686113 2.598123135571633 8.16866476469483 0.55 0.55 0.55
v 18.342725741686113 2.598123135571633 8.16866476469483 0.55 0.55 0.55
v 17.760639368790144 5.115363207816738 7.984363439993152 0.55 0.55 0.55
v 16.588119047919207 5.130912102991698 10.192176450247274 0.55 0.55 0.55
v 17.177492260582504 2.607872092290205 10.40885697440088 0.55 0.55 0.55
v 17.177492260582504 2.607872092290205 10.40885697440088 0.55 0.55 0.55
v 16.588119047919207 5.130912102991698 10.192176450247274 0.55 0.55 0.55
v 15.093249686930747 5.5977320804324115 12.211278393996738 0.55 0.55 0.55
v 15.377991396707744 2.808475753998174 12.429237363285639 0.55 0.55 0.55
v 15.377991396707744 2.808475753998174 12.429237363285639 0.55 0.55 0.55
v 15.093249686930747 5.5977320804324115 12.211278393996738 0.55 0.55 0.55
v 13.446649161165736 5.524540321526332 14.09958051839385 0.55 0.55 0.55
v 13.697686066653691 2.7683508470483686 14.34542513328882 0.55 0.55 0.55
v 13.697686066653691 2.7683508470483686 14.34542513328882 0.55 0.55 0.55
v 13.446649161165736 5.524540321526332 14.09958051839385 0.55 0.55 0.55
v 11.519070770043164 5.15366605443472 15.670833006032245 0.55 0.55 0.55
v 11.914178701060568 2.62444157331433 16.130374992911094 0.55 0.55 0.55
v 11.914178701060568 2.62444157331433 16.130374992911094 0.55 0.55 0.55
v 11.519070770043164 5.15366605443472 15.670833006032245 0.55 0.55 0.55
v 9.413196918060034 5.509265021615381 17.00085488477813 0.55 0.55 0.55
v 9.58999957033831 2.762952837865155 17.30063776628847 0.55 0.55 0.55
v 9.58999957033831 2.762952837865155 17.30063776628847 0.55 0.55 0.55
v 9.413196918060034 5.509265021615381 17.00085488477813 0.55 0.55 0.55
v 7.165940496271701 5.824786996517472 18.07240961808851 0.55 0.55 0.55
v 7.318814417603486 2.922135542338812 18.430920941578805 0.55 0.55 0.55
v 7.318814417603486 2.922135542338812 18.430920941578805 0.55 0.55 0.55
v 7.165940496271701 5.824786996517472 18.07240961808851 0.55 0.55 0.55
v 4.789577817966193 5.117012595796985 18.848371094466348 0.55 0.55 0.55
v 4.933101568346156 2.597776355350701 19.432191188805184 0.55 0.55 0.55
v 4.933101568346156 2.597776355350701 19.432191188805184 0.55 0.55 0.55
v 4.789577817966193 5.117012595796985 18.848371094466348 0.55 0.55 0.55
v 2.350074793696463 5.519189209641557 19.291562177968007 0.55 0.55 0.55
v 2.399158365215742 2.767918933909927 19.637382654730068 0.55 0.55 0.55
v 2.399158365215742 2.767918933909927 19.637382654730068 0.55 0.55 0.55
v 2.350074793696463 5.519189209641557 19.291562177968007 0.55 0.55 0.55
v -0.14488086808298106 5.121105626325651 19.506332173128538 0.55 0.55 0.55
v -0.16245508610793602 2.6008853219513224 20.110571913583673 0.55 0.55 0.55
v -0.16245508610793602 2.6008853219513224 20.110571913583673 0.55 0.55 0.55
v -0.14488086808298106 5.121105626325651 19.506332173128538 0.55 0.55 0.55
v -2.610294676490285 5.07040726542673 19.277657620937813 0.55 0.55 0.55
v -2.64600791689309 2.5750275034623473 19.862742566024274 0.55 0.55 0.55
v -2.64600791689309 2.5750275034623473 19.862742566024274 0.55 0.55 0.55
v -2.610294676490285 5.07040726542673 19.277657620937813 0.55 0.55 0.55
v -5.010249858470804 6.723835004465847 18.554415264220435 0.55 0.55 0.55
v -5.1182518433031134 3.800243046723219 18.997321049987175 0.55 0.55 0.55
v -5.1182518433031134 3.800243046723219 18.997321049987175 0.55 0.55 0.55
v -5.010249858470804 6.723835004465847 18.554415264220435 0.55 0.55 0.55
v -7.449901264585337 5.1509636706937 18.032927475789794 0.55 0.55 0.55
v -7.670020986973989 2.6087574166789635 18.60196158667806 0.55 0.55 0.55
v -7.670020986973989 2.6087574166789635 18.60196158667806 0.55 0.55 0.55
v -7.449901264585337 5.1509636706937 18.032927475789794 0.55 0.55 0.55
v -9.6507950933553 5.620997399847747 16.851809892523537 0.55 0.55 0.55
v -9.824783472512701 2.819162358883669 17.168647816701395 0.55 0.55 0.55
v -9.824783472512701 2.819162358883669 17.168647816701395 0.55 0.55 0.55
v -9.6507950933553 5.620997399847747 16.851809892523537 0.55 0.55 0.55
v -11.726633901152955 5.108605615646879 15.50999025469954 0.55 0.55 0.55
v -12.066914070035182 2.592949733085827 16.006883541443262 0.55 0.55 0.55
v -12.066914070035182 2.592949733085827 16.006883541443262 0.55 0.55 0.55
v -11.726633901152955 5.108605615646879 15.50999025469954 0.55 0.55 0.55
v -13.645603035996164 5.708358564796838 13.892701776793825 0.55 0.55 0.55
v -13.905086592996053 2.8625213748326965 14.16168886890438 0.55 0.55 0.55
v -13.905086592996053 2.8625213748326965 14.16168886890438 0.55 0.55 0.55
v -13.645603035996164 5.708358564796838 13.892701776793825 0.55 0.55 0.55
v -15.272077697434124 5.106672065528934 12.017089202473011 0.55 0.55 0.55
v -15.730985006949378 2.591616852288431 12.403614762651953 0.55 0.55 0.55
v -15.730985006949378 2.591616852288431 12.403614762651953 0.55 0.55 0.55
v -15.272077697434124 5.106672065528934 12.017089202473011 0.55 0.55 0.55
v -16.684380677840245 5.624412266150461 9.962775863732695 0.55 0.55 0.55
v -16.99568633717111 2.82092835127036 10.14801133240727 0.55 0.55 0.55
v -16.99568633717111 2.82092835127036 10.14801133240727 0.55 0.55 0.55
v -16.684380677840245 5.624412266150461 9.962775863732695 0.55 0.55 0.55
v -17.808189724991955 5.948753258025127 7.73504919341438 0.55 0.55 0.55
v -18.179321680051988 2.9852251597601147 7.896074051381203 0.55 0.55 0.55
v -18.179321680051988 2.9852251597601147 7.896074051381203 0.55 0.55 0.55
v -17.808189724991955 5.948753258025127 7.73504919341438 0.55 0.55 0.55
v -18.67732500439431 5.425980115514002 5.419999400310563 0.55 0.55 0.55
v -19.00280418774778 2.7212071468356425 5.5083481778778225 0.55 0.55 0.55
v -19.00280418774778 2.7212071468356425 5.5083481778778225 0.55 0.55 0.55
v -18.67732500439431 5.425980115514002 5.419999400310563 0.55 0.55 0.55
v -19.22945111173542 5.107505088000791 2.979990695058261 0.55 0.55 0.55
v -19.823790496138958 2.592070617758617 3.0670698531314384 0.55 0.55 0.55
v -19.823790496138958 2.592070617758617 3.0670698531314384 0.55 0.55 0.55
v -19.22945111173542 5.107505088000791 2.979990695058261 0.55 0.55 0.55
v -19.40656309944907 5.899424783102082 0.48748282029638185 0.55 0.55 0.55
v -19.804903727749853 2.9596684509382225 0.4939814060628081 0.55 0.55 0.55
v -19.804903727749853 2.9596684509382225 0.4939814060628081 0.55 0.55 0.55
v -19.40656309944907 5.899424783102082 0.48748282029638185 0.55 0.55 0.55
v -18.899356104967968 5.822094515359473 -4.4415253010790146 0.55 0.55 0.55
v -19.275167654283123 2.9206426011222035 -4.536226456572308 0.55 0.55 0.55
v -19.275167654283123 2.9206426011222035 -4.536226456572308 0.55 0.55 0.55
v -18.899356104967968 5.822094515359473 -4.4415253010790146 0.55 0.55 0.55
v -19.325384751245107 5.108346509812563 -2.0034130423352075 0.55 0.55 0.55
v -19.92004497847457 2.5928221379032275 -2.087206358229127 0.55 0.55 0.55
v -19.92004497847457 2.5928221379032275 -2.087206358229127 0.55 0.55 0.55
v -19.325384751245107 5.108346509812563 -2.0034130423352075 0.55 0.55 0.55
v -18.220261967567257 5.113706535309248 -6.861941105440641 0.55 0.55 0.55
v -18.77233136815582 2.5961594235506946 -7.1094241659395285 0.55 0.55 0.55
v -18.77233136815582 2.5961594235506946 -7.1094241659395285 0.55 0.55 0.55
v -18.220261967567257 5.113706535309248 -6.861941105440641 0.55 0.55 0.55
v -17.1677095881159 5.51069330276186 -9.10046392875017 0.55 0.55 0.55
v -17.47143520148391 2.7636029498054047 -9.270274581412016 0.55 0.55 0.55
v -17.47143520148391 2.7636029498054047 -9.270274581412016 0.55 0.55 0.55
v -17.1677095881159 5.51069330276186 -9.10046392875017 0.55 0.55 0.55
v -15.894325587607181 5.116405868795601 -11.260639909214946 0.55 0.55 0.55
v -16.358363992766048 2.597780836057191 -11.650480950002533 0.55 0.55 0.55
v -16.358363992766048 2.597780836057191 -11.650480950002533 0.55 0.55 0.55
v -15.894325587607181 5.116405868795601 -11.260639909214946 0.55 0.55 0.55
v -14.320470641001272 5.113530338793652 -13.174547308412752 0.55 0.55 0.55
v -14.76716501759538 2.595991960572866 -13.57620832755181 0.55 0.55 0.55
v -14.76716501759538 2.595991960572866 -13.57620832755181 0.55 0.55 0.55
v -14.320470641001272 5.113530338793652 -13.174547308412752 0.55 0.55 0.55
v -12.52162264797878 5.371904235807852 -14.892577858102895 0.55 0.55 0.55
v -12.724464341425918 2.6931274839931523 -15.15347952370919 0.55 0.55 0.55
v -12.724464341425918 2.6931274839931523 -15.15347952370919 0.55 0.55 0.55
v -12.52162264797878 5.371904235807852 -14.892577858102895 0.55 0.55 0.55
v -10.51523329410362 5.151004057019986 -16.399055939042324 0.55 0.55 0.55
v -10.818234282591735 2.6108471955102606 -16.924326634446533 0.55 0.55 0.55
v -10.818234282591735 2.6108471955102606 -16.924326634446533 0.55 0.55 0.55
v -10.51523329410362 5.151004057019986 -16.399055939042324 0.55 0.55 0.55
v -8.30105576178761 5.822763609236597 -17.531781916278423 0.55 0.55 0.55
v -8.456254685007025 2.921023309992918 -17.887867756860317 0.55 0.55 0.55
v -8.456254685007025 2.921023309992918 -17.887867756860317 0.55 0.55 0.55
v -8.30105576178761 5.822763609236597 -17.531781916278423 0.55 0.55 0.55
v -6.003991465185575 5.589039410046925 -18.46891796270346 0.55 0.55 0.55
v -6.101240320641297 2.8031220742180833 -18.813355341416035 0.55 0.55 0.55
v -6.101240320641297 2.8031220742180833 -18.813355341416035 0.55 0.55 0.55
v -6.003991465185575 5.589039410046925 -18.46891796270346 0.55 0.55 0.55
v -3.619075460570622 5.193537017603315 -19.223833964355812 0.55 0.55 0.55
v -3.6631761692429756 2.603211275325115 -19.529494154012344 0.55 0.55 0.55
v -3.6631761692429756 2.603211275325115 -19.529494154012344 0.55 0.55 0.55
v -3.619075460570622 5.193537017603315 -19.223833964355812 0.55 0.55 0.55
v -1.118149934955707 5.107305716301928 -19.41285003486944 0.55 0.55 0.55
v -1.1358602121588968 2.592074422754446 -20.0139362754525 0.55 0.55 0.55
v -1.1358602121588968 2.592074422754446 -20.0139362754525 0.55 0.55 0.55
v -1.118149934955707 5.107305716301928 -19.41285003486944 0.55 0.55 0.55
v 1.3633726358655474 5.618911839273974 -19.371333613913297 0.55 0.55 0.55
v 1.4048503397760614 2.8181115108331305 -19.730178484943327 0.55 0.55 0.55
v 1.4048503397760614 2.8181115108331305 -19.730178484943327 0.55 0.55 0.55
v 1.3633726358655474 5.618911839273974 -19.371333613913297 0.55 0.55 0.55
v 3.8651905879590305 5.194919985798564 -19.190702112056158 0.55 0.55 0.55
v 3.9391157320449715 2.6043593756528907 -19.490467717443156 0.55 0.55 0.55
v 3.9391157320449715 2.6043593756528907 -19.490467717443156 0.55 0.55 0.55
v 3.8651905879590305 5.194919985798564 -19.190702112056158 0.55 0.55 0.55
v 6.237938253091908 5.449484797352674 -18.42474626244016 0.55 0.55 0.55
v 6.364032748151037 2.732789076455876 -18.741902484713766 0.55 0.55 0.55
v 6.364032748151037 2.732789076455876 -18.741902484713766 0.55 0.55 0.55
v 6.237938253091908 5.449484797352674 -18.42474626244016 0.55 0.55 0.55
v 10.720708601207246 5.716346305212909 -16.260561668226224 0.55 0.55 0.55
v 10.943565655487545 2.867733261798991 -16.564915744286978 0.55 0.55 0.55
v 10.943565655487545 2.867733261798991 -16.564915744286978 0.55 0.55 0.55
v 10.720708601207246 5.716346305212909 -16.260561668226224 0.55 0.55 0.55
v 8.49392376554588 5.854066762098629 -17.33709782489747 0.55 0.55 0.55
v 8.830391892643274 3.3621053327606814 -17.887571042564808 0.55 0.55 0.55
v 8.830391892643274 3.3621053327606814 -17.887571042564808 0.55 0.55 0.55
v 8.49392376554588 5.854066762098629 -17.33709782489747 0.55 0.55 0.55
v 12.668526332166175 5.527515809852817 -14.737746659599889 0.55 0.55 0.55
v 12.918082980561467 2.771897760617793 -14.984963457347176 0.55 0.55 0.55
v 12.918082980561467 2.771897760617793 -14.984963457347176 0.55 0.55 0.55
v 12.668526332166175 5.527515809852817 -14.737746659599889 0.55 0.55 0.55
v 14.522150360252724 5.151185138750273 -12.931974670030232 0.55 0.55 0.55
v 15.02952330079568 2.6138131377191858 -13.27913302603983 0.55 0.55 0.55
v 15.02952330079568 2.6138131377191858 -13.27913302603983 0.55 0.55 0.55
v 14.522150360252724 5.151185138750273 -12.931974670030232 0.55 0.55 0.55
v 16.01973709148626 5.809410763585783 -11.022778313027269 0.55 0.55 0.55
v 16.347342651859336 2.9156999994338038 -11.230887367399747 0.55 0.55 0.55
v 16.347342651859336 2.9156999994338038 -11.230887367399747 0.55 0.55 0.55
v 16.01973709148626 5.809410763585783 -11.022778313027269 0.55 0.55 0.55
v 17.298614271379304 5.117914992746585 -8.857228195478392 0.55 0.55 0.55
v 17.884517973287988 2.5990106425939796 -9.046701849824808 0.55 0.55 0.55
v 17.884517973287988 2.5990106425939796 -9.046701849824808 0.55 0.55 0.55
v 17.298614271379304 5.117914992746585 -8.857228195478392 0.55 0.55 0.55
v 18.308676462192985 5.107826173586236 -6.5825549266268055 0.55 0.55 0.55
v 18.890394571562364 2.5923961708234162 -6.743630526493839 0.55 0.55 0.55
v 18.890394571562364 2.5923961708234162 -6.743630526493839 0.55 0.55 0.55
v 18.308676462192985 5.107826173586236 -6.5825549266268055 0.55 0.55 0.55
v 19.034808333249778 5.106067396920401 -4.182586252209097 0.55 0.55 0.55
v 19.61877944502068 2.5915558832509733 -4.323454985414401 0.55 0.55 0.55
v 19.61877944502068 2.5915558832509733 -4.323454985414401 0.55 0.55 0.55
v 19.034808333249778 5.106067396920401 -4.182586252209097 0.55 0.55 0.55
v 19.414479845554197 5.1878249381047254 -1.7122141888845923 0.55 0.55 0.55
v 19.716508286069203 2.5980907632606796 -1.7816702093519956 0.55 0.55 0.55
v 19.716508286069203 2.5980907632606796 -1.7816702093519956 0.55 0.55 0.55
v 19.414479845554197 5.1878249381047254 -1.7122141888845923 0.55 0.55 0.55
v 19.283273166898752 6.461940921794928 0.6802290242586235 0.55 0.55 0.55
v 19.743212392910074 3.2455653545694263 0.783638708768762 0.55 0.55 0.55
v 19.743212392910074 3.2455653545694263 0.783638708768762 0.55 0.55 0.55
v 19.283273166898752 6.461940921794928 0.6802290242586235 0.55 0.55 0.55
v 19.206603598193514 5.106228090577928 3.213996798565114 0.55 0.55 0.55
v 19.795277229535337 2.5918557649660534 3.3567324769529727 0.55 0.55 0.55
v 19.206603598193514 5.106228090577928 3.213996798565114 0.55 0.55 0.55
v 18.535028978917797 7.5984743408951285 3.0501428493736906 0.55 0.55 0.55
v 17.935286487840326 7.599179050201241 5.447811355565326 0.55 0.55 0.55
v 18.59437068356438 5.106285901019968 5.634308235411067 0.55 0.55 0.55
v 18.59437068356438 5.106285901019968 5.634308235411067 0.0 0.0 0.0
v 17.935286487840326 7.599179050201241 5.447811355565326 0.0 0.0 0.0
v 17.760639368790144 5.115363207816738 7.984363439993152 0.0 0.0 0.0
v 17.935286487840326 7.599179050201241 5.447811355565326 0.0 0.0 0.0
v 17.2097328924958 10.07206443043129 5.242038317980821 0.0 0.0 0.0
v 17.760639368790144 5.115363207816738 7.984363439993152 0.0 0.0 0.0
v 18.535028978917797 7.5984743408951285 3.0501428493736906 1.0 1.0 1.0
v 17.2097328924958 10.07206443043129 5.242038317980821 1.0 1.0 1.0
v 17.935286487840326 7.599179050201241 5.447811355565326 1.0 1.0 1.0
v 18.535028978917797 7.5984743408951285 3.0501428493736906 1.0 1.0 1.0
v 16.43182485213183 12.528291662078592 5.028150609977988 1.0 1.0 1.0
v 17.2097328924958 10.07206443043129 5.242038317980821 1.0 1.0 1.0
v 17.2097328924958 10.07206443043129 5.242038317980821 0.55 0.55 0.55
v 16.43182485213183 12.528291662078592 5.028150609977988 0.55 0.55 0.55
v 17.101168466152895 7.610545162786096 7.76401010286259 0.55 0.55 0.55
v 17.760639368790144 5.115363207816738 7.984363439993152 0.55 0.55 0.55
v 17.760639368790144 5.115363207816738 7.984363439993152 0.55 0.55 0.55
v 17.101168466152895 7.610545162786096 7.76401010286259 0.55 0.55 0.55
v 15.927933556642763 7.631905290926757 9.92891330991345 0.55 0.55 0.55
v 16.588119047919207 5.130912102991698 10.192176450247274 0.55 0.55 0.55
v 16.588119047919207 5.130912102991698 10.192176450247274 0.55 0.55 0.55
v 15.927933556642763 7.631905290926757 9.92891330991345 0.55 0.55 0.55
v 14.64427601886291 8.353502813047433 11.875420522933585 0.55 0.55 0.55
v 15.093249686930747 5.5977320804324115 12.211278393996738 0.55 0.55 0.55
v 15.093249686930747 5.5977320804324115 12.211278393996738 0.55 0.55 0.55
v 14.64427601886291 8.353502813047433 11.875420522933585 0.55 0.55 0.55
v 13.060429155838369 8.24764236568237 13.70510795561093 0.55 0.55 0.55
v 13.446649161165736 5.524540321526332 14.09958051839385 0.55 0.55 0.55
v 13.446649161165736 5.524540321526332 14.09958051839385 0.55 0.55 0.55
v 13.060429155838369 8.24764236568237 13.70510795561093 0.55 0.55 0.55
v 11.069591821655537 7.660339477515789 15.142775026029746 0.55 0.55 0.55
v 11.519070770043164 5.15366605443472 15.670833006032245 0.55 0.55 0.55
v 11.519070770043164 5.15366605443472 15.670833006032245 0.55 0.55 0.55
v 11.069591821655537 7.660339477515789 15.142775026029746 0.55 0.55 0.55
v 9.137857243383582 8.223111539472509 16.528973111380832 0.55 0.55 0.55
v 9.413196918060034 5.509265021615381 17.00085488477813 0.55 0.55 0.55
v 9.413196918060034 5.509265021615381 17.00085488477813 0.55 0.55 0.55
v 9.137857243383582 8.223111539472509 16.528973111380832 0.55 0.55 0.55
v 6.928789416880867 8.689891948661147 17.51317041105209 0.55 0.55 0.55
v 7.165940496271701 5.824786996517472 18.07240961808851 0.55 0.55 0.55
v 7.165940496271701 5.824786996517472 18.07240961808851 0.55 0.55 0.55
v 6.928789416880867 8.689891948661147 17.51317041105209 0.55 0.55 0.55
v 4.621020220494098 7.614340798185024 18.18279985982346 0.55 0.55 0.55
v 4.789577817966193 5.117012595796985 18.848371094466348 0.55 0.55 0.55
v 4.789577817966193 5.117012595796985 18.848371094466348 0.55 0.55 0.55
v 4.621020220494098 7.614340798185024 18.18279985982346 0.55 0.55 0.55
v 2.272812966789173 8.237809083688594 18.748760702139357 0.55 0.55 0.55
v 2.350074793696463 5.519189209641557 19.291562177968007 0.55 0.55 0.55
v 2.350074793696463 5.519189209641557 19.291562177968007 0.55 0.55 0.55
v 2.272812966789173 8.237809083688594 18.748760702139357 0.55 0.55 0.55
v -0.13079205682524736 7.619101389753866 18.81575583271951 0.55 0.55 0.55
v -0.14488086808298106 5.121105626325651 19.506332173128538 0.55 0.55 0.55
v -0.14488086808298106 5.121105626325651 19.506332173128538 0.55 0.55 0.55
v -0.13079205682524736 7.619101389753866 18.81575583271951 0.55 0.55 0.55
v -2.563173589293907 7.543950700797909 18.606919866453318 0.55 0.55 0.55
v -2.610294676490285 5.07040726542673 19.277657620937813 0.55 0.55 0.55
v -2.610294676490285 5.07040726542673 19.277657620937813 0.55 0.55 0.55
v -2.563173589293907 7.543950700797909 18.606919866453318 0.55 0.55 0.55
v -4.847952313849734 9.606713283274082 17.905876047105195 0.55 0.55 0.55
v -5.010249858470804 6.723835004465847 18.554415264220435 0.55 0.55 0.55
v -5.010249858470804 6.723835004465847 18.554415264220435 0.55 0.55 0.55
v -4.847952313849734 9.606713283274082 17.905876047105195 0.55 0.55 0.55
v -7.199042676278665 7.670422092869315 17.38129566981675 0.55 0.55 0.55
v -7.449901264585337 5.1509636706937 18.032927475789794 0.55 0.55 0.55
v -7.449901264585337 5.1509636706937 18.032927475789794 0.55 0.55 0.55
v -7.199042676278665 7.670422092869315 17.38129566981675 0.55 0.55 0.55
v -9.378464237618761 8.388713435003666 16.355019192529564 0.55 0.55 0.55
v -9.6507950933553 5.620997399847747 16.851809892523537 0.55 0.55 0.55
v -9.6507950933553 5.620997399847747 16.851809892523537 0.55 0.55 0.55
v -9.378464237618761 8.388713435003666 16.355019192529564 0.55 0.55 0.55
v -11.335372997866626 7.6024179759686445 14.945111004431268 0.55 0.55 0.55
v -11.726633901152955 5.108605615646879 15.50999025469954 0.55 0.55 0.55
v -11.726633901152955 5.108605615646879 15.50999025469954 0.55 0.55 0.55
v -11.335372997866626 7.6024179759686445 14.945111004431268 0.55 0.55 0.55
v -13.239785704277448 8.518500352292156 13.471426760529422 0.55 0.55 0.55
v -13.645603035996164 5.708358564796838 13.892701776793825 0.55 0.55 0.55
v -13.645603035996164 5.708358564796838 13.892701776793825 0.55 0.55 0.55
v -13.239785704277448 8.518500352292156 13.471426760529422 0.55 0.55 0.55
v -14.746740325763103 7.600007536241301 11.577905281010475 0.55 0.55 0.55
v -15.272077697434124 5.106672065528934 12.017089202473011 0.55 0.55 0.55
v -15.272077697434124 5.106672065528934 12.017089202473011 0.55 0.55 0.55
v -14.746740325763103 7.600007536241301 11.577905281010475 0.55 0.55 0.55
v -16.1979404466908 8.39361964562309 9.669816355695337 0.55 0.55 0.55
v -16.684380677840245 5.624412266150461 9.962775863732695 0.55 0.55 0.55
v -16.684380677840245 5.624412266150461 9.962775863732695 0.55 0.55 0.55
v -16.1979404466908 8.39361964562309 9.669816355695337 0.55 0.55 0.55
v -17.23199320157623 8.873144010176803 7.484152578939617 0.55 0.55 0.55
v -17.808189724991955 5.948753258025127 7.73504919341438 0.55 0.55 0.55
v -17.808189724991955 5.948753258025127 7.73504919341438 0.55 0.55 0.55
v -17.23199320157623 8.873144010176803 7.484152578939617 0.55 0.55 0.55
v -18.169615030746506 8.09943736708249 5.263074752739027 0.55 0.55 0.55
v -18.67732500439431 5.425980115514002 5.419999400310563 0.55 0.55 0.55
v -18.67732500439431 5.425980115514002 5.419999400310563 0.55 0.55 0.55
v -18.169615030746506 8.09943736708249 5.263074752739027 0.55 0.55 0.55
v -18.551240085183863 7.601121794475572 2.8790901628088275 0.55 0.55 0.55
v -19.22945111173542 5.107505088000791 2.979990695058261 0.55 0.55 0.55
v -19.22945111173542 5.107505088000791 2.979990695058261 0.55 0.55 0.55
v -18.551240085183863 7.601121794475572 2.8790901628088275 0.55 0.55 0.55
v -18.78653099024973 8.800639956454196 0.47776779229640404 0.55 0.55 0.55
v -19.40656309944907 5.899424783102082 0.48748282029638185 0.55 0.55 0.55
v -19.40656309944907 5.899424783102082 0.48748282029638185 0.55 0.55 0.55
v -18.78653099024973 8.800639956454196 0.47776779229640404 0.55 0.55 0.55
v -18.312309700735778 8.6863033328068 -4.297432192504296 0.55 0.55 0.55
v -18.899356104967968 5.822094515359473 -4.4415253010790146 0.55 0.55 0.55
v -18.899356104967968 5.822094515359473 -4.4415253010790146 0.55 0.55 0.55
v -18.312309700735778 8.6863033328068 -4.297432192504296 0.55 0.55 0.55
v -18.646163998046557 7.602136633003901 -1.9121446053795523 0.55 0.55 0.55
v -19.325384751245107 5.108346509812563 -2.0034130423352075 0.55 0.55 0.55
v -19.325384751245107 5.108346509812563 -2.0034130423352075 0.0 0.0 0.0
v -18.646163998046557 7.602136633003901 -1.9121446053795523 0.0 0.0 0.0
v -18.220261967567257 5.113706535309248 -6.861941105440641 0.0 0.0 0.0
v -18.646163998046557 7.602136633003901 -1.9121446053795523 0.0 0.0 0.0
v -17.897713437129937 10.07584577366129 -1.8150536262812922 0.0 0.0 0.0
v -18.220261967567257 5.113706535309248 -6.861941105440641 0.0 0.0 0.0
v -18.312309700735778 8.6863033328068 -4.297432192504296 1.0 1.0 1.0
v -17.897713437129937 10.07584577366129 -1.8150536262812922 1.0 1.0 1.0
v -18.646163998046557 7.602136633003901 -1.9121446053795523 1.0 1.0 1.0
v -18.312309700735778 8.6863033328068 -4.297432192504296 1.0 1.0 1.0
v -17.096750473913207 12.532890457878333 -1.7138995503692653 1.0 1.0 1.0
v -17.897713437129937 10.07584577366129 -1.8150536262812922 1.0 1.0 1.0
v -17.897713437129937 10.07584577366129 -1.8150536262812922 0.55 0.55 0.55
v -17.096750473913207 12.532890457878333 -1.7138995503692653 0.55 0.55 0.55
v -17.58793454367639 7.609337423778154 -6.586021096845054 0.55 0.55 0.55
v -18.220261967567257 5.113706535309248 -6.861941105440641 0.55 0.55 0.55
v -18.220261967567257 5.113706535309248 -6.861941105440641 0.55 0.55 0.55
v -17.58793454367639 7.609337423778154 -6.586021096845054 0.55 0.55 0.55
v -16.68977835853412 8.225333707804095 -8.835870922950422 0.55 0.55 0.55
v -17.1677095881159 5.51069330276186 -9.10046392875017 0.55 0.55 0.55
v -17.1677095881159 5.51069330276186 -9.10046392875017 0.55 0.55 0.55
v -16.68977835853412 8.225333707804095 -8.835870922950422 0.55 0.55 0.55
v -15.359598745195932 7.613110626383464 -10.82315132007374 0.55 0.55 0.55
v -15.894325587607181 5.116405868795601 -11.260639909214946 0.55 0.55 0.55
v -15.894325587607181 5.116405868795601 -11.260639909214946 0.55 0.55 0.55
v -15.359598745195932 7.613110626383464 -10.82315132007374 0.55 0.55 0.55
v -13.812604831062012 7.609160516375056 -12.713217292766751 0.55 0.55 0.55
v -14.320470641001272 5.113530338793652 -13.174547308412752 0.55 0.55 0.55
v -14.320470641001272 5.113530338793652 -13.174547308412752 0.55 0.55 0.55
v -13.812604831062012 7.609160516375056 -12.713217292766751 0.55 0.55 0.55
v -12.193844507229858 8.020175835818636 -14.487028855856874 0.55 0.55 0.55
v -12.52162264797878 5.371904235807852 -14.892577858102895 0.55 0.55 0.55
v -12.52162264797878 5.371904235807852 -14.892577858102895 0.55 0.55 0.55
v -12.193844507229858 8.020175835818636 -14.487028855856874 0.55 0.55 0.55
v -10.163002077497444 7.6685193218874055 -15.800503462139549 0.55 0.55 0.55
v -10.51523329410362 5.151004057019986 -16.399055939042324 0.55 0.55 0.55
v -10.51523329410362 5.151004057019986 -16.399055939042324 0.55 0.55 0.55
v -10.163002077497444 7.6685193218874055 -15.800503462139549 0.55 0.55 0.55
v -8.059129560062171 8.68713533007014 -16.976588230543268 0.55 0.55 0.55
v -8.30105576178761 5.822763609236597 -17.531781916278423 0.55 0.55 0.55
v -8.30105576178761 5.822763609236597 -17.531781916278423 0.55 0.55 0.55
v -8.059129560062171 8.68713533007014 -16.976588230543268 0.55 0.55 0.55
v -5.848633873054815 8.341334195970584 -17.930169722206877 0.55 0.55 0.55
v -6.003991465185575 5.589039410046925 -18.46891796270346 0.55 0.55 0.55
v -6.003991465185575 5.589039410046925 -18.46891796270346 0.55 0.55 0.55
v -5.848633873054815 8.341334195970584 -17.930169722206877 0.55 0.55 0.55
v -3.543410552645753 7.755897743601803 -18.74038097012473 0.55 0.55 0.55
v -3.619075460570622 5.193537017603315 -19.223833964355812 0.55 0.55 0.55
v -3.619075460570622 5.193537017603315 -19.223833964355812 0.55 0.55 0.55
v -3.543410552645753 7.755897743601803 -18.74038097012473 0.55 0.55 0.55
v -1.0977102218940187 7.60069853964871 -18.726828138448234 0.55 0.55 0.55
v -1.118149934955707 5.107305716301928 -19.41285003486944 0.55 0.55 0.55
v -1.118149934955707 5.107305716301928 -19.41285003486944 0.55 0.55 0.55
v -1.0977102218940187 7.60069853964871 -18.726828138448234 0.55 0.55 0.55
v 1.3019097220741647 8.38563451400646 -18.808523168288318 0.55 0.55 0.55
v 1.3633726358655474 5.618911839273974 -19.371333613913297 0.55 0.55 0.55
v 1.3633726358655474 5.618911839273974 -19.371333613913297 0.55 0.55 0.55
v 1.3019097220741647 8.38563451400646 -18.808523168288318 0.55 0.55 0.55
v 3.751277902963484 7.757469152559805 -18.71442645339794 0.55 0.55 0.55
v 3.8651905879590305 5.194919985798564 -19.190702112056158 0.55 0.55 0.55
v 3.8651905879590305 5.194919985798564 -19.190702112056158 0.55 0.55 0.55
v 3.751277902963484 7.757469152559805 -18.71442645339794 0.55 0.55 0.55
v 6.055061358332341 8.134469655481858 -17.920443572966516 0.55 0.55 0.55
v 6.237938253091908 5.449484797352674 -18.42474626244016 0.55 0.55 0.55
v 6.237938253091908 5.449484797352674 -18.42474626244016 0.55 0.55 0.55
v 6.055061358332341 8.134469655481858 -17.920443572966516 0.55 0.55 0.55
v 10.382594093726302 8.529056689431506 -15.779086297389508 0.55 0.55 0.55
v 10.720708601207246 5.716346305212909 -16.260561668226224 0.55 0.55 0.55
v 10.720708601207246 5.716346305212909 -16.260561668226224 0.55 0.55 0.55
v 10.382594093726302 8.529056689431506 -15.779086297389508 0.55 0.55 0.55
v 8.125787674957174 8.32497711518092 -16.71622410263451 0.55 0.55 0.55
v 8.49392376554588 5.854066762098629 -17.33709782489747 0.55 0.55 0.55
v 8.49392376554588 5.854066762098629 -17.33709782489747 0.55 0.55 0.55
v 8.125787674957174 8.32497711518092 -16.71622410263451 0.55 0.55 0.55
v 12.304013415179332 8.250359544555081 -14.324981273308833 0.55 0.55 0.55
v 12.668526332166175 5.527515809852817 -14.737746659599889 0.55 0.55 0.55
v 12.668526332166175 5.527515809852817 -14.737746659599889 0.55 0.55 0.55
v 12.304013415179332 8.250359544555081 -14.324981273308833 0.55 0.55 0.55
v 13.948174999365618 7.666066886394441 -12.529282389520015 0.55 0.55 0.55
v 14.522150360252724 5.151185138750273 -12.931974670030232 0.55 0.55 0.55
v 14.522150360252724 5.151185138750273 -12.931974670030232 0.55 0.55 0.55
v 13.948174999365618 7.666066886394441 -12.529282389520015 0.55 0.55 0.55
v 15.507909161466491 8.665943063831296 -10.701734330835052 0.55 0.55 0.55
v 16.01973709148626 5.809410763585783 -11.022778313027269 0.55 0.55 0.55
v 16.01973709148626 5.809410763585783 -11.022778313027269 0.55 0.55 0.55
v 15.507909161466491 8.665943063831296 -10.701734330835052 0.55 0.55 0.55
v 16.638241973696307 7.614933364788548 -8.627020728865487 0.55 0.55 0.55
v 17.298614271379304 5.117914992746585 -8.857228195478392 0.55 0.55 0.55
v 17.298614271379304 5.117914992746585 -8.857228195478392 0.55 0.55 0.55
v 16.638241973696307 7.614933364788548 -8.627020728865487 0.55 0.55 0.55
v 17.64802134885868 7.601507386482444 -6.390355049681186 0.55 0.55 0.55
v 18.308676462192985 5.107826173586236 -6.5825549266268055 0.55 0.55 0.55
v 18.308676462192985 5.107826173586236 -6.5825549266268055 0.55 0.55 0.55
v 17.64802134885868 7.601507386482444 -6.390355049681186 0.55 0.55 0.55
v 18.36898806737589 7.598759992604929 -4.018504260217274 0.55 0.55 0.55
v 19.034808333249778 5.106067396920401 -4.182586252209097 0.55 0.55 0.55
v 19.034808333249778 5.106067396920401 -4.182586252209097 0.55 0.55 0.55
v 18.36898806737589 7.598759992604929 -4.018504260217274 0.55 0.55 0.55
v 18.934091291800435 7.749216350889363 -1.6050504915155646 0.55 0.55 0.55
v 19.414479845554197 5.1878249381047254 -1.7122141888845923 0.55 0.55 0.55
v 19.414479845554197 5.1878249381047254 -1.7122141888845923 0.55 0.55 0.55
v 18.934091291800435 7.749216350889363 -1.6050504915155646 0.55 0.55 0.55
v 18.5753701936658 9.631320352152347 0.5237300626110591 0.55 0.55 0.55
v 19.283273166898752 6.461940921794928 0.6802290242586235 0.55 0.55 0.55
v 19.283273166898752 6.461940921794928 0.6802290242586235 0.55 0.55 0.55
v 18.5753701936658 9.631320352152347 0.5237300626110591 0.55 0.55 0.55
v 18.535028978917797 7.5984743408951285 3.0501428493736906 0.55 0.55 0.55
v 19.206603598193514 5.106228090577928 3.213996798565114 0.55 0.55 0.55
v 18.535028978917797 7.5984743408951285 3.0501428493736906 0.0 0.0 0.0
v 17.795450611252107 10.070338270743235 2.87052511173603 0.0 0.0 0.0
v 16.43182485213183 12.528291662078592 5.028150609977988 0.0 0.0 0.0
v 17.795450611252107 10.070338270743235 2.87052511173603 0.0 0.0 0.0
v 17.003955809468838 12.525415712585525 2.682187509242553 0.0 0.0 0.0
v 16.43182485213183 12.528291662078592 5.028150609977988 0.0 0.0 0.0
v 18.5753701936658 9.631320352152347 0.5237300626110591 1.0 1.0 1.0
v 17.795450611252107 10.070338270743235 2.87052511173603 1.0 1.0 1.0
v 18.535028978917797 7.5984743408951285 3.0501428493736906 1.0 1.0 1.0
v 18.5753701936658 9.631320352152347 0.5237300626110591 1.0 1.0 1.0
v 17.003955809468838 12.525415712585525 2.682187509242553 1.0 1.0 1.0
v 17.795450611252107 10.070338270743235 2.87052511173603 1.0 1.0 1.0
v 17.003955809468838 12.525415712585525 2.682187509242553 0.55 0.55 0.55
v 16.177636011280438 14.969016163721454 2.493957430902127 0.55 0.55 0.55
v 15.615243987283376 14.972633516235494 4.822602613309014 0.55 0.55 0.55
v 16.43182485213183 12.528291662078592 5.028150609977988 0.55 0.55 0.55
v 16.43182485213183 12.528291662078592 5.028150609977988 0.55 0.55 0.55
v 15.615243987283376 14.972633516235494 4.822602613309014 0.55 0.55 0.55
v 16.37653343466298 10.085220599750835 7.518167279539607 0.55 0.55 0.55
v 17.101168466152895 7.610545162786096 7.76401010286259 0.55 0.55 0.55
v 17.101168466152895 7.610545162786096 7.76401010286259 0.55 0.55 0.55
v 16.37653343466298 10.085220599750835 7.518167279539607 0.55 0.55 0.55
v 15.208122505663713 10.11239734121856 9.630275505151259 0.55 0.55 0.55
v 15.927933556642763 7.631905290926757 9.92891330991345 0.55 0.55 0.55
v 15.927933556642763 7.631905290926757 9.92891330991345 0.55 0.55 0.55
v 15.208122505663713 10.11239734121856 9.630275505151259 0.55 0.55 0.55
v 14.052775871492052 11.069695373324665 11.448576575942399 0.55 0.55 0.55
v 14.64427601886291 8.353502813047433 11.875420522933585 0.55 0.55 0.55
v 14.64427601886291 8.353502813047433 11.875420522933585 0.55 0.55 0.55
v 14.052775871492052 11.069695373324665 11.448576575942399 0.55 0.55 0.55
v 12.557736854069214 10.931796894791848 13.191655807527654 0.55 0.55 0.55
v 13.060429155838369 8.24764236568237 13.70510795561093 0.55 0.55 0.55
v 13.060429155838369 8.24764236568237 13.70510795561093 0.55 0.55 0.55
v 12.557736854069214 10.931796894791848 13.191655807527654 0.55 0.55 0.55
v 10.576174169018179 10.146076509656236 14.557960484353053 0.55 0.55 0.55
v 11.069591821655537 7.660339477515789 15.142775026029746 0.55 0.55 0.55
v 11.069591821655537 7.660339477515789 15.142775026029746 0.55 0.55 0.55
v 10.576174169018179 10.146076509656236 14.557960484353053 0.55 0.55 0.55
v 8.77980712832664 10.898789953898167 15.914950548640475 0.55 0.55 0.55
v 9.137857243383582 8.223111539472509 16.528973111380832 0.55 0.55 0.55
v 9.137857243383582 8.223111539472509 16.528973111380832 0.55 0.55 0.55
v 8.77980712832664 10.898789953898167 15.914950548640475 0.55 0.55 0.55
v 6.622232792140332 11.511851430745917 16.7905374993089 0.55 0.55 0.55
v 6.928789416880867 8.689891948661147 17.51317041105209 0.55 0.55 0.55
v 6.928789416880867 8.689891948661147 17.51317041105209 0.55 0.55 0.55
v 6.622232792140332 11.511851430745917 16.7905374993089 0.55 0.55 0.55
v 4.432577938291969 10.091360446760005 17.45003059432494 0.55 0.55 0.55
v 4.621020220494098 7.614340798185024 18.18279985982346 0.55 0.55 0.55
v 4.621020220494098 7.614340798185024 18.18279985982346 0.55 0.55 0.55
v 4.432577938291969 10.091360446760005 17.45003059432494 0.55 0.55 0.55
v 2.1715202069928226 10.918073715164647 18.042796280290887 0.55 0.55 0.55
v 2.272812966789173 8.237809083688594 18.748760702139357 0.55 0.55 0.55
v 2.272812966789173 8.237809083688594 18.748760702139357 0.55 0.55 0.55
v 2.1715202069928226 10.918073715164647 18.042796280290887 0.55 0.55 0.55
v -0.11950885937212176 10.096581052338289 18.054697607210294 0.55 0.55 0.55
v -0.13079205682524736 7.619101389753866 18.81575583271951 0.55 0.55 0.55
v -0.13079205682524736 7.619101389753866 18.81575583271951 0.55 0.55 0.55
v -0.11950885937212176 10.096581052338289 18.054697607210294 0.55 0.55 0.55
v -2.5057432020831376 9.997189821567211 17.86603530300483 0.55 0.55 0.55
v -2.563173589293907 7.543950700797909 18.606919866453318 0.55 0.55 0.55
v -2.563173589293907 7.543950700797909 18.606919866453318 0.0 0.0 0.0
v -2.5057432020831376 9.997189821567211 17.86603530300483 0.0 0.0 0.0
v -4.847952313849734 9.606713283274082 17.905876047105195 0.0 0.0 0.0
v -2.5057432020831376 9.997189821567211 17.86603530300483 0.0 0.0 0.0
v -2.4397085204888027 12.433692705205218 17.072587525071157 0.0 0.0 0.0
v -4.847952313849734 9.606713283274082 17.905876047105195 0.0 0.0 0.0
v -0.11950885937212176 10.096581052338289 18.054697607210294 0.55 0.55 0.55
v -0.11185444137416592 12.557124711800434 17.240456825134597 0.55 0.55 0.55
v -2.4397085204888027 12.433692705205218 17.072587525071157 0.55 0.55 0.55
v -2.5057432020831376 9.997189821567211 17.86603530300483 0.55 0.55 0.55
v 2.1715202069928226 10.918073715164647 18.042796280290887 0.55 0.55 0.55
v 2.0492718042498406 13.561109121966863 17.210302157571288 0.55 0.55 0.55
v -0.11185444137416592 12.557124711800434 17.240456825134597 0.55 0.55 0.55
v -0.11950885937212176 10.096581052338289 18.054697607210294 0.55 0.55 0.55
v 4.432577938291969 10.091360446760005 17.45003059432494 0.55 0.55 0.55
v 4.229296521459934 12.551620636779493 16.666593729206813 0.55 0.55 0.55
v 2.0492718042498406 13.561109121966863 17.210302157571288 0.55 0.55 0.55
v 2.1715202069928226 10.918073715164647 18.042796280290887 0.55 0.55 0.55
v 6.622232792140332 11.511851430745917 16.7905374993089 0.55 0.55 0.55
v 6.261594507528051 14.293232570372249 15.944848934647046 0.55 0.55 0.55
v 4.229296521459934 12.551620636779493 16.666593729206813 0.55 0.55 0.55
v 4.432577938291969 10.091360446760005 17.45003059432494 0.55 0.55 0.55
v 8.77980712832664 10.898789953898167 15.914950548640475 0.55 0.55 0.55
v 8.356427012797793 13.537366606543946 15.190954449022557 0.55 0.55 0.55
v 6.261594507528051 14.293232570372249 15.944848934647046 0.55 0.55 0.55
v 6.622232792140332 11.511851430745917 16.7905374993089 0.55 0.55 0.55
v 10.576174169018179 10.146076509656236 14.557960484353053 0.55 0.55 0.55
v 10.051419621073384 12.614724434027993 13.929699264504645 0.55 0.55 0.55
v 8.356427012797793 13.537366606543946 15.190954449022557 0.55 0.55 0.55
v 8.77980712832664 10.898789953898167 15.914950548640475 0.55 0.55 0.55
v 12.557736854069214 10.931796894791848 13.191655807527654 0.55 0.55 0.55
v 11.961155694765111 13.578222591541895 12.589574635753243 0.55 0.55 0.55
v 10.051419621073384 12.614724434027993 13.929699264504645 0.55 0.55 0.55
v 10.576174169018179 10.146076509656236 14.557960484353053 0.55 0.55 0.55
v 14.052775871492052 11.069695373324665 11.448576575942399 0.55 0.55 0.55
v 13.340720385318168 13.746674630171922 10.961362141031593 0.55 0.55 0.55
v 11.961155694765111 13.578222591541895 12.589574635753243 0.55 0.55 0.55
v 12.557736854069214 10.931796894791848 13.191655807527654 0.55 0.55 0.55
v 15.208122505663713 10.11239734121856 9.630275505151259 0.55 0.55 0.55
v 14.43966846237215 12.575884658854395 9.313209193182423 0.55 0.55 0.55
v 13.340720385318168 13.746674630171922 10.961362141031593 0.55 0.55 0.55
v 14.052775871492052 11.069695373324665 11.448576575942399 0.55 0.55 0.55
v 16.37653343466298 10.085220599750835 7.518167279539607 0.55 0.55 0.55
v 15.598246482311627 12.542421435780426 7.261577118810334 0.55 0.55 0.55
v 14.43966846237215 12.575884658854395 9.313209193182423 0.55 0.55 0.55
v 15.208122505663713 10.11239734121856 9.630275505151259 0.55 0.55 0.55
v 15.615243987283376 14.972633516235494 4.822602613309014 1.0 1.0 1.0
v 15.598246482311627 12.542421435780426 7.261577118810334 1.0 1.0 1.0
v 16.37653343466298 10.085220599750835 7.518167279539607 1.0 1.0 1.0
v 15.615243987283376 14.972633516235494 4.822602613309014 1.0 1.0 1.0
v 14.774703217073371 14.986137832283816 7.018033679185396 1.0 1.0 1.0
v 15.598246482311627 12.542421435780426 7.261577118810334 1.0 1.0 1.0
v 15.598246482311627 12.542421435780426 7.261577118810334 0.55 0.55 0.55
v 14.774703217073371 14.986137832283816 7.018033679185396 0.55 0.55 0.55
v 13.626899492029292 15.026820634268718 9.009915788646293 0.55 0.55 0.55
v 14.43966846237215 12.575884658854395 9.313209193182423 0.55 0.55 0.55
v 14.43966846237215 12.575884658854395 9.313209193182423 0.55 0.55 0.55
v 13.626899492029292 15.026820634268718 9.009915788646293 0.55 0.55 0.55
v 12.526151018516039 16.388622573300587 10.450016562386379 0.55 0.55 0.55
v 13.340720385318168 13.746674630171922 10.961362141031593 0.55 0.55 0.55
v 13.340720385318168 13.746674630171922 10.961362141031593 0.55 0.55 0.55
v 12.526151018516039 16.388622573300587 10.450016562386379 0.55 0.55 0.55
v 11.319789566774109 16.194596437674726 11.907287723145423 0.55 0.55 0.55
v 11.961155694765111 13.578222591541895 12.589574635753243 0.55 0.55 0.55
v 11.961155694765111 13.578222591541895 12.589574635753243 0.55 0.55 0.55
v 11.319789566774109 16.194596437674726 11.907287723145423 0.55 0.55 0.55
v 9.511432067828878 15.071824890037792 13.26980563008712 0.55 0.55 0.55
v 10.051419621073384 12.614724434027993 13.929699264504645 0.55 0.55 0.55
v 10.051419621073384 12.614724434027993 13.929699264504645 0.55 0.55 0.55
v 9.511432067828878 15.071824890037792 13.26980563008712 0.55 0.55 0.55
v 7.884507394438421 16.14532634762897 14.389487811304347 0.55 0.55 0.55
v 8.356427012797793 13.537366606543946 15.190954449022557 0.55 0.55 0.55
v 8.356427012797793 13.537366606543946 15.190954449022557 0.55 0.55 0.55
v 7.884507394438421 16.14532634762897 14.389487811304347 0.55 0.55 0.55
v 5.86051276841236 17.04275701350327 15.016660658970256 0.55 0.55 0.55
v 6.261594507528051 14.293232570372249 15.944848934647046 0.55 0.55 0.55
v 6.261594507528051 14.293232570372249 15.944848934647046 0.55 0.55 0.55
v 5.86051276841236 17.04275701350327 15.016660658970256 0.55 0.55 0.55
v 4.015644736774835 15.000312110339365 15.85037983846058 0.55 0.55 0.55
v 4.229296521459934 12.551620636779493 16.666593729206813 0.55 0.55 0.55
v 4.229296521459934 12.551620636779493 16.666593729206813 0.55 0.55 0.55
v 4.015644736774835 15.000312110339365 15.85037983846058 0.55 0.55 0.55
v 1.9086783383083545 16.173384964679634 16.288013530788234 0.55 0.55 0.55
v 2.0492718042498406 13.561109121966863 17.210302157571288 0.55 0.55 0.55
v 2.0492718042498406 13.561109121966863 17.210302157571288 0.55 0.55 0.55
v 1.9086783383083545 16.173384964679634 16.288013530788234 0.55 0.55 0.55
v -0.10630970695406729 15.005989962118132 16.391722809048268 0.55 0.55 0.55
v -0.11185444137416592 12.557124711800434 17.240456825134597 0.55 0.55 0.55
v -0.11185444137416592 12.557124711800434 17.240456825134597 0.55 0.55 0.55
v -0.10630970695406729 15.005989962118132 16.391722809048268 0.55 0.55 0.55
v -2.3679171356760556 14.857588959507122 16.242042116006882 0.55 0.55 0.55
v -2.4397085204888027 12.433692705205218 17.072587525071157 0.55 0.55 0.55
v -2.4397085204888027 12.433692705205218 17.072587525071157 0.55 0.55 0.55
v -2.3679171356760556 14.857588959507122 16.242042116006882 0.55 0.55 0.55
v -4.644140185407831 12.445362743680704 17.09290926535202 0.55 0.55 0.55
v -4.847952313849734 9.606713283274082 17.905876047105195 0.55 0.55 0.55
v -4.847952313849734 9.606713283274082 17.905876047105195 0.55 0.55 0.55
v -4.644140185407831 12.445362743680704 17.09290926535202 0.55 0.55 0.55
v -6.922893206185312 10.168741608549785 16.661858043554876 0.55 0.55 0.55
v -7.199042676278665 7.670422092869315 17.38129566981675 0.55 0.55 0.55
v -7.199042676278665 7.670422092869315 17.38129566981675 0.55 0.55 0.55
v -6.922893206185312 10.168741608549785 16.661858043554876 0.55 0.55 0.55
v -9.022622505997882 11.116586377882289 15.711342885080866 0.55 0.55 0.55
v -9.378464237618761 8.388713435003666 16.355019192529564 0.55 0.55 0.55
v -9.378464237618761 8.388713435003666 16.355019192529564 0.55 0.55 0.55
v -9.022622505997882 11.116586377882289 15.711342885080866 0.55 0.55 0.55
v -10.90216851091704 10.076072242597496 14.324823073452746 0.55 0.55 0.55
v -11.335372997866626 7.6024179759686445 14.945111004431268 0.55 0.55 0.55
v -11.335372997866626 7.6024179759686445 14.945111004431268 0.55 0.55 0.55
v -10.90216851091704 10.076072242597496 14.324823073452746 0.55 0.55 0.55
v -12.714384405790085 11.287275217115477 12.925236984210722 0.55 0.55 0.55
v -13.239785704277448 8.518500352292156 13.471426760529422 0.55 0.55 0.55
v -13.239785704277448 8.518500352292156 13.471426760529422 0.55 0.55 0.55
v -12.714384405790085 11.287275217115477 12.925236984210722 0.55 0.55 0.55
v -14.166699732141272 10.073261397701481 11.095955942538378 0.55 0.55 0.55
v -14.746740325763103 7.600007536241301 11.577905281010475 0.55 0.55 0.55
v -14.746740325763103 7.600007536241301 11.577905281010475 0.55 0.55 0.55
v -14.166699732141272 10.073261397701481 11.095955942538378 0.55 0.55 0.55
v -15.567780293065908 11.122829571952343 9.287244343563472 0.55 0.55 0.55
v -16.1979404466908 8.39361964562309 9.669816355695337 0.55 0.55 0.55
v -16.1979404466908 8.39361964562309 9.669816355695337 0.0 0.0 0.0
v -15.567780293065908 11.122829571952343 9.287244343563472 0.0 0.0 0.0
v -17.23199320157623 8.873144010176803 7.484152578939617 0.0 0.0 0.0
v -15.567780293065908 11.122829571952343 9.287244343563472 0.0 0.0 0.0
v -14.82723200477667 13.813648530729813 8.835298628280862 0.0 0.0 0.0
v -17.23199320157623 8.873144010176803 7.484152578939617 0.0 0.0 0.0
v -14.166699732141272 10.073261397701481 11.095955942538378 0.55 0.55 0.55
v -13.545010051658439 12.52982719171435 10.581804524816409 0.55 0.55 0.55
v -14.82723200477667 13.813648530729813 8.835298628280862 0.55 0.55 0.55
v -15.567780293065908 11.122829571952343 9.287244343563472 0.55 0.55 0.55
v -12.714384405790085 11.287275217115477 12.925236984210722 0.55 0.55 0.55
v -12.09848838630434 14.016850206291076 12.28329569976724 0.55 0.55 0.55
v -13.545010051658439 12.52982719171435 10.581804524816409 0.55 0.55 0.55
v -14.166699732141272 10.073261397701481 11.095955942538378 0.55 0.55 0.55
v -10.90216851091704 10.076072242597496 14.324823073452746 0.55 0.55 0.55
v -10.437011823378974 12.532988762068776 13.66266177189585 0.55 0.55 0.55
v -12.09848838630434 14.016850206291076 12.28329569976724 0.55 0.55 0.55
v -12.714384405790085 11.287275217115477 12.925236984210722 0.55 0.55 0.55
v -9.022622505997882 11.116586377882289 15.711342885080866 0.55 0.55 0.55
v -8.603647564786918 13.806222127765501 14.953945371869217 0.55 0.55 0.55
v -10.437011823378974 12.532988762068776 13.66266177189585 0.55 0.55 0.55
v -10.90216851091704 10.076072242597496 14.324823073452746 0.55 0.55 0.55
v -6.922893206185312 10.168741608549785 16.661858043554876 0.55 0.55 0.55
v -6.627797815596789 12.649360239029892 15.890484529152141 0.55 0.55 0.55
v -8.603647564786918 13.806222127765501 14.953945371869217 0.55 0.55 0.55
v -9.022622505997882 11.116586377882289 15.711342885080866 0.55 0.55 0.55
v -4.644140185407831 12.445362743680704 17.09290926535202 1.0 1.0 1.0
v -6.627797815596789 12.649360239029892 15.890484529152141 1.0 1.0 1.0
v -6.922893206185312 10.168741608549785 16.661858043554876 1.0 1.0 1.0
v -4.644140185407831 12.445362743680704 17.09290926535202 1.0 1.0 1.0
v -6.321951557438225 15.118305052824207 15.086400566981595 1.0 1.0 1.0
v -6.627797815596789 12.649360239029892 15.890484529152141 1.0 1.0 1.0
v -6.627797815596789 12.649360239029892 15.890484529152141 0.55 0.55 0.55
v -6.321951557438225 15.118305052824207 15.086400566981595 0.55 0.55 0.55
v -8.142198624025395 16.465010259647485 14.116005802946061 0.55 0.55 0.55
v -8.603647564786918 13.806222127765501 14.953945371869217 0.55 0.55 0.55
v -8.603647564786918 13.806222127765501 14.953945371869217 0.55 0.55 0.55
v -8.142198624025395 16.465010259647485 14.116005802946061 0.55 0.55 0.55
v -9.950998574381325 14.97823689792479 12.972910057451678 0.55 0.55 0.55
v -10.437011823378974 12.532988762068776 13.66266177189585 0.55 0.55 0.55
v -10.437011823378974 12.532988762068776 13.66266177189585 0.55 0.55 0.55
v -9.950998574381325 14.97823689792479 12.972910057451678 0.55 0.55 0.55
v -11.421612225946697 16.715467786118595 11.574473709467059 0.55 0.55 0.55
v -12.09848838630434 14.016850206291076 12.28329569976724 0.55 0.55 0.55
v -12.09848838630434 14.016850206291076 12.28329569976724 0.55 0.55 0.55
v -11.421612225946697 16.715467786118595 11.574473709467059 0.55 0.55 0.55
v -12.896003086529797 14.974756645386817 10.04643964855272 0.55 0.55 0.55
v -13.545010051658439 12.52982719171435 10.581804524816409 0.55 0.55 0.55
v -13.545010051658439 12.52982719171435 10.581804524816409 0.55 0.55 0.55
v -12.896003086529797 14.974756645386817 10.04643964855272 0.55 0.55 0.55
v -14.010488706044665 16.473467122286714 8.332900111419285 0.55 0.55 0.55
v -14.82723200477667 13.813648530729813 8.835298628280862 0.55 0.55 0.55
v -14.82723200477667 13.813648530729813 8.835298628280862 0.55 0.55 0.55
v -14.010488706044665 16.473467122286714 8.332900111419285 0.55 0.55 0.55
v -16.489653952367497 11.752873085190105 7.15978732725844 0.55 0.55 0.55
v -17.23199320157623 8.873144010176803 7.484152578939617 0.55 0.55 0.55
v -17.23199320157623 8.873144010176803 7.484152578939617 0.55 0.55 0.55
v -16.489653952367497 11.752873085190105 7.15978732725844 0.55 0.55 0.55
v -17.50884360534707 10.735848595792657 5.055031567271382 0.55 0.55 0.55
v -18.169615030746506 8.09943736708249 5.263074752739027 0.55 0.55 0.55
v -18.169615030746506 8.09943736708249 5.263074752739027 0.55 0.55 0.55
v -17.50884360534707 10.735848595792657 5.055031567271382 0.55 0.55 0.55
v -17.80442910217586 10.07457702548872 2.766533767636403 0.55 0.55 0.55
v -18.551240085183863 7.601121794475572 2.8790901628088275 0.55 0.55 0.55
v -18.551240085183863 7.601121794475572 2.8790901628088275 0.0 0.0 0.0
v -17.80442910217586 10.07457702548872 2.766533767636403 0.0 0.0 0.0
v -18.78653099024973 8.800639956454196 0.47776779229640404 0.0 0.0 0.0
v -17.80442910217586 10.07457702548872 2.766533767636403 0.0 0.0 0.0
v -17.005649927297153 12.531278411423882 2.6448261525003254 0.0 0.0 0.0
v -18.78653099024973 8.800639956454196 0.47776779229640404 0.0 0.0 0.0
v -17.50884360534707 10.735848595792657 5.055031567271382 0.55 0.55 0.55
v -16.726614995195053 13.336113813039919 4.813820223254804 0.55 0.55 0.55
v -17.005649927297153 12.531278411423882 2.6448261525003254 0.55 0.55 0.55
v -17.80442910217586 10.07457702548872 2.766533767636403 0.55 0.55 0.55
v -16.489653952367497 11.752873085190105 7.15978732725844 1.0 1.0 1.0
v -16.726614995195053 13.336113813039919 4.813820223254804 1.0 1.0 1.0
v -17.50884360534707 10.735848595792657 5.055031567271382 1.0 1.0 1.0
v -16.489653952367497 11.752873085190105 7.15978732725844 1.0 1.0 1.0
v -15.854548581065881 15.90631306548273 4.5572575330902 1.0 1.0 1.0
v -16.726614995195053 13.336113813039919 4.813820223254804 1.0 1.0 1.0
v -16.726614995195053 13.336113813039919 4.813820223254804 0.55 0.55 0.55
v -15.854548581065881 15.90631306548273 4.5572575330902 0.55 0.55 0.55
v -16.172779113511766 14.976295930318184 2.516738216366536 0.55 0.55 0.55
v -17.005649927297153 12.531278411423882 2.6448261525003254 0.55 0.55 0.55
v -17.005649927297153 12.531278411423882 2.6448261525003254 0.55 0.55 0.55
v -16.172779113511766 14.976295930318184 2.516738216366536 0.55 0.55 0.55
v -17.986607998839055 11.657806352798378 0.46422221477584635 0.55 0.55 0.55
v -18.78653099024973 8.800639956454196 0.47776779229640404 0.55 0.55 0.55
v -18.78653099024973 8.800639956454196 0.47776779229640404 0.55 0.55 0.55
v -17.986607998839055 11.657806352798378 0.46422221477584635 0.55 0.55 0.55
v -17.553060989436535 11.507695081340128 -4.1128619767694055 0.55 0.55 0.55
v -18.312309700735778 8.6863033328068 -4.297432192504296 0.55 0.55 0.55
v -18.312309700735778 8.6863033328068 -4.297432192504296 0.0 0.0 0.0
v -17.553060989436535 11.507695081340128 -4.1128619767694055 0.0 0.0 0.0
v -17.096750473913207 12.532890457878333 -1.7138995503692653 0.0 0.0 0.0
v -17.553060989436535 11.507695081340128 -4.1128619767694055 0.0 0.0 0.0
v -16.66349500195758 14.288848121874384 -3.897762440211129 0.0 0.0 0.0
v -17.096750473913207 12.532890457878333 -1.7138995503692653 0.0 0.0 0.0
v -17.986607998839055 11.657806352798378 0.46422221477584635 1.0 1.0 1.0
v -16.66349500195758 14.288848121874384 -3.897762440211129 1.0 1.0 1.0
v -17.553060989436535 11.507695081340128 -4.1128619767694055 1.0 1.0 1.0
v -17.986607998839055 11.657806352798378 0.46422221477584635 1.0 1.0 1.0
v -15.685431927479812 17.038562081035383 -3.661316327521225 1.0 1.0 1.0
v -16.66349500195758 14.288848121874384 -3.897762440211129 1.0 1.0 1.0
v -16.66349500195758 14.288848121874384 -3.897762440211129 0.55 0.55 0.55
v -15.685431927479812 17.038562081035383 -3.661316327521225 0.55 0.55 0.55
v -16.261273518782616 14.978333662381232 -1.6104775365505892 0.55 0.55 0.55
v -17.096750473913207 12.532890457878333 -1.7138995503692653 0.55 0.55 0.55
v -17.096750473913207 12.532890457878333 -1.7138995503692653 0.55 0.55 0.55
v -16.261273518782616 14.978333662381232 -1.6104775365505892 0.55 0.55 0.55
v -16.889547655607274 10.084610716739292 -6.286952560194338 0.55 0.55 0.55
v -17.58793454367639 7.609337423778154 -6.586021096845054 0.55 0.55 0.55
v -17.58793454367639 7.609337423778154 -6.586021096845054 0.55 0.55 0.55
v -16.889547655607274 10.084610716739292 -6.286952560194338 0.55 0.55 0.55
v -16.06725092519763 10.901832542716619 -8.492967013775441 0.55 0.55 0.55
v -16.68977835853412 8.225333707804095 -8.835870922950422 0.55 0.55 0.55
v -16.68977835853412 8.225333707804095 -8.835870922950422 0.55 0.55 0.55
v -16.06725092519763 10.901832542716619 -8.492967013775441 0.55 0.55 0.55
v -14.766120495803415 10.089505335644276 -10.347512590029568 0.55 0.55 0.55
v -15.359598745195932 7.613110626383464 -10.82315132007374 0.55 0.55 0.55
v -15.359598745195932 7.613110626383464 -10.82315132007374 0.55 0.55 0.55
v -14.766120495803415 10.089505335644276 -10.347512590029568 0.55 0.55 0.55
v -13.254542355109832 10.084452075129986 -12.202824547593579 0.55 0.55 0.55
v -13.812604831062012 7.609160516375056 -12.713217292766751 0.55 0.55 0.55
v -13.812604831062012 7.609160516375056 -12.713217292766751 0.55 0.55 0.55
v -13.254542355109832 10.084452075129986 -12.202824547593579 0.55 0.55 0.55
v -11.763572406084114 10.63214960618442 -13.959404993062952 0.55 0.55 0.55
v -12.193844507229858 8.020175835818636 -14.487028855856874 0.55 0.55 0.55
v -12.193844507229858 8.020175835818636 -14.487028855856874 0.55 0.55 0.55
v -11.763572406084114 10.63214960618442 -13.959404993062952 0.55 0.55 0.55
v -9.76995049771243 10.165029256373664 -15.142178212291782 0.55 0.55 0.55
v -10.163002077497444 7.6685193218874055 -15.800503462139549 0.55 0.55 0.55
v -10.163002077497444 7.6685193218874055 -15.800503462139549 0.55 0.55 0.55
v -9.76995049771243 10.165029256373664 -15.142178212291782 0.55 0.55 0.55
v -7.745159704608458 11.508583120722863 -16.259753092326708 0.55 0.55 0.55
v -8.059129560062171 8.68713533007014 -16.976588230543268 0.55 0.55 0.55
v -8.059129560062171 8.68713533007014 -16.976588230543268 0.55 0.55 0.55
v -7.745159704608458 11.508583120722863 -16.259753092326708 0.55 0.55 0.55
v -5.643113679574629 11.05432941648754 -17.23166546477413 0.55 0.55 0.55
v -5.848633873054815 8.341334195970584 -17.930169722206877 0.55 0.55 0.55
v -5.848633873054815 8.341334195970584 -17.930169722206877 0.55 0.55 0.55
v -5.643113679574629 11.05432941648754 -17.23166546477413 0.55 0.55 0.55
v -3.441142294845139 10.284445565159357 -18.10661169546188 0.55 0.55 0.55
v -3.543410552645753 7.755897743601803 -18.74038097012473 0.55 0.55 0.55
v -3.543410552645753 7.755897743601803 -18.74038097012473 0.55 0.55 0.55
v -3.441142294845139 10.284445565159357 -18.10661169546188 0.55 0.55 0.55
v -1.0746083354578426 10.073923769698608 -17.971335255857454 0.55 0.55 0.55
v -1.0977102218940187 7.60069853964871 -18.726828138448234 0.55 0.55 0.55
v -1.0977102218940187 7.60069853964871 -18.726828138448234 0.55 0.55 0.55
v -1.0746083354578426 10.073923769698608 -17.971335255857454 0.55 0.55 0.55
v 1.2277329982183067 11.112565060319444 -18.077314587830113 0.55 0.55 0.55
v 1.3019097220741647 8.38563451400646 -18.808523168288318 0.55 0.55 0.55
v 1.3019097220741647 8.38563451400646 -18.808523168288318 0.55 0.55 0.55
v 1.2277329982183067 11.112565060319444 -18.077314587830113 0.55 0.55 0.55
v 3.6041644036436913 10.286101284206683 -18.088821506826747 0.55 0.55 0.55
v 3.751277902963484 7.757469152559805 -18.71442645339794 0.55 0.55 0.55
v 3.751277902963484 7.757469152559805 -18.71442645339794 0.55 0.55 0.55
v 3.6041644036436913 10.286101284206683 -18.088821506826747 0.55 0.55 0.55
v 5.820172433208615 10.782021851402526 -17.262363101996108 0.55 0.55 0.55
v 6.055061358332341 8.134469655481858 -17.920443572966516 0.55 0.55 0.55
v 6.055061358332341 8.134469655481858 -17.920443572966516 0.55 0.55 0.55
v 5.820172433208615 10.782021851402526 -17.262363101996108 0.55 0.55 0.55
v 9.947352862551991 11.300166293267976 -15.154311253253855 0.55 0.55 0.55
v 10.382594093726302 8.529056689431506 -15.779086297389508 0.55 0.55 0.55
v 10.382594093726302 8.529056689431506 -15.779086297389508 0.55 0.55 0.55
v 9.947352862551991 11.300166293267976 -15.154311253253855 0.55 0.55 0.55
v 7.733708850322822 10.777251434680421 -16.038309703193995 0.55 0.55 0.55
v 8.125787674957174 8.32497711518092 -16.71622410263451 0.55 0.55 0.55
v 8.125787674957174 8.32497711518092 -16.71622410263451 0.55 0.55 0.55
v 7.733708850322822 10.777251434680421 -16.038309703193995 0.55 0.55 0.55
v 11.835676771997736 10.934595246701813 -13.78312005848053 0.55 0.55 0.55
v 12.304013415179332 8.250359544555081 -14.324981273308833 0.55 0.55 0.55
v 12.304013415179332 8.250359544555081 -14.324981273308833 0.55 0.55 0.55
v 11.835676771997736 10.934595246701813 -13.78312005848053 0.55 0.55 0.55
v 13.318828061096612 10.160004904225163 -12.081627486611797 0.55 0.55 0.55
v 13.948174999365618 7.666066886394441 -12.529282389520015 0.55 0.55 0.55
v 13.948174999365618 7.666066886394441 -12.529282389520015 0.55 0.55 0.55
v 13.318828061096612 10.160004904225163 -12.081627486611797 0.55 0.55 0.55
v 14.8316598807503 11.47857825037295 -10.304393854517325 0.55 0.55 0.55
v 15.507909161466491 8.665943063831296 -10.701734330835052 0.55 0.55 0.55
v 15.507909161466491 8.665943063831296 -10.701734330835052 0.55 0.55 0.55
v 14.8316598807503 11.47857825037295 -10.304393854517325 0.55 0.55 0.55
v 15.915021248107216 10.09153056191715 -8.36670913126128 0.55 0.55 0.55
v 16.638241973696307 7.614933364788548 -8.627020728865487 0.55 0.55 0.55
v 16.638241973696307 7.614933364788548 -8.627020728865487 0.55 0.55 0.55
v 15.915021248107216 10.09153056191715 -8.36670913126128 0.55 0.55 0.55
v 16.921771193532436 10.0750944303782 -6.176029299086777 0.55 0.55 0.55
v 17.64802134885868 7.601507386482444 -6.390355049681186 0.55 0.55 0.55
v 17.64802134885868 7.601507386482444 -6.390355049681186 0.55 0.55 0.55
v 16.921771193532436 10.0750944303782 -6.176029299086777 0.55 0.55 0.55
v 17.63583323627411 10.07139934388072 -3.8380768537797256 0.55 0.55 0.55
v 18.36898806737589 7.598759992604929 -4.018504260217274 0.55 0.55 0.55
v 18.36898806737589 7.598759992604929 -4.018504260217274 0.55 0.55 0.55
v 17.63583323627411 10.07139934388072 -3.8380768537797256 0.55 0.55 0.55
v 18.302924031382418 10.27627716461362 -1.467104682345213 0.55 0.55 0.55
v 18.934091291800435 7.749216350889363 -1.6050504915155646 0.55 0.55 0.55
v 18.934091291800435 7.749216350889363 -1.6050504915155646 0.0 0.0 0.0
v 18.302924031382418 10.27627716461362 -1.467104682345213 0.0 0.0 0.0
v 18.5753701936658 9.631320352152347 0.5237300626110591 0.0 0.0 0.0
v 18.302924031382418 10.27627716461362 -1.467104682345213 0.0 0.0 0.0
v 17.55179358254431 12.769036183319095 -1.306596887075367 0.0 0.0 0.0
v 18.5753701936658 9.631320352152347 0.5237300626110591 0.0 0.0 0.0
v 17.63583323627411 10.07139934388072 -3.8380768537797256 0.55 0.55 0.55
v 16.85037383498201 12.527319022847527 -3.6494894039284165 0.55 0.55 0.55
v 17.55179358254431 12.769036183319095 -1.306596887075367 0.55 0.55 0.55
v 18.302924031382418 10.27627716461362 -1.467104682345213 0.55 0.55 0.55
v 16.921771193532436 10.0750944303782 -6.176029299086777 0.55 0.55 0.55
v 16.143436468435205 12.531982470269083 -5.952731646768628 0.55 0.55 0.55
v 16.85037383498201 12.527319022847527 -3.6494894039284165 0.55 0.55 0.55
v 17.63583323627411 10.07139934388072 -3.8380768537797256 0.55 0.55 0.55
v 15.915021248107216 10.09153056191715 -8.36670913126128 0.55 0.55 0.55
v 15.140295267279578 12.550872534689558 -8.091818780890955 0.55 0.55 0.55
v 16.143436468435205 12.531982470269083 -5.952731646768628 0.55 0.55 0.55
v 16.921771193532436 10.0750944303782 -6.176029299086777 0.55 0.55 0.55
v 14.8316598807503 11.47857825037295 -10.304393854517325 0.55 0.55 0.55
v 14.00471424034409 14.246609900887169 -9.880005170025802 0.55 0.55 0.55
v 15.140295267279578 12.550872534689558 -8.091818780890955 0.55 0.55 0.55
v 15.915021248107216 10.09153056191715 -8.36670913126128 0.55 0.55 0.55
v 13.318828061096612 10.160004904225163 -12.081627486611797 0.55 0.55 0.55
v 12.64674630047146 12.6367926621723 -11.602403237845643 0.55 0.55 0.55
v 14.00471424034409 14.246609900887169 -9.880005170025802 0.55 0.55 0.55
v 14.8316598807503 11.47857825037295 -10.304393854517325 0.55 0.55 0.55
v 11.835676771997736 10.934595246701813 -13.78312005848053 0.55 0.55 0.55
v 11.27954741146567 13.581511814845541 -13.147897495803953 0.55 0.55 0.55
v 12.64674630047146 12.6367926621723 -11.602403237845643 0.55 0.55 0.55
v 13.318828061096612 10.160004904225163 -12.081627486611797 0.55 0.55 0.55
v 7.733708850322822 10.777251434680421 -16.038309703193995 0.55 0.55 0.55
v 7.3260882626110995 13.215137103105764 -15.318623612810464 0.55 0.55 0.55
v 11.27954741146567 13.581511814845541 -13.147897495803953 0.55 0.55 0.55
v 11.835676771997736 10.934595246701813 -13.78312005848053 0.55 0.55 0.55
v 9.947352862551991 11.300166293267976 -15.154311253253855 0.55 0.55 0.55
v 9.435410359578876 14.031648293621117 -14.421396189690897 0.55 0.55 0.55
v 7.3260882626110995 13.215137103105764 -15.318623612810464 0.55 0.55 0.55
v 7.733708850322822 10.777251434680421 -16.038309703193995 0.55 0.55 0.55
v 5.820172433208615 10.782021851402526 -17.262363101996108 0.55 0.55 0.55
v 5.538966916108078 13.393021290530655 -16.486332772967618 0.55 0.55 0.55
v 9.435410359578876 14.031648293621117 -14.421396189690897 0.55 0.55 0.55
v 9.947352862551991 11.300166293267976 -15.154311253253855 0.55 0.55 0.55
v 3.6041644036436913 10.286101284206683 -18.088821506826747 0.55 0.55 0.55
v 3.4300400389671704 12.779869325922101 -17.34165979712645 0.55 0.55 0.55
v 5.538966916108078 13.393021290530655 -16.486332772967618 0.55 0.55 0.55
v 5.820172433208615 10.782021851402526 -17.262363101996108 0.55 0.55 0.55
v 1.2277329982183067 11.112565060319444 -18.077314587830113 0.55 0.55 0.55
v 1.142939164148046 13.801294703679737 -17.216500586530987 0.55 0.55 0.55
v 3.4300400389671704 12.779869325922101 -17.34165979712645 0.55 0.55 0.55
v 3.6041644036436913 10.286101284206683 -18.088821506826747 0.55 0.55 0.55
v -1.0746083354578426 10.073923769698608 -17.971335255857454 0.55 0.55 0.55
v -1.0493582552602216 12.530393979644254 -17.163186708754886 0.55 0.55 0.55
v 1.142939164148046 13.801294703679737 -17.216500586530987 0.55 0.55 0.55
v 1.2277329982183067 11.112565060319444 -18.077314587830113 0.55 0.55 0.55
v -3.441142294845139 10.284445565159357 -18.10661169546188 0.55 0.55 0.55
v -3.319316097010471 12.779002619317918 -17.352641484809933 0.55 0.55 0.55
v -1.0493582552602216 12.530393979644254 -17.163186708754886 0.55 0.55 0.55
v -1.0746083354578426 10.073923769698608 -17.971335255857454 0.55 0.55 0.55
v -5.643113679574629 11.05432941648754 -17.23166546477413 0.55 0.55 0.55
v -5.398243179306397 13.729509110340578 -16.40995151202078 0.55 0.55 0.55
v -3.319316097010471 12.779002619317918 -17.352641484809933 0.55 0.55 0.55
v -3.441142294845139 10.284445565159357 -18.10661169546188 0.55 0.55 0.55
v -7.745159704608458 11.508583120722863 -16.259753092326708 0.55 0.55 0.55
v -7.37675233277997 14.289696932753019 -15.420606169943522 0.55 0.55 0.55
v -5.398243179306397 13.729509110340578 -16.40995151202078 0.55 0.55 0.55
v -5.643113679574629 11.05432941648754 -17.23166546477413 0.55 0.55 0.55
v -9.76995049771243 10.165029256373664 -15.142178212291782 0.55 0.55 0.55
v -9.346540829220341 12.644420016605432 -14.439463844459274 0.55 0.55 0.55
v -7.37675233277997 14.289696932753019 -15.420606169943522 0.55 0.55 0.55
v -7.745159704608458 11.508583120722863 -16.259753092326708 0.55 0.55 0.55
v -11.763572406084114 10.63214960618442 -13.959404993062952 0.55 0.55 0.55
v -11.255216098775442 13.208419875472524 -13.334096048382433 0.55 0.55 0.55
v -9.346540829220341 12.644420016605432 -14.439463844459274 0.55 0.55 0.55
v -9.76995049771243 10.165029256373664 -15.142178212291782 0.55 0.55 0.55
v -13.254542355109832 10.084452075129986 -12.202824547593579 0.55 0.55 0.55
v -12.658835927308163 12.542921732146123 -11.655184766345263 0.55 0.55 0.55
v -11.255216098775442 13.208419875472524 -13.334096048382433 0.55 0.55 0.55
v -11.763572406084114 10.63214960618442 -13.959404993062952 0.55 0.55 0.55
v -14.766120495803415 10.089505335644276 -10.347512590029568 0.55 0.55 0.55
v -14.127922591228675 12.549148052621417 -9.843765704393043 0.55 0.55 0.55
v -12.658835927308163 12.542921732146123 -11.655184766345263 0.55 0.55 0.55
v -13.254542355109832 10.084452075129986 -12.202824547593579 0.55 0.55 0.55
v -16.06725092519763 10.901832542716619 -8.492967013775441 0.55 0.55 0.55
v -15.332213093996094 13.54128082359288 -8.089322554004047 0.55 0.55 0.55
v -14.127922591228675 12.549148052621417 -9.843765704393043 0.55 0.55 0.55
v -14.766120495803415 10.089505335644276 -10.347512590029568 0.55 0.55 0.55
v -16.889547655607274 10.084610716739292 -6.286952560194338 0.55 0.55 0.55
v -16.141294837149758 12.543108723943984 -5.970777936170277 0.55 0.55 0.55
v -15.332213093996094 13.54128082359288 -8.089322554004047 0.55 0.55 0.55
v -16.06725092519763 10.901832542716619 -8.492967013775441 0.55 0.55 0.55
v -16.261273518782616 14.978333662381232 -1.6104775365505892 1.0 1.0 1.0
v -16.141294837149758 12.543108723943984 -5.970777936170277 1.0 1.0 1.0
v -16.889547655607274 10.084610716739292 -6.286952560194338 1.0 1.0 1.0
v -16.261273518782616 14.978333662381232 -1.6104775365505892 1.0 1.0 1.0
v -15.360386597661071 14.990010567922484 -5.643831840706188 1.0 1.0 1.0
v -16.141294837149758 12.543108723943984 -5.970777936170277 1.0 1.0 1.0
v -16.141294837149758 12.543108723943984 -5.970777936170277 0.55 0.55 0.55
v -15.360386597661071 14.990010567922484 -5.643831840706188 0.55 0.55 0.55
v -14.516926461078336 16.150163903524547 -7.642265873987948 0.55 0.55 0.55
v -15.332213093996094 13.54128082359288 -8.089322554004047 0.55 0.55 0.55
v -15.332213093996094 13.54128082359288 -8.089322554004047 0.55 0.55 0.55
v -14.516926461078336 16.150163903524547 -7.642265873987948 0.55 0.55 0.55
v -13.459992799317314 14.997242517339028 -9.32256934564324 0.55 0.55 0.55
v -14.127922591228675 12.549148052621417 -9.843765704393043 0.55 0.55 0.55
v -14.127922591228675 12.549148052621417 -9.843765704393043 0.55 0.55 0.55
v -13.459992799317314 14.997242517339028 -9.32256934564324 0.55 0.55 0.55
v -12.03908508867183 14.989722857120933 -11.082584114389919 0.55 0.55 0.55
v -12.658835927308163 12.542921732146123 -11.655184766345263 0.55 0.55 0.55
v -12.658835927308163 12.542921732146123 -11.655184766345263 0.55 0.55 0.55
v -12.03908508867183 14.989722857120933 -11.082584114389919 0.55 0.55 0.55
v -10.693731329741112 15.75474707997184 -12.635295590219327 0.55 0.55 0.55
v -11.255216098775442 13.208419875472524 -13.334096048382433 0.55 0.55 0.55
v -11.255216098775442 13.208419875472524 -13.334096048382433 0.55 0.55 0.55
v -10.693731329741112 15.75474707997184 -12.635295590219327 0.55 0.55 0.55
v -8.901859247969028 15.11228327192567 -13.70969463536739 0.55 0.55 0.55
v -9.346540829220341 12.644420016605432 -14.439463844459274 0.55 0.55 0.55
v -9.346540829220341 12.644420016605432 -14.439463844459274 0.55 0.55 0.55
v -8.901859247969028 15.11228327192567 -13.70969463536739 0.55 0.55 0.55
v -6.968980825692025 17.039367840446847 -14.499465497963477 0.55 0.55 0.55
v -7.37675233277997 14.289696932753019 -15.420606169943522 0.55 0.55 0.55
v -7.37675233277997 14.289696932753019 -15.420606169943522 0.55 0.55 0.55
v -6.968980825692025 17.039367840446847 -14.499465497963477 0.55 0.55 0.55
v -5.12740084820741 16.373872869810157 -15.50083147213195 0.55 0.55 0.55
v -5.398243179306397 13.729509110340578 -16.40995151202078 0.55 0.55 0.55
v -5.398243179306397 13.729509110340578 -16.40995151202078 0.55 0.55 0.55
v -5.12740084820741 16.373872869810157 -15.50083147213195 0.55 0.55 0.55
v -3.1851673093411943 15.243979802152253 -16.508567307107846 0.55 0.55 0.55
v -3.319316097010471 12.779002619317918 -17.352641484809933 0.55 0.55 0.55
v -3.319316097010471 12.779002619317918 -17.352641484809933 0.55 0.55 0.55
v -3.1851673093411943 15.243979802152253 -16.508567307107846 0.55 0.55 0.55
v -1.0232654579544433 14.975172808776207 -16.3203908766007 0.55 0.55 0.55
v -1.0493582552602216 12.530393979644254 -17.163186708754886 0.55 0.55 0.55
v -1.0493582552602216 12.530393979644254 -17.163186708754886 0.55 0.55 0.55
v -1.0232654579544433 14.975172808776207 -16.3203908766007 0.55 0.55 0.55
v 1.0489034116866278 16.45918898088133 -16.265096252175198 0.55 0.55 0.55
v 1.142939164148046 13.801294703679737 -17.216500586530987 0.55 0.55 0.55
v 1.142939164148046 13.801294703679737 -17.216500586530987 0.55 0.55 0.55
v 1.0489034116866278 16.45918898088133 -16.265096252175198 0.55 0.55 0.55
v 3.2351985432740653 15.24335998049689 -16.504321182831028 0.55 0.55 0.55
v 3.4300400389671704 12.779869325922101 -17.34165979712645 0.55 0.55 0.55
v 3.4300400389671704 12.779869325922101 -17.34165979712645 0.55 0.55 0.55
v 3.2351985432740653 15.24335998049689 -16.504321182831028 0.55 0.55 0.55
v 5.217077756979042 15.973621531388453 -15.62822520430246 0.55 0.55 0.55
v 5.538966916108078 13.393021290530655 -16.486332772967618 0.55 0.55 0.55
v 5.538966916108078 13.393021290530655 -16.486332772967618 0.55 0.55 0.55
v 5.217077756979042 15.973621531388453 -15.62822520430246 0.55 0.55 0.55
v 8.868632838978463 16.73159156656534 -13.614904188079803 0.55 0.55 0.55
v 9.435410359578876 14.031648293621117 -14.421396189690897 0.55 0.55 0.55
v 9.435410359578876 14.031648293621117 -14.421396189690897 0.55 0.55 0.55
v 8.868632838978463 16.73159156656534 -13.614904188079803 0.55 0.55 0.55
v 6.913839820856829 15.644188432831438 -14.572111942404627 0.55 0.55 0.55
v 7.3260882626110995 13.215137103105764 -15.318623612810464 0.55 0.55 0.55
v 7.3260882626110995 13.215137103105764 -15.318623612810464 0.55 0.55 0.55
v 6.913839820856829 15.644188432831438 -14.572111942404627 0.55 0.55 0.55
v 10.666014115533493 16.198103226711076 -12.443086960933552 0.55 0.55 0.55
v 11.27954741146567 13.581511814845541 -13.147897495803953 0.55 0.55 0.55
v 11.27954741146567 13.581511814845541 -13.147897495803953 0.55 0.55 0.55
v 10.666014115533493 16.198103226711076 -12.443086960933552 0.55 0.55 0.55
v 11.944397917661671 15.101712498685012 -11.107126310132706 0.55 0.55 0.55
v 12.64674630047146 12.6367926621723 -11.602403237845643 0.55 0.55 0.55
v 12.64674630047146 12.6367926621723 -11.602403237845643 0.55 0.55 0.55
v 11.944397917661671 15.101712498685012 -11.107126310132706 0.55 0.55 0.55
v 13.005580059814541 16.965726718214416 -9.525926009609254 0.55 0.55 0.55
v 14.00471424034409 14.246609900887169 -9.880005170025802 0.55 0.55 0.55
v 14.00471424034409 14.246609900887169 -9.880005170025802 0.55 0.55 0.55
v 13.005580059814541 16.965726718214416 -9.525926009609254 0.55 0.55 0.55
v 14.320864459333242 14.997002253587477 -7.829477275523637 0.55 0.55 0.55
v 15.140295267279578 12.550872534689558 -8.091818780890955 0.55 0.55 0.55
v 15.140295267279578 12.550872534689558 -8.091818780890955 0.55 0.55 0.55
v 14.320864459333242 14.997002253587477 -7.829477275523637 0.55 0.55 0.55
v 15.325668352760102 14.97709315424667 -5.741091578405986 0.55 0.55 0.55
v 16.143436468435205 12.531982470269083 -5.952731646768628 0.55 0.55 0.55
v 16.143436468435205 12.531982470269083 -5.952731646768628 0.55 0.55 0.55
v 15.325668352760102 14.97709315424667 -5.741091578405986 0.55 0.55 0.55
v 16.028230565179136 14.971353152071796 -3.462659949157105 0.55 0.55 0.55
v 16.85037383498201 12.527319022847527 -3.6494894039284165 0.55 0.55 0.55
v 16.85037383498201 12.527319022847527 -3.6494894039284165 0.55 0.55 0.55
v 16.028230565179136 14.971353152071796 -3.462659949157105 0.55 0.55 0.55
v 16.711635901159937 15.23233409504489 -1.1318279368026842 0.55 0.55 0.55
v 17.55179358254431 12.769036183319095 -1.306596887075367 0.55 0.55 0.55
v 17.55179358254431 12.769036183319095 -1.306596887075367 0.55 0.55 0.55
v 16.711635901159937 15.23233409504489 -1.1318279368026842 0.55 0.55 0.55
v 17.65962055819072 12.745033542194083 0.3237902347670771 0.55 0.55 0.55
v 18.5753701936658 9.631320352152347 0.5237300626110591 0.55 0.55 0.55
v 18.5753701936658 9.631320352152347 0.5237300626110591 0.55 0.55 0.55
v 17.65962055819072 12.745033542194083 0.3237902347670771 0.55 0.55 0.55
v 16.177636011280438 14.969016163721454 2.493957430902127 0.55 0.55 0.55
v 17.003955809468838 12.525415712585525 2.682187509242553 0.55 0.55 0.55
v 16.177636011280438 14.969016163721454 2.493957430902127 0.55 0.55 0.55
v 15.336548673868572 17.408071846173247 2.3123688068650807 0.55 0.55 0.55
v 14.777305110045313 17.411593818699792 4.640497340181327 0.55 0.55 0.55
v 15.615243987283376 14.972633516235494 4.822602613309014 0.55 0.55 0.55
v 15.615243987283376 14.972633516235494 4.822602613309014 0.55 0.55 0.55
v 14.777305110045313 17.411593818699792 4.640497340181327 0.55 0.55 0.55
v 13.909899516957035 17.420198068972258 6.826178500442523 0.55 0.55 0.55
v 14.774703217073371 14.986137832283816 7.018033679185396 0.55 0.55 0.55
v 14.774703217073371 14.986137832283816 7.018033679185396 0.0 0.0 0.0
v 13.909899516957035 17.420198068972258 6.826178500442523 0.0 0.0 0.0
v 13.626899492029292 15.026820634268718 9.009915788646293 0.0 0.0 0.0
v 13.909899516957035 17.420198068972258 6.826178500442523 0.0 0.0 0.0
v 13.026992297787952 19.850927682931783 6.681884363559476 0.0 0.0 0.0
v 13.626899492029292 15.026820634268718 9.009915788646293 0.0 0.0 0.0
v 14.777305110045313 17.411593818699792 4.640497340181327 0.55 0.55 0.55
v 13.938582417401696 19.851588740255167 4.47676911067335 0.55 0.55 0.55
v 13.026992297787952 19.850927682931783 6.681884363559476 0.55 0.55 0.55
v 13.909899516957035 17.420198068972258 6.826178500442523 0.55 0.55 0.55
v 15.336548673868572 17.408071846173247 2.3123688068650807 0.55 0.55 0.55
v 14.498970312084976 19.848976284832936 2.139596476801799 0.55 0.55 0.55
v 13.938582417401696 19.851588740255167 4.47676911067335 0.55 0.55 0.55
v 14.777305110045313 17.411593818699792 4.640497340181327 0.55 0.55 0.55
v 17.65962055819072 12.745033542194083 0.3237902347670771 1.0 0.0 0.0
v 16.711635901159937 15.23233409504489 -1.1318279368026842 1.0 0.0 0.0
v 15.812845725799985 17.67434360658376 -0.949633359083801 1.0 0.0 0.0
v 15.336548673868572 17.408071846173247 2.3123688068650807 1.0 0.0 0.0
v 16.177636011280438 14.969016163721454 2.493957430902127 1.0 0.0 0.0
v 16.028230565179136 14.971353152071796 -3.462659949157105 0.55 0.55 0.55
v 15.18926858392489 17.410278538170765 -3.283987700705089 0.55 0.55 0.55
v 15.812845725799985 17.67434360658376 -0.949633359083801 0.55 0.55 0.55
v 16.711635901159937 15.23233409504489 -1.1318279368026842 0.55 0.55 0.55
v 15.325668352760102 14.97709315424667 -5.741091578405986 0.55 0.55 0.55
v 14.484022127225224 17.41669147082351 -5.561802903874488 0.55 0.55 0.55
v 15.18926858392489 17.410278538170765 -3.283987700705089 0.55 0.55 0.55
v 16.028230565179136 14.971353152071796 -3.462659949157105 0.55 0.55 0.55
v 14.320864459333242 14.997002253587477 -7.829477275523637 0.55 0.55 0.55
v 13.444929734906795 17.430890322339856 -7.6491224873905725 0.55 0.55 0.55
v 14.484022127225224 17.41669147082351 -5.561802903874488 0.55 0.55 0.55
v 15.325668352760102 14.97709315424667 -5.741091578405986 0.55 0.55 0.55
v 13.005580059814541 16.965726718214416 -9.525926009609254 1.0 1.0 1.0
v 13.444929734906795 17.430890322339856 -7.6491224873905725 1.0 1.0 1.0
v 14.320864459333242 14.997002253587477 -7.829477275523637 1.0 1.0 1.0
v 13.005580059814541 16.965726718214416 -9.525926009609254 1.0 1.0 1.0
v 12.544372990138381 19.85962803669912 -7.531608298541245 1.0 1.0 1.0
v 13.444929734906795 17.430890322339856 -7.6491224873905725 1.0 1.0 1.0
v 13.444929734906795 17.430890322339856 -7.6491224873905725 0.55 0.55 0.55
v 12.544372990138381 19.85962803669912 -7.531608298541245 0.55 0.55 0.55
v 13.640609764268893 19.857242906800675 -5.405050600473291 0.55 0.55 0.55
v 14.484022127225224 17.41669147082351 -5.561802903874488 0.55 0.55 0.55
v 14.484022127225224 17.41669147082351 -5.561802903874488 0.55 0.55 0.55
v 13.640609764268893 19.857242906800675 -5.405050600473291 0.55 0.55 0.55
v 14.351918431595063 19.850472458648795 -3.1154769205314294 0.55 0.55 0.55
v 15.18926858392489 17.410278538170765 -3.283987700705089 0.55 0.55 0.55
v 15.18926858392489 17.410278538170765 -3.283987700705089 0.55 0.55 0.55
v 14.351918431595063 19.850472458648795 -3.1154769205314294 0.55 0.55 0.55
v 14.885152595271588 20.105228690373966 -0.7633659289904701 0.55 0.55 0.55
v 15.812845725799985 17.67434360658376 -0.949633359083801 0.55 0.55 0.55
v 15.812845725799985 17.67434360658376 -0.949633359083801 0.55 0.55 0.55
v 14.885152595271588 20.105228690373966 -0.7633659289904701 0.55 0.55 0.55
v 14.498970312084976 19.848976284832936 2.139596476801799 0.55 0.55 0.55
v 15.336548673868572 17.408071846173247 2.3123688068650807 0.55 0.55 0.55
v 14.498970312084976 19.848976284832936 2.139596476801799 0.55 0.55 0.55
v 13.686001216526062 22.29850895917435 1.9715803729489807 0.55 0.55 0.55
v 13.126289529606412 22.300456976932843 4.311923825631735 0.55 0.55 0.55
v 13.938582417401696 19.851588740255167 4.47676911067335 0.55 0.55 0.55
v 13.938582417401696 19.851588740255167 4.47676911067335 0.55 0.55 0.55
v 13.126289529606412 22.300456976932843 4.311923825631735 0.55 0.55 0.55
v 12.187874765180903 22.29515794222322 6.504912220122073 0.55 0.55 0.55
v 13.026992297787952 19.850927682931783 6.681884363559476 0.55 0.55 0.55
v 13.026992297787952 19.850927682931783 6.681884363559476 0.55 0.55 0.55
v 12.187874765180903 22.29515794222322 6.504912220122073 0.55 0.55 0.55
v 12.733032563216524 17.462161532757257 8.835596050731507 0.55 0.55 0.55
v 13.626899492029292 15.026820634268718 9.009915788646293 0.55 0.55 0.55
v 12.526151018516039 16.388622573300587 10.450016562386379 1.0 0.0 0.0
v 13.626899492029292 15.026820634268718 9.009915788646293 1.0 0.0 0.0
v 12.733032563216524 17.462161532757257 8.835596050731507 1.0 0.0 0.0
v 10.694728832629062 18.79201955089873 11.142163247697788 1.0 0.0 0.0
v 11.319789566774109 16.194596437674726 11.907287723145423 1.0 0.0 0.0
v 11.319789566774109 16.194596437674726 11.907287723145423 0.55 0.55 0.55
v 10.694728832629062 18.79201955089873 11.142163247697788 0.55 0.55 0.55
v 8.980857114477763 17.523805210513572 12.583364277307249 0.55 0.55 0.55
v 9.511432067828878 15.071824890037792 13.26980563008712 0.55 0.55 0.55
v 9.511432067828878 15.071824890037792 13.26980563008712 0.0 0.0 0.0
v 8.980857114477763 17.523805210513572 12.583364277307249 0.0 0.0 0.0
v 7.884507394438421 16.14532634762897 14.389487811304347 0.0 0.0 0.0
v 8.980857114477763 17.523805210513572 12.583364277307249 0.0 0.0 0.0
v 8.430282741495212 19.977261638351067 11.92062742115349 0.0 0.0 0.0
v 7.884507394438421 16.14532634762897 14.389487811304347 0.0 0.0 0.0
v 10.694728832629062 18.79201955089873 11.142163247697788 1.0 1.0 1.0
v 8.430282741495212 19.977261638351067 11.92062742115349 1.0 1.0 1.0
v 8.980857114477763 17.523805210513572 12.583364277307249 1.0 1.0 1.0
v 10.694728832629062 18.79201955089873 11.142163247697788 1.0 1.0 1.0
v 7.535824384178807 22.38860784869632 11.56911993331247 1.0 1.0 1.0
v 8.430282741495212 19.977261638351067 11.92062742115349 1.0 1.0 1.0
v 8.430282741495212 19.977261638351067 11.92062742115349 0.55 0.55 0.55
v 7.535824384178807 22.38860784869632 11.56911993331247 0.55 0.55 0.55
v 7.369611090678105 18.732478276294927 13.547970486401855 0.55 0.55 0.55
v 7.884507394438421 16.14532634762897 14.389487811304347 0.55 0.55 0.55
v 7.884507394438421 16.14532634762897 14.389487811304347 0.55 0.55 0.55
v 7.369611090678105 18.732478276294927 13.547970486401855 0.55 0.55 0.55
v 5.428498630349212 19.773146376740204 14.046594640061413 0.55 0.55 0.55
v 5.86051276841236 17.04275701350327 15.016660658970256 0.55 0.55 0.55
v 5.86051276841236 17.04275701350327 15.016660658970256 0.55 0.55 0.55
v 5.428498630349212 19.773146376740204 14.046594640061413 0.55 0.55 0.55
v 3.7960289879712104 17.444060873113465 15.021133575583601 0.55 0.55 0.55
v 4.015644736774835 15.000312110339365 15.85037983846058 0.55 0.55 0.55
v 4.015644736774835 15.000312110339365 15.85037983846058 0.55 0.55 0.55
v 3.7960289879712104 17.444060873113465 15.021133575583601 0.55 0.55 0.55
v 1.751549936311513 18.7650803543588 15.311636171414088 0.55 0.55 0.55
v 1.9086783383083545 16.173384964679634 16.288013530788234 0.55 0.55 0.55
v 1.9086783383083545 16.173384964679634 16.288013530788234 0.55 0.55 0.55
v 1.751549936311513 18.7650803543588 15.311636171414088 0.55 0.55 0.55
v -0.10593045100541246 17.449805871210312 15.528561647551456 0.55 0.55 0.55
v -0.10630970695406729 15.005989962118132 16.391722809048268 0.55 0.55 0.55
v -0.10630970695406729 15.005989962118132 16.391722809048268 0.55 0.55 0.55
v -0.10593045100541246 17.449805871210312 15.528561647551456 0.55 0.55 0.55
v -2.2936513585850173 17.276045479328843 15.396032680391587 0.55 0.55 0.55
v -2.3679171356760556 14.857588959507122 16.242042116006882 0.55 0.55 0.55
v -2.3679171356760556 14.857588959507122 16.242042116006882 0.55 0.55 0.55
v -2.2936513585850173 17.276045479328843 15.396032680391587 0.55 0.55 0.55
v -4.411679078464103 15.243117140514673 16.154765553095984 0.55 0.55 0.55
v -4.644140185407831 12.445362743680704 17.09290926535202 0.55 0.55 0.55
v -4.644140185407831 12.445362743680704 17.09290926535202 0.0 0.0 0.0
v -4.411679078464103 15.243117140514673 16.154765553095984 0.0 0.0 0.0
v -6.321951557438225 15.118305052824207 15.086400566981595 0.0 0.0 0.0
v -4.411679078464103 15.243117140514673 16.154765553095984 0.0 0.0 0.0
v -4.1665970350983645 18.0137459044177 15.142111191205217 0.0 0.0 0.0
v -6.321951557438225 15.118305052824207 15.086400566981595 0.0 0.0 0.0
v -2.2936513585850173 17.276045479328843 15.396032680391587 0.55 0.55 0.55
v -2.2220798089296685 19.695526631376392 14.552897197915096 0.55 0.55 0.55
v -4.1665970350983645 18.0137459044177 15.142111191205217 0.55 0.55 0.55
v -4.411679078464103 15.243117140514673 16.154765553095984 0.55 0.55 0.55
v -0.10593045100541246 17.449805871210312 15.528561647551456 1.0 1.0 1.0
v -2.2220798089296685 19.695526631376392 14.552897197915096 1.0 1.0 1.0
v -2.2936513585850173 17.276045479328843 15.396032680391587 1.0 1.0 1.0
v -0.10593045100541246 17.449805871210312 15.528561647551456 1.0 1.0 1.0
v -2.185293757883594 22.12253666598044 13.729029972944163 1.0 1.0 1.0
v -2.2220798089296685 19.695526631376392 14.552897197915096 1.0 1.0 1.0
v -2.2220798089296685 19.695526631376392 14.552897197915096 0.55 0.55 0.55
v -2.185293757883594 22.12253666598044 13.729029972944163 0.55 0.55 0.55
v -3.926513138083119 20.772265619540825 14.095820656519427 0.55 0.55 0.55
v -4.1665970350983645 18.0137459044177 15.142111191205217 0.55 0.55 0.55
v -4.1665970350983645 18.0137459044177 15.142111191205217 0.55 0.55 0.55
v -3.926513138083119 20.772265619540825 14.095820656519427 0.55 0.55 0.55
v -6.013764778476768 17.582159325000926 14.267706078794546 0.55 0.55 0.55
v -6.321951557438225 15.118305052824207 15.086400566981595 0.55 0.55 0.55
v -6.321951557438225 15.118305052824207 15.086400566981595 0.55 0.55 0.55
v -6.013764778476768 17.582159325000926 14.267706078794546 0.55 0.55 0.55
v -7.65883643577617 19.104114407102813 13.229320988902876 0.55 0.55 0.55
v -8.142198624025395 16.465010259647485 14.116005802946061 0.55 0.55 0.55
v -8.142198624025395 16.465010259647485 14.116005802946061 0.55 0.55 0.55
v -7.65883643577617 19.104114407102813 13.229320988902876 0.55 0.55 0.55
v -9.456638402458449 17.418616682454907 12.272027363153402 0.55 0.55 0.55
v -9.950998574381325 14.97823689792479 12.972910057451678 0.55 0.55 0.55
v -9.950998574381325 14.97823689792479 12.972910057451678 0.55 0.55 0.55
v -9.456638402458449 17.418616682454907 12.272027363153402 0.55 0.55 0.55
v -10.713092626342409 19.395387387928885 10.826200297517609 0.55 0.55 0.55
v -11.421612225946697 16.715467786118595 11.574473709467059 0.55 0.55 0.55
v -11.421612225946697 16.715467786118595 11.574473709467059 0.55 0.55 0.55
v -10.713092626342409 19.395387387928885 10.826200297517609 0.55 0.55 0.55
v -12.235947422746346 17.414838480390333 9.502586664413737 0.55 0.55 0.55
v -12.896003086529797 14.974756645386817 10.04643964855272 0.55 0.55 0.55
v -12.896003086529797 14.974756645386817 10.04643964855272 0.55 0.55 0.55
v -12.235947422746346 17.414838480390333 9.502586664413737 0.55 0.55 0.55
v -13.15123697631689 19.113423396869504 7.797238459680449 0.55 0.55 0.55
v -14.010488706044665 16.473467122286714 8.332900111419285 0.55 0.55 0.55
v -14.010488706044665 16.473467122286714 8.332900111419285 0.55 0.55 0.55
v -13.15123697631689 19.113423396869504 7.797238459680449 0.55 0.55 0.55
v -15.622758663479708 14.590974795999962 6.779253153000232 0.55 0.55 0.55
v -16.489653952367497 11.752873085190105 7.15978732725844 0.55 0.55 0.55
v -16.489653952367497 11.752873085190105 7.15978732725844 0.0 0.0 0.0
v -15.622758663479708 14.590974795999962 6.779253153000232 0.0 0.0 0.0
v -15.854548581065881 15.90631306548273 4.5572575330902 0.0 0.0 0.0
v -15.622758663479708 14.590974795999962 6.779253153000232 0.0 0.0 0.0
v -14.673765701921983 17.396963279730215 6.357414340228041 0.0 0.0 0.0
v -15.854548581065881 15.90631306548273 4.5572575330902 0.0 0.0 0.0
v -13.15123697631689 19.113423396869504 7.797238459680449 1.0 1.0 1.0
v -14.673765701921983 17.396963279730215 6.357414340228041 1.0 1.0 1.0
v -15.622758663479708 14.590974795999962 6.779253153000232 1.0 1.0 1.0
v -13.15123697631689 19.113423396869504 7.797238459680449 1.0 1.0 1.0
v -13.685643295265692 20.184817151504312 5.906200210697543 1.0 1.0 1.0
v -14.673765701921983 17.396963279730215 6.357414340228041 1.0 1.0 1.0
v -14.673765701921983 17.396963279730215 6.357414340228041 0.55 0.55 0.55
v -13.685643295265692 20.184817151504312 5.906200210697543 0.55 0.55 0.55
v -14.923698540721851 18.455993269689447 4.301497999698998 0.55 0.55 0.55
v -15.854548581065881 15.90631306548273 4.5572575330902 0.55 0.55 0.55
v -15.854548581065881 15.90631306548273 4.5572575330902 0.55 0.55 0.55
v -14.923698540721851 18.455993269689447 4.301497999698998 0.55 0.55 0.55
v -15.326241234748357 17.416426836834333 2.385661036155827 0.55 0.55 0.55
v -16.172779113511766 14.976295930318184 2.516738216366536 0.55 0.55 0.55
v -16.172779113511766 14.976295930318184 2.516738216366536 0.55 0.55 0.55
v -15.326241234748357 17.416426836834333 2.385661036155827 0.55 0.55 0.55
v -17.051487666237293 14.473916963157928 0.4464432551510285 0.55 0.55 0.55
v -17.986607998839055 11.657806352798378 0.46422221477584635 0.55 0.55 0.55
v -17.986607998839055 11.657806352798378 0.46422221477584635 0.0 0.0 0.0
v -17.051487666237293 14.473916963157928 0.4464432551510285 0.0 0.0 0.0
v -15.685431927479812 17.038562081035383 -3.661316327521225 0.0 0.0 0.0
v -17.051487666237293 14.473916963157928 0.4464432551510285 0.0 0.0 0.0
v -16.02605240660481 17.258548315191472 0.42184292555808744 0.0 0.0 0.0
v -15.685431927479812 17.038562081035383 -3.661316327521225 0.0 0.0 0.0
v -15.326241234748357 17.416426836834333 2.385661036155827 1.0 1.0 1.0
v -16.02605240660481 17.258548315191472 0.42184292555808744 1.0 1.0 1.0
v -17.051487666237293 14.473916963157928 0.4464432551510285 1.0 1.0 1.0
v -15.326241234748357 17.416426836834333 2.385661036155827 1.0 1.0 1.0
v -14.95364284241353 20.025383402517818 0.3888261508397001 1.0 1.0 1.0
v -16.02605240660481 17.258548315191472 0.42184292555808744 1.0 1.0 1.0
v -16.02605240660481 17.258548315191472 0.42184292555808744 0.55 0.55 0.55
v -14.95364284241353 20.025383402517818 0.3888261508397001 0.55 0.55 0.55
v -14.66058460531368 19.769863474672608 -3.4088922502900756 0.55 0.55 0.55
v -15.685431927479812 17.038562081035383 -3.661316327521225 0.55 0.55 0.55
v -15.685431927479812 17.038562081035383 -3.661316327521225 0.55 0.55 0.55
v -14.66058460531368 19.769863474672608 -3.4088922502900756 0.55 0.55 0.55
v -15.411862666156237 17.418951311260237 -1.5065665607380148 0.55 0.55 0.55
v -16.261273518782616 14.978333662381232 -1.6104775365505892 0.55 0.55 0.55
v -16.261273518782616 14.978333662381232 -1.6104775365505892 0.0 0.0 0.0
v -15.411862666156237 17.418951311260237 -1.5065665607380148 0.0 0.0 0.0
v -15.360386597661071 14.990010567922484 -5.643831840706188 0.0 0.0 0.0
v -15.411862666156237 17.418951311260237 -1.5065665607380148 0.0 0.0 0.0
v -14.566729657264085 19.86107579425109 -1.403687327153289 0.0 0.0 0.0
v -15.360386597661071 14.990010567922484 -5.643831840706188 0.0 0.0 0.0
v -14.66058460531368 19.769863474672608 -3.4088922502900756 1.0 1.0 1.0
v -14.566729657264085 19.86107579425109 -1.403687327153289 1.0 1.0 1.0
v -15.411862666156237 17.418951311260237 -1.5065665607380148 1.0 1.0 1.0
v -14.66058460531368 19.769863474672608 -3.4088922502900756 1.0 1.0 1.0
v -13.745697780181521 22.311867965384664 -1.3120795651747543 1.0 1.0 1.0
v -14.566729657264085 19.86107579425109 -1.403687327153289 1.0 1.0 1.0
v -14.566729657264085 19.86107579425109 -1.403687327153289 0.55 0.55 0.55
v -13.745697780181521 22.311867965384664 -1.3120795651747543 0.55 0.55 0.55
v -14.565722445533218 17.431914214712545 -5.312788660393044 0.55 0.55 0.55
v -15.360386597661071 14.990010567922484 -5.643831840706188 0.55 0.55 0.55
v -15.360386597661071 14.990010567922484 -5.643831840706188 0.55 0.55 0.55
v -14.565722445533218 17.431914214712545 -5.312788660393044 0.55 0.55 0.55
v -13.65245727660584 18.738641453471615 -7.169056172357356 0.55 0.55 0.55
v -14.516926461078336 16.150163903524547 -7.642265873987948 0.55 0.55 0.55
v -14.516926461078336 16.150163903524547 -7.642265873987948 0.55 0.55 0.55
v -13.65245727660584 18.738641453471615 -7.169056172357356 0.55 0.55 0.55
v -12.779330611332798 17.440433701835534 -8.79495831602022 0.55 0.55 0.55
v -13.459992799317314 14.997242517339028 -9.32256934564324 0.55 0.55 0.55
v -13.459992799317314 14.997242517339028 -9.32256934564324 0.55 0.55 0.55
v -12.779330611332798 17.440433701835534 -8.79495831602022 0.55 0.55 0.55
v -11.410528616357485 17.431457504163713 -10.498229547229867 0.55 0.55 0.55
v -12.03908508867183 14.989722857120933 -11.082584114389919 0.55 0.55 0.55
v -12.03908508867183 14.989722857120933 -11.082584114389919 0.55 0.55 0.55
v -11.410528616357485 17.431457504163713 -10.498229547229867 0.55 0.55 0.55
v -10.104158738671222 18.280308721973483 -11.885856686900995 0.55 0.55 0.55
v -10.693731329741112 15.75474707997184 -12.635295590219327 0.55 0.55 0.55
v -10.693731329741112 15.75474707997184 -12.635295590219327 0.55 0.55 0.55
v -10.104158738671222 18.280308721973483 -11.885856686900995 0.55 0.55 0.55
v -8.449344642703041 17.57522178922399 -12.968183831999049 0.55 0.55 0.55
v -8.901859247969028 15.11228327192567 -13.70969463536739 0.55 0.55 0.55
v -8.901859247969028 15.11228327192567 -13.70969463536739 0.55 0.55 0.55
v -8.449344642703041 17.57522178922399 -12.968183831999049 0.55 0.55 0.55
v -6.544987723005389 19.770396023359698 -13.531091347825194 0.55 0.55 0.55
v -6.968980825692025 17.039367840446847 -14.499465497963477 0.55 0.55 0.55
v -6.968980825692025 17.039367840446847 -14.499465497963477 0.55 0.55 0.55
v -6.544987723005389 19.770396023359698 -13.531091347825194 0.55 0.55 0.55
v -4.844553585258191 18.998304905939097 -14.538706960917477 0.55 0.55 0.55
v -5.12740084820741 16.373872869810157 -15.50083147213195 0.55 0.55 0.55
v -5.12740084820741 16.373872869810157 -15.50083147213195 0.55 0.55 0.55
v -4.844553585258191 18.998304905939097 -14.538706960917477 0.55 0.55 0.55
v -3.0466406168497118 17.687051355175228 -15.603567749035294 0.55 0.55 0.55
v -3.1851673093411943 15.243979802152253 -16.508567307107846 0.55 0.55 0.55
v -3.1851673093411943 15.243979802152253 -16.508567307107846 0.55 0.55 0.55
v -3.0466406168497118 17.687051355175228 -15.603567749035294 0.55 0.55 0.55
v -0.9981451636669627 17.415040470625417 -15.463538004137565 0.55 0.55 0.55
v -1.0232654579544433 14.975172808776207 -16.3203908766007 0.55 0.55 0.55
v -1.0232654579544433 14.975172808776207 -16.3203908766007 0.55 0.55 0.55
v -0.9981451636669627 17.415040470625417 -15.463538004137565 0.55 0.55 0.55
v 0.9458708600764939 19.097407908803476 -15.260949956107417 0.55 0.55 0.55
v 1.0489034116866278 16.45918898088133 -16.265096252175198 0.55 0.55 0.55
v 1.0489034116866278 16.45918898088133 -16.265096252175198 0.55 0.55 0.55
v 0.9458708600764939 19.097407908803476 -15.260949956107417 0.55 0.55 0.55
v 3.0242887158500973 17.684301338713023 -15.606877130903568 0.55 0.55 0.55
v 3.2351985432740653 15.24335998049689 -16.504321182831028 0.55 0.55 0.55
v 3.2351985432740653 15.24335998049689 -16.504321182831028 0.55 0.55 0.55
v 3.0242887158500973 17.684301338713023 -15.606877130903568 0.55 0.55 0.55
v 4.855847146133389 18.533340922573064 -14.724193140212375 0.55 0.55 0.55
v 5.217077756979042 15.973621531388453 -15.62822520430246 0.55 0.55 0.55
v 5.217077756979042 15.973621531388453 -15.62822520430246 0.55 0.55 0.55
v 4.855847146133389 18.533340922573064 -14.724193140212375 0.55 0.55 0.55
v 8.236908088783077 19.410107311036032 -12.7856293117456 0.55 0.55 0.55
v 8.868632838978463 16.73159156656534 -13.614904188079803 0.55 0.55 0.55
v 8.868632838978463 16.73159156656534 -13.614904188079803 0.55 0.55 0.55
v 8.236908088783077 19.410107311036032 -12.7856293117456 0.55 0.55 0.55
v 6.4991610223302 18.0706585583404 -13.818615521172779 0.55 0.55 0.55
v 6.913839820856829 15.644188432831438 -14.572111942404627 0.55 0.55 0.55
v 6.913839820856829 15.644188432831438 -14.572111942404627 0.55 0.55 0.55
v 6.4991610223302 18.0706585583404 -13.818615521172779 0.55 0.55 0.55
v 10.040651747946418 18.795215411783648 -11.678489560954747 0.55 0.55 0.55
v 10.666014115533493 16.198103226711076 -12.443086960933552 0.55 0.55 0.55
v 10.666014115533493 16.198103226711076 -12.443086960933552 0.55 0.55 0.55
v 10.040651747946418 18.795215411783648 -11.678489560954747 0.55 0.55 0.55
v 11.605894772319445 17.43629141959037 -10.226509468273353 0.55 0.55 0.55
v 11.944397917661671 15.101712498685012 -11.107126310132706 0.55 0.55 0.55
v 13.005580059814541 16.965726718214416 -9.525926009609254 1.0 0.0 0.0
v 11.944397917661671 15.101712498685012 -11.107126310132706 1.0 0.0 0.0
v 11.605894772319445 17.43629141959037 -10.226509468273353 1.0 0.0 0.0
v 11.702022965012043 22.30555920102462 -7.351800498176648 1.0 0.0 0.0
v 12.544372990138381 19.85962803669912 -7.531608298541245 1.0 0.0 0.0
v 12.544372990138381 19.85962803669912 -7.531608298541245 0.55 0.55 0.55
v 11.702022965012043 22.30555920102462 -7.351800498176648 0.55 0.55 0.55
v 12.825244410120087 22.306912595255525 -5.242232583771335 0.55 0.55 0.55
v 13.640609764268893 19.857242906800675 -5.405050600473291 0.55 0.55 0.55
v 13.640609764268893 19.857242906800675 -5.405050600473291 0.55 0.55 0.55
v 12.825244410120087 22.306912595255525 -5.242232583771335 0.55 0.55 0.55
v 13.539675190930721 22.299377250312585 -2.950389848559754 0.55 0.55 0.55
v 14.351918431595063 19.850472458648795 -3.1154769205314294 0.55 0.55 0.55
v 14.351918431595063 19.850472458648795 -3.1154769205314294 0.55 0.55 0.55
v 13.539675190930721 22.299377250312585 -2.950389848559754 0.55 0.55 0.55
v 13.958198032985244 22.536193494129353 -0.5744423785624357 0.55 0.55 0.55
v 14.885152595271588 20.105228690373966 -0.7633659289904701 0.55 0.55 0.55
v 14.885152595271588 20.105228690373966 -0.7633659289904701 0.55 0.55 0.55
v 13.958198032985244 22.536193494129353 -0.5744423785624357 0.55 0.55 0.55
v 13.686001216526062 22.29850895917435 1.9715803729489807 0.55 0.55 0.55
v 14.498970312084976 19.848976284832936 2.139596476801799 0.55 0.55 0.55
v 13.686001216526062 22.29850895917435 1.9715803729489807 0.55 0.55 0.55
v 12.917747535982809 24.762694204549366 1.807683233676991 0.55 0.55 0.55
v 12.35970568936037 24.764243180569384 4.150607999909058 0.55 0.55 0.55
v 13.126289529606412 22.300456976932843 4.311923825631735 0.55 0.55 0.55
v 13.126289529606412 22.300456976932843 4.311923825631735 0.55 0.55 0.55
v 12.35970568936037 24.764243180569384 4.150607999909058 0.55 0.55 0.55
v 11.395610607871056 24.755421494823672 6.334160060704174 0.55 0.55 0.55
v 12.187874765180903 22.29515794222322 6.504912220122073 0.55 0.55 0.55
v 12.187874765180903 22.29515794222322 6.504912220122073 0.55 0.55 0.55
v 11.395610607871056 24.755421494823672 6.334160060704174 0.55 0.55 0.55
v 11.745421493282374 19.864350330463118 8.728048859469899 0.55 0.55 0.55
v 12.733032563216524 17.462161532757257 8.835596050731507 0.55 0.55 0.55
v 12.733032563216524 17.462161532757257 8.835596050731507 0.55 0.55 0.55
v 11.745421493282374 19.864350330463118 8.728048859469899 0.55 0.55 0.55
v 9.888089729745355 21.366478754790705 10.511572539189784 0.55 0.55 0.55
v 10.694728832629062 18.79201955089873 11.142163247697788 0.55 0.55 0.55
v 10.694728832629062 18.79201955089873 11.142163247697788 0.0 0.0 0.0
v 9.888089729745355 21.366478754790705 10.511572539189784 0.0 0.0 0.0
v 7.535824384178807 22.38860784869632 11.56911993331247 0.0 0.0 0.0
v 9.888089729745355 21.366478754790705 10.511572539189784 0.0 0.0 0.0
v 8.860223753588343 23.91520233620485 10.101371418806147 0.0 0.0 0.0
v 7.535824384178807 22.38860784869632 11.56911993331247 0.0 0.0 0.0
v 11.745421493282374 19.864350330463118 8.728048859469899 0.55 0.55 0.55
v 10.87416570516791 22.303303337574267 8.498418092163092 0.55 0.55 0.55
v 8.860223753588343 23.91520233620485 10.101371418806147 0.55 0.55 0.55
v 9.888089729745355 21.366478754790705 10.511572539189784 0.55 0.55 0.55
v 11.395610607871056 24.755421494823672 6.334160060704174 1.0 1.0 1.0
v 10.87416570516791 22.303303337574267 8.498418092163092 1.0 1.0 1.0
v 11.745421493282374 19.864350330463118 8.728048859469899 1.0 1.0 1.0
v 11.395610607871056 24.755421494823672 6.334160060704174 1.0 1.0 1.0
v 10.036863499206046 24.756682303195134 8.297517815228447 1.0 1.0 1.0
v 10.87416570516791 22.303303337574267 8.498418092163092 1.0 1.0 1.0
v 10.87416570516791 22.303303337574267 8.498418092163092 0.55 0.55 0.55
v 10.036863499206046 24.756682303195134 8.297517815228447 0.55 0.55 0.55
v 7.835766120526385 26.475748117207676 9.759199713062207 0.55 0.55 0.55
v 8.860223753588343 23.91520233620485 10.101371418806147 0.55 0.55 0.55
v 8.860223753588343 23.91520233620485 10.101371418806147 0.55 0.55 0.55
v 7.835766120526385 26.475748117207676 9.759199713062207 0.55 0.55 0.55
v 6.593180879916131 24.785128214379156 11.223250817597968 0.55 0.55 0.55
v 7.535824384178807 22.38860784869632 11.56911993331247 0.55 0.55 0.55
v 7.535824384178807 22.38860784869632 11.56911993331247 0.55 0.55 0.55
v 6.593180879916131 24.785128214379156 11.223250817597968 0.55 0.55 0.55
v 6.78455957991189 21.308871208645897 12.721036683485696 0.55 0.55 0.55
v 7.369611090678105 18.732478276294927 13.547970486401855 0.55 0.55 0.55
v 7.369611090678105 18.732478276294927 13.547970486401855 0.55 0.55 0.55
v 6.78455957991189 21.308871208645897 12.721036683485696 0.55 0.55 0.55
v 4.94790779100306 22.497409877830243 13.083084053470312 0.55 0.55 0.55
v 5.428498630349212 19.773146376740204 14.046594640061413 0.55 0.55 0.55
v 5.428498630349212 19.773146376740204 14.046594640061413 0.55 0.55 0.55
v 4.94790779100306 22.497409877830243 13.083084053470312 0.55 0.55 0.55
v 3.569897085763775 19.88944667542053 14.198538178263004 0.55 0.55 0.55
v 3.7960289879712104 17.444060873113465 15.021133575583601 0.55 0.55 0.55
v 3.7960289879712104 17.444060873113465 15.021133575583601 0.55 0.55 0.55
v 3.569897085763775 19.88944667542053 14.198538178263004 0.55 0.55 0.55
v 1.5684991250679738 21.34808802279803 14.317130222719518 0.55 0.55 0.55
v 1.751549936311513 18.7650803543588 15.311636171414088 0.55 0.55 0.55
v 1.751549936311513 18.7650803543588 15.311636171414088 0.55 0.55 0.55
v 1.5684991250679738 21.34808802279803 14.317130222719518 0.55 0.55 0.55
v -0.11250487122618061 19.894994091775015 14.669339753362499 0.55 0.55 0.55
v -0.10593045100541246 17.449805871210312 15.528561647551456 0.55 0.55 0.55
v -0.10593045100541246 17.449805871210312 15.528561647551456 0.0 0.0 0.0
v -0.11250487122618061 19.894994091775015 14.669339753362499 0.0 0.0 0.0
v -2.185293757883594 22.12253666598044 13.729029972944163 0.0 0.0 0.0
v -0.11250487122618061 19.894994091775015 14.669339753362499 0.0 0.0 0.0
v -0.09527851816098037 22.34969338532736 13.837735743772893 0.0 0.0 0.0
v -2.185293757883594 22.12253666598044 13.729029972944163 0.0 0.0 0.0
v 1.5684991250679738 21.34808802279803 14.317130222719518 1.0 0.0 0.0
v 3.569897085763775 19.88944667542053 14.198538178263004 1.0 0.0 0.0
v 3.3444899466408073 22.3432938961474 13.40213947319197 1.0 0.0 0.0
v -0.09527851816098037 22.34969338532736 13.837735743772893 1.0 0.0 0.0
v -0.11250487122618061 19.894994091775015 14.669339753362499 1.0 0.0 0.0
v 4.94790779100306 22.497409877830243 13.083084053470312 1.0 1.0 1.0
v 3.3444899466408073 22.3432938961474 13.40213947319197 1.0 1.0 1.0
v 3.569897085763775 19.88944667542053 14.198538178263004 1.0 1.0 1.0
v 4.94790779100306 22.497409877830243 13.083084053470312 1.0 1.0 1.0
v 3.5686127875733384 24.735165756202274 12.550199718072154 1.0 1.0 1.0
v 3.3444899466408073 22.3432938961474 13.40213947319197 1.0 1.0 1.0
v 3.3444899466408073 22.3432938961474 13.40213947319197 0.55 0.55 0.55
v 3.5686127875733384 24.735165756202274 12.550199718072154 0.55 0.55 0.55
v 0.4573451843261435 24.732819626183264 13.06039057470948 0.55 0.55 0.55
v -0.09527851816098037 22.34969338532736 13.837735743772893 0.55 0.55 0.55
v -0.09527851816098037 22.34969338532736 13.837735743772893 0.55 0.55 0.55
v 0.4573451843261435 24.732819626183264 13.06039057470948 0.55 0.55 0.55
v -2.396526902923629 24.540478906497157 12.932246897731257 0.55 0.55 0.55
v -2.185293757883594 22.12253666598044 13.729029972944163 0.55 0.55 0.55
v -2.185293757883594 22.12253666598044 13.729029972944163 0.55 0.55 0.55
v -2.396526902923629 24.540478906497157 12.932246897731257 0.55 0.55 0.55
v -3.68399312673731 23.534598814239324 13.062582389383614 0.55 0.55 0.55
v -3.926513138083119 20.772265619540825 14.095820656519427 0.55 0.55 0.55
v -3.926513138083119 20.772265619540825 14.095820656519427 0.55 0.55 0.55
v -3.68399312673731 23.534598814239324 13.062582389383614 0.55 0.55 0.55
v -5.714259150785764 20.047874713006802 13.45144141032908 0.55 0.55 0.55
v -6.013764778476768 17.582159325000926 14.267706078794546 0.55 0.55 0.55
v -6.013764778476768 17.582159325000926 14.267706078794546 0.55 0.55 0.55
v -5.714259150785764 20.047874713006802 13.45144141032908 0.55 0.55 0.55
v -7.167639618287894 21.736531908397982 12.328136488299613 0.55 0.55 0.55
v -7.65883643577617 19.104114407102813 13.229320988902876 0.55 0.55 0.55
v -7.65883643577617 19.104114407102813 13.229320988902876 0.55 0.55 0.55
v -7.167639618287894 21.736531908397982 12.328136488299613 0.55 0.55 0.55
v -8.966766581461185 19.860464373169542 11.573117312916391 0.55 0.55 0.55
v -9.456638402458449 17.418616682454907 12.272027363153402 0.55 0.55 0.55
v -9.456638402458449 17.418616682454907 12.272027363153402 0.55 0.55 0.55
v -8.966766581461185 19.860464373169542 11.573117312916391 0.55 0.55 0.55
v -9.996220558542705 22.070739993552312 10.069516832669928 0.55 0.55 0.55
v -10.713092626342409 19.395387387928885 10.826200297517609 0.55 0.55 0.55
v -10.713092626342409 19.395387387928885 10.826200297517609 0.55 0.55 0.55
v -9.996220558542705 22.070739993552312 10.069516832669928 0.55 0.55 0.55
v -11.580679287758727 19.85641030528336 8.95987805089534 0.55 0.55 0.55
v -12.235947422746346 17.414838480390333 9.502586664413737 0.55 0.55 0.55
v -12.235947422746346 17.414838480390333 9.502586664413737 0.55 0.55 0.55
v -11.580679287758727 19.85641030528336 8.95987805089534 0.55 0.55 0.55
v -12.290745556872054 21.746110662607496 7.229717949528743 0.55 0.55 0.55
v -13.15123697631689 19.113423396869504 7.797238459680449 0.55 0.55 0.55
v -13.685643295265692 20.184817151504312 5.906200210697543 1.0 0.0 0.0
v -13.15123697631689 19.113423396869504 7.797238459680449 1.0 0.0 0.0
v -12.290745556872054 21.746110662607496 7.229717949528743 1.0 0.0 0.0
v -13.965494824834895 20.99676211575002 4.058369902634638 1.0 0.0 0.0
v -14.923698540721851 18.455993269689447 4.301497999698998 1.0 0.0 0.0
v -14.923698540721851 18.455993269689447 4.301497999698998 0.55 0.55 0.55
v -13.965494824834895 20.99676211575002 4.058369902634638 0.55 0.55 0.55
v -14.484134158890715 19.858083386863473 2.2542860579278603 0.55 0.55 0.55
v -15.326241234748357 17.416426836834333 2.385661036155827 0.55 0.55 0.55
v -15.326241234748357 17.416426836834333 2.385661036155827 0.0 0.0 0.0
v -14.484134158890715 19.858083386863473 2.2542860579278603 0.0 0.0 0.0
v -14.95364284241353 20.025383402517818 0.3888261508397001 0.0 0.0 0.0
v -14.484134158890715 19.858083386863473 2.2542860579278603 0.0 0.0 0.0
v -13.664740716148405 22.308608904370875 2.147072363311387 0.0 0.0 0.0
v -14.95364284241353 20.025383402517818 0.3888261508397001 0.0 0.0 0.0
v -13.965494824834895 20.99676211575002 4.058369902634638 0.55 0.55 0.55
v -12.92025950866282 23.483768994335264 4.213487708745379 0.55 0.55 0.55
v -13.664740716148405 22.308608904370875 2.147072363311387 0.55 0.55 0.55
v -14.484134158890715 19.858083386863473 2.2542860579278603 0.55 0.55 0.55
v -12.290745556872054 21.746110662607496 7.229717949528743 1.0 0.0 0.0
v -11.580679287758727 19.85641030528336 8.95987805089534 1.0 0.0 0.0
v -10.958872290335353 22.3065091264026 8.415928943014157 1.0 0.0 0.0
v -12.92025950866282 23.483768994335264 4.213487708745379 1.0 0.0 0.0
v -13.965494824834895 20.99676211575002 4.058369902634638 1.0 0.0 0.0
v -9.996220558542705 22.070739993552312 10.069516832669928 0.55 0.55 0.55
v -9.315792505265229 24.756752381133847 9.317294978280266 0.55 0.55 0.55
v -10.958872290335353 22.3065091264026 8.415928943014157 0.55 0.55 0.55
v -11.580679287758727 19.85641030528336 8.95987805089534 0.55 0.55 0.55
v -8.966766581461185 19.860464373169542 11.573117312916391 0.55 0.55 0.55
v -8.481109499140135 22.31095281934218 10.903211809303867 0.55 0.55 0.55
v -9.315792505265229 24.756752381133847 9.317294978280266 0.55 0.55 0.55
v -9.996220558542705 22.070739993552312 10.069516832669928 0.55 0.55 0.55
v -7.167639618287894 21.736531908397982 12.328136488299613 1.0 0.0 0.0
v -5.714259150785764 20.047874713006802 13.45144141032908 1.0 0.0 0.0
v -5.4943044038141196 22.514497635833074 12.626913348450671 1.0 0.0 0.0
v -8.481109499140135 22.31095281934218 10.903211809303867 1.0 0.0 0.0
v -8.966766581461185 19.860464373169542 11.573117312916391 1.0 0.0 0.0
v -3.68399312673731 23.534598814239324 13.062582389383614 1.0 1.0 1.0
v -5.4943044038141196 22.514497635833074 12.626913348450671 1.0 1.0 1.0
v -5.714259150785764 20.047874713006802 13.45144141032908 1.0 1.0 1.0
v -3.68399312673731 23.534598814239324 13.062582389383614 1.0 1.0 1.0
v -5.422159070695284 24.982234905941038 11.783212355435953 1.0 1.0 1.0
v -5.4943044038141196 22.514497635833074 12.626913348450671 1.0 1.0 1.0
v -5.4943044038141196 22.514497635833074 12.626913348450671 0.55 0.55 0.55
v -5.422159070695284 24.982234905941038 11.783212355435953 0.55 0.55 0.55
v -8.184818338019728 24.759776228383192 10.144953083221287 0.55 0.55 0.55
v -8.481109499140135 22.31095281934218 10.903211809303867 0.55 0.55 0.55
v -9.315792505265229 24.756752381133847 9.317294978280266 1.0 0.0 0.0
v -8.481109499140135 22.31095281934218 10.903211809303867 1.0 0.0 0.0
v -8.184818338019728 24.759776228383192 10.144953083221287 1.0 0.0 0.0
v -10.40370209017257 24.76250476540978 7.86761386731589 1.0 0.0 0.0
v -10.958872290335353 22.3065091264026 8.415928943014157 1.0 0.0 0.0
v -10.958872290335353 22.3065091264026 8.415928943014157 0.0 0.0 1.0
v -10.40370209017257 24.76250476540978 7.86761386731589 0.0 0.0 1.0
v -12.793983117557882 22.689277200046128 5.785537169472135 0.0 0.0 1.0
v -12.92025950866282 23.483768994335264 4.213487708745379 0.0 0.0 1.0
v -12.793983117557882 22.689277200046128 5.785537169472135 0.0 0.0 0.0
v -11.945097383480103 25.081140600548412 5.202123015258557 0.0 0.0 0.0
v -12.92025950866282 23.483768994335264 4.213487708745379 0.0 0.0 0.0
v -10.40370209017257 24.76250476540978 7.86761386731589 1.0 1.0 1.0
v -11.945097383480103 25.081140600548412 5.202123015258557 1.0 1.0 1.0
v -12.793983117557882 22.689277200046128 5.785537169472135 1.0 1.0 1.0
v -10.40370209017257 24.76250476540978 7.86761386731589 1.0 1.0 1.0
v -11.170263951706172 27.520320264663734 4.720343348272836 1.0 1.0 1.0
v -11.945097383480103 25.081140600548412 5.202123015258557 1.0 1.0 1.0
v -12.92025950866282 23.483768994335264 4.213487708745379 1.0 0.0 0.0
v -11.945097383480103 25.081140600548412 5.202123015258557 1.0 0.0 0.0
v -11.170263951706172 27.520320264663734 4.720343348272836 1.0 0.0 0.0
v -12.884805849954722 24.76444242633463 2.1401189609352183 1.0 0.0 0.0
v -13.664740716148405 22.308608904370875 2.147072363311387 1.0 0.0 0.0
v -13.664740716148405 22.308608904370875 2.147072363311387 0.55 0.55 0.55
v -12.884805849954722 24.76444242633463 2.1401189609352183 0.55 0.55 0.55
v -13.881834099392874 22.789409093608917 0.32434849362926066 0.55 0.55 0.55
v -14.95364284241353 20.025383402517818 0.3888261508397001 0.55 0.55 0.55
v -14.95364284241353 20.025383402517818 0.3888261508397001 0.55 0.55 0.55
v -13.881834099392874 22.789409093608917 0.32434849362926066 0.55 0.55 0.55
v -13.622846854750541 22.497253683664034 -3.1687016501737864 0.55 0.55 0.55
v -14.66058460531368 19.769863474672608 -3.4088922502900756 0.55 0.55 0.55
v -14.66058460531368 19.769863474672608 -3.4088922502900756 0.55 0.55 0.55
v -13.622846854750541 22.497253683664034 -3.1687016501737864 0.55 0.55 0.55
v -13.00062236227083 24.76100354293032 -0.9780507664638401 0.55 0.55 0.55
v -13.745697780181521 22.311867965384664 -1.3120795651747543 0.55 0.55 0.55
v -13.745697780181521 22.311867965384664 -1.3120795651747543 0.55 0.55 0.55
v -13.00062236227083 24.76100354293032 -0.9780507664638401 0.55 0.55 0.55
v -13.775528918370352 19.87543607754927 -4.983296074211873 0.55 0.55 0.55
v -14.565722445533218 17.431914214712545 -5.312788660393044 0.55 0.55 0.55
v -14.565722445533218 17.431914214712545 -5.312788660393044 0.55 0.55 0.55
v -13.775528918370352 19.87543607754927 -4.983296074211873 0.55 0.55 0.55
v -12.769729144873393 21.318994126335514 -6.685115059825371 0.55 0.55 0.55
v -13.65245727660584 18.738641453471615 -7.169056172357356 0.55 0.55 0.55
v -13.65245727660584 18.738641453471615 -7.169056172357356 0.55 0.55 0.55
v -12.769729144873393 21.318994126335514 -6.685115059825371 0.55 0.55 0.55
v -12.102916171561748 19.885368519226937 -8.269887355971662 0.55 0.55 0.55
v -12.779330611332798 17.440433701835534 -8.79495831602022 0.55 0.55 0.55
v -12.779330611332798 17.440433701835534 -8.79495831602022 0.55 0.55 0.55
v -12.102916171561748 19.885368519226937 -8.269887355971662 0.55 0.55 0.55
v -10.78835169051367 19.874711292731792 -9.913401591029828 0.55 0.55 0.55
v -11.410528616357485 17.431457504163713 -10.498229547229867 0.55 0.55 0.55
v -11.410528616357485 17.431457504163713 -10.498229547229867 0.55 0.55 0.55
v -10.78835169051367 19.874711292731792 -9.913401591029828 0.55 0.55 0.55
v -9.513883419793588 20.796312423818453 -11.10540524854994 0.55 0.55 0.55
v -10.104158738671222 18.280308721973483 -11.885856686900995 0.55 0.55 0.55
v -10.104158738671222 18.280308721973483 -11.885856686900995 0.55 0.55 0.55
v -9.513883419793588 20.796312423818453 -11.10540524854994 0.55 0.55 0.55
v -7.999165820634426 20.04032115229382 -12.232421234743798 0.55 0.55 0.55
v -8.449344642703041 17.57522178922399 -12.968183831999049 0.55 0.55 0.55
v -8.449344642703041 17.57522178922399 -12.968183831999049 0.0 0.0 0.0
v -7.999165820634426 20.04032115229382 -12.232421234743798 0.0 0.0 0.0
v -6.544987723005389 19.770396023359698 -13.531091347825194 0.0 0.0 0.0
v -7.999165820634426 20.04032115229382 -12.232421234743798 0.0 0.0 0.0
v -7.490170200137133 22.505571447388142 -11.562869358739299 0.0 0.0 0.0
v -6.544987723005389 19.770396023359698 -13.531091347825194 0.0 0.0 0.0
v -9.513883419793588 20.796312423818453 -11.10540524854994 0.55 0.55 0.55
v -9.048611265968912 23.30168127161585 -10.23886946614701 0.55 0.55 0.55
v -7.490170200137133 22.505571447388142 -11.562869358739299 0.55 0.55 0.55
v -7.999165820634426 20.04032115229382 -12.232421234743798 0.55 0.55 0.55
v -10.78835169051367 19.874711292731792 -9.913401591029828 0.55 0.55 0.55
v -10.193701817038383 22.326246670830233 -9.334697515049703 0.55 0.55 0.55
v -9.048611265968912 23.30168127161585 -10.23886946614701 0.55 0.55 0.55
v -9.513883419793588 20.796312423818453 -11.10540524854994 0.55 0.55 0.55
v -12.102916171561748 19.885368519226937 -8.269887355971662 0.55 0.55 0.55
v -11.470617208606038 22.339184566900286 -7.731091340723042 0.55 0.55 0.55
v -10.193701817038383 22.326246670830233 -9.334697515049703 0.55 0.55 0.55
v -10.78835169051367 19.874711292731792 -9.913401591029828 0.55 0.55 0.55
v -12.769729144873393 21.318994126335514 -6.685115059825371 1.0 0.0 0.0
v -13.775528918370352 19.87543607754927 -4.983296074211873 1.0 0.0 0.0
v -13.009809432404488 22.327403687023157 -4.659549592049413 1.0 0.0 0.0
v -11.470617208606038 22.339184566900286 -7.731091340723042 1.0 0.0 0.0
v -12.102916171561748 19.885368519226937 -8.269887355971662 1.0 0.0 0.0
v -13.00062236227083 24.76100354293032 -0.9780507664638401 1.0 1.0 1.0
v -13.009809432404488 22.327403687023157 -4.659549592049413 1.0 1.0 1.0
v -13.775528918370352 19.87543607754927 -4.983296074211873 1.0 1.0 1.0
v -13.00062236227083 24.76100354293032 -0.9780507664638401 1.0 1.0 1.0
v -12.403395931270436 24.743526658593293 -4.038330180219428 1.0 1.0 1.0
v -13.009809432404488 22.327403687023157 -4.659549592049413 1.0 1.0 1.0
v -13.009809432404488 22.327403687023157 -4.659549592049413 0.55 0.55 0.55
v -12.403395931270436 24.743526658593293 -4.038330180219428 0.55 0.55 0.55
v -11.098102965488899 24.743341089490762 -6.886215097477484 0.55 0.55 0.55
v -11.470617208606038 22.339184566900286 -7.731091340723042 0.55 0.55 0.55
v -11.470617208606038 22.339184566900286 -7.731091340723042 0.55 0.55 0.55
v -11.098102965488899 24.743341089490762 -6.886215097477484 0.55 0.55 0.55
v -9.35769128445786 24.761109553793986 -9.141942962741284 0.55 0.55 0.55
v -10.193701817038383 22.326246670830233 -9.334697515049703 0.55 0.55 0.55
v -9.048611265968912 23.30168127161585 -10.23886946614701 1.0 0.0 0.0
v -10.193701817038383 22.326246670830233 -9.334697515049703 1.0 0.0 0.0
v -9.35769128445786 24.761109553793986 -9.141942962741284 1.0 0.0 0.0
v -6.805692301663395 24.9498890214174 -11.056518619568042 1.0 0.0 0.0
v -7.490170200137133 22.505571447388142 -11.562869358739299 1.0 0.0 0.0
v -7.490170200137133 22.505571447388142 -11.562869358739299 0.55 0.55 0.55
v -6.805692301663395 24.9498890214174 -11.056518619568042 0.55 0.55 0.55
v -6.133525379986936 22.49730037490273 -12.546176262283765 0.55 0.55 0.55
v -6.544987723005389 19.770396023359698 -13.531091347825194 0.55 0.55 0.55
v -6.544987723005389 19.770396023359698 -13.531091347825194 0.55 0.55 0.55
v -6.133525379986936 22.49730037490273 -12.546176262283765 0.55 0.55 0.55
v -4.569598513855124 21.61573693056458 -13.555158718916221 0.55 0.55 0.55
v -4.844553585258191 18.998304905939097 -14.538706960917477 0.55 0.55 0.55
v -4.844553585258191 18.998304905939097 -14.538706960917477 0.55 0.55 0.55
v -4.569598513855124 21.61573693056458 -13.555158718916221 0.55 0.55 0.55
v -2.915775422037503 20.118026707302903 -14.66548203658085 0.55 0.55 0.55
v -3.0466406168497118 17.687051355175228 -15.603567749035294 0.55 0.55 0.55
v -3.0466406168497118 17.687051355175228 -15.603567749035294 0.55 0.55 0.55
v -2.915775422037503 20.118026707302903 -14.66548203658085 0.55 0.55 0.55
v -0.9781064440435316 19.856347653242324 -14.6106342534913 0.55 0.55 0.55
v -0.9981451636669627 17.415040470625417 -15.463538004137565 0.55 0.55 0.55
v -0.9981451636669627 17.415040470625417 -15.463538004137565 0.55 0.55 0.55
v -0.9781064440435316 19.856347653242324 -14.6106342534913 0.55 0.55 0.55
v 0.8394807482084062 21.729013401644657 -14.240452954194225 0.55 0.55 0.55
v 0.9458708600764939 19.097407908803476 -15.260949956107417 0.55 0.55 0.55
v 0.9458708600764939 19.097407908803476 -15.260949956107417 0.55 0.55 0.55
v 0.8394807482084062 21.729013401644657 -14.240452954194225 0.55 0.55 0.55
v 2.7991492737319046 20.112392020920723 -14.678700935901393 0.55 0.55 0.55
v 3.0242887158500973 17.684301338713023 -15.606877130903568 0.55 0.55 0.55
v 3.0242887158500973 17.684301338713023 -15.606877130903568 0.55 0.55 0.55
v 2.7991492737319046 20.112392020920723 -14.678700935901393 0.55 0.55 0.55
v 4.449505279648854 21.083304503988575 -13.811737533682868 0.55 0.55 0.55
v 4.855847146133389 18.533340922573064 -14.724193140212375 0.55 0.55 0.55
v 4.855847146133389 18.533340922573064 -14.724193140212375 0.55 0.55 0.55
v 4.449505279648854 21.083304503988575 -13.811737533682868 0.55 0.55 0.55
v 7.455529806409563 22.068715592183107 -12.028027834441152 0.55 0.55 0.55
v 8.236908088783077 19.410107311036032 -12.7856293117456 0.55 0.55 0.55
v 8.236908088783077 19.410107311036032 -12.7856293117456 0.55 0.55 0.55
v 7.455529806409563 22.068715592183107 -12.028027834441152 0.55 0.55 0.55
v 6.070303810704534 20.50066604365554 -13.085927593430036 0.55 0.55 0.55
v 6.4991610223302 18.0706585583404 -13.818615521172779 0.55 0.55 0.55
v 6.4991610223302 18.0706585583404 -13.818615521172779 0.55 0.55 0.55
v 6.070303810704534 20.50066604365554 -13.085927593430036 0.55 0.55 0.55
v 9.195322130466074 21.364064474076667 -11.081910473184466 0.55 0.55 0.55
v 10.040651747946418 18.795215411783648 -11.678489560954747 0.55 0.55 0.55
v 10.040651747946418 18.795215411783648 -11.678489560954747 0.55 0.55 0.55
v 9.195322130466074 21.364064474076667 -11.081910473184466 0.55 0.55 0.55
v 10.927897798345624 19.86631408481035 -9.713033452121596 0.55 0.55 0.55
v 11.605894772319445 17.43629141959037 -10.226509468273353 0.55 0.55 0.55
v 11.605894772319445 17.43629141959037 -10.226509468273353 0.0 0.0 0.0
v 10.927897798345624 19.86631408481035 -9.713033452121596 0.0 0.0 0.0
v 11.702022965012043 22.30555920102462 -7.351800498176648 0.0 0.0 0.0
v 10.927897798345624 19.86631408481035 -9.713033452121596 0.0 0.0 0.0
v 10.100922500301023 22.323911871464 -9.408051765290828 0.0 0.0 0.0
v 11.702022965012043 22.30555920102462 -7.351800498176648 0.0 0.0 0.0
v 9.195322130466074 21.364064474076667 -11.081910473184466 0.55 0.55 0.55
v 8.108777469969525 23.89627216823571 -10.726451202291095 0.55 0.55 0.55
v 10.100922500301023 22.323911871464 -9.408051765290828 0.55 0.55 0.55
v 10.927897798345624 19.86631408481035 -9.713033452121596 0.55 0.55 0.55
v 6.070303810704534 20.50066604365554 -13.085927593430036 0.55 0.55 0.55
v 5.900091874042842 22.872746026682872 -12.281788812823555 0.55 0.55 0.55
v 8.108777469969525 23.89627216823571 -10.726451202291095 0.55 0.55 0.55
v 9.195322130466074 21.364064474076667 -11.081910473184466 0.55 0.55 0.55
v 7.455529806409563 22.068715592183107 -12.028027834441152 1.0 0.0 0.0
v 4.449505279648854 21.083304503988575 -13.811737533682868 1.0 0.0 0.0
v 3.767072357646443 23.597972696758696 -13.011090809175775 1.0 0.0 0.0
v 5.900091874042842 22.872746026682872 -12.281788812823555 1.0 0.0 0.0
v 6.070303810704534 20.50066604365554 -13.085927593430036 1.0 0.0 0.0
v 2.7991492737319046 20.112392020920723 -14.678700935901393 0.55 0.55 0.55
v 2.4336168628220527 22.568721207724895 -13.878048534093368 0.55 0.55 0.55
v 3.767072357646443 23.597972696758696 -13.011090809175775 0.55 0.55 0.55
v 4.449505279648854 21.083304503988575 -13.811737533682868 0.55 0.55 0.55
v 0.8394807482084062 21.729013401644657 -14.240452954194225 1.0 0.0 0.0
v -0.9781064440435316 19.856347653242324 -14.6106342534913 1.0 0.0 0.0
v -0.9648530240935858 22.30622233395158 -13.78224687197342 1.0 0.0 0.0
v 2.4336168628220527 22.568721207724895 -13.878048534093368 1.0 0.0 0.0
v 2.7991492737319046 20.112392020920723 -14.678700935901393 1.0 0.0 0.0
v -2.915775422037503 20.118026707302903 -14.66548203658085 0.55 0.55 0.55
v -2.8749889913318567 22.528932275969765 -13.70489576461258 0.55 0.55 0.55
v -0.9648530240935858 22.30622233395158 -13.78224687197342 0.55 0.55 0.55
v -0.9781064440435316 19.856347653242324 -14.6106342534913 0.55 0.55 0.55
v -4.569598513855124 21.61573693056458 -13.555158718916221 1.0 1.0 1.0
v -2.8749889913318567 22.528932275969765 -13.70489576461258 1.0 1.0 1.0
v -2.915775422037503 20.118026707302903 -14.66548203658085 1.0 1.0 1.0
v -4.569598513855124 21.61573693056458 -13.555158718916221 1.0 1.0 1.0
v -3.845440774780171 24.51088848860429 -12.698018754586712 1.0 1.0 1.0
v -2.8749889913318567 22.528932275969765 -13.70489576461258 1.0 1.0 1.0
v -2.8749889913318567 22.528932275969765 -13.70489576461258 0.55 0.55 0.55
v -3.845440774780171 24.51088848860429 -12.698018754586712 0.55 0.55 0.55
v -0.7567433220564006 24.761689351638125 -13.022210752438813 0.55 0.55 0.55
v -0.9648530240935858 22.30622233395158 -13.78224687197342 0.55 0.55 0.55
v -0.9648530240935858 22.30622233395158 -13.78224687197342 0.55 0.55 0.55
v -0.7567433220564006 24.761689351638125 -13.022210752438813 0.55 0.55 0.55
v 2.3678149296172655 24.968630234211783 -12.85784508357078 0.55 0.55 0.55
v 2.4336168628220527 22.568721207724895 -13.878048534093368 0.55 0.55 0.55
v 3.767072357646443 23.597972696758696 -13.011090809175775 1.0 0.0 0.0
v 2.4336168628220527 22.568721207724895 -13.878048534093368 1.0 0.0 0.0
v 2.3678149296172655 24.968630234211783 -12.85784508357078 1.0 0.0 0.0
v 5.227648847543126 25.303654747102467 -11.78068777634767 1.0 0.0 0.0
v 5.900091874042842 22.872746026682872 -12.281788812823555 1.0 0.0 0.0
v 5.900091874042842 22.872746026682872 -12.281788812823555 0.55 0.55 0.55
v 5.227648847543126 25.303654747102467 -11.78068777634767 0.55 0.55 0.55
v 7.000518957102683 26.43039560117282 -10.462532215797276 0.55 0.55 0.55
v 8.108777469969525 23.89627216823571 -10.726451202291095 0.55 0.55 0.55
v 8.108777469969525 23.89627216823571 -10.726451202291095 0.55 0.55 0.55
v 7.000518957102683 26.43039560117282 -10.462532215797276 0.55 0.55 0.55
v 9.284260483505886 24.79178686319412 -9.164293334985857 0.55 0.55 0.55
v 10.100922500301023 22.323911871464 -9.408051765290828 0.55 0.55 0.55
v 10.100922500301023 22.323911871464 -9.408051765290828 0.55 0.55 0.55
v 9.284260483505886 24.79178686319412 -9.164293334985857 0.55 0.55 0.55
v 10.90571951006611 24.7675106435524 -7.180926721157518 0.55 0.55 0.55
v 11.702022965012043 22.30555920102462 -7.351800498176648 0.55 0.55 0.55
v 11.702022965012043 22.30555920102462 -7.351800498176648 0.55 0.55 0.55
v 10.90571951006611 24.7675106435524 -7.180926721157518 0.55 0.55 0.55
v 12.047966259203795 24.76885708151871 -5.07827360793328 0.55 0.55 0.55
v 12.825244410120087 22.306912595255525 -5.242232583771335 0.55 0.55 0.55
v 12.825244410120087 22.306912595255525 -5.242232583771335 0.55 0.55 0.55
v 12.047966259203795 24.76885708151871 -5.07827360793328 0.55 0.55 0.55
v 12.773167421984088 24.763191793898546 -2.7887304490639324 0.55 0.55 0.55
v 13.539675190930721 22.299377250312585 -2.950389848559754 0.55 0.55 0.55
v 13.539675190930721 22.299377250312585 -2.950389848559754 0.55 0.55 0.55
v 12.773167421984088 24.763191793898546 -2.7887304490639324 0.55 0.55 0.55
v 13.061614533247432 24.97834432800928 -0.3832819069450282 0.55 0.55 0.55
v 13.958198032985244 22.536193494129353 -0.5744423785624357 0.55 0.55 0.55
v 13.958198032985244 22.536193494129353 -0.5744423785624357 0.55 0.55 0.55
v 13.061614533247432 24.97834432800928 -0.3832819069450282 0.55 0.55 0.55
v 12.917747535982809 24.762694204549366 1.807683233676991 0.55 0.55 0.55
v 13.686001216526062 22.29850895917435 1.9715803729489807 0.55 0.55 0.55
v 12.917747535982809 24.762694204549366 1.807683233676991 0.55 0.55 0.55
v 12.214747839730318 27.24660572288644 1.6494056632359277 0.55 0.55 0.55
v 11.658225316826515 27.247979454292633 4.000004324194727 0.55 0.55 0.55
v 12.35970568936037 24.764243180569384 4.150607999909058 0.55 0.55 0.55
v 12.35970568936037 24.764243180569384 4.150607999909058 0.55 0.55 0.55
v 11.658225316826515 27.247979454292633 4.000004324194727 0.55 0.55 0.55
v 10.664414539477498 27.235996700803202 6.187109155477064 0.55 0.55 0.55
v 11.395610607871056 24.755421494823672 6.334160060704174 0.55 0.55 0.55
v 11.395610607871056 24.755421494823672 6.334160060704174 0.55 0.55 0.55
v 10.664414539477498 27.235996700803202 6.187109155477064 0.55 0.55 0.55
v 9.241252649065999 27.227503338204077 8.148861734412648 0.55 0.55 0.55
v 10.036863499206046 24.756682303195134 8.297517815228447 0.55 0.55 0.55
v 10.036863499206046 24.756682303195134 8.297517815228447 0.55 0.55 0.55
v 9.241252649065999 27.227503338204077 8.148861734412648 0.55 0.55 0.55
v 7.137794191243579 29.058989815986212 9.265918935546106 0.55 0.55 0.55
v 7.835766120526385 26.475748117207676 9.759199713062207 0.55 0.55 0.55
v 7.835766120526385 26.475748117207676 9.759199713062207 0.55 0.55 0.55
v 7.137794191243579 29.058989815986212 9.265918935546106 0.55 0.55 0.55
v 6.017787159577796 27.267340543468325 10.724527140053612 0.55 0.55 0.55
v 6.593180879916131 24.785128214379156 11.223250817597968 0.55 0.55 0.55
v 4.94790779100306 22.497409877830243 13.083084053470312 1.0 0.0 0.0
v 6.78455957991189 21.308871208645897 12.721036683485696 1.0 0.0 0.0
v 6.593180879916131 24.785128214379156 11.223250817597968 1.0 0.0 0.0
v 6.017787159577796 27.267340543468325 10.724527140053612 1.0 0.0 0.0
v 3.3283544607854356 27.22334593411725 11.873171040435597 1.0 0.0 0.0
v 3.5686127875733384 24.735165756202274 12.550199718072154 1.0 0.0 0.0
v 3.5686127875733384 24.735165756202274 12.550199718072154 0.55 0.55 0.55
v 3.3283544607854356 27.22334593411725 11.873171040435597 0.55 0.55 0.55
v 0.3724605409455767 27.2227649529164 12.34736150912833 0.55 0.55 0.55
v 0.4573451843261435 24.732819626183264 13.06039057470948 0.55 0.55 0.55
v 0.4573451843261435 24.732819626183264 13.06039057470948 0.55 0.55 0.55
v 0.3724605409455767 27.2227649529164 12.34736150912833 0.55 0.55 0.55
v -2.442454515969246 26.990225576977927 12.19819495020637 0.55 0.55 0.55
v -2.396526902923629 24.540478906497157 12.932246897731257 0.55 0.55 0.55
v -3.68399312673731 23.534598814239324 13.062582389383614 1.0 1.0 0.0
v -2.396526902923629 24.540478906497157 12.932246897731257 1.0 1.0 0.0
v -2.442454515969246 26.990225576977927 12.19819495020637 1.0 1.0 0.0
v -5.422159070695284 24.982234905941038 11.783212355435953 1.0 1.0 0.0
v -2.442454515969246 26.990225576977927 12.19819495020637 0.0 0.0 0.0
v -2.3962717796364834 29.470005599463185 11.551342362270812 0.0 0.0 0.0
v -5.422159070695284 24.982234905941038 11.783212355435953 0.0 0.0 0.0
v 0.3724605409455767 27.2227649529164 12.34736150912833 0.55 0.55 0.55
v 0.30446854192475686 29.736297423174207 11.71969430711964 0.55 0.55 0.55
v -2.3962717796364834 29.470005599463185 11.551342362270812 0.55 0.55 0.55
v -2.442454515969246 26.990225576977927 12.19819495020637 0.55 0.55 0.55
v 3.3283544607854356 27.22334593411725 11.873171040435597 0.55 0.55 0.55
v 3.138155946150443 29.735216398594297 11.2713861496612 0.55 0.55 0.55
v 0.30446854192475686 29.736297423174207 11.71969430711964 0.55 0.55 0.55
v 0.3724605409455767 27.2227649529164 12.34736150912833 0.55 0.55 0.55
v 6.017787159577796 27.267340543468325 10.724527140053612 0.55 0.55 0.55
v 6.0057678781969255 29.756346811925162 10.030793761623089 0.55 0.55 0.55
v 3.138155946150443 29.735216398594297 11.2713861496612 0.55 0.55 0.55
v 3.3283544607854356 27.22334593411725 11.873171040435597 0.55 0.55 0.55
v 7.137794191243579 29.058989815986212 9.265918935546106 1.0 0.0 0.0
v 9.241252649065999 27.227503338204077 8.148861734412648 1.0 0.0 0.0
v 8.514980420355434 29.722010787671852 8.049949157435103 1.0 0.0 0.0
v 6.0057678781969255 29.756346811925162 10.030793761623089 1.0 0.0 0.0
v 6.017787159577796 27.267340543468325 10.724527140053612 1.0 0.0 0.0
v 10.664414539477498 27.235996700803202 6.187109155477064 0.55 0.55 0.55
v 10.019156841319493 29.741375869580782 6.061440010941818 0.55 0.55 0.55
v 8.514980420355434 29.722010787671852 8.049949157435103 0.55 0.55 0.55
v 9.241252649065999 27.227503338204077 8.148861734412648 0.55 0.55 0.55
v 11.658225316826515 27.247979454292633 4.000004324194727 0.55 0.55 0.55
v 11.043858663412722 29.75527880070326 3.860652395027538 0.55 0.55 0.55
v 10.019156841319493 29.741375869580782 6.061440010941818 0.55 0.55 0.55
v 10.664414539477498 27.235996700803202 6.187109155477064 0.55 0.55 0.55
v 12.214747839730318 27.24660572288644 1.6494056632359277 0.55 0.55 0.55
v 11.598233763104451 29.753723962526053 1.4979693048342404 0.55 0.55 0.55
v 11.043858663412722 29.75527880070326 3.860652395027538 0.55 0.55 0.55
v 11.658225316826515 27.247979454292633 4.000004324194727 0.55 0.55 0.55
v 13.061614533247432 24.97834432800928 -0.3832819069450282 0.55 0.55 0.55
v 12.226505470485476 27.44222717738603 -0.19263329714394442 0.55 0.55 0.55
v 12.214747839730318 27.24660572288644 1.6494056632359277 0.55 0.55 0.55
v 12.917747535982809 24.762694204549366 1.807683233676991 0.55 0.55 0.55
v 12.773167421984088 24.763191793898546 -2.7887304490639324 0.55 0.55 0.55
v 12.07312737604169 27.247049160579575 -2.6331474546154774 0.55 0.55 0.55
v 12.226505470485476 27.44222717738603 -0.19263329714394442 0.55 0.55 0.55
v 13.061614533247432 24.97834432800928 -0.3832819069450282 0.55 0.55 0.55
v 12.047966259203795 24.76885708151871 -5.07827360793328 0.55 0.55 0.55
v 11.326224717897084 27.248109824120895 -4.92235961006201 0.55 0.55 0.55
v 12.07312737604169 27.247049160579575 -2.6331474546154774 0.55 0.55 0.55
v 12.773167421984088 24.763191793898546 -2.7887304490639324 0.55 0.55 0.55
v 10.90571951006611 24.7675106435524 -7.180926721157518 0.55 0.55 0.55
v 10.145826451333253 27.24168485128822 -7.021234855003065 0.55 0.55 0.55
v 11.326224717897084 27.248109824120895 -4.92235961006201 0.55 0.55 0.55
v 12.047966259203795 24.76885708151871 -5.07827360793328 0.55 0.55 0.55
v 9.284260483505886 24.79178686319412 -9.164293334985857 0.55 0.55 0.55
v 8.483506118357393 27.268148645372804 -8.95811588238886 0.55 0.55 0.55
v 10.145826451333253 27.24168485128822 -7.021234855003065 0.55 0.55 0.55
v 10.90571951006611 24.7675106435524 -7.180926721157518 0.55 0.55 0.55
v 7.000518957102683 26.43039560117282 -10.462532215797276 1.0 0.0 0.0
v 5.227648847543126 25.303654747102467 -11.78068777634767 1.0 0.0 0.0
v 4.916642328145425 27.7774998148829 -11.15627812319302 1.0 0.0 0.0
v 8.483506118357393 27.268148645372804 -8.95811588238886 1.0 0.0 0.0
v 9.284260483505886 24.79178686319412 -9.164293334985857 1.0 0.0 0.0
v 2.3678149296172655 24.968630234211783 -12.85784508357078 0.55 0.55 0.55
v 2.194031653731317 27.411908064535226 -11.959132110664319 0.55 0.55 0.55
v 4.916642328145425 27.7774998148829 -11.15627812319302 0.55 0.55 0.55
v 5.227648847543126 25.303654747102467 -11.78068777634767 0.55 0.55 0.55
v -0.7567433220564006 24.761689351638125 -13.022210752438813 0.55 0.55 0.55
v -0.7834246023131959 27.24502138378496 -12.301132661781997 0.55 0.55 0.55
v 2.194031653731317 27.411908064535226 -11.959132110664319 0.55 0.55 0.55
v 2.3678149296172655 24.968630234211783 -12.85784508357078 0.55 0.55 0.55
v -3.845440774780171 24.51088848860429 -12.698018754586712 0.55 0.55 0.55
v -3.6490545410180713 26.93528749660948 -11.75537625776889 0.55 0.55 0.55
v -0.7834246023131959 27.24502138378496 -12.301132661781997 0.55 0.55 0.55
v -0.7567433220564006 24.761689351638125 -13.022210752438813 0.55 0.55 0.55
v -4.569598513855124 21.61573693056458 -13.555158718916221 1.0 0.0 0.0
v -6.133525379986936 22.49730037490273 -12.546176262283765 1.0 0.0 0.0
v -6.805692301663395 24.9498890214174 -11.056518619568042 1.0 0.0 0.0
v -6.486635994804798 27.46084827592333 -10.413597230982413 1.0 0.0 0.0
v -3.6490545410180713 26.93528749660948 -11.75537625776889 1.0 0.0 0.0
v -3.845440774780171 24.51088848860429 -12.698018754586712 1.0 0.0 0.0
v -9.35769128445786 24.761109553793986 -9.141942962741284 0.55 0.55 0.55
v -8.82653612039254 27.23738727442129 -8.667886895810142 0.55 0.55 0.55
v -6.486635994804798 27.46084827592333 -10.413597230982413 0.55 0.55 0.55
v -6.805692301663395 24.9498890214174 -11.056518619568042 0.55 0.55 0.55
v -11.098102965488899 24.743341089490762 -6.886215097477484 0.55 0.55 0.55
v -10.520844413251517 27.23024973413688 -6.448949225145614 0.55 0.55 0.55
v -8.82653612039254 27.23738727442129 -8.667886895810142 0.55 0.55 0.55
v -9.35769128445786 24.761109553793986 -9.141942962741284 0.55 0.55 0.55
v -12.403395931270436 24.743526658593293 -4.038330180219428 0.55 0.55 0.55
v -11.737887305185694 27.23043538619046 -3.7624198558810518 0.55 0.55 0.55
v -10.520844413251517 27.23024973413688 -6.448949225145614 0.55 0.55 0.55
v -11.098102965488899 24.743341089490762 -6.886215097477484 0.55 0.55 0.55
v -13.00062236227083 24.76100354293032 -0.9780507664638401 0.55 0.55 0.55
v -12.289261910228808 27.246048009480578 -0.8998133816621809 0.55 0.55 0.55
v -11.737887305185694 27.23043538619046 -3.7624198558810518 0.55 0.55 0.55
v -12.403395931270436 24.743526658593293 -4.038330180219428 0.55 0.55 0.55
v -13.622846854750541 22.497253683664034 -3.1687016501737864 1.0 0.0 0.0
v -13.881834099392874 22.789409093608917 0.32434849362926066 1.0 0.0 0.0
v -12.884805849954722 24.76444242633463 2.1401189609352183 1.0 0.0 0.0
v -12.179830417290008 27.248697270359497 2.0007362110053966 1.0 0.0 0.0
v -12.289261910228808 27.246048009480578 -0.8998133816621809 1.0 0.0 0.0
v -13.00062236227083 24.76100354293032 -0.9780507664638401 1.0 0.0 0.0
v -11.170263951706172 27.520320264663734 4.720343348272836 1.0 1.0 1.0
v -12.179830417290008 27.248697270359497 2.0007362110053966 1.0 1.0 1.0
v -12.884805849954722 24.76444242633463 2.1401189609352183 1.0 1.0 1.0
v -11.170263951706172 27.520320264663734 4.720343348272836 1.0 1.0 1.0
v -11.56053658777486 29.756363562794224 1.8759611345917415 1.0 1.0 1.0
v -12.179830417290008 27.248697270359497 2.0007362110053966 1.0 1.0 1.0
v -12.179830417290008 27.248697270359497 2.0007362110053966 0.55 0.55 0.55
v -11.56053658777486 29.756363562794224 1.8759611345917415 0.55 0.55 0.55
v -11.66355638195673 29.75447520428828 -0.8367413704117695 0.55 0.55 0.55
v -12.289261910228808 27.246048009480578 -0.8998133816621809 0.55 0.55 0.55
v -12.289261910228808 27.246048009480578 -0.8998133816621809 0.55 0.55 0.55
v -11.66355638195673 29.75447520428828 -0.8367413704117695 0.55 0.55 0.55
v -11.152447178404564 29.74094967814776 -3.5210513890607573 0.55 0.55 0.55
v -11.737887305185694 27.23043538619046 -3.7624198558810518 0.55 0.55 0.55
v -11.737887305185694 27.23043538619046 -3.7624198558810518 0.55 0.55 0.55
v -11.152447178404564 29.74094967814776 -3.5210513890607573 0.55 0.55 0.55
v -10.017628929913444 29.74073688102706 -6.0562108745106125 0.55 0.55 0.55
v -10.520844413251517 27.23024973413688 -6.448949225145614 0.55 0.55 0.55
v -10.520844413251517 27.23024973413688 -6.448949225145614 0.55 0.55 0.55
v -10.017628929913444 29.74073688102706 -6.0562108745106125 0.55 0.55 0.55
v -8.413117484698335 29.745250058783817 -8.179512408281964 0.55 0.55 0.55
v -8.82653612039254 27.23738727442129 -8.667886895810142 0.55 0.55 0.55
v -8.82653612039254 27.23738727442129 -8.667886895810142 0.55 0.55 0.55
v -8.413117484698335 29.745250058783817 -8.179512408281964 0.55 0.55 0.55
v -6.203813014060069 29.996275781313283 -9.855242673165973 0.55 0.55 0.55
v -6.486635994804798 27.46084827592333 -10.413597230982413 0.55 0.55 0.55
v -6.486635994804798 27.46084827592333 -10.413597230982413 0.55 0.55 0.55
v -6.203813014060069 29.996275781313283 -9.855242673165973 0.55 0.55 0.55
v -3.4895387898200645 29.409797912203064 -10.945667998066611 0.55 0.55 0.55
v -3.6490545410180713 26.93528749660948 -11.75537625776889 0.55 0.55 0.55
v -3.6490545410180713 26.93528749660948 -11.75537625776889 0.55 0.55 0.55
v -3.4895387898200645 29.409797912203064 -10.945667998066611 0.55 0.55 0.55
v -0.8043154620954179 29.752103325458574 -11.667513871123498 0.55 0.55 0.55
v -0.7834246023131959 27.24502138378496 -12.301132661781997 0.55 0.55 0.55
v -0.7834246023131959 27.24502138378496 -12.301132661781997 0.55 0.55 0.55
v -0.8043154620954179 29.752103325458574 -11.667513871123498 0.55 0.55 0.55
v 2.0366493055401316 29.901641402434496 -11.195166058532138 0.55 0.55 0.55
v 2.194031653731317 27.411908064535226 -11.959132110664319 0.55 0.55 0.55
v 2.194031653731317 27.411908064535226 -11.959132110664319 0.55 0.55 0.55
v 2.0366493055401316 29.901641402434496 -11.195166058532138 0.55 0.55 0.55
v 4.723842754351118 30.272813818270762 -10.573555497078008 0.55 0.55 0.55
v 4.916642328145425 27.7774998148829 -11.15627812319302 0.55 0.55 0.55
v 4.916642328145425 27.7774998148829 -11.15627812319302 0.55 0.55 0.55
v 4.723842754351118 30.272813818270762 -10.573555497078008 0.55 0.55 0.55
v 7.646576224283247 29.73688229414617 -8.85176588719486 0.55 0.55 0.55
v 8.483506118357393 27.268148645372804 -8.95811588238886 0.55 0.55 0.55
v 8.483506118357393 27.268148645372804 -8.95811588238886 0.55 0.55 0.55
v 7.646576224283247 29.73688229414617 -8.85176588719486 0.55 0.55 0.55
v 9.453461657228033 29.737062816013257 -6.889898882315356 0.55 0.55 0.55
v 10.145826451333253 27.24168485128822 -7.021234855003065 0.55 0.55 0.55
v 10.145826451333253 27.24168485128822 -7.021234855003065 0.55 0.55 0.55
v 9.453461657228033 29.737062816013257 -6.889898882315356 0.55 0.55 0.55
v 10.692919291823808 29.75221798084062 -4.781867212263181 0.55 0.55 0.55
v 11.326224717897084 27.248109824120895 -4.92235961006201 0.55 0.55 0.55
v 11.326224717897084 27.248109824120895 -4.92235961006201 0.55 0.55 0.55
v 10.692919291823808 29.75221798084062 -4.781867212263181 0.55 0.55 0.55
v 11.4611648372483 29.754485285685973 -2.4856324649426753 0.55 0.55 0.55
v 12.07312737604169 27.247049160579575 -2.6331474546154774 0.55 0.55 0.55
v 12.07312737604169 27.247049160579575 -2.6331474546154774 0.55 0.55 0.55
v 11.4611648372483 29.754485285685973 -2.4856324649426753 0.55 0.55 0.55
v 11.482497302060017 29.93528098456619 -0.004405793725686329 0.55 0.55 0.55
v 12.226505470485476 27.44222717738603 -0.19263329714394442 0.55 0.55 0.55
v 12.226505470485476 27.44222717738603 -0.19263329714394442 0.55 0.55 0.55
v 11.482497302060017 29.93528098456619 -0.004405793725686329 0.55 0.55 0.55
v 11.598233763104451 29.753723962526053 1.4979693048342404 0.55 0.55 0.55
v 12.214747839730318 27.24660572288644 1.6494056632359277 0.55 0.55 0.55
v 11.598233763104451 29.753723962526053 1.4979693048342404 0.55 0.55 0.55
v 11.08953654338371 32.28548733154779 1.3569742765930826 0.55 0.55 0.55
v 10.540052245884581 32.28746567247047 3.7296642567566307 0.55 0.55 0.55
v 11.043858663412722 29.75527880070326 3.860652395027538 0.55 0.55 0.55
v 11.043858663412722 29.75527880070326 3.860652395027538 0.55 0.55 0.55
v 10.540052245884581 32.28746567247047 3.7296642567566307 0.55 0.55 0.55
v 9.497108195144005 32.275026925225646 5.932401321921058 0.55 0.55 0.55
v 10.019156841319493 29.741375869580782 6.061440010941818 0.55 0.55 0.55
v 10.019156841319493 29.741375869580782 6.061440010941818 0.55 0.55 0.55
v 9.497108195144005 32.275026925225646 5.932401321921058 0.55 0.55 0.55
v 7.937485344415499 32.251276724507115 7.8875639666031905 0.55 0.55 0.55
v 8.514980420355434 29.722010787671852 8.049949157435103 0.55 0.55 0.55
v 8.514980420355434 29.722010787671852 8.049949157435103 0.55 0.55 0.55
v 7.937485344415499 32.251276724507115 7.8875639666031905 0.55 0.55 0.55
v 5.609221088350923 32.29797439919228 9.653220191586325 0.55 0.55 0.55
v 6.0057678781969255 29.756346811925162 10.030793761623089 0.55 0.55 0.55
v 6.0057678781969255 29.756346811925162 10.030793761623089 0.55 0.55 0.55
v 5.609221088350923 32.29797439919228 9.653220191586325 0.55 0.55 0.55
v 2.947706524288526 32.27138441961636 10.78307899044503 0.55 0.55 0.55
v 3.138155946150443 29.735216398594297 11.2713861496612 0.55 0.55 0.55
v 3.138155946150443 29.735216398594297 11.2713861496612 0.55 0.55 0.55
v 2.947706524288526 32.27138441961636 10.78307899044503 0.55 0.55 0.55
v 0.24058130153851695 32.274512744832215 11.200643055726173 0.55 0.55 0.55
v 0.30446854192475686 29.736297423174207 11.71969430711964 0.55 0.55 0.55
v 0.30446854192475686 29.736297423174207 11.71969430711964 0.55 0.55 0.55
v 0.24058130153851695 32.274512744832215 11.200643055726173 0.55 0.55 0.55
v -2.359338723480883 31.97473058226715 11.008929235414886 0.55 0.55 0.55
v -2.3962717796364834 29.470005599463185 11.551342362270812 0.55 0.55 0.55
v -2.3962717796364834 29.470005599463185 11.551342362270812 0.55 0.55 0.55
v -2.359338723480883 31.97473058226715 11.008929235414886 0.55 0.55 0.55
v -5.201982932625652 27.49305948026185 11.08880863639175 0.55 0.55 0.55
v -5.422159070695284 24.982234905941038 11.783212355435953 0.55 0.55 0.55
v -5.422159070695284 24.982234905941038 11.783212355435953 0.55 0.55 0.55
v -5.201982932625652 27.49305948026185 11.08880863639175 0.55 0.55 0.55
v -7.802413168961072 27.243916999309814 9.533370076457727 0.55 0.55 0.55
v -8.184818338019728 24.759776228383192 10.144953083221287 0.55 0.55 0.55
v -8.184818338019728 24.759776228383192 10.144953083221287 0.55 0.55 0.55
v -7.802413168961072 27.243916999309814 9.533370076457727 0.55 0.55 0.55
v -9.870988724896327 27.246908917082617 7.3891679676589135 0.55 0.55 0.55
v -10.40370209017257 24.76250476540978 7.86761386731589 0.55 0.55 0.55
v -10.40370209017257 24.76250476540978 7.86761386731589 0.0 0.0 0.0
v -9.870988724896327 27.246908917082617 7.3891679676589135 0.0 0.0 0.0
v -11.170263951706172 27.520320264663734 4.720343348272836 0.0 0.0 0.0
v -9.870988724896327 27.246908917082617 7.3891679676589135 0.0 0.0 0.0
v -9.410295066728457 29.75449583412151 6.959713488996003 0.0 0.0 0.0
v -11.170263951706172 27.520320264663734 4.720343348272836 0.0 0.0 0.0
v -7.802413168961072 27.243916999309814 9.533370076457727 0.55 0.55 0.55
v -7.462563662478796 29.751819630675243 8.998779786909203 0.55 0.55 0.55
v -9.410295066728457 29.75449583412151 6.959713488996003 0.55 0.55 0.55
v -9.870988724896327 27.246908917082617 7.3891679676589135 0.55 0.55 0.55
v -5.201982932625652 27.49305948026185 11.08880863639175 1.0 1.0 1.0
v -7.462563662478796 29.751819630675243 8.998779786909203 1.0 1.0 1.0
v -7.802413168961072 27.243916999309814 9.533370076457727 1.0 1.0 1.0
v -5.201982932625652 27.49305948026185 11.08880863639175 1.0 1.0 1.0
v -7.185975750778861 32.28456756699736 8.552374643907838 1.0 1.0 1.0
v -7.462563662478796 29.751819630675243 8.998779786909203 1.0 1.0 1.0
v -7.462563662478796 29.751819630675243 8.998779786909203 0.55 0.55 0.55
v -7.185975750778861 32.28456756699736 8.552374643907838 0.55 0.55 0.55
v -9.03618105525283 32.28671657712768 6.595551134369048 0.55 0.55 0.55
v -9.410295066728457 29.75449583412151 6.959713488996003 0.55 0.55 0.55
v -9.410295066728457 29.75449583412151 6.959713488996003 0.55 0.55 0.55
v -9.03618105525283 32.28671657712768 6.595551134369048 0.55 0.55 0.55
v -10.513632416157455 30.007108825982144 4.312123456824889 0.55 0.55 0.55
v -11.170263951706172 27.520320264663734 4.720343348272836 0.55 0.55 0.55
v -11.170263951706172 27.520320264663734 4.720343348272836 0.55 0.55 0.55
v -10.513632416157455 30.007108825982144 4.312123456824889 0.55 0.55 0.55
v -11.04898852039076 32.288696526488586 1.7629537545299463 0.55 0.55 0.55
v -11.56053658777486 29.756363562794224 1.8759611345917415 0.55 0.55 0.55
v -11.56053658777486 29.756363562794224 1.8759611345917415 0.55 0.55 0.55
v -11.04898852039076 32.288696526488586 1.7629537545299463 0.55 0.55 0.55
v -11.146072572702469 32.28756633527176 -0.7811393389049319 0.55 0.55 0.55
v -11.66355638195673 29.75447520428828 -0.8367413704117695 0.55 0.55 0.55
v -11.66355638195673 29.75447520428828 -0.8367413704117695 0.55 0.55 0.55
v -11.146072572702469 32.28756633527176 -0.7811393389049319 0.55 0.55 0.55
v -10.671165285053084 32.27610775806801 -3.3096460871632236 0.55 0.55 0.55
v -11.152447178404564 29.74094967814776 -3.5210513890607573 0.55 0.55 0.55
v -11.152447178404564 29.74094967814776 -3.5210513890607573 0.55 0.55 0.55
v -10.671165285053084 32.27610775806801 -3.3096460871632236 0.55 0.55 0.55
v -9.605395839862112 32.27613830214011 -5.722281853330286 0.55 0.55 0.55
v -10.017628929913444 29.74073688102706 -6.0562108745106125 0.55 0.55 0.55
v -10.017628929913444 29.74073688102706 -6.0562108745106125 0.55 0.55 0.55
v -9.605395839862112 32.27613830214011 -5.722281853330286 0.55 0.55 0.55
v -8.075093729390417 32.27821551325572 -7.769559977996121 0.55 0.55 0.55
v -8.413117484698335 29.745250058783817 -8.179512408281964 0.55 0.55 0.55
v -8.413117484698335 29.745250058783817 -8.179512408281964 0.55 0.55 0.55
v -8.075093729390417 32.27821551325572 -7.769559977996121 0.55 0.55 0.55
v -5.973254759239088 32.55770018175814 -9.40179655372184 0.55 0.55 0.55
v -6.203813014060069 29.996275781313283 -9.855242673165973 0.55 0.55 0.55
v -6.203813014060069 29.996275781313283 -9.855242673165973 0.55 0.55 0.55
v -5.973254759239088 32.55770018175814 -9.40179655372184 0.55 0.55 0.55
v -3.3650114463614273 31.931702004456294 -10.291474126650874 0.55 0.55 0.55
v -3.4895387898200645 29.409797912203064 -10.945667998066611 0.55 0.55 0.55
v -3.4895387898200645 29.409797912203064 -10.945667998066611 0.55 0.55 0.55
v -3.3650114463614273 31.931702004456294 -10.291474126650874 0.55 0.55 0.55
v -0.8254383494210754 32.28415054276221 -11.142582680147603 0.55 0.55 0.55
v -0.8043154620954179 29.752103325458574 -11.667513871123498 0.55 0.55 0.55
v -0.8043154620954179 29.752103325458574 -11.667513871123498 0.55 0.55 0.55
v -0.8254383494210754 32.28415054276221 -11.142582680147603 0.55 0.55 0.55
v 1.8879849259913724 32.434238715895575 -10.586441018548259 0.55 0.55 0.55
v 2.0366493055401316 29.901641402434496 -11.195166058532138 0.55 0.55 0.55
v 2.0366493055401316 29.901641402434496 -11.195166058532138 0.55 0.55 0.55
v 1.8879849259913724 32.434238715895575 -10.586441018548259 0.55 0.55 0.55
v 4.460931948848353 32.79911937474607 -10.15531516741102 0.55 0.55 0.55
v 4.723842754351118 30.272813818270762 -10.573555497078008 0.55 0.55 0.55
v 4.723842754351118 30.272813818270762 -10.573555497078008 0.55 0.55 0.55
v 4.460931948848353 32.79911937474607 -10.15531516741102 0.55 0.55 0.55
v 7.112565844408911 32.2791190085957 -8.612685726768845 0.55 0.55 0.55
v 7.646576224283247 29.73688229414617 -8.85176588719486 0.55 0.55 0.55
v 7.646576224283247 29.73688229414617 -8.85176588719486 0.55 0.55 0.55
v 7.112565844408911 32.2791190085957 -8.612685726768845 0.55 0.55 0.55
v 8.902291127688121 32.26645911100444 -6.748851745963349 0.55 0.55 0.55
v 9.453461657228033 29.737062816013257 -6.889898882315356 0.55 0.55 0.55
v 9.453461657228033 29.737062816013257 -6.889898882315356 0.55 0.55 0.55
v 8.902291127688121 32.26645911100444 -6.748851745963349 0.55 0.55 0.55
v 10.175854115312909 32.2832912344269 -4.650419238410385 0.55 0.55 0.55
v 10.692919291823808 29.75221798084062 -4.781867212263181 0.55 0.55 0.55
v 10.692919291823808 29.75221798084062 -4.781867212263181 0.55 0.55 0.55
v 10.175854115312909 32.2832912344269 -4.650419238410385 0.55 0.55 0.55
v 10.959181458959643 32.286724760965434 -2.3484995279609664 0.55 0.55 0.55
v 11.4611648372483 29.754485285685973 -2.4856324649426753 0.55 0.55 0.55
v 11.482497302060017 29.93528098456619 -0.004405793725686329 1.0 0.0 0.0
v 11.4611648372483 29.754485285685973 -2.4856324649426753 1.0 0.0 0.0
v 10.959181458959643 32.286724760965434 -2.3484995279609664 1.0 0.0 0.0
v 11.08953654338371 32.28548733154779 1.3569742765930826 1.0 0.0 0.0
v 11.598233763104451 29.753723962526053 1.4979693048342404 1.0 0.0 0.0
v 11.08953654338371 32.28548733154779 1.3569742765930826 0.55 0.55 0.55
v 10.708179444626516 34.840597837274274 1.2377865081577162 0.55 0.55 0.55
v 10.166307403564153 34.84282854657318 3.6142759798541544 0.55 0.55 0.55
v 10.540052245884581 32.28746567247047 3.7296642567566307 0.55 0.55 0.55
v 10.540052245884581 32.28746567247047 3.7296642567566307 0.55 0.55 0.55
v 10.166307403564153 34.84282854657318 3.6142759798541544 0.55 0.55 0.55
v 9.119187140793949 34.83422757064045 5.806406873551811 0.55 0.55 0.55
v 9.497108195144005 32.275026925225646 5.932401321921058 0.55 0.55 0.55
v 9.497108195144005 32.275026925225646 5.932401321921058 0.55 0.55 0.55
v 9.119187140793949 34.83422757064045 5.806406873551811 0.55 0.55 0.55
v 7.554451746099082 34.81581000141754 7.7010673756580035 0.55 0.55 0.55
v 7.937485344415499 32.251276724507115 7.8875639666031905 0.55 0.55 0.55
v 7.937485344415499 32.251276724507115 7.8875639666031905 0.55 0.55 0.55
v 7.554451746099082 34.81581000141754 7.7010673756580035 0.55 0.55 0.55
v 5.311598354991224 34.86603219530213 9.369823772659009 0.55 0.55 0.55
v 5.609221088350923 32.29797439919228 9.653220191586325 0.55 0.55 0.55
v 5.609221088350923 32.29797439919228 9.653220191586325 0.55 0.55 0.55
v 5.311598354991224 34.86603219530213 9.369823772659009 0.55 0.55 0.55
v 2.7899896510752336 34.8307516555704 10.420029002993001 0.55 0.55 0.55
v 2.947706524288526 32.27138441961636 10.78307899044503 0.55 0.55 0.55
v 2.947706524288526 32.27138441961636 10.78307899044503 0.55 0.55 0.55
v 2.7899896510752336 34.8307516555704 10.420029002993001 0.55 0.55 0.55
v 0.18278042567486932 34.83597092889939 10.811185176655226 0.55 0.55 0.55
v 0.24058130153851695 32.274512744832215 11.200643055726173 0.55 0.55 0.55
v 0.24058130153851695 32.274512744832215 11.200643055726173 0.55 0.55 0.55
v 0.18278042567486932 34.83597092889939 10.811185176655226 0.55 0.55 0.55
v -2.3350970326878064 34.50328486423864 10.591413075123672 0.55 0.55 0.55
v -2.359338723480883 31.97473058226715 11.008929235414886 0.55 0.55 0.55
v -2.359338723480883 31.97473058226715 11.008929235414886 0.55 0.55 0.55
v -2.3350970326878064 34.50328486423864 10.591413075123672 0.55 0.55 0.55
v -5.013206907503773 30.02908696358871 10.48235612286345 0.55 0.55 0.55
v -5.201982932625652 27.49305948026185 11.08880863639175 0.55 0.55 0.55
v -5.201982932625652 27.49305948026185 11.08880863639175 0.0 0.0 0.0
v -5.013206907503773 30.02908696358871 10.48235612286345 0.0 0.0 0.0
v -7.185975750778861 32.28456756699736 8.552374643907838 0.0 0.0 0.0
v -5.013206907503773 30.02908696358871 10.48235612286345 0.0 0.0 0.0
v -4.869027041768581 32.591489207093666 9.984776520136712 0.0 0.0 0.0
v -7.185975750778861 32.28456756699736 8.552374643907838 0.0 0.0 0.0
v -2.3350970326878064 34.50328486423864 10.591413075123672 1.0 1.0 1.0
v -4.869027041768581 32.591489207093666 9.984776520136712 1.0 1.0 1.0
v -5.013206907503773 30.02908696358871 10.48235612286345 1.0 1.0 1.0
v -2.3350970326878064 34.50328486423864 10.591413075123672 1.0 1.0 1.0
v -4.776271716192737 35.1778793513207 9.616651354129528 1.0 1.0 1.0
v -4.869027041768581 32.591489207093666 9.984776520136712 1.0 1.0 1.0
v -4.869027041768581 32.591489207093666 9.984776520136712 0.55 0.55 0.55
v -4.776271716192737 35.1778793513207 9.616651354129528 0.55 0.55 0.55
v -6.984439805890068 34.84061697660269 8.211235832950727 0.55 0.55 0.55
v -7.185975750778861 32.28456756699736 8.552374643907838 0.55 0.55 0.55
v -7.185975750778861 32.28456756699736 8.552374643907838 0.55 0.55 0.55
v -6.984439805890068 34.84061697660269 8.211235832950727 0.55 0.55 0.55
v -8.763905330786459 34.84197411172478 6.310625611524126 0.55 0.55 0.55
v -9.03618105525283 32.28671657712768 6.595551134369048 0.55 0.55 0.55
v -9.03618105525283 32.28671657712768 6.595551134369048 0.55 0.55 0.55
v -8.763905330786459 34.84197411172478 6.310625611524126 0.55 0.55 0.55
v -9.989937697766434 32.53626829396648 3.978891724120419 0.55 0.55 0.55
v -10.513632416157455 30.007108825982144 4.312123456824889 0.55 0.55 0.55
v -10.513632416157455 30.007108825982144 4.312123456824889 0.55 0.55 0.55
v -9.989937697766434 32.53626829396648 3.978891724120419 0.55 0.55 0.55
v -10.666239512691996 34.843990783969936 1.658909193136467 0.55 0.55 0.55
v -11.04898852039076 32.288696526488586 1.7629537545299463 0.55 0.55 0.55
v -11.04898852039076 32.288696526488586 1.7629537545299463 0.55 0.55 0.55
v -10.666239512691996 34.843990783969936 1.658909193136467 0.55 0.55 0.55
v -10.757712283242885 34.843716392337505 -0.7318483994953596 0.55 0.55 0.55
v -11.146072572702469 32.28756633527176 -0.7811393389049319 0.55 0.55 0.55
v -11.146072572702469 32.28756633527176 -0.7811393389049319 0.55 0.55 0.55
v -10.757712283242885 34.843716392337505 -0.7318483994953596 0.55 0.55 0.55
v -10.315625938854494 34.83427602793879 -3.1292956220060955 0.55 0.55 0.55
v -10.671165285053084 32.27610775806801 -3.3096460871632236 0.55 0.55 0.55
v -10.671165285053084 32.27610775806801 -3.3096460871632236 0.55 0.55 0.55
v -10.315625938854494 34.83427602793879 -3.1292956220060955 0.55 0.55 0.55
v -9.302280820239616 34.83503518635917 -5.4577580064317175 0.55 0.55 0.55
v -9.605395839862112 32.27613830214011 -5.722281853330286 0.55 0.55 0.55
v -9.605395839862112 32.27613830214011 -5.722281853330286 0.55 0.55 0.55
v -9.302280820239616 34.83503518635917 -5.4577580064317175 0.55 0.55 0.55
v -7.825379668119676 34.8349667379205 -7.455272241289556 0.55 0.55 0.55
v -8.075093729390417 32.27821551325572 -7.769559977996121 0.55 0.55 0.55
v -8.075093729390417 32.27821551325572 -7.769559977996121 0.55 0.55 0.55
v -7.825379668119676 34.8349667379205 -7.455272241289556 0.55 0.55 0.55
v -5.801933669931098 35.14260534502677 -9.073184143204069 0.55 0.55 0.55
v -5.973254759239088 32.55770018175814 -9.40179655372184 0.55 0.55 0.55
v -5.973254759239088 32.55770018175814 -9.40179655372184 0.55 0.55 0.55
v -5.801933669931098 35.14260534502677 -9.073184143204069 0.55 0.55 0.55
v -3.281380420550575 34.494042504835406 -9.811723916782007 0.55 0.55 0.55
v -3.3650114463614273 31.931702004456294 -10.291474126650874 0.55 0.55 0.55
v -3.3650114463614273 31.931702004456294 -10.291474126650874 0.55 0.55 0.55
v -3.281380420550575 34.494042504835406 -9.811723916782007 0.55 0.55 0.55
v -0.8466180919452574 34.839604219156385 -10.747136402578063 0.55 0.55 0.55
v -0.8254383494210754 32.28415054276221 -11.142582680147603 0.55 0.55 0.55
v -0.8254383494210754 32.28415054276221 -11.142582680147603 0.55 0.55 0.55
v -0.8466180919452574 34.839604219156385 -10.747136402578063 0.55 0.55 0.55
v 1.7612857314975667 35.00390862836061 -10.153592630305296 0.55 0.55 0.55
v 1.8879849259913724 32.434238715895575 -10.586441018548259 0.55 0.55 0.55
v 1.8879849259913724 32.434238715895575 -10.586441018548259 0.55 0.55 0.55
v 1.7612857314975667 35.00390862836061 -10.153592630305296 0.55 0.55 0.55
v 4.273316169533155 35.34825823219911 -9.849688116397447 0.55 0.55 0.55
v 4.460931948848353 32.79911937474607 -10.15531516741102 0.55 0.55 0.55
v 4.460931948848353 32.79911937474607 -10.15531516741102 0.55 0.55 0.55
v 4.273316169533155 35.34825823219911 -9.849688116397447 0.55 0.55 0.55
v 6.771055167819018 34.85653862256604 -8.379060210185045 0.55 0.55 0.55
v 7.112565844408911 32.2791190085957 -8.612685726768845 0.55 0.55 0.55
v 7.112565844408911 32.2791190085957 -8.612685726768845 0.55 0.55 0.55
v 6.771055167819018 34.85653862256604 -8.379060210185045 0.55 0.55 0.55
v 8.518741297762405 34.826494332596496 -6.601554132263377 0.55 0.55 0.55
v 8.902291127688121 32.26645911100444 -6.748851745963349 0.55 0.55 0.55
v 8.902291127688121 32.26645911100444 -6.748851745963349 0.55 0.55 0.55
v 8.518741297762405 34.826494332596496 -6.601554132263377 0.55 0.55 0.55
v 9.79770091278773 34.839334279523754 -4.53026034295548 0.55 0.55 0.55
v 10.175854115312909 32.2832912344269 -4.650419238410385 0.55 0.55 0.55
v 10.175854115312909 32.2832912344269 -4.650419238410385 0.55 0.55 0.55
v 9.79770091278773 34.839334279523754 -4.53026034295548 0.55 0.55 0.55
v 10.586062920398499 34.84210087510812 -2.230937148431117 0.55 0.55 0.55
v 10.959181458959643 32.286724760965434 -2.3484995279609664 0.55 0.55 0.55
v 10.959181458959643 32.286724760965434 -2.3484995279609664 0.55 0.55 0.55
v 10.586062920398499 34.84210087510812 -2.230937148431117 0.55 0.55 0.55
v 10.708179444626516 34.840597837274274 1.2377865081577162 0.55 0.55 0.55
v 11.08953654338371 32.28548733154779 1.3569742765930826 0.55 0.55 0.55
v 10.708179444626516 34.840597837274274 1.2377865081577162 0.55 0.55 0.55
v 10.470384413416621 37.414535751693826 1.1575751445095892 0.55 0.55 0.55
v 9.93574226847403 37.41641679292531 3.5337290466579696 0.55 0.55 0.55
v 10.166307403564153 34.84282854657318 3.6142759798541544 0.55 0.55 0.55
v 10.166307403564153 34.84282854657318 3.6142759798541544 0.55 0.55 0.55
v 9.93574226847403 37.41641679292531 3.5337290466579696 0.55 0.55 0.55
v 8.89015542780366 37.41248664570048 5.714129554051784 0.55 0.55 0.55
v 9.119187140793949 34.83422757064045 5.806406873551811 0.55 0.55 0.55
v 9.119187140793949 34.83422757064045 5.806406873551811 0.55 0.55 0.55
v 8.89015542780366 37.41248664570048 5.714129554051784 0.55 0.55 0.55
v 7.33128764072426 37.402694128929014 7.569905063640495 0.55 0.55 0.55
v 7.554451746099082 34.81581000141754 7.7010673756580035 0.55 0.55 0.55
v 7.554451746099082 34.81581000141754 7.7010673756580035 0.55 0.55 0.55
v 7.33128764072426 37.402694128929014 7.569905063640495 0.55 0.55 0.55
v 5.123157522670099 37.45440626514188 9.199778868417072 0.55 0.55 0.55
v 5.311598354991224 34.86603219530213 9.369823772659009 0.55 0.55 0.55
v 5.311598354991224 34.86603219530213 9.369823772659009 0.55 0.55 0.55
v 5.123157522670099 37.45440626514188 9.199778868417072 0.55 0.55 0.55
v 2.6867300205218174 37.40869384095845 10.194389345090766 0.55 0.55 0.55
v 2.7899896510752336 34.8307516555704 10.420029002993001 0.55 0.55 0.55
v 2.7899896510752336 34.8307516555704 10.420029002993001 0.55 0.55 0.55
v 2.6867300205218174 37.40869384095845 10.194389345090766 0.55 0.55 0.55
v 0.1421863164057023 37.41583528231315 10.568262962468514 0.55 0.55 0.55
v 0.18278042567486932 34.83597092889939 10.811185176655226 0.55 0.55 0.55
v 0.18278042567486932 34.83597092889939 10.811185176655226 0.55 0.55 0.55
v 0.1421863164057023 37.41583528231315 10.568262962468514 0.55 0.55 0.55
v -2.3222903111569604 37.05147837358519 10.318210128179643 0.55 0.55 0.55
v -2.3350970326878064 34.50328486423864 10.591413075123672 0.55 0.55 0.55
v -2.3350970326878064 34.50328486423864 10.591413075123672 0.55 0.55 0.55
v -2.3222903111569604 37.05147837358519 10.318210128179643 0.55 0.55 0.55
v -4.736409247973424 37.78224859101404 9.39700570867261 0.55 0.55 0.55
v -4.776271716192737 35.1778793513207 9.616651354129528 0.55 0.55 0.55
v -4.776271716192737 35.1778793513207 9.616651354129528 0.55 0.55 0.55
v -4.736409247973424 37.78224859101404 9.39700570867261 0.55 0.55 0.55
v -6.863356228879852 37.41521720692396 7.994051817644498 0.55 0.55 0.55
v -6.984439805890068 34.84061697660269 8.211235832950727 0.55 0.55 0.55
v -6.984439805890068 34.84061697660269 8.211235832950727 0.55 0.55 0.55
v -6.863356228879852 37.41521720692396 7.994051817644498 0.55 0.55 0.55
v -8.600388683704042 37.41555233312788 6.124512526272804 0.55 0.55 0.55
v -8.763905330786459 34.84197411172478 6.310625611524126 0.55 0.55 0.55
v -8.763905330786459 34.84197411172478 6.310625611524126 0.55 0.55 0.55
v -8.600388683704042 37.41555233312788 6.124512526272804 0.55 0.55 0.55
v -9.614625555879693 35.10095056225331 3.7279525880235416 0.55 0.55 0.55
v -9.989937697766434 32.53626829396648 3.978891724120419 0.55 0.55 0.55
v -9.989937697766434 32.53626829396648 3.978891724120419 0.0 0.0 0.0
v -9.614625555879693 35.10095056225331 3.7279525880235416 0.0 0.0 0.0
v -10.666239512691996 34.843990783969936 1.658909193136467 0.0 0.0 0.0
v -9.614625555879693 35.10095056225331 3.7279525880235416 0.0 0.0 0.0
v -9.410305446913483 37.69267464606014 3.580092242014552 0.0 0.0 0.0
v -10.666239512691996 34.843990783969936 1.658909193136467 0.0 0.0 0.0
v -8.600388683704042 37.41555233312788 6.124512526272804 1.0 1.0 1.0
v -9.410305446913483 37.69267464606014 3.580092242014552 1.0 1.0 1.0
v -9.614625555879693 35.10095056225331 3.7279525880235416 1.0 1.0 1.0
v -8.600388683704042 37.41555233312788 6.124512526272804 1.0 1.0 1.0
v -9.373150798274635 40.29609382554876 3.5661037826566115 1.0 1.0 1.0
v -9.410305446913483 37.69267464606014 3.580092242014552 1.0 1.0 1.0
v -9.410305446913483 37.69267464606014 3.580092242014552 0.55 0.55 0.55
v -9.373150798274635 40.29609382554876 3.5661037826566115 0.55 0.55 0.55
v -10.429457432339637 37.41746267164752 1.5715855059616008 0.55 0.55 0.55
v -10.666239512691996 34.843990783969936 1.658909193136467 0.55 0.55 0.55
v -10.666239512691996 34.843990783969936 1.658909193136467 0.55 0.55 0.55
v -10.429457432339637 37.41746267164752 1.5715855059616008 0.55 0.55 0.55
v -10.516277680234698 37.41792467519481 -0.6916102750879479 0.55 0.55 0.55
v -10.757712283242885 34.843716392337505 -0.7318483994953596 0.55 0.55 0.55
v -10.757712283242885 34.843716392337505 -0.7318483994953596 0.55 0.55 0.55
v -10.516277680234698 37.41792467519481 -0.6916102750879479 0.55 0.55 0.55
v -10.100983041677402 37.41072006214356 -2.9913241020153944 0.55 0.55 0.55
v -10.315625938854494 34.83427602793879 -3.1292956220060955 0.55 0.55 0.55
v -10.315625938854494 34.83427602793879 -3.1292956220060955 0.55 0.55 0.55
v -10.100983041677402 37.41072006214356 -2.9913241020153944 0.55 0.55 0.55
v -9.118457892356645 37.41288305457168 -5.281564206813391 0.55 0.55 0.55
v -9.302280820239616 34.83503518635917 -5.4577580064317175 0.55 0.55 0.55
v -9.302280820239616 34.83503518635917 -5.4577580064317175 0.55 0.55 0.55
v -9.118457892356645 37.41288305457168 -5.281564206813391 0.55 0.55 0.55
v -7.672603776087354 37.41075252425 -7.254561444538368 0.55 0.55 0.55
v -7.825379668119676 34.8349667379205 -7.455272241289556 0.55 0.55 0.55
v -7.825379668119676 34.8349667379205 -7.455272241289556 0.55 0.55 0.55
v -7.672603776087354 37.41075252425 -7.254561444538368 0.55 0.55 0.55
v -5.693304545589051 37.7448684301395 -8.88734260093665 0.55 0.55 0.55
v -5.801933669931098 35.14260534502677 -9.073184143204069 0.55 0.55 0.55
v -5.801933669931098 35.14260534502677 -9.073184143204069 0.55 0.55 0.55
v -5.693304545589051 37.7448684301395 -8.88734260093665 0.55 0.55 0.55
v -3.239321077827763 37.085778083113695 -9.522746051721999 0.55 0.55 0.55
v -3.281380420550575 34.494042504835406 -9.811723916782007 0.55 0.55 0.55
v -3.281380420550575 34.494042504835406 -9.811723916782007 0.55 0.55 0.55
v -3.239321077827763 37.085778083113695 -9.522746051721999 0.55 0.55 0.55
v -0.863028212482291 37.413643653466686 -10.499635458046205 0.55 0.55 0.55
v -0.8466180919452574 34.839604219156385 -10.747136402578063 0.55 0.55 0.55
v -0.8466180919452574 34.839604219156385 -10.747136402578063 0.55 0.55 0.55
v -0.863028212482291 37.413643653466686 -10.499635458046205 0.55 0.55 0.55
v 1.6730721746458428 37.60037971261689 -9.91462547094462 0.55 0.55 0.55
v 1.7612857314975667 35.00390862836061 -10.153592630305296 0.55 0.55 0.55
v 1.7612857314975667 35.00390862836061 -10.153592630305296 0.55 0.55 0.55
v 1.6730721746458428 37.60037971261689 -9.91462547094462 0.55 0.55 0.55
v 4.176674208300573 37.914056314151765 -9.667068471102073 0.55 0.55 0.55
v 4.273316169533155 35.34825823219911 -9.849688116397447 0.55 0.55 0.55
v 4.273316169533155 35.34825823219911 -9.849688116397447 0.55 0.55 0.55
v 4.176674208300573 37.914056314151765 -9.667068471102073 0.55 0.55 0.55
v 6.574162276872182 37.4547945381447 -8.219448702449274 0.55 0.55 0.55
v 6.771055167819018 34.85653862256604 -8.379060210185045 0.55 0.55 0.55
v 6.771055167819018 34.85653862256604 -8.379060210185045 0.55 0.55 0.55
v 6.574162276872182 37.4547945381447 -8.219448702449274 0.55 0.55 0.55
v 8.291272888045116 37.40716815251806 -6.493570227806005 0.55 0.55 0.55
v 8.518741297762405 34.826494332596496 -6.601554132263377 0.55 0.55 0.55
v 8.518741297762405 34.826494332596496 -6.601554132263377 0.55 0.55 0.55
v 8.291272888045116 37.40716815251806 -6.493570227806005 0.55 0.55 0.55
v 9.567663185993519 37.41428485594193 -4.443149921124952 0.55 0.55 0.55
v 9.79770091278773 34.839334279523754 -4.53026034295548 0.55 0.55 0.55
v 9.79770091278773 34.839334279523754 -4.53026034295548 0.55 0.55 0.55
v 9.567663185993519 37.41428485594193 -4.443149921124952 0.55 0.55 0.55
v 10.355717703283442 37.415702807580196 -2.1495222245719243 0.55 0.55 0.55
v 10.586062920398499 34.84210087510812 -2.230937148431117 0.55 0.55 0.55
v 10.586062920398499 34.84210087510812 -2.230937148431117 0.55 0.55 0.55
v 10.355717703283442 37.415702807580196 -2.1495222245719243 0.55 0.55 0.55
v 10.470384413416621 37.414535751693826 1.1575751445095892 0.55 0.55 0.55
v 10.708179444626516 34.840597837274274 1.2377865081577162 0.55 0.55 0.55
v 10.470384413416621 37.414535751693826 1.1575751445095892 0.55 0.55 0.55
v 10.387498548137124 39.99927741256681 1.1298796292568845 0.55 0.55 0.55
v 9.858202855757938 40.000293124217414 3.506228836334864 0.55 0.55 0.55
v 9.93574226847403 37.41641679292531 3.5337290466579696 0.55 0.55 0.55
v 9.93574226847403 37.41641679292531 3.5337290466579696 0.55 0.55 0.55
v 9.858202855757938 40.000293124217414 3.506228836334864 0.55 0.55 0.55
v 8.810871219811213 40.001217116904876 5.68019478084371 0.55 0.55 0.55
v 8.89015542780366 37.41248664570048 5.714129554051784 0.55 0.55 0.55
v 8.89015542780366 37.41248664570048 5.714129554051784 0.55 0.55 0.55
v 8.810871219811213 40.001217116904876 5.68019478084371 0.55 0.55 0.55
v 7.254889043041529 40.00105677897821 7.5227301756141305 0.55 0.55 0.55
v 7.33128764072426 37.402694128929014 7.569905063640495 0.55 0.55 0.55
v 7.33128764072426 37.402694128929014 7.569905063640495 0.55 0.55 0.55
v 7.254889043041529 40.00105677897821 7.5227301756141305 0.55 0.55 0.55
v 5.0456787946185475 40.053647666032816 9.155149636044587 0.55 0.55 0.55
v 5.123157522670099 37.45440626514188 9.199778868417072 0.55 0.55 0.55
v 5.123157522670099 37.45440626514188 9.199778868417072 0.55 0.55 0.55
v 5.0456787946185475 40.053647666032816 9.155149636044587 0.55 0.55 0.55
v 2.6503255886498156 39.99725839605988 10.118797471538278 0.55 0.55 0.55
v 2.6867300205218174 37.40869384095845 10.194389345090766 0.55 0.55 0.55
v 2.6867300205218174 37.40869384095845 10.194389345090766 0.55 0.55 0.55
v 2.6503255886498156 39.99725839605988 10.118797471538278 0.55 0.55 0.55
v 0.12641823105380548 40.006172701719386 10.48744628109148 0.55 0.55 0.55
v 0.1421863164057023 37.41583528231315 10.568262962468514 0.55 0.55 0.55
v 0.1421863164057023 37.41583528231315 10.568262962468514 0.55 0.55 0.55
v 0.12641823105380548 40.006172701719386 10.48744628109148 0.55 0.55 0.55
v -2.3177888454806017 39.61176776604154 10.204263342497145 0.55 0.55 0.55
v -2.3222903111569604 37.05147837358519 10.318210128179643 0.55 0.55 0.55
v -2.3222903111569604 37.05147837358519 10.318210128179643 0.0 0.0 0.0
v -2.3177888454806017 39.61176776604154 10.204263342497145 0.0 0.0 0.0
v -4.736409247973424 37.78224859101404 9.39700570867261 0.0 0.0 0.0
v -2.3177888454806017 39.61176776604154 10.204263342497145 0.0 0.0 0.0
v -2.320034176711779 42.17411409688984 10.256504097304191 0.0 0.0 0.0
v -4.736409247973424 37.78224859101404 9.39700570867261 0.0 0.0 0.0
v 0.12641823105380548 40.006172701719386 10.48744628109148 0.55 0.55 0.55
v 0.13941363168446022 42.596448194169994 10.57014907194981 0.55 0.55 0.55
v -2.320034176711779 42.17411409688984 10.256504097304191 0.55 0.55 0.55
v -2.3177888454806017 39.61176776604154 10.204263342497145 0.55 0.55 0.55
v 2.6503255886498156 39.99725839605988 10.118797471538278 0.55 0.55 0.55
v 2.683677797260205 42.5858643726223 10.194601655603432 0.55 0.55 0.55
v 0.13941363168446022 42.596448194169994 10.57014907194981 0.55 0.55 0.55
v 0.12641823105380548 40.006172701719386 10.48744628109148 0.55 0.55 0.55
v 5.0456787946185475 40.053647666032816 9.155149636044587 0.55 0.55 0.55
v 5.082030885181172 42.65259473447539 9.242472606512871 0.55 0.55 0.55
v 2.683677797260205 42.5858643726223 10.194601655603432 0.55 0.55 0.55
v 2.6503255886498156 39.99725839605988 10.118797471538278 0.55 0.55 0.55
v 7.254889043041529 40.00105677897821 7.5227301756141305 0.55 0.55 0.55
v 7.32951743360789 42.59943495454327 7.571825690816499 0.55 0.55 0.55
v 5.082030885181172 42.65259473447539 9.242472606512871 0.55 0.55 0.55
v 5.0456787946185475 40.053647666032816 9.155149636044587 0.55 0.55 0.55
v 8.810871219811213 40.001217116904876 5.68019478084371 0.55 0.55 0.55
v 8.888920839967382 42.589946926414754 5.716890643766783 0.55 0.55 0.55
v 7.32951743360789 42.59943495454327 7.571825690816499 0.55 0.55 0.55
v 7.254889043041529 40.00105677897821 7.5227301756141305 0.55 0.55 0.55
v 9.858202855757938 40.000293124217414 3.506228836334864 0.55 0.55 0.55
v 9.934735260852497 42.58415984209889 3.537209914287927 0.55 0.55 0.55
v 8.888920839967382 42.589946926414754 5.716890643766783 0.55 0.55 0.55
v 8.810871219811213 40.001217116904876 5.68019478084371 0.55 0.55 0.55
v 10.387498548137124 39.99927741256681 1.1298796292568845 0.55 0.55 0.55
v 10.469892094579583 42.58399066235521 1.1615605424526776 0.55 0.55 0.55
v 9.934735260852497 42.58415984209889 3.537209914287927 0.55 0.55 0.55
v 9.858202855757938 40.000293124217414 3.506228836334864 0.55 0.55 0.55
v 10.355717703283442 37.415702807580196 -2.1495222245719243 0.55 0.55 0.55
v 10.278881095486769 39.999593657315785 -2.1195144433027977 0.55 0.55 0.55
v 10.387498548137124 39.99927741256681 1.1298796292568845 0.55 0.55 0.55
v 10.470384413416621 37.414535751693826 1.1575751445095892 0.55 0.55 0.55
v 9.567663185993519 37.41428485594193 -4.443149921124952 0.55 0.55 0.55
v 9.489252610261422 39.9996395019393 -4.409552666943309 0.55 0.55 0.55
v 10.278881095486769 39.999593657315785 -2.1195144433027977 0.55 0.55 0.55
v 10.355717703283442 37.415702807580196 -2.1495222245719243 0.55 0.55 0.55
v 8.291272888045116 37.40716815251806 -6.493570227806005 0.55 0.55 0.55
v 8.217119934785964 39.99881280395903 -6.454280490100412 0.55 0.55 0.55
v 9.489252610261422 39.9996395019393 -4.409552666943309 0.55 0.55 0.55
v 9.567663185993519 37.41428485594193 -4.443149921124952 0.55 0.55 0.55
v 6.574162276872182 37.4547945381447 -8.219448702449274 0.55 0.55 0.55
v 6.515773938373593 40.06410219643821 -8.157483898092806 0.55 0.55 0.55
v 8.217119934785964 39.99881280395903 -6.454280490100412 0.55 0.55 0.55
v 8.291272888045116 37.40716815251806 -6.493570227806005 0.55 0.55 0.55
v 4.176674208300573 37.914056314151765 -9.667068471102073 1.0 1.0 1.0
v 6.515773938373593 40.06410219643821 -8.157483898092806 1.0 1.0 1.0
v 6.574162276872182 37.4547945381447 -8.219448702449274 1.0 1.0 1.0
v 4.176674208300573 37.914056314151765 -9.667068471102073 1.0 1.0 1.0
v 6.599383358422272 42.673004931607515 -8.20333813559543 1.0 1.0 1.0
v 6.515773938373593 40.06410219643821 -8.157483898092806 1.0 1.0 1.0
v 6.515773938373593 40.06410219643821 -8.157483898092806 0.55 0.55 0.55
v 6.599383358422272 42.673004931607515 -8.20333813559543 0.55 0.55 0.55
v 8.292819248862303 42.59044943885681 -6.491202637705118 0.55 0.55 0.55
v 8.217119934785964 39.99881280395903 -6.454280490100412 0.55 0.55 0.55
v 8.217119934785964 39.99881280395903 -6.454280490100412 0.55 0.55 0.55
v 8.292819248862303 42.59044943885681 -6.491202637705118 0.55 0.55 0.55
v 9.569155332187705 42.58498705918982 -4.440113303258395 0.55 0.55 0.55
v 9.489252610261422 39.9996395019393 -4.409552666943309 0.55 0.55 0.55
v 9.489252610261422 39.9996395019393 -4.409552666943309 0.55 0.55 0.55
v 9.569155332187705 42.58498705918982 -4.440113303258395 0.55 0.55 0.55
v 10.356787887870581 42.58349380044813 -2.145759825020705 0.55 0.55 0.55
v 10.278881095486769 39.999593657315785 -2.1195144433027977 0.55 0.55 0.55
v 10.278881095486769 39.999593657315785 -2.1195144433027977 0.55 0.55 0.55
v 10.356787887870581 42.58349380044813 -2.145759825020705 0.55 0.55 0.55
v 10.469892094579583 42.58399066235521 1.1615605424526776 0.55 0.55 0.55
v 10.387498548137124 39.99927741256681 1.1298796292568845 0.55 0.55 0.55
v 10.469892094579583 42.58399066235521 1.1615605424526776 0.55 0.55 0.55
v 10.70723506531229 45.15786933044334 1.245041867084227 0.55 0.55 0.55
v 10.164486632345742 45.157731061150116 3.620557387517634 0.55 0.55 0.55
v 9.934735260852497 42.58415984209889 3.537209914287927 0.55 0.55 0.55
v 9.934735260852497 42.58415984209889 3.537209914287927 0.55 0.55 0.55
v 10.164486632345742 45.157731061150116 3.620557387517634 0.55 0.55 0.55
v 9.11701697079421 45.16820942840432 5.8112228376993755 0.55 0.55 0.55
v 8.888920839967382 42.589946926414754 5.716890643766783 0.55 0.55 0.55
v 8.888920839967382 42.589946926414754 5.716890643766783 0.55 0.55 0.55
v 9.11701697079421 45.16820942840432 5.8112228376993755 0.55 0.55 0.55
v 7.55150682763892 45.186346747192 7.704335566795291 0.55 0.55 0.55
v 7.32951743360789 42.59943495454327 7.571825690816499 0.55 0.55 0.55
v 7.32951743360789 42.59943495454327 7.571825690816499 0.55 0.55 0.55
v 7.55150682763892 45.186346747192 7.704335566795291 0.55 0.55 0.55
v 5.228419127127073 45.24046404474671 9.453395499160415 0.55 0.55 0.55
v 5.082030885181172 42.65259473447539 9.242472606512871 0.55 0.55 0.55
v 5.082030885181172 42.65259473447539 9.242472606512871 0.55 0.55 0.55
v 5.228419127127073 45.24046404474671 9.453395499160415 0.55 0.55 0.55
v 2.784408313884788 45.1638818038489 10.420638778539894 0.55 0.55 0.55
v 2.683677797260205 42.5858643726223 10.194601655603432 0.55 0.55 0.55
v 2.683677797260205 42.5858643726223 10.194601655603432 0.55 0.55 0.55
v 2.784408313884788 45.1638818038489 10.420638778539894 0.55 0.55 0.55
v 0.17721165098938996 45.1762378587172 10.814053370326956 0.55 0.55 0.55
v 0.13941363168446022 42.596448194169994 10.57014907194981 0.55 0.55 0.55
v 0.13941363168446022 42.596448194169994 10.57014907194981 0.55 0.55 0.55
v 0.17721165098938996 45.1762378587172 10.814053370326956 0.55 0.55 0.55
v -2.3302501242489786 44.727980494445916 10.472292061099354 0.55 0.55 0.55
v -2.320034176711779 42.17411409688984 10.256504097304191 0.55 0.55 0.55
v -2.320034176711779 42.17411409688984 10.256504097304191 0.55 0.55 0.55
v -2.3302501242489786 44.727980494445916 10.472292061099354 0.55 0.55 0.55
v -4.748229004851823 40.395326071821806 9.3386204674137 0.55 0.55 0.55
v -4.736409247973424 37.78224859101404 9.39700570867261 0.55 0.55 0.55
v -4.736409247973424 37.78224859101404 9.39700570867261 0.55 0.55 0.55
v -4.748229004851823 40.395326071821806 9.3386204674137 0.55 0.55 0.55
v -6.8230748982852605 40.0004219780722 7.916908005615694 0.55 0.55 0.55
v -6.863356228879852 37.41521720692396 7.994051817644498 0.55 0.55 0.55
v -6.863356228879852 37.41521720692396 7.994051817644498 0.55 0.55 0.55
v -6.8230748982852605 40.0004219780722 7.916908005615694 0.55 0.55 0.55
v -8.545625973040272 39.99965293928648 6.057135415223375 0.55 0.55 0.55
v -8.600388683704042 37.41555233312788 6.124512526272804 0.55 0.55 0.55
v -8.600388683704042 37.41555233312788 6.124512526272804 0.0 0.0 0.0
v -8.545625973040272 39.99965293928648 6.057135415223375 0.0 0.0 0.0
v -9.373150798274635 40.29609382554876 3.5661037826566115 0.0 0.0 0.0
v -8.545625973040272 39.99965293928648 6.057135415223375 0.0 0.0 0.0
v -8.602571619571162 42.5837788997945 6.121765340914056 0.0 0.0 0.0
v -9.373150798274635 40.29609382554876 3.5661037826566115 0.0 0.0 0.0
v -6.8230748982852605 40.0004219780722 7.916908005615694 0.55 0.55 0.55
v -6.866058487513755 42.58564616839068 7.991906769643411 0.55 0.55 0.55
v -8.602571619571162 42.5837788997945 6.121765340914056 0.55 0.55 0.55
v -8.545625973040272 39.99965293928648 6.057135415223375 0.55 0.55 0.55
v -4.748229004851823 40.395326071821806 9.3386204674137 1.0 1.0 1.0
v -6.866058487513755 42.58564616839068 7.991906769643411 1.0 1.0 1.0
v -6.8230748982852605 40.0004219780722 7.916908005615694 1.0 1.0 1.0
v -4.748229004851823 40.395326071821806 9.3386204674137 1.0 1.0 1.0
v -6.989672156095713 45.160294896395335 8.207079354165074 1.0 1.0 1.0
v -6.866058487513755 42.58564616839068 7.991906769643411 1.0 1.0 1.0
v -6.866058487513755 42.58564616839068 7.991906769643411 0.55 0.55 0.55
v -6.989672156095713 45.160294896395335 8.207079354165074 0.55 0.55 0.55
v -8.76804770243828 45.1574249817354 6.305263636958645 0.55 0.55 0.55
v -8.602571619571162 42.5837788997945 6.121765340914056 0.55 0.55 0.55
v -8.602571619571162 42.5837788997945 6.121765340914056 0.55 0.55 0.55
v -8.76804770243828 45.1574249817354 6.305263636958645 0.55 0.55 0.55
v -9.497547392061254 42.893527266601176 3.695338993142489 0.55 0.55 0.55
v -9.373150798274635 40.29609382554876 3.5661037826566115 0.55 0.55 0.55
v -9.373150798274635 40.29609382554876 3.5661037826566115 0.55 0.55 0.55
v -9.497547392061254 42.893527266601176 3.695338993142489 0.55 0.55 0.55
v -10.347671725145911 40.001237994994554 1.535266801773717 0.55 0.55 0.55
v -10.429457432339637 37.41746267164752 1.5715855059616008 0.55 0.55 0.55
v -10.429457432339637 37.41746267164752 1.5715855059616008 0.55 0.55 0.55
v -10.347671725145911 40.001237994994554 1.535266801773717 0.55 0.55 0.55
v -10.432540116945518 40.00190891925033 -0.6766669782034354 0.55 0.55 0.55
v -10.516277680234698 37.41792467519481 -0.6916102750879479 0.55 0.55 0.55
v -10.516277680234698 37.41792467519481 -0.6916102750879479 0.55 0.55 0.55
v -10.432540116945518 40.00190891925033 -0.6766669782034354 0.55 0.55 0.55
v -10.031349762703709 39.99826220823839 -2.9364583242510207 0.55 0.55 0.55
v -10.100983041677402 37.41072006214356 -2.9913241020153944 0.55 0.55 0.55
v -10.100983041677402 37.41072006214356 -2.9913241020153944 0.55 0.55 0.55
v -10.031349762703709 39.99826220823839 -2.9364583242510207 0.55 0.55 0.55
v -9.057848395064292 40.001887688966065 -5.220584159421902 0.55 0.55 0.55
v -9.118457892356645 37.41288305457168 -5.281564206813391 0.55 0.55 0.55
v -9.118457892356645 37.41288305457168 -5.281564206813391 0.55 0.55 0.55
v -9.057848395064292 40.001887688966065 -5.220584159421902 0.55 0.55 0.55
v -7.6213181725055446 39.997505301797375 -7.1865310701375105 0.55 0.55 0.55
v -7.672603776087354 37.41075252425 -7.254561444538368 0.55 0.55 0.55
v -7.672603776087354 37.41075252425 -7.254561444538368 0.0 0.0 0.0
v -7.6213181725055446 39.997505301797375 -7.1865310701375105 0.0 0.0 0.0
v -5.693304545589051 37.7448684301395 -8.88734260093665 0.0 0.0 0.0
v -7.6213181725055446 39.997505301797375 -7.1865310701375105 0.0 0.0 0.0
v -7.66980968360693 42.58426355201756 -7.256673974588304 0.0 0.0 0.0
v -5.693304545589051 37.7448684301395 -8.88734260093665 0.0 0.0 0.0
v -9.057848395064292 40.001887688966065 -5.220584159421902 0.55 0.55 0.55
v -9.117028112463219 42.59083398084892 -5.285152436959484 0.55 0.55 0.55
v -7.66980968360693 42.58426355201756 -7.256673974588304 0.55 0.55 0.55
v -7.6213181725055446 39.997505301797375 -7.1865310701375105 0.55 0.55 0.55
v -10.031349762703709 39.99826220823839 -2.9364583242510207 0.55 0.55 0.55
v -10.099588141184427 42.58577632798442 -2.9945082896492394 0.55 0.55 0.55
v -9.117028112463219 42.59083398084892 -5.285152436959484 0.55 0.55 0.55
v -9.057848395064292 40.001887688966065 -5.220584159421902 0.55 0.55 0.55
v -10.432540116945518 40.00190891925033 -0.6766669782034354 0.55 0.55 0.55
v -10.516345008371603 42.58586161436155 -0.6947267890551317 0.55 0.55 0.55
v -10.099588141184427 42.58577632798442 -2.9945082896492394 0.55 0.55 0.55
v -10.031349762703709 39.99826220823839 -2.9364583242510207 0.55 0.55 0.55
v -10.347671725145911 40.001237994994554 1.535266801773717 0.55 0.55 0.55
v -10.429942226762412 42.58504513977338 1.5684882035120815 0.55 0.55 0.55
v -10.516345008371603 42.58586161436155 -0.6947267890551317 0.55 0.55 0.55
v -10.432540116945518 40.00190891925033 -0.6766669782034354 0.55 0.55 0.55
v -9.497547392061254 42.893527266601176 3.695338993142489 1.0 1.0 1.0
v -10.429942226762412 42.58504513977338 1.5684882035120815 1.0 1.0 1.0
v -10.347671725145911 40.001237994994554 1.535266801773717 1.0 1.0 1.0
v -9.497547392061254 42.893527266601176 3.695338993142489 1.0 1.0 1.0
v -10.667355336095344 45.15856226107041 1.6524168776929353 1.0 1.0 1.0
v -10.429942226762412 42.58504513977338 1.5684882035120815 1.0 1.0 1.0
v -10.429942226762412 42.58504513977338 1.5684882035120815 0.55 0.55 0.55
v -10.667355336095344 45.15856226107041 1.6524168776929353 0.55 0.55 0.55
v -10.757945771798308 45.15997471524686 -0.7381282588370295 0.55 0.55 0.55
v -10.516345008371603 42.58586161436155 -0.6947267890551317 0.55 0.55 0.55
v -10.516345008371603 42.58586161436155 -0.6947267890551317 0.55 0.55 0.55
v -10.757945771798308 45.15997471524686 -0.7381282588370295 0.55 0.55 0.55
v -10.313009444582127 45.162161297650435 -3.1355956895506947 0.55 0.55 0.55
v -10.099588141184427 42.58577632798442 -2.9945082896492394 0.55 0.55 0.55
v -10.099588141184427 42.58577632798442 -2.9945082896492394 0.55 0.55 0.55
v -10.313009444582127 45.162161297650435 -3.1355956895506947 0.55 0.55 0.55
v -9.299318643888842 45.16856932175107 -5.464467797913685 0.55 0.55 0.55
v -9.117028112463219 42.59083398084892 -5.285152436959484 0.55 0.55 0.55
v -9.117028112463219 42.59083398084892 -5.285152436959484 0.55 0.55 0.55
v -9.299318643888842 45.16856932175107 -5.464467797913685 0.55 0.55 0.55
v -7.820313186899475 45.16002124441221 -7.459594955483188 0.55 0.55 0.55
v -7.66980968360693 42.58426355201756 -7.256673974588304 0.55 0.55 0.55
v -7.66980968360693 42.58426355201756 -7.256673974588304 0.55 0.55 0.55
v -7.820313186899475 45.16002124441221 -7.459594955483188 0.55 0.55 0.55
v -5.647487533111402 40.35525267190111 -8.856348645782507 0.55 0.55 0.55
v -5.693304545589051 37.7448684301395 -8.88734260093665 0.55 0.55 0.55
v -5.693304545589051 37.7448684301395 -8.88734260093665 0.55 0.55 0.55
v -5.647487533111402 40.35525267190111 -8.856348645782507 0.55 0.55 0.55
v -3.235292897235983 39.69251085573231 -9.435018003301185 0.55 0.55 0.55
v -3.239321077827763 37.085778083113695 -9.522746051721999 0.55 0.55 0.55
v -3.239321077827763 37.085778083113695 -9.522746051721999 0.55 0.55 0.55
v -3.235292897235983 39.69251085573231 -9.435018003301185 0.55 0.55 0.55
v -0.8685681863463391 39.9982502419391 -10.413414138583036 0.55 0.55 0.55
v -0.863028212482291 37.413643653466686 -10.499635458046205 0.55 0.55 0.55
v -0.863028212482291 37.413643653466686 -10.499635458046205 0.55 0.55 0.55
v -0.8685681863463391 39.9982502419391 -10.413414138583036 0.55 0.55 0.55
v 1.6335506851662975 40.20856853901778 -9.875088541825917 0.55 0.55 0.55
v 1.6730721746458428 37.60037971261689 -9.91462547094462 0.55 0.55 0.55
v 1.6730721746458428 37.60037971261689 -9.91462547094462 0.0 0.0 0.0
v 1.6335506851662975 40.20856853901778 -9.875088541825917 0.0 0.0 0.0
v 4.176674208300573 37.914056314151765 -9.667068471102073 0.0 0.0 0.0
v 1.6335506851662975 40.20856853901778 -9.875088541825917 0.0 0.0 0.0
v 1.6454809756067907 42.8124061744472 -10.03316232834437 0.0 0.0 0.0
v 4.176674208300573 37.914056314151765 -9.667068471102073 0.0 0.0 0.0
v -0.8685681863463391 39.9982502419391 -10.413414138583036 0.55 0.55 0.55
v -0.8600160401103398 42.58285317166772 -10.499592705376728 0.55 0.55 0.55
v 1.6454809756067907 42.8124061744472 -10.03316232834437 0.55 0.55 0.55
v 1.6335506851662975 40.20856853901778 -9.875088541825917 0.55 0.55 0.55
v -3.235292897235983 39.69251085573231 -9.435018003301185 0.55 0.55 0.55
v -3.265314181896516 42.29824717260495 -9.548909459952732 0.55 0.55 0.55
v -0.8600160401103398 42.58285317166772 -10.499592705376728 0.55 0.55 0.55
v -0.8685681863463391 39.9982502419391 -10.413414138583036 0.55 0.55 0.55
v -5.647487533111402 40.35525267190111 -8.856348645782507 1.0 1.0 1.0
v -3.265314181896516 42.29824717260495 -9.548909459952732 1.0 1.0 1.0
v -3.235292897235983 39.69251085573231 -9.435018003301185 1.0 1.0 1.0
v -5.647487533111402 40.35525267190111 -8.856348645782507 1.0 1.0 1.0
v -3.3285485275611633 44.888310017792044 -9.853121048292989 1.0 1.0 1.0
v -3.265314181896516 42.29824717260495 -9.548909459952732 1.0 1.0 1.0
v -3.265314181896516 42.29824717260495 -9.548909459952732 0.55 0.55 0.55
v -3.3285485275611633 44.888310017792044 -9.853121048292989 0.55 0.55 0.55
v -0.8407812079823506 45.15689421637625 -10.747009357755815 0.55 0.55 0.55
v -0.8600160401103398 42.58285317166772 -10.499592705376728 0.55 0.55 0.55
v -0.8600160401103398 42.58285317166772 -10.499592705376728 0.55 0.55 0.55
v -0.8407812079823506 45.15689421637625 -10.747009357755815 0.55 0.55 0.55
v 1.7049643208952365 45.39787808543402 -10.374739916096123 0.55 0.55 0.55
v 1.6454809756067907 42.8124061744472 -10.03316232834437 0.55 0.55 0.55
v 1.6454809756067907 42.8124061744472 -10.03316232834437 0.55 0.55 0.55
v 1.7049643208952365 45.39787808543402 -10.374739916096123 0.55 0.55 0.55
v 4.176403266436898 40.48751856957432 -9.616241943418206 0.55 0.55 0.55
v 4.176674208300573 37.914056314151765 -9.667068471102073 0.55 0.55 0.55
v 4.176674208300573 37.914056314151765 -9.667068471102073 0.55 0.55 0.55
v 4.176403266436898 40.48751856957432 -9.616241943418206 0.55 0.55 0.55
v 6.8206829260502415 45.27019817276901 -8.345117724381618 0.55 0.55 0.55
v 6.599383358422272 42.673004931607515 -8.20333813559543 0.55 0.55 0.55
v 6.599383358422272 42.673004931607515 -8.20333813559543 0.55 0.55 0.55
v 6.8206829260502415 45.27019817276901 -8.345117724381618 0.55 0.55 0.55
v 8.521394118666798 45.17110056436906 -6.597460043865307 0.55 0.55 0.55
v 8.292819248862303 42.59044943885681 -6.491202637705118 0.55 0.55 0.55
v 8.292819248862303 42.59044943885681 -6.491202637705118 0.55 0.55 0.55
v 8.521394118666798 45.17110056436906 -6.597460043865307 0.55 0.55 0.55
v 9.800344849745745 45.15991775203108 -4.5247854986838485 0.55 0.55 0.55
v 9.569155332187705 42.58498705918982 -4.440113303258395 0.55 0.55 0.55
v 9.569155332187705 42.58498705918982 -4.440113303258395 0.55 0.55 0.55
v 9.800344849745745 45.15991775203108 -4.5247854986838485 0.55 0.55 0.55
v 10.588018133783848 45.157112941226174 -2.224089163377647 0.55 0.55 0.55
v 10.356787887870581 42.58349380044813 -2.145759825020705 0.55 0.55 0.55
v 10.356787887870581 42.58349380044813 -2.145759825020705 0.55 0.55 0.55
v 10.588018133783848 45.157112941226174 -2.224089163377647 0.55 0.55 0.55
v 10.70723506531229 45.15786933044334 1.245041867084227 0.55 0.55 0.55
v 10.469892094579583 42.58399066235521 1.1615605424526776 0.55 0.55 0.55
v 10.70723506531229 45.15786933044334 1.245041867084227 0.55 0.55 0.55
v 11.088279643988955 47.71292969371823 1.366329885097418 0.55 0.55 0.55
v 10.537713226875344 47.713086545870794 3.7377523138457778 0.55 0.55 0.55
v 10.164486632345742 45.157731061150116 3.620557387517634 0.55 0.55 0.55
v 10.164486632345742 45.157731061150116 3.620557387517634 0.55 0.55 0.55
v 10.537713226875344 47.713086545870794 3.7377523138457778 0.55 0.55 0.55
v 9.494481724462384 47.72741672725275 5.938375897497852 0.55 0.55 0.55
v 9.11701697079421 45.16820942840432 5.8112228376993755 0.55 0.55 0.55
v 9.11701697079421 45.16820942840432 5.8112228376993755 0.55 0.55 0.55
v 9.494481724462384 47.72741672725275 5.938375897497852 0.55 0.55 0.55
v 7.934910337206179 47.75081037575915 7.8908395652015555 0.55 0.55 0.55
v 7.55150682763892 45.186346747192 7.704335566795291 0.55 0.55 0.55
v 7.55150682763892 45.186346747192 7.704335566795291 0.55 0.55 0.55
v 7.934910337206179 47.75081037575915 7.8908395652015555 0.55 0.55 0.55
v 5.481647988022159 47.808676200672515 9.774335006274608 0.55 0.55 0.55
v 5.228419127127073 45.24046404474671 9.453395499160415 0.55 0.55 0.55
v 5.228419127127073 45.24046404474671 9.453395499160415 0.55 0.55 0.55
v 5.481647988022159 47.808676200672515 9.774335006274608 0.55 0.55 0.55
v 2.940314559568732 47.72333636093765 10.783884543543637 0.55 0.55 0.55
v 2.784408313884788 45.1638818038489 10.420638778539894 0.55 0.55 0.55
v 2.784408313884788 45.1638818038489 10.420638778539894 0.55 0.55 0.55
v 2.940314559568732 47.72333636093765 10.783884543543637 0.55 0.55 0.55
v 0.23237420972791253 47.737594380770126 11.204525118331228 0.55 0.55 0.55
v 0.17721165098938996 45.1762378587172 10.814053370326956 0.55 0.55 0.55
v 0.17721165098938996 45.1762378587172 10.814053370326956 0.55 0.55 0.55
v 0.23237420972791253 47.737594380770126 11.204525118331228 0.55 0.55 0.55
v -2.3519009879771375 47.26452778597182 10.839713119346403 0.55 0.55 0.55
v -2.3302501242489786 44.727980494445916 10.472292061099354 0.55 0.55 0.55
v -2.3302501242489786 44.727980494445916 10.472292061099354 0.55 0.55 0.55
v -2.3519009879771375 47.26452778597182 10.839713119346403 0.55 0.55 0.55
v -4.8117367249926515 43.00614111626333 9.443698703130101 0.55 0.55 0.55
v -4.748229004851823 40.395326071821806 9.3386204674137 0.55 0.55 0.55
v -4.748229004851823 40.395326071821806 9.3386204674137 0.0 0.0 0.0
v -4.8117367249926515 43.00614111626333 9.443698703130101 0.0 0.0 0.0
v -6.989672156095713 45.160294896395335 8.207079354165074 0.0 0.0 0.0
v -4.8117367249926515 43.00614111626333 9.443698703130101 0.0 0.0 0.0
v -4.92741404803888 45.60436657750321 9.703667096303608 0.0 0.0 0.0
v -6.989672156095713 45.160294896395335 8.207079354165074 0.0 0.0 0.0
v -2.3519009879771375 47.26452778597182 10.839713119346403 1.0 1.0 1.0
v -4.92741404803888 45.60436657750321 9.703667096303608 1.0 1.0 1.0
v -4.8117367249926515 43.00614111626333 9.443698703130101 1.0 1.0 1.0
v -2.3519009879771375 47.26452778597182 10.839713119346403 1.0 1.0 1.0
v -5.09367361594023 48.18229247819522 10.102401690384768 1.0 1.0 1.0
v -4.92741404803888 45.60436657750321 9.703667096303608 1.0 1.0 1.0
v -4.92741404803888 45.60436657750321 9.703667096303608 0.55 0.55 0.55
v -5.09367361594023 48.18229247819522 10.102401690384768 0.55 0.55 0.55
v -7.193384751558437 47.7163995114542 8.546509266167424 0.55 0.55 0.55
v -6.989672156095713 45.160294896395335 8.207079354165074 0.55 0.55 0.55
v -6.989672156095713 45.160294896395335 8.207079354165074 0.55 0.55 0.55
v -7.193384751558437 47.7163995114542 8.546509266167424 0.55 0.55 0.55
v -9.042049034197385 47.712745566099365 6.5880047554987495 0.55 0.55 0.55
v -8.76804770243828 45.1574249817354 6.305263636958645 0.55 0.55 0.55
v -8.76804770243828 45.1574249817354 6.305263636958645 0.55 0.55 0.55
v -9.042049034197385 47.712745566099365 6.5880047554987495 0.55 0.55 0.55
v -9.777906920244279 45.470505310920444 3.9395872140714 0.55 0.55 0.55
v -9.497547392061254 42.893527266601176 3.695338993142489 0.55 0.55 0.55
v -9.497547392061254 42.893527266601176 3.695338993142489 0.55 0.55 0.55
v -9.777906920244279 45.470505310920444 3.9395872140714 0.55 0.55 0.55
v -11.050597396980914 47.71388844910828 1.7533648119184848 0.55 0.55 0.55
v -10.667355336095344 45.15856226107041 1.6524168776929353 0.55 0.55 0.55
v -10.667355336095344 45.15856226107041 1.6524168776929353 0.55 0.55 0.55
v -11.050597396980914 47.71388844910828 1.7533648119184848 0.55 0.55 0.55
v -11.146300740248137 47.71603684321805 -0.790375146689448 0.55 0.55 0.55
v -10.757945771798308 45.15997471524686 -0.7381282588370295 0.55 0.55 0.55
v -10.757945771798308 45.15997471524686 -0.7381282588370295 0.55 0.55 0.55
v -11.146300740248137 47.71603684321805 -0.790375146689448 0.55 0.55 0.55
v -10.667424891469395 47.720277015183015 -3.318790313516373 0.55 0.55 0.55
v -10.313009444582127 45.162161297650435 -3.1355956895506947 0.55 0.55 0.55
v -10.313009444582127 45.162161297650435 -3.1355956895506947 0.55 0.55 0.55
v -10.667424891469395 47.720277015183015 -3.318790313516373 0.55 0.55 0.55
v -9.601134710297023 47.72734214254625 -5.731697867375954 0.55 0.55 0.55
v -9.299318643888842 45.16856932175107 -5.464467797913685 0.55 0.55 0.55
v -9.299318643888842 45.16856932175107 -5.464467797913685 0.55 0.55 0.55
v -9.601134710297023 47.72734214254625 -5.731697867375954 0.55 0.55 0.55
v -8.068025647772089 47.71674805279242 -7.775672597706816 0.55 0.55 0.55
v -7.820313186899475 45.16002124441221 -7.459594955483188 0.55 0.55 0.55
v -7.820313186899475 45.16002124441221 -7.459594955483188 0.55 0.55 0.55
v -8.068025647772089 47.71674805279242 -7.775672597706816 0.55 0.55 0.55
v -5.66385122992002 42.963032155994036 -8.98265583702065 0.55 0.55 0.55
v -5.647487533111402 40.35525267190111 -8.856348645782507 0.55 0.55 0.55
v -5.647487533111402 40.35525267190111 -8.856348645782507 0.0 0.0 0.0
v -5.66385122992002 42.963032155994036 -8.98265583702065 0.0 0.0 0.0
v -3.3285485275611633 44.888310017792044 -9.853121048292989 0.0 0.0 0.0
v -5.66385122992002 42.963032155994036 -8.98265583702065 0.0 0.0 0.0
v -5.743245214971446 45.5582211873985 -9.25770000955135 0.0 0.0 0.0
v -3.3285485275611633 44.888310017792044 -9.853121048292989 0.0 0.0 0.0
v -8.068025647772089 47.71674805279242 -7.775672597706816 1.0 1.0 1.0
v -5.743245214971446 45.5582211873985 -9.25770000955135 1.0 1.0 1.0
v -5.66385122992002 42.963032155994036 -8.98265583702065 1.0 1.0 1.0
v -8.068025647772089 47.71674805279242 -7.775672597706816 1.0 1.0 1.0
v -5.885085687720578 48.13336924636076 -9.665200244640362 1.0 1.0 1.0
v -5.743245214971446 45.5582211873985 -9.25770000955135 1.0 1.0 1.0
v -5.743245214971446 45.5582211873985 -9.25770000955135 0.55 0.55 0.55
v -5.885085687720578 48.13336924636076 -9.665200244640362 0.55 0.55 0.55
v -3.426690760146375 47.45174237500576 -10.327483910232974 0.55 0.55 0.55
v -3.3285485275611633 44.888310017792044 -9.853121048292989 0.55 0.55 0.55
v -3.3285485275611633 44.888310017792044 -9.853121048292989 0.55 0.55 0.55
v -3.426690760146375 47.45174237500576 -10.327483910232974 0.55 0.55 0.55
v -0.8171970955360081 47.71234593736002 -11.14242964849457 0.55 0.55 0.55
v -0.8407812079823506 45.15689421637625 -10.747009357755815 0.55 0.55 0.55
v -0.8407812079823506 45.15689421637625 -10.747009357755815 0.55 0.55 0.55
v -0.8171970955360081 47.71234593736002 -11.14242964849457 0.55 0.55 0.55
v 1.8012935396038394 47.95558321338491 -10.878786214943243 0.55 0.55 0.55
v 1.7049643208952365 45.39787808543402 -10.374739916096123 0.55 0.55 0.55
v 1.7049643208952365 45.39787808543402 -10.374739916096123 0.55 0.55 0.55
v 1.8012935396038394 47.95558321338491 -10.878786214943243 0.55 0.55 0.55
v 4.273627191026065 43.058249590857145 -9.698714010955669 0.55 0.55 0.55
v 4.176403266436898 40.48751856957432 -9.616241943418206 0.55 0.55 0.55
v 4.176403266436898 40.48751856957432 -9.616241943418206 0.0 0.0 0.0
v 4.273627191026065 43.058249590857145 -9.698714010955669 0.0 0.0 0.0
v 6.8206829260502415 45.27019817276901 -8.345117724381618 0.0 0.0 0.0
v 4.273627191026065 43.058249590857145 -9.698714010955669 0.0 0.0 0.0
v 4.464874227118832 45.61640524503994 -9.908949656407279 0.0 0.0 0.0
v 6.8206829260502415 45.27019817276901 -8.345117724381618 0.0 0.0 0.0
v 1.8012935396038394 47.95558321338491 -10.878786214943243 1.0 1.0 1.0
v 4.464874227118832 45.61640524503994 -9.908949656407279 1.0 1.0 1.0
v 4.273627191026065 43.058249590857145 -9.698714010955669 1.0 1.0 1.0
v 1.8012935396038394 47.95558321338491 -10.878786214943243 1.0 1.0 1.0
v 4.739467246708792 48.154558367364956 -10.236793013909383 1.0 1.0 1.0
v 4.464874227118832 45.61640524503994 -9.908949656407279 1.0 1.0 1.0
v 4.464874227118832 45.61640524503994 -9.908949656407279 0.55 0.55 0.55
v 4.739467246708792 48.154558367364956 -10.236793013909383 0.55 0.55 0.55
v 7.18664154503879 47.8458468063803 -8.558809846693505 0.55 0.55 0.55
v 6.8206829260502415 45.27019817276901 -8.345117724381618 0.55 0.55 0.55
v 6.8206829260502415 45.27019817276901 -8.345117724381618 0.55 0.55 0.55
v 7.18664154503879 47.8458468063803 -8.558809846693505 0.55 0.55 0.55
v 8.90526846718521 47.73113172769432 -6.744022469521349 0.55 0.55 0.55
v 8.521394118666798 45.17110056436906 -6.597460043865307 0.55 0.55 0.55
v 8.521394118666798 45.17110056436906 -6.597460043865307 0.55 0.55 0.55
v 8.90526846718521 47.73113172769432 -6.744022469521349 0.55 0.55 0.55
v 10.17922444265051 47.71592920639187 -4.643358252240261 0.55 0.55 0.55
v 9.800344849745745 45.15991775203108 -4.5247854986838485 0.55 0.55 0.55
v 9.800344849745745 45.15991775203108 -4.5247854986838485 0.55 0.55 0.55
v 10.17922444265051 47.71592920639187 -4.643358252240261 0.55 0.55 0.55
v 10.961703776491243 47.71249904526697 -2.339638726248309 0.55 0.55 0.55
v 10.588018133783848 45.157112941226174 -2.224089163377647 0.55 0.55 0.55
v 10.588018133783848 45.157112941226174 -2.224089163377647 0.55 0.55 0.55
v 10.961703776491243 47.71249904526697 -2.339638726248309 0.55 0.55 0.55
v 11.088279643988955 47.71292969371823 1.366329885097418 0.55 0.55 0.55
v 10.70723506531229 45.15786933044334 1.245041867084227 0.55 0.55 0.55
v 11.088279643988955 47.71292969371823 1.366329885097418 0.55 0.55 0.55
v 11.596790569409366 50.24467539453337 1.5083275674817893 0.55 0.55 0.55
v 11.041220084500523 50.2452759104263 3.8698231878607503 0.55 0.55 0.55
v 10.537713226875344 47.713086545870794 3.7377523138457778 0.55 0.55 0.55
v 10.537713226875344 47.713086545870794 3.7377523138457778 0.55 0.55 0.55
v 11.041220084500523 50.2452759104263 3.8698231878607503 0.55 0.55 0.55
v 10.016202176690518 50.261088583308805 6.068302525478705 0.55 0.55 0.55
v 9.494481724462384 47.72741672725275 5.938375897497852 0.55 0.55 0.55
v 9.494481724462384 47.72741672725275 5.938375897497852 0.55 0.55 0.55
v 10.016202176690518 50.261088583308805 6.068302525478705 0.55 0.55 0.55
v 8.51331104338961 50.279930759881154 8.053027192102206 0.55 0.55 0.55
v 7.934910337206179 47.75081037575915 7.8908395652015555 0.55 0.55 0.55
v 7.934910337206179 47.75081037575915 7.8908395652015555 0.0 1.0 0.0
v 8.51331104338961 50.279930759881154 8.053027192102206 0.0 1.0 0.0
v 7.037658880645476 52.04272068969168 9.779598608195649 0.0 1.0 0.0
v 5.824447098027869 50.35100933362653 10.19259820954499 0.0 1.0 0.0
v 5.481647988022159 47.808676200672515 9.774335006274608 0.0 1.0 0.0
v 5.481647988022159 47.808676200672515 9.774335006274608 0.55 0.55 0.55
v 5.824447098027869 50.35100933362653 10.19259820954499 0.55 0.55 0.55
v 3.1296403529236754 50.25958213945533 11.272243421352334 0.55 0.55 0.55
v 2.940314559568732 47.72333636093765 10.783884543543637 0.55 0.55 0.55
v 2.940314559568732 47.72333636093765 10.783884543543637 0.55 0.55 0.55
v 3.1296403529236754 50.25958213945533 11.272243421352334 0.55 0.55 0.55
v 0.29465546470876974 50.27569784654211 11.724348825006428 0.55 0.55 0.55
v 0.23237420972791253 47.737594380770126 11.204525118331228 0.55 0.55 0.55
v 0.23237420972791253 47.737594380770126 11.204525118331228 0.55 0.55 0.55
v 0.29465546470876974 50.27569784654211 11.724348825006428 0.55 0.55 0.55
v -2.38685200834892 49.77797913201178 11.341110714086726 0.55 0.55 0.55
v -2.3519009879771375 47.26452778597182 10.839713119346403 0.55 0.55 0.55
v -2.3519009879771375 47.26452778597182 10.839713119346403 0.55 0.55 0.55
v -2.38685200834892 49.77797913201178 11.341110714086726 0.55 0.55 0.55
v -5.306680054989572 50.73582012810304 10.619215229203768 0.55 0.55 0.55
v -5.09367361594023 48.18229247819522 10.102401690384768 0.55 0.55 0.55
v -5.09367361594023 48.18229247819522 10.102401690384768 0.55 0.55 0.55
v -5.306680054989572 50.73582012810304 10.619215229203768 0.55 0.55 0.55
v -7.471575747890111 50.249191603105054 8.991673923793401 0.55 0.55 0.55
v -7.193384751558437 47.7163995114542 8.546509266167424 0.55 0.55 0.55
v -7.193384751558437 47.7163995114542 8.546509266167424 0.55 0.55 0.55
v -7.471575747890111 50.249191603105054 8.991673923793401 0.55 0.55 0.55
v -9.417437273505781 50.24501462249747 6.950560374700766 0.55 0.55 0.55
v -9.042049034197385 47.712745566099365 6.5880047554987495 0.55 0.55 0.55
v -9.042049034197385 47.712745566099365 6.5880047554987495 0.55 0.55 0.55
v -9.417437273505781 50.24501462249747 6.950560374700766 0.55 0.55 0.55
v -10.20281743775964 48.01906937919651 4.262103030991274 0.55 0.55 0.55
v -9.777906920244279 45.470505310920444 3.9395872140714 0.55 0.55 0.55
v -9.777906920244279 45.470505310920444 3.9395872140714 0.55 0.55 0.55
v -10.20281743775964 48.01906937919651 4.262103030991274 0.55 0.55 0.55
v -11.562525726349907 50.24622779564907 1.8640378260865684 0.55 0.55 0.55
v -11.050597396980914 47.71388844910828 1.7533648119184848 0.55 0.55 0.55
v -11.050597396980914 47.71388844910828 1.7533648119184848 0.55 0.55 0.55
v -11.562525726349907 50.24622779564907 1.8640378260865684 0.55 0.55 0.55
v -11.663781611331924 50.24905387052625 -0.8481701504772359 0.55 0.55 0.55
v -11.146300740248137 47.71603684321805 -0.790375146689448 0.55 0.55 0.55
v -11.146300740248137 47.71603684321805 -0.790375146689448 0.55 0.55 0.55
v -11.663781611331924 50.24905387052625 -0.8481701504772359 0.55 0.55 0.55
v -11.147833850648547 50.255432801985265 -3.5323671803385692 0.55 0.55 0.55
v -10.667424891469395 47.720277015183015 -3.318790313516373 0.55 0.55 0.55
v -10.667424891469395 47.720277015183015 -3.318790313516373 0.55 0.55 0.55
v -11.147833850648547 50.255432801985265 -3.5323671803385692 0.55 0.55 0.55
v -10.012388677017787 50.262628564549246 -6.067675732061199 0.55 0.55 0.55
v -9.601134710297023 47.72734214254625 -5.731697867375954 0.55 0.55 0.55
v -9.601134710297023 47.72734214254625 -5.731697867375954 0.55 0.55 0.55
v -10.012388677017787 50.262628564549246 -6.067675732061199 0.55 0.55 0.55
v -8.404507041583123 50.249715677617516 -8.18697338521163 0.55 0.55 0.55
v -8.068025647772089 47.71674805279242 -7.775672597706816 0.55 0.55 0.55
v -8.068025647772089 47.71674805279242 -7.775672597706816 0.55 0.55 0.55
v -8.404507041583123 50.249715677617516 -8.18697338521163 0.55 0.55 0.55
v -6.0834756052143755 50.6844277459689 -10.185761553803163 0.55 0.55 0.55
v -5.885085687720578 48.13336924636076 -9.665200244640362 0.55 0.55 0.55
v -5.885085687720578 48.13336924636076 -9.665200244640362 0.55 0.55 0.55
v -6.0834756052143755 50.6844277459689 -10.185761553803163 0.55 0.55 0.55
v -3.5583523987162744 49.983567503738094 -10.94294565789484 0.55 0.55 0.55
v -3.426690760146375 47.45174237500576 -10.327483910232974 0.55 0.55 0.55
v -3.426690760146375 47.45174237500576 -10.327483910232974 0.55 0.55 0.55
v -3.5583523987162744 49.983567503738094 -10.94294565789484 0.55 0.55 0.55
v -0.7943045414719463 50.2444052490786 -11.667328763150458 0.55 0.55 0.55
v -0.8171970955360081 47.71234593736002 -11.14242964849457 0.55 0.55 0.55
v -0.8171970955360081 47.71234593736002 -11.14242964849457 0.55 0.55 0.55
v -0.7943045414719463 50.2444052490786 -11.667328763150458 0.55 0.55 0.55
v 1.9171264835564057 50.48172522735079 -11.519926629777677 0.55 0.55 0.55
v 1.8012935396038394 47.95558321338491 -10.878786214943243 0.55 0.55 0.55
v 1.8012935396038394 47.95558321338491 -10.878786214943243 0.55 0.55 0.55
v 1.9171264835564057 50.48172522735079 -11.519926629777677 0.55 0.55 0.55
v 5.057104505755976 50.66915137860513 -10.682740814581164 0.55 0.55 0.55
v 4.739467246708792 48.154558367364956 -10.236793013909383 0.55 0.55 0.55
v 4.739467246708792 48.154558367364956 -10.236793013909383 0.0 1.0 0.0
v 5.057104505755976 50.66915137860513 -10.682740814581164 0.0 1.0 0.0
v 6.680558120554528 52.10806245163339 -10.098545437940228 0.0 1.0 0.0
v 7.748509280489666 50.38391483130384 -8.772736664303064 0.0 1.0 0.0
v 7.18664154503879 47.8458468063803 -8.558809846693505 0.0 1.0 0.0
v 7.18664154503879 47.8458468063803 -8.558809846693505 0.55 0.55 0.55
v 7.748509280489666 50.38391483130384 -8.772736664303064 0.55 0.55 0.55
v 9.456543871335198 50.26051995309606 -6.884653455816803 0.55 0.55 0.55
v 8.90526846718521 47.73113172769432 -6.744022469521349 0.55 0.55 0.55
v 8.90526846718521 47.73113172769432 -6.744022469521349 0.55 0.55 0.55
v 9.456543871335198 50.26051995309606 -6.884653455816803 0.55 0.55 0.55
v 10.696786050515694 50.24696005113646 -4.773684764362412 0.55 0.55 0.55
v 10.17922444265051 47.71592920639187 -4.643358252240261 0.55 0.55 0.55
v 10.17922444265051 47.71592920639187 -4.643358252240261 0.55 0.55 0.55
v 10.696786050515694 50.24696005113646 -4.773684764362412 0.55 0.55 0.55
v 11.4639613584395 50.24474107946618 -2.475735901678712 0.55 0.55 0.55
v 10.961703776491243 47.71249904526697 -2.339638726248309 0.55 0.55 0.55
v 10.961703776491243 47.71249904526697 -2.339638726248309 0.0 1.0 0.0
v 11.4639613584395 50.24474107946618 -2.475735901678712 0.0 1.0 0.0
v 11.531415987235533 50.22880469053803 -0.004481428478898477 0.0 1.0 0.0
v 11.596790569409366 50.24467539453337 1.5083275674817893 0.0 1.0 0.0
v 11.088279643988955 47.71292969371823 1.366329885097418 0.0 1.0 0.0
v 11.596790569409366 50.24467539453337 1.5083275674817893 0.55 0.55 0.55
v 12.213216824722807 52.751804113825756 1.6599740009682196 0.55 0.55 0.55
v 11.655428341814956 52.75257958832728 4.009781751955602 0.55 0.55 0.55
v 11.041220084500523 50.2452759104263 3.8698231878607503 0.55 0.55 0.55
v 11.041220084500523 50.2452759104263 3.8698231878607503 0.55 0.55 0.55
v 11.655428341814956 52.75257958832728 4.009781751955602 0.55 0.55 0.55
v 10.660840273502206 52.76655389425283 6.195422161066197 0.55 0.55 0.55
v 10.016202176690518 50.261088583308805 6.068302525478705 0.55 0.55 0.55
v 10.016202176690518 50.261088583308805 6.068302525478705 0.55 0.55 0.55
v 10.660840273502206 52.76655389425283 6.195422161066197 0.55 0.55 0.55
v 9.237306529579119 52.774977895862705 8.155158286690668 0.55 0.55 0.55
v 8.51331104338961 50.279930759881154 8.053027192102206 0.55 0.55 0.55
v 8.51331104338961 50.279930759881154 8.053027192102206 0.55 0.55 0.55
v 9.237306529579119 52.774977895862705 8.155158286690668 0.55 0.55 0.55
v 8.14375485376864 54.4737519603904 9.930496880711361 0.55 0.55 0.55
v 7.037658880645476 52.04272068969168 9.779598608195649 0.55 0.55 0.55
v 7.037658880645476 52.04272068969168 9.779598608195649 0.55 0.55 0.55
v 8.14375485376864 54.4737519603904 9.930496880711361 0.55 0.55 0.55
v 5.786453386759296 52.82119094238435 10.91569866720028 0.55 0.55 0.55
v 5.824447098027869 50.35100933362653 10.19259820954499 0.55 0.55 0.55
v 5.824447098027869 50.35100933362653 10.19259820954499 0.0 1.0 0.0
v 5.786453386759296 52.82119094238435 10.91569866720028 0.0 1.0 0.0
v 4.927582903895356 57.5025150446761 13.089221812724002 0.0 1.0 0.0
v 3.3172570021288275 52.771525419211315 11.874593940410506 0.0 1.0 0.0
v 3.1296403529236754 50.25958213945533 11.272243421352334 0.0 1.0 0.0
v 3.1296403529236754 50.25958213945533 11.272243421352334 0.55 0.55 0.55
v 3.3172570021288275 52.771525419211315 11.874593940410506 0.55 0.55 0.55
v 0.36151067192633485 52.789111253009565 12.352604302793468 0.55 0.55 0.55
v 0.29465546470876974 50.27569784654211 11.724348825006428 0.55 0.55 0.55
v 0.29465546470876974 50.27569784654211 11.724348825006428 0.55 0.55 0.55
v 0.36151067192633485 52.789111253009565 12.352604302793468 0.55 0.55 0.55
v -2.433275534597591 52.266103331703036 11.955413168599028 0.55 0.55 0.55
v -2.38685200834892 49.77797913201178 11.341110714086726 0.55 0.55 0.55
v -2.38685200834892 49.77797913201178 11.341110714086726 0.55 0.55 0.55
v -2.433275534597591 52.266103331703036 11.955413168599028 0.55 0.55 0.55
v -5.556694035468357 53.26437602553799 11.233595737132248 0.55 0.55 0.55
v -5.306680054989572 50.73582012810304 10.619215229203768 0.55 0.55 0.55
v -5.306680054989572 50.73582012810304 10.619215229203768 0.55 0.55 0.55
v -5.556694035468357 53.26437602553799 11.233595737132248 0.55 0.55 0.55
v -7.812203210893847 52.75712174827686 9.525693171312184 0.55 0.55 0.55
v -7.471575747890111 50.249191603105054 8.991673923793401 0.55 0.55 0.55
v -7.471575747890111 50.249191603105054 8.991673923793401 0.55 0.55 0.55
v -7.812203210893847 52.75712174827686 9.525693171312184 0.55 0.55 0.55
v -9.87873030305118 52.75263229625114 7.379254343843524 0.55 0.55 0.55
v -9.417437273505781 50.24501462249747 6.950560374700766 0.55 0.55 0.55
v -9.417437273505781 50.24501462249747 6.950560374700766 0.55 0.55 0.55
v -9.87873030305118 52.75263229625114 7.379254343843524 0.55 0.55 0.55
v -10.745003952126162 50.53813408254334 4.63789667751314 0.55 0.55 0.55
v -10.20281743775964 48.01906937919651 4.262103030991274 0.55 0.55 0.55
v -10.20281743775964 48.01906937919651 4.262103030991274 0.0 0.0 0.0
v -10.745003952126162 50.53813408254334 4.63789667751314 0.0 0.0 0.0
v -11.562525726349907 50.24622779564907 1.8640378260865684 0.0 0.0 0.0
v -10.745003952126162 50.53813408254334 4.63789667751314 0.0 0.0 0.0
v -11.382829838236562 53.027853265493505 5.057204563803609 0.0 0.0 0.0
v -11.562525726349907 50.24622779564907 1.8640378260865684 0.0 0.0 0.0
v -9.87873030305118 52.75263229625114 7.379254343843524 1.0 1.0 1.0
v -11.382829838236562 53.027853265493505 5.057204563803609 1.0 1.0 1.0
v -10.745003952126162 50.53813408254334 4.63789667751314 1.0 1.0 1.0
v -9.87873030305118 52.75263229625114 7.379254343843524 1.0 1.0 1.0
v -12.09197780817633 55.49233769264267 5.51058066679283 1.0 1.0 1.0
v -11.382829838236562 53.027853265493505 5.057204563803609 1.0 1.0 1.0
v -11.382829838236562 53.027853265493505 5.057204563803609 0.0 1.0 0.0
v -12.09197780817633 55.49233769264267 5.51058066679283 0.0 1.0 0.0
v -13.69433114346003 59.817352184518214 5.89173309502538 0.0 1.0 0.0
v -14.050144945401687 59.17038281397727 4.003129689055708 0.0 1.0 0.0
v -12.182019002214076 52.75387543739012 1.987907873107007 0.0 1.0 0.0
v -11.562525726349907 50.24622779564907 1.8640378260865684 0.0 1.0 0.0
v -11.562525726349907 50.24622779564907 1.8640378260865684 0.55 0.55 0.55
v -12.182019002214076 52.75387543739012 1.987907873107007 0.55 0.55 0.55
v -12.289532570234504 52.75741380961256 -0.9122589812230629 0.55 0.55 0.55
v -11.663781611331924 50.24905387052625 -0.8481701504772359 0.55 0.55 0.55
v -11.663781611331924 50.24905387052625 -0.8481701504772359 0.55 0.55 0.55
v -12.289532570234504 52.75741380961256 -0.9122589812230629 0.55 0.55 0.55
v -11.73279119303811 52.76598337487122 -3.774814392715253 0.55 0.55 0.55
v -11.147833850648547 50.255432801985265 -3.5323671803385692 0.55 0.55 0.55
v -11.147833850648547 50.255432801985265 -3.5323671803385692 0.55 0.55 0.55
v -11.73279119303811 52.76598337487122 -3.774814392715253 0.55 0.55 0.55
v -10.515133680275966 52.77305464449397 -6.461476446930494 0.55 0.55 0.55
v -10.012388677017787 50.262628564549246 -6.067675732061199 0.55 0.55 0.55
v -10.012388677017787 50.262628564549246 -6.067675732061199 0.55 0.55 0.55
v -10.515133680275966 52.77305464449397 -6.461476446930494 0.55 0.55 0.55
v -8.816497990861098 52.757962264876255 -8.674761393103324 0.55 0.55 0.55
v -8.404507041583123 50.249715677617516 -8.18697338521163 0.55 0.55 0.55
v -8.404507041583123 50.249715677617516 -8.18697338521163 0.55 0.55 0.55
v -8.816497990861098 52.757962264876255 -8.674761393103324 0.55 0.55 0.55
v -6.326269412561458 53.21069910554098 -10.800378089301727 0.55 0.55 0.55
v -6.0834756052143755 50.6844277459689 -10.185761553803163 0.55 0.55 0.55
v -6.0834756052143755 50.6844277459689 -10.185761553803163 0.55 0.55 0.55
v -6.326269412561458 53.21069910554098 -10.800378089301727 0.55 0.55 0.55
v -3.715935229354965 52.48467716675437 -11.668241653838422 0.55 0.55 0.55
v -3.5583523987162744 49.983567503738094 -10.94294565789484 0.55 0.55 0.55
v -3.5583523987162744 49.983567503738094 -10.94294565789484 0.55 0.55 0.55
v -3.715935229354965 52.48467716675437 -11.668241653838422 0.55 0.55 0.55
v -0.7725000578360239 52.75151537749139 -12.300886432945688 0.55 0.55 0.55
v -0.7943045414719463 50.2444052490786 -11.667328763150458 0.55 0.55 0.55
v -0.7943045414719463 50.2444052490786 -11.667328763150458 0.55 0.55 0.55
v -0.7725000578360239 52.75151537749139 -12.300886432945688 0.55 0.55 0.55
v 2.042823684466421 52.97747120418725 -12.26972761887173 0.55 0.55 0.55
v 1.9171264835564057 50.48172522735079 -11.519926629777677 0.55 0.55 0.55
v 1.9171264835564057 50.48172522735079 -11.519926629777677 0.55 0.55 0.55
v 2.042823684466421 52.97747120418725 -12.26972761887173 0.55 0.55 0.55
v 5.3295702380579835 53.153544990799624 -11.266633380192822 0.55 0.55 0.55
v 5.057104505755976 50.66915137860513 -10.682740814581164 0.55 0.55 0.55
v 5.057104505755976 50.66915137860513 -10.682740814581164 0.55 0.55 0.55
v 5.3295702380579835 53.153544990799624 -11.266633380192822 0.55 0.55 0.55
v 7.511621228038819 54.5877897421614 -10.500963536488849 0.55 0.55 0.55
v 6.680558120554528 52.10806245163339 -10.098545437940228 0.55 0.55 0.55
v 6.680558120554528 52.10806245163339 -10.098545437940228 0.0 1.0 0.0
v 7.511621228038819 54.5877897421614 -10.500963536488849 0.0 1.0 0.0
v 11.912630010422623 63.06138866718682 -10.873990931083206 0.0 1.0 0.0
v 8.614484590795263 52.84256665495313 -8.848329054368799 0.0 1.0 0.0
v 7.748509280489666 50.38391483130384 -8.772736664303064 0.0 1.0 0.0
v 7.748509280489666 50.38391483130384 -8.772736664303064 0.55 0.55 0.55
v 8.614484590795263 52.84256665495313 -8.848329054368799 0.55 0.55 0.55
v 10.150347082070898 52.755609353754174 -7.013855558596425 0.55 0.55 0.55
v 9.456543871335198 50.26051995309606 -6.884653455816803 0.55 0.55 0.55
v 9.456543871335198 50.26051995309606 -6.884653455816803 0.55 0.55 0.55
v 10.150347082070898 52.755609353754174 -7.013855558596425 0.55 0.55 0.55
v 11.330474379168384 52.751021260434015 -4.913317424078218 0.55 0.55 0.55
v 10.696786050515694 50.24696005113646 -4.773684764362412 0.55 0.55 0.55
v 10.696786050515694 50.24696005113646 -4.773684764362412 0.55 0.55 0.55
v 11.330474379168384 52.751021260434015 -4.913317424078218 0.55 0.55 0.55
v 12.075982481849799 52.75218174505151 -2.622948964019813 0.55 0.55 0.55
v 11.4639613584395 50.24474107946618 -2.475735901678712 0.55 0.55 0.55
v 11.4639613584395 50.24474107946618 -2.475735901678712 0.55 0.55 0.55
v 12.075982481849799 52.75218174505151 -2.622948964019813 0.55 0.55 0.55
v 12.351096087861322 52.929771561274215 -0.20970268591312222 0.55 0.55 0.55
v 11.531415987235533 50.22880469053803 -0.004481428478898477 0.55 0.55 0.55
v 11.531415987235533 50.22880469053803 -0.004481428478898477 0.55 0.55 0.55
v 12.351096087861322 52.929771561274215 -0.20970268591312222 0.55 0.55 0.55
v 12.213216824722807 52.751804113825756 1.6599740009682196 0.55 0.55 0.55
v 11.596790569409366 50.24467539453337 1.5083275674817893 0.55 0.55 0.55
v 12.213216824722807 52.751804113825756 1.6599740009682196 0.55 0.55 0.55
v 12.916226382907059 55.23574812789636 1.8177126986190197 0.55 0.55 0.55
v 12.356978332620514 55.236306886041916 4.160208623267839 0.55 0.55 0.55
v 11.655428341814956 52.75257958832728 4.009781751955602 0.55 0.55 0.55
v 11.655428341814956 52.75257958832728 4.009781751955602 0.55 0.55 0.55
v 12.356978332620514 55.236306886041916 4.160208623267839 0.55 0.55 0.55
v 11.391846708196535 55.24715261492318 6.343032465195248 0.55 0.55 0.55
v 10.660840273502206 52.76655389425283 6.195422161066197 0.55 0.55 0.55
v 10.660840273502206 52.76655389425283 6.195422161066197 0.55 0.55 0.55
v 11.391846708196535 55.24715261492318 6.343032465195248 0.55 0.55 0.55
v 10.03161252339404 55.24611994061211 8.305698729840001 0.55 0.55 0.55
v 9.237306529579119 52.774977895862705 8.155158286690668 0.55 0.55 0.55
v 9.237306529579119 52.774977895862705 8.155158286690668 0.55 0.55 0.55
v 10.03161252339404 55.24611994061211 8.305698729840001 0.55 0.55 0.55
v 9.190309043889751 56.9201295402291 10.235094766079973 0.55 0.55 0.55
v 8.14375485376864 54.4737519603904 9.930496880711361 0.55 0.55 0.55
v 8.14375485376864 54.4737519603904 9.930496880711361 0.0 1.0 0.0
v 9.190309043889751 56.9201295402291 10.235094766079973 0.0 1.0 0.0
v 8.620601490923368 59.56243067743188 12.01370368770586 0.0 1.0 0.0
v 6.338793672912446 55.303530346720876 11.432824382132338 0.0 1.0 0.0
v 5.786453386759296 52.82119094238435 10.91569866720028 0.0 1.0 0.0
v 5.786453386759296 52.82119094238435 10.91569866720028 0.55 0.55 0.55
v 6.338793672912446 55.303530346720876 11.432824382132338 0.55 0.55 0.55
v 5.416846169106565 60.22651917762262 14.049990902359777 0.55 0.55 0.55
v 4.927582903895356 57.5025150446761 13.089221812724002 0.55 0.55 0.55
v 4.927582903895356 57.5025150446761 13.089221812724002 0.55 0.55 0.55
v 5.416846169106565 60.22651917762262 14.049990902359777 0.55 0.55 0.55
v 3.5526706613926438 55.25990375867225 12.553012713911963 0.55 0.55 0.55
v 3.3172570021288275 52.771525419211315 11.874593940410506 0.55 0.55 0.55
v 3.3172570021288275 52.771525419211315 11.874593940410506 0.55 0.55 0.55
v 3.5526706613926438 55.25990375867225 12.553012713911963 0.55 0.55 0.55
v 0.44754842919610915 55.278993686015575 13.065845722429755 0.55 0.55 0.55
v 0.36151067192633485 52.789111253009565 12.352604302793468 0.55 0.55 0.55
v 0.36151067192633485 52.789111253009565 12.352604302793468 0.55 0.55 0.55
v 0.44754842919610915 55.278993686015575 13.065845722429755 0.55 0.55 0.55
v -2.4830664937788285 54.729334459101345 12.662846231760199 0.55 0.55 0.55
v -2.433275534597591 52.266103331703036 11.955413168599028 0.55 0.55 0.55
v -2.433275534597591 52.266103331703036 11.955413168599028 0.0 0.0 1.0
v -2.4830664937788285 54.729334459101345 12.662846231760199 0.0 0.0 1.0
v -4.323273027317354 56.62018898284616 12.927543836583043 0.0 0.0 1.0
v -5.556694035468357 53.26437602553799 11.233595737132248 0.0 0.0 1.0
v -4.323273027317354 56.62018898284616 12.927543836583043 0.0 0.0 0.0
v -3.977655881461063 59.04823153057148 14.008156705121644 0.0 0.0 0.0
v -5.556694035468357 53.26437602553799 11.233595737132248 0.0 0.0 0.0
v -2.4830664937788285 54.729334459101345 12.662846231760199 0.55 0.55 0.55
v -2.192069739761611 57.14606951274896 13.453084246718168 0.55 0.55 0.55
v -3.977655881461063 59.04823153057148 14.008156705121644 0.55 0.55 0.55
v -4.323273027317354 56.62018898284616 12.927543836583043 0.55 0.55 0.55
v 0.44754842919610915 55.278993686015575 13.065845722429755 0.55 0.55 0.55
v -0.12365315612393482 57.6514238877311 13.835768268837839 0.55 0.55 0.55
v -2.192069739761611 57.14606951274896 13.453084246718168 0.55 0.55 0.55
v -2.4830664937788285 54.729334459101345 12.662846231760199 0.55 0.55 0.55
v 3.5526706613926438 55.25990375867225 12.553012713911963 0.0 1.0 0.0
v 3.32789222859215 57.656078979920096 13.406884123411825 0.0 1.0 0.0
v 1.5658650207291849 58.57309207634904 14.286603174224492 0.0 1.0 0.0
v -0.12365315612393482 57.6514238877311 13.835768268837839 0.0 1.0 0.0
v 0.44754842919610915 55.278993686015575 13.065845722429755 0.0 1.0 0.0
v 5.416846169106565 60.22651917762262 14.049990902359777 1.0 1.0 1.0
v 3.32789222859215 57.656078979920096 13.406884123411825 1.0 1.0 1.0
v 3.5526706613926438 55.25990375867225 12.553012713911963 1.0 1.0 1.0
v 5.416846169106565 60.22651917762262 14.049990902359777 1.0 1.0 1.0
v 3.558717140953726 60.110088290746454 14.201693716759209 1.0 1.0 1.0
v 3.32789222859215 57.656078979920096 13.406884123411825 1.0 1.0 1.0
v 3.32789222859215 57.656078979920096 13.406884123411825 0.55 0.55 0.55
v 3.558717140953726 60.110088290746454 14.201693716759209 0.55 0.55 0.55
v 1.7422570933768664 61.16630987562561 15.285764135006096 0.55 0.55 0.55
v 1.5658650207291849 58.57309207634904 14.286603174224492 0.55 0.55 0.55
v 1.5658650207291849 58.57309207634904 14.286603174224492 0.55 0.55 0.55
v 1.7422570933768664 61.16630987562561 15.285764135006096 0.55 0.55 0.55
v -0.12534554806174306 60.10569687397117 14.668775257306478 0.55 0.55 0.55
v -0.12365315612393482 57.6514238877311 13.835768268837839 0.55 0.55 0.55
v -0.12365315612393482 57.6514238877311 13.835768268837839 0.55 0.55 0.55
v -0.12534554806174306 60.10569687397117 14.668775257306478 0.55 0.55 0.55
v -2.22004805741391 59.575412401375516 14.270478494788478 0.55 0.55 0.55
v -2.192069739761611 57.14606951274896 13.453084246718168 0.55 0.55 0.55
v -2.192069739761611 57.14606951274896 13.453084246718168 0.55 0.55 0.55
v -2.22004805741391 59.575412401375516 14.270478494788478 0.55 0.55 0.55
v -4.135848063892563 61.58110283920389 14.988960678386459 0.55 0.55 0.55
v -3.977655881461063 59.04823153057148 14.008156705121644 0.55 0.55 0.55
v -3.977655881461063 59.04823153057148 14.008156705121644 0.0 1.0 0.0
v -4.135848063892563 61.58110283920389 14.988960678386459 0.0 1.0 0.0
v -5.809704153718143 59.92308862947874 13.784493865349361 0.0 1.0 0.0
v -5.788923953425739 55.76763027330673 11.947070120640491 0.0 1.0 0.0
v -5.556694035468357 53.26437602553799 11.233595737132248 0.0 1.0 0.0
v -5.556694035468357 53.26437602553799 11.233595737132248 0.55 0.55 0.55
v -5.788923953425739 55.76763027330673 11.947070120640491 0.55 0.55 0.55
v -8.192420310896846 55.24112085200419 10.139045012923495 0.55 0.55 0.55
v -7.812203210893847 52.75712174827686 9.525693171312184 0.55 0.55 0.55
v -7.812203210893847 52.75712174827686 9.525693171312184 0.55 0.55 0.55
v -8.192420310896846 55.24112085200419 10.139045012923495 0.55 0.55 0.55
v -10.408622870746628 55.23699426070641 7.8610897444703705 0.55 0.55 0.55
v -9.87873030305118 52.75263229625114 7.379254343843524 0.55 0.55 0.55
v -9.87873030305118 52.75263229625114 7.379254343843524 0.0 0.0 0.0
v -10.408622870746628 55.23699426070641 7.8610897444703705 0.0 0.0 0.0
v -12.09197780817633 55.49233769264267 5.51058066679283 0.0 0.0 0.0
v -10.408622870746628 55.23699426070641 7.8610897444703705 0.0 0.0 0.0
v -10.974804775470067 57.69368193406837 8.396554611915688 0.0 0.0 0.0
v -12.09197780817633 55.49233769264267 5.51058066679283 0.0 0.0 0.0
v -8.192420310896846 55.24112085200419 10.139045012923495 0.0 1.0 0.0
v -8.499685362435141 57.69007479495588 10.888400571963528 0.0 1.0 0.0
v -9.910686919956326 57.49810642506134 9.91845674209065 0.0 1.0 0.0
v -10.974804775470067 57.69368193406837 8.396554611915688 0.0 1.0 0.0
v -10.408622870746628 55.23699426070641 7.8610897444703705 0.0 1.0 0.0
v -5.788923953425739 55.76763027330673 11.947070120640491 1.0 1.0 1.0
v -8.499685362435141 57.69007479495588 10.888400571963528 1.0 1.0 1.0
v -8.192420310896846 55.24112085200419 10.139045012923495 1.0 1.0 1.0
v -5.788923953425739 55.76763027330673 11.947070120640491 1.0 1.0 1.0
v -8.977771942779729 60.1406687842036 11.564607453834617 1.0 1.0 1.0
v -8.499685362435141 57.69007479495588 10.888400571963528 1.0 1.0 1.0
v -8.499685362435141 57.69007479495588 10.888400571963528 0.55 0.55 0.55
v -8.977771942779729 60.1406687842036 11.564607453834617 0.55 0.55 0.55
v -10.62639259546674 60.22670397295211 10.706464992021473 0.55 0.55 0.55
v -9.910686919956326 57.49810642506134 9.91845674209065 0.55 0.55 0.55
v -9.910686919956326 57.49810642506134 9.91845674209065 0.55 0.55 0.55
v -10.62639259546674 60.22670397295211 10.706464992021473 0.55 0.55 0.55
v -11.590002234349978 60.14362002446601 8.948457462293046 0.55 0.55 0.55
v -10.974804775470067 57.69368193406837 8.396554611915688 0.55 0.55 0.55
v -10.974804775470067 57.69368193406837 8.396554611915688 0.55 0.55 0.55
v -11.590002234349978 60.14362002446601 8.948457462293046 0.55 0.55 0.55
v -12.30269984742082 57.518786653685815 6.651338070834969 0.55 0.55 0.55
v -12.09197780817633 55.49233769264267 5.51058066679283 0.55 0.55 0.55
v -12.09197780817633 55.49233769264267 5.51058066679283 0.55 0.55 0.55
v -12.30269984742082 57.518786653685815 6.651338070834969 0.55 0.55 0.55
v -14.679602093292543 62.60496445785751 6.348036577212514 0.55 0.55 0.55
v -13.69433114346003 59.817352184518214 5.89173309502538 0.55 0.55 0.55
v -13.69433114346003 59.817352184518214 5.89173309502538 0.55 0.55 0.55
v -14.679602093292543 62.60496445785751 6.348036577212514 0.55 0.55 0.55
v -14.980595433505874 61.69068278208365 4.309950758305746 0.55 0.55 0.55
v -14.050144945401687 59.17038281397727 4.003129689055708 0.55 0.55 0.55
v -14.050144945401687 59.17038281397727 4.003129689055708 0.55 0.55 0.55
v -14.980595433505874 61.69068278208365 4.309950758305746 0.55 0.55 0.55
v -12.886683734909626 55.2380299714605 2.1308763649174423 0.55 0.55 0.55
v -12.182019002214076 52.75387543739012 1.987907873107007 0.55 0.55 0.55
v -12.182019002214076 52.75387543739012 1.987907873107007 0.0 1.0 0.0
v -12.886683734909626 55.2380299714605 2.1308763649174423 0.0 1.0 0.0
v -13.894318015370878 57.232675407444546 0.2818719546182623 0.0 1.0 0.0
v -13.611659836567675 57.50266508106377 -3.205478140279279 0.0 1.0 0.0
v -13.001400551323702 55.24244692743734 -0.9863510867266444 0.0 1.0 0.0
v -12.289532570234504 52.75741380961256 -0.9122589812230629 0.0 1.0 0.0
v -12.289532570234504 52.75741380961256 -0.9122589812230629 0.55 0.55 0.55
v -13.001400551323702 55.24244692743734 -0.9863510867266444 0.55 0.55 0.55
v -12.397127103935164 55.25280627881591 -4.054083805244459 0.55 0.55 0.55
v -11.73279119303811 52.76598337487122 -3.774814392715253 0.55 0.55 0.55
v -11.73279119303811 52.76598337487122 -3.774814392715253 0.55 0.55 0.55
v -12.397127103935164 55.25280627881591 -4.054083805244459 0.55 0.55 0.55
v -11.091248121241037 55.25995966917783 -6.901065380672519 0.55 0.55 0.55
v -10.515133680275966 52.77305464449397 -6.461476446930494 0.55 0.55 0.55
v -10.515133680275966 52.77305464449397 -6.461476446930494 0.55 0.55 0.55
v -11.091248121241037 55.25995966917783 -6.901065380672519 0.55 0.55 0.55
v -9.34336097685108 55.236288648231366 -9.15476802210609 0.55 0.55 0.55
v -8.816497990861098 52.757962264876255 -8.674761393103324 0.55 0.55 0.55
v -8.816497990861098 52.757962264876255 -8.674761393103324 0.0 0.0 0.0
v -9.34336097685108 55.236288648231366 -9.15476802210609 0.0 0.0 0.0
v -6.326269412561458 53.21069910554098 -10.800378089301727 0.0 0.0 0.0
v -9.34336097685108 55.236288648231366 -9.15476802210609 0.0 0.0 1.0
v -10.175062172843585 57.672797325930496 -9.356467557549685 0.0 0.0 1.0
v -9.017952994300922 56.709372912991356 -10.269379786088491 0.0 0.0 1.0
v -6.326269412561458 53.21069910554098 -10.800378089301727 0.0 0.0 1.0
v -11.091248121241037 55.25995966917783 -6.901065380672519 0.55 0.55 0.55
v -11.454091363607466 57.660780820414224 -7.751861683540173 0.55 0.55 0.55
v -10.175062172843585 57.672797325930496 -9.356467557549685 0.55 0.55 0.55
v -9.34336097685108 55.236288648231366 -9.15476802210609 0.55 0.55 0.55
v -12.397127103935164 55.25280627881591 -4.054083805244459 0.55 0.55 0.55
v -13.002038934751834 57.67074027772231 -4.682672079989016 0.55 0.55 0.55
v -11.454091363607466 57.660780820414224 -7.751861683540173 0.55 0.55 0.55
v -11.091248121241037 55.25995966917783 -6.901065380672519 0.55 0.55 0.55
v -13.001400551323702 55.24244692743734 -0.9863510867266444 0.55 0.55 0.55
v -13.74297190893956 57.68799511484196 -1.3405125851317221 0.55 0.55 0.55
v -13.002038934751834 57.67074027772231 -4.682672079989016 0.55 0.55 0.55
v -12.397127103935164 55.25280627881591 -4.054083805244459 0.55 0.55 0.55
v -13.611659836567675 57.50266508106377 -3.205478140279279 0.55 0.55 0.55
v -14.654760652774153 60.22961570765218 -3.4273877556304146 0.55 0.55 0.55
v -13.74297190893956 57.68799511484196 -1.3405125851317221 0.55 0.55 0.55
v -13.001400551323702 55.24244692743734 -0.9863510867266444 0.55 0.55 0.55
v -13.894318015370878 57.232675407444546 0.2818719546182623 0.55 0.55 0.55
v -14.963340126558421 59.99424962251409 0.3680652968560983 0.55 0.55 0.55
v -14.654760652774153 60.22961570765218 -3.4273877556304146 0.55 0.55 0.55
v -13.611659836567675 57.50266508106377 -3.205478140279279 0.55 0.55 0.55
v -12.886683734909626 55.2380299714605 2.1308763649174423 0.55 0.55 0.55
v -13.667852872494358 57.69232265308256 2.1193594617932514 0.55 0.55 0.55
v -14.963340126558421 59.99424962251409 0.3680652968560983 0.55 0.55 0.55
v -13.894318015370878 57.232675407444546 0.2818719546182623 0.55 0.55 0.55
v -14.980595433505874 61.69068278208365 4.309950758305746 1.0 1.0 1.0
v -13.667852872494358 57.69232265308256 2.1193594617932514 1.0 1.0 1.0
v -12.886683734909626 55.2380299714605 2.1308763649174423 1.0 1.0 1.0
v -14.980595433505874 61.69068278208365 4.309950758305746 1.0 1.0 1.0
v -14.486131053618974 60.14276974159205 2.2377197048284287 1.0 1.0 1.0
v -13.667852872494358 57.69232265308256 2.1193594617932514 1.0 1.0 1.0
v -13.667852872494358 57.69232265308256 2.1193594617932514 0.55 0.55 0.55
v -14.486131053618974 60.14276974159205 2.2377197048284287 0.55 0.55 0.55
v -16.03350332541053 62.758452481275434 0.4113199400445384 0.55 0.55 0.55
v -14.963340126558421 59.99424962251409 0.3680652968560983 0.55 0.55 0.55
v -14.963340126558421 59.99424962251409 0.3680652968560983 0.55 0.55 0.55
v -16.03350332541053 62.758452481275434 0.4113199400445384 0.55 0.55 0.55
v -15.68244232645437 62.96087993613644 -3.6704456304712307 0.55 0.55 0.55
v -14.654760652774153 60.22961570765218 -3.4273877556304146 0.55 0.55 0.55
v -14.654760652774153 60.22961570765218 -3.4273877556304146 0.55 0.55 0.55
v -15.68244232645437 62.96087993613644 -3.6704456304712307 0.55 0.55 0.55
v -14.565166108795907 60.13854245012293 -1.419156798312119 0.55 0.55 0.55
v -13.74297190893956 57.68799511484196 -1.3405125851317221 0.55 0.55 0.55
v -13.74297190893956 57.68799511484196 -1.3405125851317221 0.55 0.55 0.55
v -14.565166108795907 60.13854245012293 -1.419156798312119 0.55 0.55 0.55
v -13.770034807137735 60.122942553298465 -4.999158601458213 0.55 0.55 0.55
v -13.002038934751834 57.67074027772231 -4.682672079989016 0.55 0.55 0.55
v -13.002038934751834 57.67074027772231 -4.682672079989016 0.0 0.0 1.0
v -13.770034807137735 60.122942553298465 -4.999158601458213 0.0 0.0 1.0
v -12.741707801277293 58.60262998611924 -6.672907345232655 0.0 0.0 1.0
v -11.454091363607466 57.660780820414224 -7.751861683540173 0.0 0.0 1.0
v -12.741707801277293 58.60262998611924 -6.672907345232655 0.0 0.0 0.0
v -13.624894443651433 61.19265413929222 -7.164004999783077 0.0 0.0 0.0
v -11.454091363607466 57.660780820414224 -7.751861683540173 0.0 0.0 0.0
v -13.770034807137735 60.122942553298465 -4.999158601458213 1.0 1.0 1.0
v -13.624894443651433 61.19265413929222 -7.164004999783077 1.0 1.0 1.0
v -12.741707801277293 58.60262998611924 -6.672907345232655 1.0 1.0 1.0
v -13.770034807137735 60.122942553298465 -4.999158601458213 1.0 1.0 1.0
v -14.494894036922613 63.7905952567108 -7.636627013783089 1.0 1.0 1.0
v -13.624894443651433 61.19265413929222 -7.164004999783077 1.0 1.0 1.0
v -13.624894443651433 61.19265413929222 -7.164004999783077 0.55 0.55 0.55
v -14.494894036922613 63.7905952567108 -7.636627013783089 0.55 0.55 0.55
v -12.092793882176915 60.11458214873941 -8.282873746299142 0.55 0.55 0.55
v -11.454091363607466 57.660780820414224 -7.751861683540173 0.55 0.55 0.55
v -11.454091363607466 57.660780820414224 -7.751861683540173 0.55 0.55 0.55
v -12.092793882176915 60.11458214873941 -8.282873746299142 0.55 0.55 0.55
v -10.778362195016621 60.12471786041778 -9.92485593927646 0.55 0.55 0.55
v -10.175062172843585 57.672797325930496 -9.356467557549685 0.55 0.55 0.55
v -10.175062172843585 57.672797325930496 -9.356467557549685 0.55 0.55 0.55
v -10.778362195016621 60.12471786041778 -9.92485593927646 0.55 0.55 0.55
v -9.510152881085151 59.21438649326522 -11.113850498757726 0.55 0.55 0.55
v -9.017952994300922 56.709372912991356 -10.269379786088491 0.55 0.55 0.55
v -9.017952994300922 56.709372912991356 -10.269379786088491 0.0 0.0 1.0
v -9.510152881085151 59.21438649326522 -11.113850498757726 0.0 0.0 1.0
v -8.15241829643645 59.85865315245027 -12.504177342989227 0.0 0.0 1.0
v -6.326269412561458 53.21069910554098 -10.800378089301727 0.0 0.0 1.0
v -8.15241829643645 59.85865315245027 -12.504177342989227 0.0 0.0 0.0
v -8.708659257212034 62.640586656439964 -13.43302923975636 0.0 0.0 0.0
v -6.326269412561458 53.21069910554098 -10.800378089301727 0.0 0.0 0.0
v -9.510152881085151 59.21438649326522 -11.113850498757726 0.55 0.55 0.55
v -10.101627294641796 61.728940173896326 -11.892569625679815 0.55 0.55 0.55
v -8.708659257212034 62.640586656439964 -13.43302923975636 0.55 0.55 0.55
v -8.15241829643645 59.85865315245027 -12.504177342989227 0.55 0.55 0.55
v -10.778362195016621 60.12471786041778 -9.92485593927646 1.0 1.0 1.0
v -10.101627294641796 61.728940173896326 -11.892569625679815 1.0 1.0 1.0
v -9.510152881085151 59.21438649326522 -11.113850498757726 1.0 1.0 1.0
v -10.778362195016621 60.12471786041778 -9.92485593927646 1.0 1.0 1.0
v -10.694320949880542 64.25321546195563 -12.638634468113894 1.0 1.0 1.0
v -10.101627294641796 61.728940173896326 -11.892569625679815 1.0 1.0 1.0
v -10.101627294641796 61.728940173896326 -11.892569625679815 0.55 0.55 0.55
v -10.694320949880542 64.25321546195563 -12.638634468113894 0.55 0.55 0.55
v -9.252030385455011 65.44073600842742 -14.313505042934459 0.55 0.55 0.55
v -8.708659257212034 62.640586656439964 -13.43302923975636 0.55 0.55 0.55
v -8.708659257212034 62.640586656439964 -13.43302923975636 0.55 0.55 0.55
v -9.252030385455011 65.44073600842742 -14.313505042934459 0.55 0.55 0.55
v -6.6470458009461995 55.710303795129725 -11.462830784787508 0.55 0.55 0.55
v -6.326269412561458 53.21069910554098 -10.800378089301727 0.55 0.55 0.55
v -6.326269412561458 53.21069910554098 -10.800378089301727 0.55 0.55 0.55
v -6.6470458009461995 55.710303795129725 -11.462830784787508 0.55 0.55 0.55
v -3.891651649061233 54.95819805606695 -12.479139108812722 0.55 0.55 0.55
v -3.715935229354965 52.48467716675437 -11.668241653838422 0.55 0.55 0.55
v -3.715935229354965 52.48467716675437 -11.668241653838422 0.55 0.55 0.55
v -3.891651649061233 54.95819805606695 -12.479139108812722 0.55 0.55 0.55
v -0.7494209790562976 55.235005258036246 -13.021562201524919 0.55 0.55 0.55
v -0.7725000578360239 52.75151537749139 -12.300886432945688 0.55 0.55 0.55
v -0.7725000578360239 52.75151537749139 -12.300886432945688 0.0 0.0 0.0
v -0.7494209790562976 55.235005258036246 -13.021562201524919 0.0 0.0 0.0
v 2.042823684466421 52.97747120418725 -12.26972761887173 0.0 0.0 0.0
v -0.7494209790562976 55.235005258036246 -13.021562201524919 0.0 0.0 0.0
v -0.9418273166005684 57.692684931384846 -13.784035806291056 0.0 0.0 0.0
v 2.042823684466421 52.97747120418725 -12.26972761887173 0.0 0.0 0.0
v -3.891651649061233 54.95819805606695 -12.479139108812722 0.0 1.0 0.0
v -4.410163921546786 57.381861093225936 -13.2320006730227 0.0 1.0 0.0
v -2.81398912101758 57.50229082623524 -13.730967815097085 0.0 1.0 0.0
v -0.9418273166005684 57.692684931384846 -13.784035806291056 0.0 1.0 0.0
v -0.7494209790562976 55.235005258036246 -13.021562201524919 0.0 1.0 0.0
v -6.6470458009461995 55.710303795129725 -11.462830784787508 1.0 1.0 1.0
v -4.410163921546786 57.381861093225936 -13.2320006730227 1.0 1.0 1.0
v -3.891651649061233 54.95819805606695 -12.479139108812722 1.0 1.0 1.0
v -6.6470458009461995 55.710303795129725 -11.462830784787508 1.0 1.0 1.0
v -4.667149803452077 59.824349322209684 -14.107011015445122 1.0 1.0 1.0
v -4.410163921546786 57.381861093225936 -13.2320006730227 1.0 1.0 1.0
v -4.410163921546786 57.381861093225936 -13.2320006730227 0.55 0.55 0.55
v -4.667149803452077 59.824349322209684 -14.107011015445122 0.55 0.55 0.55
v -2.9143185329659085 60.22658852804516 -14.801751404488153 0.55 0.55 0.55
v -2.81398912101758 57.50229082623524 -13.730967815097085 0.55 0.55 0.55
v -2.81398912101758 57.50229082623524 -13.730967815097085 0.0 0.0 0.0
v -2.9143185329659085 60.22658852804516 -14.801751404488153 0.0 0.0 0.0
v -0.9418273166005684 57.692684931384846 -13.784035806291056 0.0 0.0 0.0
v -2.9143185329659085 60.22658852804516 -14.801751404488153 0.0 0.0 0.0
v -3.0733685392132206 62.9580775555549 -15.84683224730179 0.0 0.0 0.0
v -0.9418273166005684 57.692684931384846 -13.784035806291056 0.0 0.0 0.0
v -4.667149803452077 59.824349322209684 -14.107011015445122 1.0 1.0 1.0
v -3.0733685392132206 62.9580775555549 -15.84683224730179 1.0 1.0 1.0
v -2.9143185329659085 60.22658852804516 -14.801751404488153 1.0 1.0 1.0
v -4.667149803452077 59.824349322209684 -14.107011015445122 1.0 1.0 1.0
v -3.235029614300628 65.70821490802355 -16.84106849897795 1.0 1.0 1.0
v -3.0733685392132206 62.9580775555549 -15.84683224730179 1.0 1.0 1.0
v -3.0733685392132206 62.9580775555549 -15.84683224730179 0.55 0.55 0.55
v -3.235029614300628 65.70821490802355 -16.84106849897795 0.55 0.55 0.55
v -0.9664300519464262 60.1427460260527 -14.6113710892542 0.55 0.55 0.55
v -0.9418273166005684 57.692684931384846 -13.784035806291056 0.55 0.55 0.55
v -0.9418273166005684 57.692684931384846 -13.784035806291056 0.55 0.55 0.55
v -0.9664300519464262 60.1427460260527 -14.6113710892542 0.55 0.55 0.55
v 2.1571399188364766 55.4476460877425 -13.100777134643106 0.55 0.55 0.55
v 2.042823684466421 52.97747120418725 -12.26972761887173 0.55 0.55 0.55
v 2.042823684466421 52.97747120418725 -12.26972761887173 0.0 1.0 0.0
v 2.1571399188364766 55.4476460877425 -13.100777134643106 0.0 1.0 0.0
v 2.8148107056032723 59.906751502931726 -14.684050664391972 0.0 1.0 0.0
v 4.573402709331508 59.25281326542074 -13.910596038668723 0.0 1.0 0.0
v 6.016675229529457 58.045802415246314 -12.848966508679446 0.0 1.0 0.0
v 5.820234675552484 55.61052863970521 -11.82443435320613 0.0 1.0 0.0
v 5.3295702380579835 53.153544990799624 -11.266633380192822 0.0 1.0 0.0
v 5.3295702380579835 53.153544990799624 -11.266633380192822 0.0 0.0 0.0
v 5.820234675552484 55.61052863970521 -11.82443435320613 0.0 0.0 0.0
v 7.511621228038819 54.5877897421614 -10.500963536488849 0.0 0.0 0.0
v 5.820234675552484 55.61052863970521 -11.82443435320613 0.0 0.0 0.0
v 6.848098195538301 57.88535214125959 -12.086156392192091 0.0 0.0 0.0
v 7.511621228038819 54.5877897421614 -10.500963536488849 0.0 0.0 0.0
v 6.016675229529457 58.045802415246314 -12.848966508679446 0.55 0.55 0.55
v 6.549116432457417 60.61382120892404 -13.697323703041121 0.55 0.55 0.55
v 6.848098195538301 57.88535214125959 -12.086156392192091 0.55 0.55 0.55
v 5.820234675552484 55.61052863970521 -11.82443435320613 0.55 0.55 0.55
v 4.573402709331508 59.25281326542074 -13.910596038668723 0.55 0.55 0.55
v 4.902884164395349 61.76269661628325 -14.829881149996737 0.55 0.55 0.55
v 6.549116432457417 60.61382120892404 -13.697323703041121 0.55 0.55 0.55
v 6.016675229529457 58.045802415246314 -12.848966508679446 0.55 0.55 0.55
v 2.8148107056032723 59.906751502931726 -14.684050664391972 1.0 1.0 1.0
v 4.902884164395349 61.76269661628325 -14.829881149996737 1.0 1.0 1.0
v 4.573402709331508 59.25281326542074 -13.910596038668723 1.0 1.0 1.0
v 2.8148107056032723 59.906751502931726 -14.684050664391972 1.0 1.0 1.0
v 5.224834329263554 64.28216076635351 -15.725356974846523 1.0 1.0 1.0
v 4.902884164395349 61.76269661628325 -14.829881149996737 1.0 1.0 1.0
v 4.902884164395349 61.76269661628325 -14.829881149996737 0.55 0.55 0.55
v 5.224834329263554 64.28216076635351 -15.725356974846523 0.55 0.55 0.55
v 7.020146892242299 63.186964776630084 -14.567026850248723 0.55 0.55 0.55
v 6.549116432457417 60.61382120892404 -13.697323703041121 0.55 0.55 0.55
v 6.549116432457417 60.61382120892404 -13.697323703041121 0.0 0.0 0.0
v 7.020146892242299 63.186964776630084 -14.567026850248723 0.0 0.0 0.0
v 6.848098195538301 57.88535214125959 -12.086156392192091 0.0 0.0 0.0
v 7.020146892242299 63.186964776630084 -14.567026850248723 0.0 0.0 0.0
v 7.455956022684774 65.7770170927682 -15.4041614396039 0.0 0.0 0.0
v 6.848098195538301 57.88535214125959 -12.086156392192091 0.0 0.0 0.0
v 5.224834329263554 64.28216076635351 -15.725356974846523 0.55 0.55 0.55
v 5.534153161216328 66.82233251621598 -16.56484072001151 0.55 0.55 0.55
v 7.455956022684774 65.7770170927682 -15.4041614396039 0.55 0.55 0.55
v 7.020146892242299 63.186964776630084 -14.567026850248723 0.55 0.55 0.55
v 2.8148107056032723 59.906751502931726 -14.684050664391972 0.55 0.55 0.55
v 3.06216422086675 62.68024506800581 -15.742868592362091 0.55 0.55 0.55
v 5.534153161216328 66.82233251621598 -16.56484072001151 0.55 0.55 0.55
v 5.224834329263554 64.28216076635351 -15.725356974846523 0.55 0.55 0.55
v 2.1571399188364766 55.4476460877425 -13.100777134643106 1.0 1.0 1.0
v 3.06216422086675 62.68024506800581 -15.742868592362091 1.0 1.0 1.0
v 2.8148107056032723 59.906751502931726 -14.684050664391972 1.0 1.0 1.0
v 2.1571399188364766 55.4476460877425 -13.100777134643106 1.0 1.0 1.0
v 3.2929422416302563 65.47283408618755 -16.753968315475507 1.0 1.0 1.0
v 3.06216422086675 62.68024506800581 -15.742868592362091 1.0 1.0 1.0
v 7.455956022684774 65.7770170927682 -15.4041614396039 1.0 0.0 0.0
v 5.534153161216328 66.82233251621598 -16.56484072001151 1.0 0.0 0.0
v 3.06216422086675 62.68024506800581 -15.742868592362091 1.0 0.0 0.0
v 3.2929422416302563 65.47283408618755 -16.753968315475507 1.0 0.0 0.0
v 7.756408204472795 60.2151604783275 -12.489631759010598 1.0 0.0 0.0
v 6.848098195538301 57.88535214125959 -12.086156392192091 1.0 0.0 0.0
v 6.848098195538301 57.88535214125959 -12.086156392192091 0.55 0.55 0.55
v 7.756408204472795 60.2151604783275 -12.489631759010598 0.55 0.55 0.55
v 8.5353549471125 57.02735990276331 -10.824868529189413 0.55 0.55 0.55
v 7.511621228038819 54.5877897421614 -10.500963536488849 0.55 0.55 0.55
v 7.511621228038819 54.5877897421614 -10.500963536488849 0.55 0.55 0.55
v 8.5353549471125 57.02735990276331 -10.824868529189413 0.55 0.55 0.55
v 12.66621832776021 65.79172251632505 -11.532498138981563 0.55 0.55 0.55
v 11.912630010422623 63.06138866718682 -10.873990931083206 0.55 0.55 0.55
v 11.912630010422623 63.06138866718682 -10.873990931083206 0.55 0.55 0.55
v 12.66621832776021 65.79172251632505 -11.532498138981563 0.55 0.55 0.55
v 9.440891721771068 55.3130629402727 -9.0208268575339 0.55 0.55 0.55
v 8.614484590795263 52.84256665495313 -8.848329054368799 0.55 0.55 0.55
v 8.614484590795263 52.84256665495313 -8.848329054368799 0.55 0.55 0.55
v 9.440891721771068 55.3130629402727 -9.0208268575339 0.55 0.55 0.55
v 10.909527329465892 55.2300756434307 -7.172335250578729 0.55 0.55 0.55
v 10.150347082070898 52.755609353754174 -7.013855558596425 0.55 0.55 0.55
v 10.150347082070898 52.755609353754174 -7.013855558596425 0.55 0.55 0.55
v 10.909527329465892 55.2300756434307 -7.172335250578729 0.55 0.55 0.55
v 12.052174943001665 55.23028379902618 -5.069280601014814 0.55 0.55 0.55
v 11.330474379168384 52.751021260434015 -4.913317424078218 0.55 0.55 0.55
v 11.330474379168384 52.751021260434015 -4.913317424078218 0.55 0.55 0.55
v 12.052174943001665 55.23028379902618 -5.069280601014814 0.55 0.55 0.55
v 12.775862199597112 55.23605591526524 -2.7789913367128474 0.55 0.55 0.55
v 12.075982481849799 52.75218174505151 -2.622948964019813 0.55 0.55 0.55
v 12.075982481849799 52.75218174505151 -2.622948964019813 0.55 0.55 0.55
v 12.775862199597112 55.23605591526524 -2.7789913367128474 0.55 0.55 0.55
v 13.271863503559008 55.597702989808006 -0.419262868341244 0.55 0.55 0.55
v 12.351096087861322 52.929771561274215 -0.20970268591312222 0.55 0.55 0.55
v 12.351096087861322 52.929771561274215 -0.20970268591312222 0.55 0.55 0.55
v 13.271863503559008 55.597702989808006 -0.419262868341244 0.55 0.55 0.55
v 12.916226382907059 55.23574812789636 1.8177126986190197 0.55 0.55 0.55
v 12.213216824722807 52.751804113825756 1.6599740009682196 0.55 0.55 0.55
v 12.916226382907059 55.23574812789636 1.8177126986190197 0.55 0.55 0.55
v 13.684597748967066 57.699987728098996 1.9802375344257048 0.55 0.55 0.55
v 13.123923899849927 57.70005814436847 4.320329950497855 0.55 0.55 0.55
v 12.356978332620514 55.236306886041916 4.160208623267839 0.55 0.55 0.55
v 12.356978332620514 55.236306886041916 4.160208623267839 0.55 0.55 0.55
v 13.123923899849927 57.70005814436847 4.320329950497855 0.55 0.55 0.55
v 12.184624191907341 57.707312126122005 6.5128699755633965 0.55 0.55 0.55
v 11.391846708196535 55.24715261492318 6.343032465195248 0.55 0.55 0.55
v 11.391846708196535 55.24715261492318 6.343032465195248 0.55 0.55 0.55
v 12.184624191907341 57.707312126122005 6.5128699755633965 0.55 0.55 0.55
v 10.869571143030427 57.699341923247594 8.50571311713782 0.55 0.55 0.55
v 10.03161252339404 55.24611994061211 8.305698729840001 0.55 0.55 0.55
v 10.03161252339404 55.24611994061211 8.305698729840001 0.55 0.55 0.55
v 10.869571143030427 57.699341923247594 8.50571311713782 0.55 0.55 0.55
v 10.17945060651972 59.374022212601986 10.645095354457213 0.55 0.55 0.55
v 9.190309043889751 56.9201295402291 10.235094766079973 0.55 0.55 0.55
v 9.190309043889751 56.9201295402291 10.235094766079973 0.0 0.0 0.0
v 10.17945060651972 59.374022212601986 10.645095354457213 0.0 0.0 0.0
v 8.620601490923368 59.56243067743188 12.01370368770586 0.0 0.0 0.0
v 10.17945060651972 59.374022212601986 10.645095354457213 0.0 0.0 0.0
v 10.864603662478197 61.86314794958067 11.331764006598014 0.0 0.0 0.0
v 8.620601490923368 59.56243067743188 12.01370368770586 0.0 0.0 0.0
v 10.869571143030427 57.699341923247594 8.50571311713782 0.55 0.55 0.55
v 11.741687324739976 60.138094359918625 8.734075183978026 0.55 0.55 0.55
v 10.864603662478197 61.86314794958067 11.331764006598014 0.55 0.55 0.55
v 10.17945060651972 59.374022212601986 10.645095354457213 0.55 0.55 0.55
v 12.184624191907341 57.707312126122005 6.5128699755633965 0.55 0.55 0.55
v 13.024842958930774 60.15131602571354 6.687663147836074 0.55 0.55 0.55
v 11.741687324739976 60.138094359918625 8.734075183978026 0.55 0.55 0.55
v 10.869571143030427 57.699341923247594 8.50571311713782 0.55 0.55 0.55
v 13.123923899849927 57.70005814436847 4.320329950497855 0.55 0.55 0.55
v 13.936833080255422 60.14886104967049 4.4830810726144845 0.55 0.55 0.55
v 13.024842958930774 60.15131602571354 6.687663147836074 0.55 0.55 0.55
v 12.184624191907341 57.707312126122005 6.5128699755633965 0.55 0.55 0.55
v 13.684597748967066 57.699987728098996 1.9802375344257048 0.55 0.55 0.55
v 14.497793771929848 60.14959569815027 2.1460401034801677 0.55 0.55 0.55
v 13.936833080255422 60.14886104967049 4.4830810726144845 0.55 0.55 0.55
v 13.123923899849927 57.70005814436847 4.320329950497855 0.55 0.55 0.55
v 13.271863503559008 55.597702989808006 -0.419262868341244 0.55 0.55 0.55
v 14.254790392815329 58.24342488705128 -0.6292343391208971 0.55 0.55 0.55
v 13.684597748967066 57.699987728098996 1.9802375344257048 0.55 0.55 0.55
v 12.916226382907059 55.23574812789636 1.8177126986190197 0.55 0.55 0.55
v 12.775862199597112 55.23605591526524 -2.7789913367128474 0.55 0.55 0.55
v 13.541979550374025 57.69990814847727 -2.941924975486734 0.55 0.55 0.55
v 14.254790392815329 58.24342488705128 -0.6292343391208971 0.55 0.55 0.55
v 13.271863503559008 55.597702989808006 -0.419262868341244 0.55 0.55 0.55
v 12.052174943001665 55.23028379902618 -5.069280601014814 0.55 0.55 0.55
v 12.827949590054473 57.692656582358914 -5.233902557237433 0.55 0.55 0.55
v 13.541979550374025 57.69990814847727 -2.941924975486734 0.55 0.55 0.55
v 12.775862199597112 55.23605591526524 -2.7789913367128474 0.55 0.55 0.55
v 10.909527329465892 55.2300756434307 -7.172335250578729 0.55 0.55 0.55
v 11.705375791092985 57.6921179195019 -7.344026631093962 0.55 0.55 0.55
v 12.827949590054473 57.692656582358914 -5.233902557237433 0.55 0.55 0.55
v 12.052174943001665 55.23028379902618 -5.069280601014814 0.55 0.55 0.55
v 9.440891721771068 55.3130629402727 -9.0208268575339 0.55 0.55 0.55
v 10.286291254538044 57.774353555702284 -9.230792838734915 0.55 0.55 0.55
v 11.705375791092985 57.6921179195019 -7.344026631093962 0.55 0.55 0.55
v 10.909527329465892 55.2300756434307 -7.172335250578729 0.55 0.55 0.55
v 12.66621832776021 65.79172251632505 -11.532498138981563 1.0 1.0 1.0
v 10.286291254538044 57.774353555702284 -9.230792838734915 1.0 1.0 1.0
v 9.440891721771068 55.3130629402727 -9.0208268575339 1.0 1.0 1.0
v 12.66621832776021 65.79172251632505 -11.532498138981563 1.0 1.0 1.0
v 11.146799846226642 60.22515494118845 -9.494435351684281 1.0 1.0 1.0
v 10.286291254538044 57.774353555702284 -9.230792838734915 1.0 1.0 1.0
v 10.286291254538044 57.774353555702284 -9.230792838734915 0.55 0.55 0.55
v 11.146799846226642 60.22515494118845 -9.494435351684281 0.55 0.55 0.55
v 12.546538879722855 60.138287079404385 -7.526191525890737 0.55 0.55 0.55
v 11.705375791092985 57.6921179195019 -7.344026631093962 0.55 0.55 0.55
v 11.705375791092985 57.6921179195019 -7.344026631093962 0.55 0.55 0.55
v 12.546538879722855 60.138287079404385 -7.526191525890737 0.55 0.55 0.55
v 13.642710266580172 60.142388652950096 -5.3987933251946565 0.55 0.55 0.55
v 12.827949590054473 57.692656582358914 -5.233902557237433 0.55 0.55 0.55
v 12.827949590054473 57.692656582358914 -5.233902557237433 0.55 0.55 0.55
v 13.642710266580172 60.142388652950096 -5.3987933251946565 0.55 0.55 0.55
v 14.35359097391942 60.14887743125525 -3.1091462909899734 0.55 0.55 0.55
v 13.541979550374025 57.69990814847727 -2.941924975486734 0.55 0.55 0.55
v 13.541979550374025 57.69990814847727 -2.941924975486734 0.55 0.55 0.55
v 14.35359097391942 60.14887743125525 -3.1091462909899734 0.55 0.55 0.55
v 15.261965348398515 60.88019114407559 -0.8373286929546873 0.55 0.55 0.55
v 14.254790392815329 58.24342488705128 -0.6292343391208971 0.55 0.55 0.55
v 14.254790392815329 58.24342488705128 -0.6292343391208971 0.55 0.55 0.55
v 15.261965348398515 60.88019114407559 -0.8373286929546873 0.55 0.55 0.55
v 14.497793771929848 60.14959569815027 2.1460401034801677 0.55 0.55 0.55
v 13.684597748967066 57.699987728098996 1.9802375344257048 0.55 0.55 0.55
v 14.497793771929848 60.14959569815027 2.1460401034801677 0.55 0.55 0.55
v 15.335708593739533 62.59059923436007 2.315743681198174 0.55 0.55 0.55
v 14.776354207511117 62.588763781674736 4.644067988851489 0.55 0.55 0.55
v 13.936833080255422 60.14886104967049 4.4830810726144845 0.55 0.55 0.55
v 13.936833080255422 60.14886104967049 4.4830810726144845 0.55 0.55 0.55
v 14.776354207511117 62.588763781674736 4.644067988851489 0.55 0.55 0.55
v 13.908805263802071 62.581772953887665 6.829780383186404 0.55 0.55 0.55
v 13.024842958930774 60.15131602571354 6.687663147836074 0.55 0.55 0.55
v 13.024842958930774 60.15131602571354 6.687663147836074 0.55 0.55 0.55
v 13.908805263802071 62.581772953887665 6.829780383186404 0.55 0.55 0.55
v 12.731211315977372 62.53950875303012 8.839251614443365 0.55 0.55 0.55
v 11.741687324739976 60.138094359918625 8.734075183978026 0.55 0.55 0.55
v 11.741687324739976 60.138094359918625 8.734075183978026 0.0 0.0 0.0
v 12.731211315977372 62.53950875303012 8.839251614443365 0.0 0.0 0.0
v 10.864603662478197 61.86314794958067 11.331764006598014 0.0 0.0 0.0
v 12.731211315977372 62.53950875303012 8.839251614443365 0.0 0.0 1.0
v 13.62671875186137 64.97444855351007 9.010590513717574 0.0 0.0 1.0
v 12.539132010156113 63.672403635406326 10.47007333318882 0.0 0.0 1.0
v 10.864603662478197 61.86314794958067 11.331764006598014 0.0 0.0 1.0
v 13.908805263802071 62.581772953887665 6.829780383186404 0.55 0.55 0.55
v 14.77519810274179 65.01553019429136 7.018446351329496 0.55 0.55 0.55
v 13.62671875186137 64.97444855351007 9.010590513717574 0.55 0.55 0.55
v 12.731211315977372 62.53950875303012 8.839251614443365 0.55 0.55 0.55
v 14.776354207511117 62.588763781674736 4.644067988851489 0.55 0.55 0.55
v 15.615380125383034 65.02762543694963 4.822479373064443 0.55 0.55 0.55
v 14.77519810274179 65.01553019429136 7.018446351329496 0.55 0.55 0.55
v 13.908805263802071 62.581772953887665 6.829780383186404 0.55 0.55 0.55
v 15.335708593739533 62.59059923436007 2.315743681198174 0.55 0.55 0.55
v 16.177232102319614 65.02979363665489 2.4933975689140704 0.55 0.55 0.55
v 15.615380125383034 65.02762543694963 4.822479373064443 0.55 0.55 0.55
v 14.776354207511117 62.588763781674736 4.644067988851489 0.55 0.55 0.55
v 15.261965348398515 60.88019114407559 -0.8373286929546873 0.55 0.55 0.55
v 16.255916524591168 63.52217221633529 -1.0421777894978295 0.55 0.55 0.55
v 15.335708593739533 62.59059923436007 2.315743681198174 0.55 0.55 0.55
v 14.497793771929848 60.14959569815027 2.1460401034801677 0.55 0.55 0.55
v 14.35359097391942 60.14887743125525 -3.1091462909899734 0.55 0.55 0.55
v 15.190095027568368 62.58915899036629 -3.2805493813182682 0.55 0.55 0.55
v 16.255916524591168 63.52217221633529 -1.0421777894978295 0.55 0.55 0.55
v 15.261965348398515 60.88019114407559 -0.8373286929546873 0.55 0.55 0.55
v 13.642710266580172 60.142388652950096 -5.3987933251946565 0.55 0.55 0.55
v 14.485346423186805 62.583037028667185 -5.5581877647370295 0.55 0.55 0.55
v 15.190095027568368 62.58915899036629 -3.2805493813182682 0.55 0.55 0.55
v 14.35359097391942 60.14887743125525 -3.1091462909899734 0.55 0.55 0.55
v 12.546538879722855 60.138287079404385 -7.526191525890737 0.55 0.55 0.55
v 13.446212493464897 62.56727493238999 -7.645520838444741 0.55 0.55 0.55
v 14.485346423186805 62.583037028667185 -5.5581877647370295 0.55 0.55 0.55
v 13.642710266580172 60.142388652950096 -5.3987933251946565 0.55 0.55 0.55
v 11.146799846226642 60.22515494118845 -9.494435351684281 0.55 0.55 0.55
v 11.993592843296417 62.6365161900266 -9.792925787930216 0.55 0.55 0.55
v 13.446212493464897 62.56727493238999 -7.645520838444741 0.55 0.55 0.55
v 12.546538879722855 60.138287079404385 -7.526191525890737 0.55 0.55 0.55
v 12.66621832776021 65.79172251632505 -11.532498138981563 1.0 1.0 1.0
v 11.993592843296417 62.6365161900266 -9.792925787930216 1.0 1.0 1.0
v 11.146799846226642 60.22515494118845 -9.494435351684281 1.0 1.0 1.0
v 12.66621832776021 65.79172251632505 -11.532498138981563 1.0 1.0 1.0
v 13.085612822400407 64.92806658001271 -9.733600204109164 1.0 1.0 1.0
v 11.993592843296417 62.6365161900266 -9.792925787930216 1.0 1.0 1.0
v 11.993592843296417 62.6365161900266 -9.792925787930216 0.55 0.55 0.55
v 13.085612822400407 64.92806658001271 -9.733600204109164 0.55 0.55 0.55
v 14.320603458281424 65.00149293614122 -7.8289921542531875 0.55 0.55 0.55
v 13.446212493464897 62.56727493238999 -7.645520838444741 0.55 0.55 0.55
v 13.446212493464897 62.56727493238999 -7.645520838444741 0.55 0.55 0.55
v 14.320603458281424 65.00149293614122 -7.8289921542531875 0.55 0.55 0.55
v 15.325892336503788 65.02274270941786 -5.741145615064663 0.55 0.55 0.55
v 14.485346423186805 62.583037028667185 -5.5581877647370295 0.55 0.55 0.55
v 14.485346423186805 62.583037028667185 -5.5581877647370295 0.55 0.55 0.55
v 15.325892336503788 65.02274270941786 -5.741145615064663 0.55 0.55 0.55
v 16.02796544938709 65.0281842209471 -3.4629352725531755 0.55 0.55 0.55
v 15.190095027568368 62.58915899036629 -3.2805493813182682 0.55 0.55 0.55
v 15.190095027568368 62.58915899036629 -3.2805493813182682 0.55 0.55 0.55
v 16.02796544938709 65.0281842209471 -3.4629352725531755 0.55 0.55 0.55
v 17.19902114643094 66.18308913437659 -1.2407111032829066 0.55 0.55 0.55
v 16.255916524591168 63.52217221633529 -1.0421777894978295 0.55 0.55 0.55
v 16.255916524591168 63.52217221633529 -1.0421777894978295 0.55 0.55 0.55
v 17.19902114643094 66.18308913437659 -1.2407111032829066 0.55 0.55 0.55
v 16.177232102319614 65.02979363665489 2.4933975689140704 0.55 0.55 0.55
v 15.335708593739533 62.59059923436007 2.315743681198174 0.55 0.55 0.55
v 16.177232102319614 65.02979363665489 2.4933975689140704 0.55 0.55 0.55
v 17.00408389901416 67.4735720288994 2.6769247897764425 0.55 0.55 0.55
v 16.433333715990663 67.47189526179687 5.023425200864543 0.55 0.55 0.55
v 15.615380125383034 65.02762543694963 4.822479373064443 0.55 0.55 0.55
v 15.615380125383034 65.02762543694963 4.822479373064443 0.55 0.55 0.55
v 16.433333715990663 67.47189526179687 5.023425200864543 0.55 0.55 0.55
v 15.600964939604962 67.45893583016887 7.257596253633794 0.55 0.55 0.55
v 14.77519810274179 65.01553019429136 7.018446351329496 0.55 0.55 0.55
v 14.77519810274179 65.01553019429136 7.018446351329496 0.55 0.55 0.55
v 15.600964939604962 67.45893583016887 7.257596253633794 0.55 0.55 0.55
v 14.441946034132696 67.42514627510884 9.309197370163737 0.55 0.55 0.55
v 13.62671875186137 64.97444855351007 9.010590513717574 0.55 0.55 0.55
v 13.62671875186137 64.97444855351007 9.010590513717574 0.55 0.55 0.55
v 14.441946034132696 67.42514627510884 9.309197370163737 0.55 0.55 0.55
v 13.356651649847175 66.30477306790243 10.969807931868015 0.55 0.55 0.55
v 12.539132010156113 63.672403635406326 10.47007333318882 0.55 0.55 0.55
v 12.539132010156113 63.672403635406326 10.47007333318882 0.55 0.55 0.55
v 13.356651649847175 66.30477306790243 10.969807931868015 0.55 0.55 0.55
v 11.476891790609136 64.36952967085438 12.0498781312876 0.55 0.55 0.55
v 10.864603662478197 61.86314794958067 11.331764006598014 0.55 0.55 0.55
v 10.864603662478197 61.86314794958067 11.331764006598014 0.55 0.55 0.55
v 11.476891790609136 64.36952967085438 12.0498781312876 0.55 0.55 0.55
v 9.346788823157675 62.38246928627432 12.838862268262213 0.55 0.55 0.55
v 8.620601490923368 59.56243067743188 12.01370368770586 0.55 0.55 0.55
v 8.620601490923368 59.56243067743188 12.01370368770586 0.55 0.55 0.55
v 9.346788823157675 62.38246928627432 12.838862268262213 0.55 0.55 0.55
v 7.034398735390399 57.69777449952476 11.912669421706568 0.55 0.55 0.55
v 6.338793672912446 55.303530346720876 11.432824382132338 0.55 0.55 0.55
v 6.338793672912446 55.303530346720876 11.432824382132338 0.0 0.0 0.0
v 7.034398735390399 57.69777449952476 11.912669421706568 0.0 0.0 0.0
v 5.416846169106565 60.22651917762262 14.049990902359777 0.0 0.0 0.0
v 7.034398735390399 57.69777449952476 11.912669421706568 0.0 0.0 0.0
v 6.938506862647549 60.038762316275815 12.847696246625684 0.0 0.0 0.0
v 5.416846169106565 60.22651917762262 14.049990902359777 0.0 0.0 0.0
v 9.346788823157675 62.38246928627432 12.838862268262213 1.0 1.0 1.0
v 6.938506862647549 60.038762316275815 12.847696246625684 1.0 1.0 1.0
v 7.034398735390399 57.69777449952476 11.912669421706568 1.0 1.0 1.0
v 9.346788823157675 62.38246928627432 12.838862268262213 1.0 1.0 1.0
v 7.389815565779674 62.494089281272764 13.577313420736203 1.0 1.0 1.0
v 6.938506862647549 60.038762316275815 12.847696246625684 1.0 1.0 1.0
v 6.938506862647549 60.038762316275815 12.847696246625684 0.55 0.55 0.55
v 7.389815565779674 62.494089281272764 13.577313420736203 0.55 0.55 0.55
v 5.85526259597578 62.95683249235854 15.01809006678806 0.55 0.55 0.55
v 5.416846169106565 60.22651917762262 14.049990902359777 0.55 0.55 0.55
v 5.416846169106565 60.22651917762262 14.049990902359777 0.55 0.55 0.55
v 5.85526259597578 62.95683249235854 15.01809006678806 0.55 0.55 0.55
v 3.7894536772616867 62.55554192519599 15.022912477679117 0.55 0.55 0.55
v 3.558717140953726 60.110088290746454 14.201693716759209 0.55 0.55 0.55
v 3.558717140953726 60.110088290746454 14.201693716759209 0.55 0.55 0.55
v 3.7894536772616867 62.55554192519599 15.022912477679117 0.55 0.55 0.55
v 1.901586417147467 63.76753619552076 16.26655910464204 0.55 0.55 0.55
v 1.7422570933768664 61.16630987562561 15.285764135006096 0.55 0.55 0.55
v 1.7422570933768664 61.16630987562561 15.285764135006096 0.55 0.55 0.55
v 1.901586417147467 63.76753619552076 16.26655910464204 0.55 0.55 0.55
v -0.11394437004504952 62.550705174780575 15.528413003647422 0.55 0.55 0.55
v -0.12534554806174306 60.10569687397117 14.668775257306478 0.55 0.55 0.55
v -0.12534554806174306 60.10569687397117 14.668775257306478 0.55 0.55 0.55
v -0.11394437004504952 62.550705174780575 15.528413003647422 0.55 0.55 0.55
v -2.2849129437463263 61.99482303028506 15.114493510968959 0.55 0.55 0.55
v -2.22004805741391 59.575412401375516 14.270478494788478 0.55 0.55 0.55
v -2.22004805741391 59.575412401375516 14.270478494788478 0.55 0.55 0.55
v -2.2849129437463263 61.99482303028506 15.114493510968959 0.55 0.55 0.55
v -4.332311506861737 64.12455482586388 15.934758091917569 0.55 0.55 0.55
v -4.135848063892563 61.58110283920389 14.988960678386459 0.55 0.55 0.55
v -4.135848063892563 61.58110283920389 14.988960678386459 0.55 0.55 0.55
v -4.332311506861737 64.12455482586388 15.934758091917569 0.55 0.55 0.55
v -6.193785656863649 62.694214166679515 14.800478409849974 0.55 0.55 0.55
v -5.809704153718143 59.92308862947874 13.784493865349361 0.55 0.55 0.55
v -5.809704153718143 59.92308862947874 13.784493865349361 0.55 0.55 0.55
v -6.193785656863649 62.694214166679515 14.800478409849974 0.55 0.55 0.55
v -6.983662501421113 57.468967104573984 11.837329801101768 0.55 0.55 0.55
v -5.788923953425739 55.76763027330673 11.947070120640491 0.55 0.55 0.55
v -5.788923953425739 55.76763027330673 11.947070120640491 0.0 0.0 0.0
v -6.983662501421113 57.468967104573984 11.837329801101768 0.0 0.0 0.0
v -8.977771942779729 60.1406687842036 11.564607453834617 0.0 0.0 0.0
v -6.983662501421113 57.468967104573984 11.837329801101768 0.0 0.0 0.0
v -7.226645951050525 59.90041231633808 12.633993891588243 0.0 0.0 0.0
v -8.977771942779729 60.1406687842036 11.564607453834617 0.0 0.0 0.0
v -6.193785656863649 62.694214166679515 14.800478409849974 1.0 1.0 1.0
v -7.226645951050525 59.90041231633808 12.633993891588243 1.0 1.0 1.0
v -6.983662501421113 57.468967104573984 11.837329801101768 1.0 1.0 1.0
v -6.193785656863649 62.694214166679515 14.800478409849974 1.0 1.0 1.0
v -7.64919826774825 62.368040287336264 13.387225556242488 1.0 1.0 1.0
v -7.226645951050525 59.90041231633808 12.633993891588243 1.0 1.0 1.0
v -7.226645951050525 59.90041231633808 12.633993891588243 0.55 0.55 0.55
v -7.64919826774825 62.368040287336264 13.387225556242488 0.55 0.55 0.55
v -9.463472888205787 62.58237699176253 12.266877793034533 0.55 0.55 0.55
v -8.977771942779729 60.1406687842036 11.564607453834617 0.55 0.55 0.55
v -8.977771942779729 60.1406687842036 11.564607453834617 0.55 0.55 0.55
v -9.463472888205787 62.58237699176253 12.266877793034533 0.55 0.55 0.55
v -11.345315490064014 62.958492098499455 11.480241603041387 0.55 0.55 0.55
v -10.62639259546674 60.22670397295211 10.706464992021473 0.55 0.55 0.55
v -10.62639259546674 60.22670397295211 10.706464992021473 0.55 0.55 0.55
v -11.345315490064014 62.958492098499455 11.480241603041387 0.55 0.55 0.55
v -12.241693016374649 62.585239128052066 9.495562359121564 0.55 0.55 0.55
v -11.590002234349978 60.14362002446601 8.948457462293046 0.55 0.55 0.55
v -11.590002234349978 60.14362002446601 8.948457462293046 0.55 0.55 0.55
v -12.241693016374649 62.585239128052066 9.495562359121564 0.55 0.55 0.55
v -12.893935829923368 59.85788913037248 7.398623092990394 0.55 0.55 0.55
v -12.30269984742082 57.518786653685815 6.651338070834969 0.55 0.55 0.55
v -12.30269984742082 57.518786653685815 6.651338070834969 0.0 0.0 0.0
v -12.893935829923368 59.85788913037248 7.398623092990394 0.0 0.0 0.0
v -14.679602093292543 62.60496445785751 6.348036577212514 0.0 0.0 0.0
v -12.893935829923368 59.85788913037248 7.398623092990394 0.0 0.0 0.0
v -13.646397512172577 62.29363977475517 7.930336761838752 0.0 0.0 0.0
v -14.679602093292543 62.60496445785751 6.348036577212514 0.0 0.0 0.0
v -12.241693016374649 62.585239128052066 9.495562359121564 1.0 1.0 1.0
v -13.646397512172577 62.29363977475517 7.930336761838752 1.0 1.0 1.0
v -12.893935829923368 59.85788913037248 7.398623092990394 1.0 1.0 1.0
v -12.241693016374649 62.585239128052066 9.495562359121564 1.0 1.0 1.0
v -14.382254390793571 64.73834685706724 8.44402149911465 1.0 1.0 1.0
v -13.646397512172577 62.29363977475517 7.930336761838752 1.0 1.0 1.0
v -13.646397512172577 62.29363977475517 7.930336761838752 0.55 0.55 0.55
v -14.382254390793571 64.73834685706724 8.44402149911465 0.55 0.55 0.55
v -15.624810045594684 65.41070835367833 6.776653883001258 0.55 0.55 0.55
v -14.679602093292543 62.60496445785751 6.348036577212514 0.55 0.55 0.55
v -14.679602093292543 62.60496445785751 6.348036577212514 0.55 0.55 0.55
v -15.624810045594684 65.41070835367833 6.776653883001258 0.55 0.55 0.55
v -15.892514773184052 64.22029822945994 4.5946704649037295 0.55 0.55 0.55
v -14.980595433505874 61.69068278208365 4.309950758305746 0.55 0.55 0.55
v -14.980595433505874 61.69068278208365 4.309950758305746 0.55 0.55 0.55
v -15.892514773184052 64.22029822945994 4.5946704649037295 0.55 0.55 0.55
v -15.327594034899356 62.58429038146244 2.3750831227330376 0.55 0.55 0.55
v -14.486131053618974 60.14276974159205 2.2377197048284287 0.55 0.55 0.55
v -14.486131053618974 60.14276974159205 2.2377197048284287 0.55 0.55 0.55
v -15.327594034899356 62.58429038146244 2.3750831227330376 0.55 0.55 0.55
v -17.05672194535761 65.54046067643554 0.44422216823252586 0.55 0.55 0.55
v -16.03350332541053 62.758452481275434 0.4113199400445384 0.55 0.55 0.55
v -16.03350332541053 62.758452481275434 0.4113199400445384 0.55 0.55 0.55
v -17.05672194535761 65.54046067643554 0.44422216823252586 0.55 0.55 0.55
v -16.662872197211037 65.71060350502633 -3.8991579680972563 0.55 0.55 0.55
v -15.68244232645437 62.96087993613644 -3.6704456304712307 0.55 0.55 0.55
v -15.68244232645437 62.96087993613644 -3.6704456304712307 0.55 0.55 0.55
v -16.662872197211037 65.71060350502633 -3.8991579680972563 0.55 0.55 0.55
v -15.410907177296007 62.58072932872204 -1.5160424428916075 0.55 0.55 0.55
v -14.565166108795907 60.13854245012293 -1.419156798312119 0.55 0.55 0.55
v -14.565166108795907 60.13854245012293 -1.419156798312119 0.55 0.55 0.55
v -15.410907177296007 62.58072932872204 -1.5160424428916075 0.55 0.55 0.55
v -14.562131017580542 62.56667323577071 -5.322639162126107 0.55 0.55 0.55
v -13.770034807137735 60.122942553298465 -4.999158601458213 0.55 0.55 0.55
v -13.770034807137735 60.122942553298465 -4.999158601458213 0.55 0.55 0.55
v -14.562131017580542 62.56667323577071 -5.322639162126107 0.55 0.55 0.55
v -15.317662608637775 66.40886047846165 -8.080320569365101 0.55 0.55 0.55
v -14.494894036922613 63.7905952567108 -7.636627013783089 0.55 0.55 0.55
v -14.494894036922613 63.7905952567108 -7.636627013783089 0.55 0.55 0.55
v -15.317662608637775 66.40886047846165 -8.080320569365101 0.55 0.55 0.55
v -12.77296569675085 62.55944042317515 -8.803308978905397 0.55 0.55 0.55
v -12.092793882176915 60.11458214873941 -8.282873746299142 0.55 0.55 0.55
v -12.092793882176915 60.11458214873941 -8.282873746299142 0.55 0.55 0.55
v -12.77296569675085 62.55944042317515 -8.803308978905397 0.55 0.55 0.55
v -11.404290242305393 62.568096973168366 -10.505192491610599 0.55 0.55 0.55
v -10.778362195016621 60.12471786041778 -9.92485593927646 0.55 0.55 0.55
v -10.778362195016621 60.12471786041778 -9.92485593927646 0.0 0.0 0.0
v -11.404290242305393 62.568096973168366 -10.505192491610599 0.0 0.0 0.0
v -10.694320949880542 64.25321546195563 -12.638634468113894 0.0 0.0 0.0
v -11.404290242305393 62.568096973168366 -10.505192491610599 0.0 0.0 0.0
v -12.03642778177438 65.00994745059623 -11.085260011719388 0.0 0.0 0.0
v -10.694320949880542 64.25321546195563 -12.638634468113894 0.0 0.0 0.0
v -12.77296569675085 62.55944042317515 -8.803308978905397 0.55 0.55 0.55
v -13.457224632128737 65.00257175051412 -9.326483071732833 0.55 0.55 0.55
v -12.03642778177438 65.00994745059623 -11.085260011719388 0.55 0.55 0.55
v -11.404290242305393 62.568096973168366 -10.505192491610599 0.55 0.55 0.55
v -15.317662608637775 66.40886047846165 -8.080320569365101 0.55 0.55 0.55
v -16.060325855969722 69.05776545000975 -8.480354820187422 0.55 0.55 0.55
v -13.457224632128737 65.00257175051412 -9.326483071732833 0.55 0.55 0.55
v -12.77296569675085 62.55944042317515 -8.803308978905397 0.55 0.55 0.55
v -14.562131017580542 62.56667323577071 -5.322639162126107 0.55 0.55 0.55
v -15.358540515071123 65.00875604779829 -5.648181563914992 0.55 0.55 0.55
v -16.060325855969722 69.05776545000975 -8.480354820187422 0.55 0.55 0.55
v -15.317662608637775 66.40886047846165 -8.080320569365101 0.55 0.55 0.55
v -15.410907177296007 62.58072932872204 -1.5160424428916075 0.55 0.55 0.55
v -16.260905662622974 65.0213996097315 -1.6140737898171575 0.55 0.55 0.55
v -15.358540515071123 65.00875604779829 -5.648181563914992 0.55 0.55 0.55
v -14.562131017580542 62.56667323577071 -5.322639162126107 0.55 0.55 0.55
v -16.662872197211037 65.71060350502633 -3.8991579680972563 0.55 0.55 0.55
v -17.55464521322783 68.49179536943365 -4.107105168355447 0.55 0.55 0.55
v -16.260905662622974 65.0213996097315 -1.6140737898171575 0.55 0.55 0.55
v -15.410907177296007 62.58072932872204 -1.5160424428916075 0.55 0.55 0.55
v -17.05672194535761 65.54046067643554 0.44422216823252586 0.55 0.55 0.55
v -17.989643253495757 68.35391054457094 0.4697535504614096 0.55 0.55 0.55
v -17.55464521322783 68.49179536943365 -4.107105168355447 0.55 0.55 0.55
v -16.662872197211037 65.71060350502633 -3.8991579680972563 0.55 0.55 0.55
v -15.327594034899356 62.58429038146244 2.3750831227330376 0.55 0.55 0.55
v -16.17350379555451 65.02430018936886 2.5120673489624434 0.55 0.55 0.55
v -17.989643253495757 68.35391054457094 0.4697535504614096 0.55 0.55 0.55
v -17.05672194535761 65.54046067643554 0.44422216823252586 0.55 0.55 0.55
v -15.892514773184052 64.22029822945994 4.5946704649037295 0.55 0.55 0.55
v -16.75284264028872 66.7705894714133 4.85372474542869 0.55 0.55 0.55
v -16.17350379555451 65.02430018936886 2.5120673489624434 0.55 0.55 0.55
v -15.327594034899356 62.58429038146244 2.3750831227330376 0.55 0.55 0.55
v -15.624810045594684 65.41070835367833 6.776653883001258 0.55 0.55 0.55
v -16.48778824215344 68.24855936269638 7.164201275685553 0.55 0.55 0.55
v -16.75284264028872 66.7705894714133 4.85372474542869 0.55 0.55 0.55
v -15.892514773184052 64.22029822945994 4.5946704649037295 0.55 0.55 0.55
v -14.382254390793571 64.73834685706724 8.44402149911465 0.55 0.55 0.55
v -15.078293709078483 67.20109787096617 8.92594149640562 0.55 0.55 0.55
v -16.48778824215344 68.24855936269638 7.164201275685553 0.55 0.55 0.55
v -15.624810045594684 65.41070835367833 6.776653883001258 0.55 0.55 0.55
v -12.241693016374649 62.585239128052066 9.495562359121564 0.55 0.55 0.55
v -12.898147341563666 65.02532505135999 10.043813536021208 0.55 0.55 0.55
v -15.078293709078483 67.20109787096617 8.92594149640562 0.55 0.55 0.55
v -14.382254390793571 64.73834685706724 8.44402149911465 0.55 0.55 0.55
v -11.345315490064014 62.958492098499455 11.480241603041387 0.55 0.55 0.55
v -12.034751336905732 65.70866174324725 12.214327066288579 0.55 0.55 0.55
v -12.898147341563666 65.02532505135999 10.043813536021208 0.55 0.55 0.55
v -12.241693016374649 62.585239128052066 9.495562359121564 0.55 0.55 0.55
v -9.463472888205787 62.58237699176253 12.266877793034533 0.55 0.55 0.55
v -9.953510968937719 65.0226073100785 12.971244031207318 0.55 0.55 0.55
v -12.034751336905732 65.70866174324725 12.214327066288579 0.55 0.55 0.55
v -11.345315490064014 62.958492098499455 11.480241603041387 0.55 0.55 0.55
v -7.64919826774825 62.368040287336264 13.387225556242488 0.55 0.55 0.55
v -8.07832044241683 64.83350114559192 14.143908661821799 0.55 0.55 0.55
v -9.953510968937719 65.0226073100785 12.971244031207318 0.55 0.55 0.55
v -9.463472888205787 62.58237699176253 12.266877793034533 0.55 0.55 0.55
v -6.193785656863649 62.694214166679515 14.800478409849974 0.55 0.55 0.55
v -6.5621698602892495 65.48446021409713 15.76864452292429 0.55 0.55 0.55
v -8.07832044241683 64.83350114559192 14.143908661821799 0.55 0.55 0.55
v -7.64919826774825 62.368040287336264 13.387225556242488 0.55 0.55 0.55
v -4.332311506861737 64.12455482586388 15.934758091917569 0.55 0.55 0.55
v -4.543642718691493 66.68926888209177 16.817542526032057 0.55 0.55 0.55
v -6.5621698602892495 65.48446021409713 15.76864452292429 0.55 0.55 0.55
v -6.193785656863649 62.694214166679515 14.800478409849974 0.55 0.55 0.55
v -2.2849129437463263 61.99482303028506 15.114493510968959 0.55 0.55 0.55
v -2.354011784099421 64.41037955024115 15.969256151401725 0.55 0.55 0.55
v -4.543642718691493 66.68926888209177 16.817542526032057 0.55 0.55 0.55
v -4.332311506861737 64.12455482586388 15.934758091917569 0.55 0.55 0.55
v -0.11394437004504952 62.550705174780575 15.528413003647422 0.55 0.55 0.55
v -0.10914914082106236 64.99435617169397 16.392024977962123 0.55 0.55 0.55
v -2.354011784099421 64.41037955024115 15.969256151401725 0.55 0.55 0.55
v -2.2849129437463263 61.99482303028506 15.114493510968959 0.55 0.55 0.55
v 1.901586417147467 63.76753619552076 16.26655910464204 0.55 0.55 0.55
v 2.0476540018870164 66.38917881140775 17.193321869475845 0.55 0.55 0.55
v -0.10914914082106236 64.99435617169397 16.392024977962123 0.55 0.55 0.55
v -0.11394437004504952 62.550705174780575 15.528413003647422 0.55 0.55 0.55
v 3.7894536772616867 62.55554192519599 15.022912477679117 0.55 0.55 0.55
v 4.013904366857149 64.99937171821081 15.850718788970381 0.55 0.55 0.55
v 2.0476540018870164 66.38917881140775 17.193321869475845 0.55 0.55 0.55
v 1.901586417147467 63.76753619552076 16.26655910464204 0.55 0.55 0.55
v 5.85526259597578 62.95683249235854 15.01809006678806 0.55 0.55 0.55
v 6.2624186097028485 65.70633374352033 15.94444115865318 0.55 0.55 0.55
v 4.013904366857149 64.99937171821081 15.850718788970381 0.55 0.55 0.55
v 3.7894536772616867 62.55554192519599 15.022912477679117 0.55 0.55 0.55
v 7.389815565779674 62.494089281272764 13.577313420736203 0.55 0.55 0.55
v 7.825535529911858 64.9480166271715 14.321076665621078 0.55 0.55 0.55
v 6.2624186097028485 65.70633374352033 15.94444115865318 0.55 0.55 0.55
v 5.85526259597578 62.95683249235854 15.01809006678806 0.55 0.55 0.55
v 9.346788823157675 62.38246928627432 12.838862268262213 0.55 0.55 0.55
v 9.97987230956431 65.22344202150141 13.684354820351887 0.55 0.55 0.55
v 7.825535529911858 64.9480166271715 14.321076665621078 0.55 0.55 0.55
v 7.389815565779674 62.494089281272764 13.577313420736203 0.55 0.55 0.55
v 11.476891790609136 64.36952967085438 12.0498781312876 0.55 0.55 0.55
v 12.089255168790478 66.89582259418214 12.693786722965289 0.55 0.55 0.55
v 9.97987230956431 65.22344202150141 13.684354820351887 0.55 0.55 0.55
v 9.346788823157675 62.38246928627432 12.838862268262213 0.55 0.55 0.55
v 13.356651649847175 66.30477306790243 10.969807931868015 0.55 0.55 0.55
v 14.069540867942512 68.97184555557695 11.447773522394954 0.55 0.55 0.55
v 12.089255168790478 66.89582259418214 12.693786722965289 0.55 0.55 0.55
v 11.476891790609136 64.36952967085438 12.0498781312876 0.55 0.55 0.55
v 14.441946034132696 67.42514627510884 9.309197370163737 1.0 1.0 1.0
v 14.069540867942512 68.97184555557695 11.447773522394954 1.0 1.0 1.0
v 13.356651649847175 66.30477306790243 10.969807931868015 1.0 1.0 1.0
v 14.441946034132696 67.42514627510884 9.309197370163737 1.0 1.0 1.0
v 14.661007235734731 71.67805536811683 11.86711945417137 1.0 1.0 1.0
v 14.069540867942512 68.97184555557695 11.447773522394954 1.0 1.0 1.0
v 14.069540867942512 68.97184555557695 11.447773522394954 0.55 0.55 0.55
v 14.661007235734731 71.67805536811683 11.86711945417137 0.55 0.55 0.55
v 12.642065934994243 69.45200066315718 13.270119671959293 0.55 0.55 0.55
v 12.089255168790478 66.89582259418214 12.693786722965289 0.55 0.55 0.55
v 12.089255168790478 66.89582259418214 12.693786722965289 0.55 0.55 0.55
v 12.642065934994243 69.45200066315718 13.270119671959293 0.55 0.55 0.55
v 10.574744588771136 68.09714823528526 14.441426983156093 0.55 0.55 0.55
v 9.97987230956431 65.22344202150141 13.684354820351887 0.55 0.55 0.55
v 9.97987230956431 65.22344202150141 13.684354820351887 0.55 0.55 0.55
v 10.574744588771136 68.09714823528526 14.441426983156093 0.55 0.55 0.55
v 8.258928041148204 67.4070373109648 15.049190904004998 0.55 0.55 0.55
v 7.825535529911858 64.9480166271715 14.321076665621078 0.55 0.55 0.55
v 7.825535529911858 64.9480166271715 14.321076665621078 0.55 0.55 0.55
v 8.258928041148204 67.4070373109648 15.049190904004998 0.55 0.55 0.55
v 6.629414080668192 68.4877169703536 16.788222826743546 0.55 0.55 0.55
v 6.2624186097028485 65.70633374352033 15.94444115865318 0.55 0.55 0.55
v 6.2624186097028485 65.70633374352033 15.94444115865318 0.55 0.55 0.55
v 6.629414080668192 68.4877169703536 16.788222826743546 0.55 0.55 0.55
v 4.232594255144929 67.44813464682416 16.66543314489419 0.55 0.55 0.55
v 4.013904366857149 64.99937171821081 15.850718788970381 0.55 0.55 0.55
v 4.013904366857149 64.99937171821081 15.850718788970381 0.55 0.55 0.55
v 4.232594255144929 67.44813464682416 16.66543314489419 0.55 0.55 0.55
v 2.177683545552651 69.04157697648179 18.030048820228416 0.55 0.55 0.55
v 2.0476540018870164 66.38917881140775 17.193321869475845 0.55 0.55 0.55
v 2.0476540018870164 66.38917881140775 17.193321869475845 0.55 0.55 0.55
v 2.177683545552651 69.04157697648179 18.030048820228416 0.55 0.55 0.55
v -0.10941500528027089 67.44307421502658 17.241186972586554 0.55 0.55 0.55
v -0.10914914082106236 64.99435617169397 16.392024977962123 0.55 0.55 0.55
v -0.10914914082106236 64.99435617169397 16.392024977962123 0.55 0.55 0.55
v -0.10941500528027089 67.44307421502658 17.241186972586554 0.55 0.55 0.55
v -2.4207853173394622 66.82848771689692 16.81689598141154 0.55 0.55 0.55
v -2.354011784099421 64.41037955024115 15.969256151401725 0.55 0.55 0.55
v -2.354011784099421 64.41037955024115 15.969256151401725 0.0 0.0 0.0
v -2.4207853173394622 66.82848771689692 16.81689598141154 0.0 0.0 0.0
v -4.543642718691493 66.68926888209177 16.817542526032057 0.0 0.0 0.0
v -2.4207853173394622 66.82848771689692 16.81689598141154 0.0 0.0 0.0
v -2.480767100428721 69.25539915819625 17.63946592077755 0.0 0.0 0.0
v -4.543642718691493 66.68926888209177 16.817542526032057 0.0 0.0 0.0
v -0.10941500528027089 67.44307421502658 17.241186972586554 1.0 1.0 1.0
v -2.480767100428721 69.25539915819625 17.63946592077755 1.0 1.0 1.0
v -2.4207853173394622 66.82848771689692 16.81689598141154 1.0 1.0 1.0
v -0.10941500528027089 67.44307421502658 17.241186972586554 1.0 1.0 1.0
v -2.5333975919092495 71.6965900529648 18.418940995437946 1.0 1.0 1.0
v -2.480767100428721 69.25539915819625 17.63946592077755 1.0 1.0 1.0
v -2.480767100428721 69.25539915819625 17.63946592077755 0.55 0.55 0.55
v -2.5333975919092495 71.6965900529648 18.418940995437946 0.55 0.55 0.55
v -4.748254068157423 69.28427592195962 17.6080777818312 0.55 0.55 0.55
v -4.543642718691493 66.68926888209177 16.817542526032057 0.55 0.55 0.55
v -4.543642718691493 66.68926888209177 16.817542526032057 0.55 0.55 0.55
v -4.748254068157423 69.28427592195962 17.6080777818312 0.55 0.55 0.55
v -6.89870794197064 68.3072620644728 16.64944042156066 0.55 0.55 0.55
v -6.5621698602892495 65.48446021409713 15.76864452292429 0.55 0.55 0.55
v -6.5621698602892495 65.48446021409713 15.76864452292429 0.55 0.55 0.55
v -6.89870794197064 68.3072620644728 16.64944042156066 0.55 0.55 0.55
v -8.500975586892388 67.30399145369155 14.887735710264257 0.55 0.55 0.55
v -8.07832044241683 64.83350114559192 14.143908661821799 0.55 0.55 0.55
v -8.07832044241683 64.83350114559192 14.143908661821799 0.55 0.55 0.55
v -8.500975586892388 67.30399145369155 14.887735710264257 0.55 0.55 0.55
v -10.435145430176094 67.4677080571341 13.664524037588674 0.55 0.55 0.55
v -9.953510968937719 65.0226073100785 12.971244031207318 0.55 0.55 0.55
v -9.953510968937719 65.0226073100785 12.971244031207318 0.55 0.55 0.55
v -10.435145430176094 67.4677080571341 13.664524037588674 0.55 0.55 0.55
v -12.663177883555154 68.49022792319106 12.880899211357132 0.55 0.55 0.55
v -12.034751336905732 65.70866174324725 12.214327066288579 0.55 0.55 0.55
v -12.034751336905732 65.70866174324725 12.214327066288579 0.55 0.55 0.55
v -12.663177883555154 68.49022792319106 12.880899211357132 0.55 0.55 0.55
v -13.54352369346286 67.47026917279565 10.583620104567755 0.55 0.55 0.55
v -12.898147341563666 65.02532505135999 10.043813536021208 0.55 0.55 0.55
v -12.898147341563666 65.02532505135999 10.043813536021208 0.55 0.55 0.55
v -13.54352369346286 67.47026917279565 10.583620104567755 0.55 0.55 0.55
v -15.711082251540546 69.6894219727099 9.361039107979835 0.55 0.55 0.55
v -15.078293709078483 67.20109787096617 8.92594149640562 0.55 0.55 0.55
v -15.078293709078483 67.20109787096617 8.92594149640562 0.55 0.55 0.55
v -15.711082251540546 69.6894219727099 9.361039107979835 0.55 0.55 0.55
v -17.226073287036915 71.12801386847947 7.495840349026983 0.55 0.55 0.55
v -16.48778824215344 68.24855936269638 7.164201275685553 0.55 0.55 0.55
v -16.48778824215344 68.24855936269638 7.164201275685553 0.55 0.55 0.55
v -17.226073287036915 71.12801386847947 7.495840349026983 0.55 0.55 0.55
v -17.52795770020351 69.35081959133989 5.08187821800001 0.55 0.55 0.55
v -16.75284264028872 66.7705894714133 4.85372474542869 0.55 0.55 0.55
v -16.75284264028872 66.7705894714133 4.85372474542869 0.55 0.55 0.55
v -17.52795770020351 69.35081959133989 5.08187821800001 0.55 0.55 0.55
v -17.005742589440842 67.4692029164934 2.6460863005759894 0.55 0.55 0.55
v -16.17350379555451 65.02430018936886 2.5120673489624434 0.55 0.55 0.55
v -16.17350379555451 65.02430018936886 2.5120673489624434 0.55 0.55 0.55
v -17.005742589440842 67.4692029164934 2.6460863005759894 0.55 0.55 0.55
v -18.787470370616106 71.20834109157336 0.4909401188143086 0.55 0.55 0.55
v -17.989643253495757 68.35391054457094 0.4697535504614096 0.55 0.55 0.55
v -17.989643253495757 68.35391054457094 0.4697535504614096 0.55 0.55 0.55
v -18.787470370616106 71.20834109157336 0.4909401188143086 0.55 0.55 0.55
v -18.31612197631441 71.3132534468075 -4.284489927179963 0.55 0.55 0.55
v -17.55464521322783 68.49179536943365 -4.107105168355447 0.55 0.55 0.55
v -17.55464521322783 68.49179536943365 -4.107105168355447 0.55 0.55 0.55
v -18.31612197631441 71.3132534468075 -4.284489927179963 0.55 0.55 0.55
v -17.096963590992218 67.46690024152382 -1.7116634167972866 0.55 0.55 0.55
v -16.260905662622974 65.0213996097315 -1.6140737898171575 0.55 0.55 0.55
v -16.260905662622974 65.0213996097315 -1.6140737898171575 0.55 0.55 0.55
v -17.096963590992218 67.46690024152382 -1.7116634167972866 0.55 0.55 0.55
v -16.141246533308138 67.45584199742252 -5.969463328299673 0.55 0.55 0.55
v -15.358540515071123 65.00875604779829 -5.648181563914992 0.55 0.55 0.55
v -15.358540515071123 65.00875604779829 -5.648181563914992 0.55 0.55 0.55
v -16.141246533308138 67.45584199742252 -5.969463328299673 0.55 0.55 0.55
v -16.690579541864615 71.74392537109324 -8.818603734559083 0.55 0.55 0.55
v -16.060325855969722 69.05776545000975 -8.480354820187422 0.55 0.55 0.55
v -16.060325855969722 69.05776545000975 -8.480354820187422 0.55 0.55 0.55
v -16.690579541864615 71.74392537109324 -8.818603734559083 0.55 0.55 0.55
v -14.128837803543368 67.45062259276172 -9.843094480520655 0.55 0.55 0.55
v -13.457224632128737 65.00257175051412 -9.326483071732833 0.55 0.55 0.55
v -13.457224632128737 65.00257175051412 -9.326483071732833 0.55 0.55 0.55
v -14.128837803543368 67.45062259276172 -9.843094480520655 0.55 0.55 0.55
v -12.659872803812636 67.45684588685334 -11.653456511909084 0.55 0.55 0.55
v -12.03642778177438 65.00994745059623 -11.085260011719388 0.55 0.55 0.55
v -12.03642778177438 65.00994745059623 -11.085260011719388 0.55 0.55 0.55
v -12.659872803812636 67.45684588685334 -11.653456511909084 0.55 0.55 0.55
v -11.259529160315374 66.79827086708151 -13.333505145158517 0.55 0.55 0.55
v -10.694320949880542 64.25321546195563 -12.638634468113894 0.55 0.55 0.55
v -10.694320949880542 64.25321546195563 -12.638634468113894 0.55 0.55 0.55
v -11.259529160315374 66.79827086708151 -13.333505145158517 0.55 0.55 0.55
v -9.750409212236672 68.27293041255614 -15.113855310897451 0.55 0.55 0.55
v -9.252030385455011 65.44073600842742 -14.313505042934459 0.55 0.55 0.55
v -9.252030385455011 65.44073600842742 -14.313505042934459 0.55 0.55 0.55
v -9.750409212236672 68.27293041255614 -15.113855310897451 0.55 0.55 0.55
v -6.025748426386921 57.506162945214015 -12.364514049793316 0.55 0.55 0.55
v -6.6470458009461995 55.710303795129725 -11.462830784787508 0.55 0.55 0.55
v -6.6470458009461995 55.710303795129725 -11.462830784787508 0.0 0.0 0.0
v -6.025748426386921 57.506162945214015 -12.364514049793316 0.0 0.0 0.0
v -4.667149803452077 59.824349322209684 -14.107011015445122 0.0 0.0 0.0
v -6.025748426386921 57.506162945214015 -12.364514049793316 0.0 0.0 0.0
v -6.474978331703618 59.93789506559823 -13.051066524633185 0.0 0.0 0.0
v -4.667149803452077 59.824349322209684 -14.107011015445122 0.0 0.0 0.0
v -9.750409212236672 68.27293041255614 -15.113855310897451 1.0 1.0 1.0
v -6.474978331703618 59.93789506559823 -13.051066524633185 1.0 1.0 1.0
v -6.025748426386921 57.506162945214015 -12.364514049793316 1.0 1.0 1.0
v -9.750409212236672 68.27293041255614 -15.113855310897451 1.0 1.0 1.0
v -6.8000747518789275 62.401459595670076 -13.854382618116105 1.0 1.0 1.0
v -6.474978331703618 59.93789506559823 -13.051066524633185 1.0 1.0 1.0
v -6.474978331703618 59.93789506559823 -13.051066524633185 0.55 0.55 0.55
v -6.8000747518789275 62.401459595670076 -13.854382618116105 0.55 0.55 0.55
v -4.927419766999076 62.267223354661624 -14.98482218502325 0.55 0.55 0.55
v -4.667149803452077 59.824349322209684 -14.107011015445122 0.55 0.55 0.55
v -4.667149803452077 59.824349322209684 -14.107011015445122 0.0 0.0 0.0
v -4.927419766999076 62.267223354661624 -14.98482218502325 0.0 0.0 0.0
v -3.235029614300628 65.70821490802355 -16.84106849897795 0.0 0.0 0.0
v -4.927419766999076 62.267223354661624 -14.98482218502325 0.0 0.0 0.0
v -5.1865290943456355 64.71872821718773 -15.838737951958459 0.0 0.0 0.0
v -3.235029614300628 65.70821490802355 -16.84106849897795 0.0 0.0 0.0
v -6.8000747518789275 62.401459595670076 -13.854382618116105 0.55 0.55 0.55
v -7.132821853759809 64.86315289735951 -14.660337133196753 0.55 0.55 0.55
v -5.1865290943456355 64.71872821718773 -15.838737951958459 0.55 0.55 0.55
v -4.927419766999076 62.267223354661624 -14.98482218502325 0.55 0.55 0.55
v -9.750409212236672 68.27293041255614 -15.113855310897451 1.0 1.0 1.0
v -7.132821853759809 64.86315289735951 -14.660337133196753 1.0 1.0 1.0
v -6.8000747518789275 62.401459595670076 -13.854382618116105 1.0 1.0 1.0
v -9.750409212236672 68.27293041255614 -15.113855310897451 1.0 1.0 1.0
v -7.461737314273453 67.33003108562629 -15.451948974445633 1.0 1.0 1.0
v -7.132821853759809 64.86315289735951 -14.660337133196753 1.0 1.0 1.0
v -7.132821853759809 64.86315289735951 -14.660337133196753 0.0 0.0 0.0
v -7.461737314273453 67.33003108562629 -15.451948974445633 0.0 0.0 0.0
v -5.1865290943456355 64.71872821718773 -15.838737951958459 0.0 0.0 0.0
v -7.461737314273453 67.33003108562629 -15.451948974445633 0.0 0.0 0.0
v -7.777251700961214 69.80873173209662 -16.211337947379 0.0 0.0 0.0
v -5.1865290943456355 64.71872821718773 -15.838737951958459 0.0 0.0 0.0
v -9.750409212236672 68.27293041255614 -15.113855310897451 1.0 1.0 1.0
v -7.777251700961214 69.80873173209662 -16.211337947379 1.0 1.0 1.0
v -7.461737314273453 67.33003108562629 -15.451948974445633 1.0 1.0 1.0
v -9.750409212236672 68.27293041255614 -15.113855310897451 1.0 1.0 1.0
v -8.070541371800925 72.30491935994502 -16.920714091996764 1.0 1.0 1.0
v -7.777251700961214 69.80873173209662 -16.211337947379 1.0 1.0 1.0
v -7.777251700961214 69.80873173209662 -16.211337947379 0.55 0.55 0.55
v -8.070541371800925 72.30491935994502 -16.920714091996764 0.55 0.55 0.55
v -5.434861797857185 67.18783695593304 -16.643701137822802 0.55 0.55 0.55
v -5.1865290943456355 64.71872821718773 -15.838737951958459 0.55 0.55 0.55
v -5.1865290943456355 64.71872821718773 -15.838737951958459 0.55 0.55 0.55
v -5.434861797857185 67.18783695593304 -16.643701137822802 0.55 0.55 0.55
v -3.387422032665548 68.48987619647214 -17.744257987309442 0.55 0.55 0.55
v -3.235029614300628 65.70821490802355 -16.84106849897795 0.55 0.55 0.55
v -3.235029614300628 65.70821490802355 -16.84106849897795 0.55 0.55 0.55
v -3.387422032665548 68.48987619647214 -17.744257987309442 0.55 0.55 0.55
v -0.9913516186146544 62.58415875439179 -15.463841356818742 0.55 0.55 0.55
v -0.9664300519464262 60.1427460260527 -14.6113710892542 0.55 0.55 0.55
v -0.9664300519464262 60.1427460260527 -14.6113710892542 0.55 0.55 0.55
v -0.9913516186146544 62.58415875439179 -15.463841356818742 0.55 0.55 0.55
v 1.382471302861062 57.50373380228148 -13.912869404940022 0.55 0.55 0.55
v 2.1571399188364766 55.4476460877425 -13.100777134643106 0.55 0.55 0.55
v 2.1571399188364766 55.4476460877425 -13.100777134643106 0.0 0.0 0.0
v 1.382471302861062 57.50373380228148 -13.912869404940022 0.0 0.0 0.0
v 3.2929422416302563 65.47283408618755 -16.753968315475507 0.0 0.0 0.0
v 1.382471302861062 57.50373380228148 -13.912869404940022 0.0 0.0 0.0
v 1.0962103787351696 59.81298540958585 -14.805422507553551 0.0 0.0 0.0
v 3.2929422416302563 65.47283408618755 -16.753968315475507 0.0 0.0 0.0
v -0.9913516186146544 62.58415875439179 -15.463841356818742 1.0 1.0 1.0
v 1.0962103787351696 59.81298540958585 -14.805422507553551 1.0 1.0 1.0
v 1.382471302861062 57.50373380228148 -13.912869404940022 1.0 1.0 1.0
v -0.9913516186146544 62.58415875439179 -15.463841356818742 1.0 1.0 1.0
v 1.1540770939380094 62.25571187843745 -15.719960778434267 1.0 1.0 1.0
v 1.0962103787351696 59.81298540958585 -14.805422507553551 1.0 1.0 1.0
v 1.0962103787351696 59.81298540958585 -14.805422507553551 0.0 0.0 0.0
v 1.1540770939380094 62.25571187843745 -15.719960778434267 0.0 0.0 0.0
v 3.2929422416302563 65.47283408618755 -16.753968315475507 0.0 0.0 0.0
v 1.1540770939380094 62.25571187843745 -15.719960778434267 0.0 0.0 0.0
v 1.202049041614612 64.70681159249769 -16.612687542790475 0.0 0.0 0.0
v 3.2929422416302563 65.47283408618755 -16.753968315475507 0.0 0.0 0.0
v -0.9913516186146544 62.58415875439179 -15.463841356818742 0.55 0.55 0.55
v -1.0216448254250992 65.02414954750817 -16.320237395871192 0.55 0.55 0.55
v 1.202049041614612 64.70681159249769 -16.612687542790475 0.55 0.55 0.55
v 1.1540770939380094 62.25571187843745 -15.719960778434267 0.55 0.55 0.55
v -3.387422032665548 68.48987619647214 -17.744257987309442 1.0 1.0 1.0
v -1.0216448254250992 65.02414954750817 -16.320237395871192 1.0 1.0 1.0
v -0.9913516186146544 62.58415875439179 -15.463841356818742 1.0 1.0 1.0
v -3.387422032665548 68.48987619647214 -17.744257987309442 1.0 1.0 1.0
v -1.0530404400383981 67.46904093721707 -17.162563969940685 1.0 1.0 1.0
v -1.0216448254250992 65.02414954750817 -16.320237395871192 1.0 1.0 1.0
v -1.0216448254250992 65.02414954750817 -16.320237395871192 0.55 0.55 0.55
v -1.0530404400383981 67.46904093721707 -17.162563969940685 0.55 0.55 0.55
v 1.2442741363022347 67.17545519369267 -17.455991265362222 0.55 0.55 0.55
v 1.202049041614612 64.70681159249769 -16.612687542790475 0.55 0.55 0.55
v 1.202049041614612 64.70681159249769 -16.612687542790475 0.55 0.55 0.55
v 1.2442741363022347 67.17545519369267 -17.455991265362222 0.55 0.55 0.55
v 3.5007296652337887 68.29796881616132 -17.675019746470852 0.55 0.55 0.55
v 3.2929422416302563 65.47283408618755 -16.753968315475507 0.55 0.55 0.55
v 3.2929422416302563 65.47283408618755 -16.753968315475507 0.55 0.55 0.55
v 3.5007296652337887 68.29796881616132 -17.675019746470852 0.55 0.55 0.55
v 5.81764510372016 69.39237217042407 -17.317631342221983 0.55 0.55 0.55
v 5.534153161216328 66.82233251621598 -16.56484072001151 0.55 0.55 0.55
v 5.534153161216328 66.82233251621598 -16.56484072001151 0.55 0.55 0.55
v 5.81764510372016 69.39237217042407 -17.317631342221983 0.55 0.55 0.55
v 7.850913774137477 68.39500341828692 -16.171183436925112 0.55 0.55 0.55
v 7.455956022684774 65.7770170927682 -15.4041614396039 0.55 0.55 0.55
v 7.455956022684774 65.7770170927682 -15.4041614396039 0.55 0.55 0.55
v 7.850913774137477 68.39500341828692 -16.171183436925112 0.55 0.55 0.55
v 8.303180644602525 62.63958874531215 -13.161308956327309 0.55 0.55 0.55
v 7.756408204472795 60.2151604783275 -12.489631759010598 0.55 0.55 0.55
v 7.756408204472795 60.2151604783275 -12.489631759010598 0.55 0.55 0.55
v 8.303180644602525 62.63958874531215 -13.161308956327309 0.55 0.55 0.55
v 9.52462909654477 59.46870102079076 -11.229976113245762 0.55 0.55 0.55
v 8.5353549471125 57.02735990276331 -10.824868529189413 0.55 0.55 0.55
v 8.5353549471125 57.02735990276331 -10.824868529189413 0.0 0.0 0.0
v 9.52462909654477 59.46870102079076 -11.229976113245762 0.0 0.0 0.0
v 12.66621832776021 65.79172251632505 -11.532498138981563 0.0 0.0 0.0
v 9.52462909654477 59.46870102079076 -11.229976113245762 0.0 0.0 0.0
v 10.209684256859708 61.94640271424065 -11.910675956952069 0.0 0.0 0.0
v 12.66621832776021 65.79172251632505 -11.532498138981563 0.0 0.0 0.0
v 8.303180644602525 62.63958874531215 -13.161308956327309 1.0 1.0 1.0
v 10.209684256859708 61.94640271424065 -11.910675956952069 1.0 1.0 1.0
v 9.52462909654477 59.46870102079076 -11.229976113245762 1.0 1.0 1.0
v 8.303180644602525 62.63958874531215 -13.161308956327309 1.0 1.0 1.0
v 10.80703354459909 64.4413592079995 -12.633856822332 1.0 1.0 1.0
v 10.209684256859708 61.94640271424065 -11.910675956952069 1.0 1.0 1.0
v 10.209684256859708 61.94640271424065 -11.910675956952069 0.0 0.0 0.0
v 10.80703354459909 64.4413592079995 -12.633856822332 0.0 0.0 0.0
v 12.66621832776021 65.79172251632505 -11.532498138981563 0.0 0.0 0.0
v 10.80703354459909 64.4413592079995 -12.633856822332 0.0 0.0 0.0
v 11.391598855157488 66.95681068399243 -13.293072698320056 0.0 0.0 0.0
v 12.66621832776021 65.79172251632505 -11.532498138981563 0.0 0.0 0.0
v 8.303180644602525 62.63958874531215 -13.161308956327309 0.55 0.55 0.55
v 8.82225224213095 65.06499671174986 -13.851246070974021 0.55 0.55 0.55
v 11.391598855157488 66.95681068399243 -13.293072698320056 0.55 0.55 0.55
v 10.80703354459909 64.4413592079995 -12.633856822332 0.55 0.55 0.55
v 7.850913774137477 68.39500341828692 -16.171183436925112 1.0 1.0 1.0
v 8.82225224213095 65.06499671174986 -13.851246070974021 1.0 1.0 1.0
v 8.303180644602525 62.63958874531215 -13.161308956327309 1.0 1.0 1.0
v 7.850913774137477 68.39500341828692 -16.171183436925112 1.0 1.0 1.0
v 9.338901222259526 67.4956855247487 -14.524186172584576 1.0 1.0 1.0
v 8.82225224213095 65.06499671174986 -13.851246070974021 1.0 1.0 1.0
v 8.82225224213095 65.06499671174986 -13.851246070974021 0.55 0.55 0.55
v 9.338901222259526 67.4956855247487 -14.524186172584576 0.55 0.55 0.55
v 11.914256361902488 69.50204354779031 -13.886456003620863 0.55 0.55 0.55
v 11.391598855157488 66.95681068399243 -13.293072698320056 0.55 0.55 0.55
v 11.391598855157488 66.95681068399243 -13.293072698320056 0.55 0.55 0.55
v 11.914256361902488 69.50204354779031 -13.886456003620863 0.55 0.55 0.55
v 13.367945026893967 68.5569305288749 -12.105414562700993 0.55 0.55 0.55
v 12.66621832776021 65.79172251632505 -11.532498138981563 0.55 0.55 0.55
v 12.66621832776021 65.79172251632505 -11.532498138981563 0.55 0.55 0.55
v 13.367945026893967 68.5569305288749 -12.105414562700993 0.55 0.55 0.55
v 13.902168639236285 67.3828009964833 -10.085132464627753 0.55 0.55 0.55
v 13.085612822400407 64.92806658001271 -9.733600204109164 0.55 0.55 0.55
v 13.085612822400407 64.92806658001271 -9.733600204109164 0.55 0.55 0.55
v 13.902168639236285 67.3828009964833 -10.085132464627753 0.55 0.55 0.55
v 15.13772599211862 67.4479158353163 -8.0958371217837 0.55 0.55 0.55
v 14.320603458281424 65.00149293614122 -7.8289921542531875 0.55 0.55 0.55
v 14.320603458281424 65.00149293614122 -7.8289921542531875 0.55 0.55 0.55
v 15.13772599211862 67.4479158353163 -8.0958371217837 0.55 0.55 0.55
v 16.142232135993215 67.46792295152152 -5.957428687164305 0.55 0.55 0.55
v 15.325892336503788 65.02274270941786 -5.741145615064663 0.55 0.55 0.55
v 15.325892336503788 65.02274270941786 -5.741145615064663 0.55 0.55 0.55
v 16.142232135993215 67.46792295152152 -5.957428687164305 0.55 0.55 0.55
v 16.848772567161497 67.47231714651332 -3.6542843190856256 0.55 0.55 0.55
v 16.02796544938709 65.0281842209471 -3.4629352725531755 0.55 0.55 0.55
v 16.02796544938709 65.0281842209471 -3.4629352725531755 0.55 0.55 0.55
v 16.848772567161497 67.47231714651332 -3.6542843190856256 0.55 0.55 0.55
v 18.05296221100268 68.8746977121031 -1.4259166117430078 0.55 0.55 0.55
v 17.19902114643094 66.18308913437659 -1.2407111032829066 0.55 0.55 0.55
v 17.19902114643094 66.18308913437659 -1.2407111032829066 0.0 1.0 0.0
v 18.05296221100268 68.8746977121031 -1.4259166117430078 0.0 1.0 0.0
v 17.6657139862349 67.27100585996546 0.3181017445176176 0.0 1.0 0.0
v 17.00408389901416 67.4735720288994 2.6769247897764425 0.0 1.0 0.0
v 16.177232102319614 65.02979363665489 2.4933975689140704 0.0 1.0 0.0
v 17.00408389901416 67.4735720288994 2.6769247897764425 0.55 0.55 0.55
v 17.796201547146314 69.9288556384452 2.8598801985801354 0.55 0.55 0.55
v 17.21283143932414 69.92807286432479 5.232009882334271 0.55 0.55 0.55
v 16.433333715990663 67.47189526179687 5.023425200864543 0.55 0.55 0.55
v 16.433333715990663 67.47189526179687 5.023425200864543 0.55 0.55 0.55
v 17.21283143932414 69.92807286432479 5.232009882334271 0.55 0.55 0.55
v 16.38177796065181 69.9158511537965 7.509208562498521 0.55 0.55 0.55
v 15.600964939604962 67.45893583016887 7.257596253633794 0.55 0.55 0.55
v 15.600964939604962 67.45893583016887 7.257596253633794 0.55 0.55 0.55
v 16.38177796065181 69.9158511537965 7.509208562498521 0.55 0.55 0.55
v 15.213054958268124 69.88845156086222 9.621256859310297 0.55 0.55 0.55
v 14.441946034132696 67.42514627510884 9.309197370163737 0.55 0.55 0.55
v 14.441946034132696 67.42514627510884 9.309197370163737 0.0 0.0 0.0
v 15.213054958268124 69.88845156086222 9.621256859310297 0.0 0.0 0.0
v 14.661007235734731 71.67805536811683 11.86711945417137 0.0 0.0 0.0
v 15.213054958268124 69.88845156086222 9.621256859310297 0.0 0.0 0.0
v 15.935779146719895 72.36875614835633 9.914419664042443 0.0 0.0 0.0
v 14.661007235734731 71.67805536811683 11.86711945417137 0.0 0.0 0.0
v 16.38177796065181 69.9158511537965 7.509208562498521 0.55 0.55 0.55
v 17.109224272680954 72.39024302696943 7.749526975983089 0.55 0.55 0.55
v 15.935779146719895 72.36875614835633 9.914419664042443 0.55 0.55 0.55
v 15.213054958268124 69.88845156086222 9.621256859310297 0.55 0.55 0.55
v 17.21283143932414 69.92807286432479 5.232009882334271 0.55 0.55 0.55
v 17.940159327067374 72.40091973223652 5.431891075361657 0.55 0.55 0.55
v 17.109224272680954 72.39024302696943 7.749526975983089 0.55 0.55 0.55
v 16.38177796065181 69.9158511537965 7.509208562498521 0.55 0.55 0.55
v 17.796201547146314 69.9288556384452 2.8598801985801354 0.55 0.55 0.55
v 18.536468447485674 72.40094024964966 3.033524700205168 0.55 0.55 0.55
v 17.940159327067374 72.40091973223652 5.431891075361657 0.55 0.55 0.55
v 17.21283143932414 69.92807286432479 5.232009882334271 0.55 0.55 0.55
v 17.6657139862349 67.27100585996546 0.3181017445176176 1.0 1.0 1.0
v 17.796201547146314 69.9288556384452 2.8598801985801354 1.0 1.0 1.0
v 17.00408389901416 67.4735720288994 2.6769247897764425 1.0 1.0 1.0
v 17.6657139862349 67.27100585996546 0.3181017445176176 1.0 1.0 1.0
v 18.536468447485674 72.40094024964966 3.033524700205168 1.0 1.0 1.0
v 17.796201547146314 69.9288556384452 2.8598801985801354 1.0 1.0 1.0
v 18.536468447485674 72.40094024964966 3.033524700205168 0.55 0.55 0.55
v 19.20877627887008 74.89340868279082 3.1908572200593603 0.55 0.55 0.55
v 18.6011748035501 74.89377354170593 5.611965907745109 0.55 0.55 0.55
v 17.940159327067374 72.40091973223652 5.431891075361657 0.55 0.55 0.55
v 17.940159327067374 72.40091973223652 5.431891075361657 0.55 0.55 0.55
v 18.6011748035501 74.89377354170593 5.611965907745109 0.55 0.55 0.55
v 17.771766507717693 74.88513377955749 7.963880412568413 0.55 0.55 0.55
v 17.109224272680954 72.39024302696943 7.749526975983089 0.55 0.55 0.55
v 17.109224272680954 72.39024302696943 7.749526975983089 0.55 0.55 0.55
v 17.771766507717693 74.88513377955749 7.963880412568413 0.55 0.55 0.55
v 16.599131774880373 74.86952800187031 10.171768187523723 0.55 0.55 0.55
v 15.935779146719895 72.36875614835633 9.914419664042443 0.55 0.55 0.55
v 15.935779146719895 72.36875614835633 9.914419664042443 0.55 0.55 0.55
v 16.599131774880373 74.86952800187031 10.171768187523723 0.55 0.55 0.55
v 15.11086437853277 74.42358251495477 12.195700816031103 0.55 0.55 0.55
v 14.661007235734731 71.67805536811683 11.86711945417137 0.55 0.55 0.55
v 14.661007235734731 71.67805536811683 11.86711945417137 0.55 0.55 0.55
v 15.11086437853277 74.42358251495477 12.195700816031103 0.55 0.55 0.55
v 13.107910615196353 72.04365566216198 13.757489355425994 0.55 0.55 0.55
v 12.642065934994243 69.45200066315718 13.270119671959293 0.55 0.55 0.55
v 12.642065934994243 69.45200066315718 13.270119671959293 0.55 0.55 0.55
v 13.107910615196353 72.04365566216198 13.757489355425994 0.55 0.55 0.55
v 11.082813124517422 71.01303890512314 15.09156756860436 0.55 0.55 0.55
v 10.574744588771136 68.09714823528526 14.441426983156093 0.55 0.55 0.55
v 10.574744588771136 68.09714823528526 14.441426983156093 0.55 0.55 0.55
v 11.082813124517422 71.01303890512314 15.09156756860436 0.55 0.55 0.55
v 8.679704264353987 69.87750354820807 15.745189743855557 0.55 0.55 0.55
v 8.258928041148204 67.4070373109648 15.049190904004998 0.55 0.55 0.55
v 8.258928041148204 67.4070373109648 15.049190904004998 0.55 0.55 0.55
v 8.679704264353987 69.87750354820807 15.745189743855557 0.55 0.55 0.55
v 6.94266337247211 71.30970367829308 17.508858985680362 0.55 0.55 0.55
v 6.629414080668192 68.4877169703536 16.788222826743546 0.55 0.55 0.55
v 6.629414080668192 68.4877169703536 16.788222826743546 0.55 0.55 0.55
v 6.94266337247211 71.30970367829308 17.508858985680362 0.55 0.55 0.55
v 4.441512954065337 69.9084668052708 17.447195012998797 0.55 0.55 0.55
v 4.232594255144929 67.44813464682416 16.66543314489419 0.55 0.55 0.55
v 4.232594255144929 67.44813464682416 16.66543314489419 0.55 0.55 0.55
v 4.441512954065337 69.9084668052708 17.447195012998797 0.55 0.55 0.55
v 2.2878617505064973 71.73147625829978 18.739762045132025 0.55 0.55 0.55
v 2.177683545552651 69.04157697648179 18.030048820228416 0.55 0.55 0.55
v 2.177683545552651 69.04157697648179 18.030048820228416 0.55 0.55 0.55
v 2.2878617505064973 71.73147625829978 18.739762045132025 0.55 0.55 0.55
v -0.11113182759626933 69.9034740992413 18.055896289980126 0.55 0.55 0.55
v -0.10941500528027089 67.44307421502658 17.241186972586554 0.55 0.55 0.55
v -0.10941500528027089 67.44307421502658 17.241186972586554 0.0 0.0 0.0
v -0.11113182759626933 69.9034740992413 18.055896289980126 0.0 0.0 0.0
v -2.5333975919092495 71.6965900529648 18.418940995437946 0.0 0.0 0.0
v -0.11113182759626933 69.9034740992413 18.055896289980126 0.0 0.0 0.0
v -0.11571077519565075 72.38081899221953 18.817470824565646 0.0 0.0 0.0
v -2.5333975919092495 71.6965900529648 18.418940995437946 0.0 0.0 0.0
v 2.2878617505064973 71.73147625829978 18.739762045132025 0.55 0.55 0.55
v 2.372993377508174 74.4600807624885 19.285614947355274 0.55 0.55 0.55
v -0.11571077519565075 72.38081899221953 18.817470824565646 0.55 0.55 0.55
v -0.11113182759626933 69.9034740992413 18.055896289980126 0.55 0.55 0.55
v 4.441512954065337 69.9084668052708 17.447195012998797 0.55 0.55 0.55
v 4.636187241786369 72.38555641856937 18.17811403700905 0.55 0.55 0.55
v 2.372993377508174 74.4600807624885 19.285614947355274 0.55 0.55 0.55
v 2.2878617505064973 71.73147625829978 18.739762045132025 0.55 0.55 0.55
v 6.94266337247211 71.30970367829308 17.508858985680362 0.55 0.55 0.55
v 7.18680634669049 74.17487886657963 18.066019532592883 0.55 0.55 0.55
v 4.636187241786369 72.38555641856937 18.17811403700905 0.55 0.55 0.55
v 4.441512954065337 69.9084668052708 17.447195012998797 0.55 0.55 0.55
v 8.679704264353987 69.87750354820807 15.745189743855557 0.55 0.55 0.55
v 9.07693744927939 72.36482387473845 16.393339428503335 0.55 0.55 0.55
v 7.18680634669049 74.17487886657963 18.066019532592883 0.55 0.55 0.55
v 6.94266337247211 71.30970367829308 17.508858985680362 0.55 0.55 0.55
v 11.082813124517422 71.01303890512314 15.09156756860436 0.55 0.55 0.55
v 11.479996761424308 73.97451213416255 15.594572241100359 0.55 0.55 0.55
v 9.07693744927939 72.36482387473845 16.393339428503335 0.55 0.55 0.55
v 8.679704264353987 69.87750354820807 15.745189743855557 0.55 0.55 0.55
v 13.107910615196353 72.04365566216198 13.757489355425994 0.55 0.55 0.55
v 13.47191086881238 74.67115225928347 14.123967446692967 0.55 0.55 0.55
v 11.479996761424308 73.97451213416255 15.594572241100359 0.55 0.55 0.55
v 11.082813124517422 71.01303890512314 15.09156756860436 0.55 0.55 0.55
v 15.11086437853277 74.42358251495477 12.195700816031103 1.0 1.0 1.0
v 13.47191086881238 74.67115225928347 14.123967446692967 1.0 1.0 1.0
v 13.107910615196353 72.04365566216198 13.757489355425994 1.0 1.0 1.0
v 15.11086437853277 74.42358251495477 12.195700816031103 1.0 1.0 1.0
v 13.721278077725914 77.32859510933268 14.339388521581292 1.0 1.0 1.0
v 13.47191086881238 74.67115225928347 14.123967446692967 1.0 1.0 1.0
v 13.47191086881238 74.67115225928347 14.123967446692967 0.55 0.55 0.55
v 13.721278077725914 77.32859510933268 14.339388521581292 0.55 0.55 0.55
v 11.740671910553553 76.9760798662711 15.915139193023949 0.55 0.55 0.55
v 11.479996761424308 73.97451213416255 15.594572241100359 0.55 0.55 0.55
v 11.479996761424308 73.97451213416255 15.594572241100359 0.55 0.55 0.55
v 11.740671910553553 76.9760798662711 15.915139193023949 0.55 0.55 0.55
v 9.440523854908776 74.87275111273394 16.978659066748524 0.55 0.55 0.55
v 9.07693744927939 72.36482387473845 16.393339428503335 0.55 0.55 0.55
v 9.07693744927939 72.36482387473845 16.393339428503335 0.55 0.55 0.55
v 9.440523854908776 74.87275111273394 16.978659066748524 0.55 0.55 0.55
v 7.346895091200067 77.07765338032799 18.422381172248194 0.55 0.55 0.55
v 7.18680634669049 74.17487886657963 18.066019532592883 0.55 0.55 0.55
v 7.18680634669049 74.17487886657963 18.066019532592883 0.55 0.55 0.55
v 7.346895091200067 77.07765338032799 18.422381172248194 0.55 0.55 0.55
v 4.811509699348635 74.88295408786382 18.841679000791146 0.55 0.55 0.55
v 4.636187241786369 72.38555641856937 18.17811403700905 0.55 0.55 0.55
v 4.636187241786369 72.38555641856937 18.17811403700905 0.55 0.55 0.55
v 4.811509699348635 74.88295408786382 18.841679000791146 0.55 0.55 0.55
v 2.4293656712794363 77.22162803829211 19.63333456972743 0.55 0.55 0.55
v 2.372993377508174 74.4600807624885 19.285614947355274 0.55 0.55 0.55
v 2.372993377508174 74.4600807624885 19.285614947355274 0.55 0.55 0.55
v 2.4293656712794363 77.22162803829211 19.63333456972743 0.55 0.55 0.55
v -0.12244460512326474 74.878696711391 19.50858819630197 0.55 0.55 0.55
v -0.11571077519565075 72.38081899221953 18.817470824565646 0.55 0.55 0.55
v -0.11571077519565075 72.38081899221953 18.817470824565646 0.55 0.55 0.55
v -0.12244460512326474 74.878696711391 19.50858819630197 0.55 0.55 0.55
v -2.5762878989350986 74.15624519383479 19.13827155530016 0.55 0.55 0.55
v -2.5333975919092495 71.6965900529648 18.418940995437946 0.55 0.55 0.55
v -2.5333975919092495 71.6965900529648 18.418940995437946 0.55 0.55 0.55
v -2.5762878989350986 74.15624519383479 19.13827155530016 0.55 0.55 0.55
v -4.927551568519612 71.91540857084077 18.275224852422713 0.55 0.55 0.55
v -4.748254068157423 69.28427592195962 17.6080777818312 0.55 0.55 0.55
v -4.748254068157423 69.28427592195962 17.6080777818312 0.55 0.55 0.55
v -4.927551568519612 71.91540857084077 18.275224852422713 0.55 0.55 0.55
v -7.185083700529187 71.1725207188356 17.4002120923655 0.55 0.55 0.55
v -6.89870794197064 68.3072620644728 16.64944042156066 0.55 0.55 0.55
v -6.89870794197064 68.3072620644728 16.64944042156066 0.55 0.55 0.55
v -7.185083700529187 71.1725207188356 17.4002120923655 0.55 0.55 0.55
v -8.906184283138348 69.78626653407181 15.601325247747663 0.55 0.55 0.55
v -8.500975586892388 67.30399145369155 14.887735710264257 0.55 0.55 0.55
v -8.500975586892388 67.30399145369155 14.887735710264257 0.55 0.55 0.55
v -8.906184283138348 69.78626653407181 15.601325247747663 0.55 0.55 0.55
v -10.89547194690094 69.92447123984775 14.330570631765145 0.55 0.55 0.55
v -10.435145430176094 67.4677080571341 13.664524037588674 0.55 0.55 0.55
v -10.435145430176094 67.4677080571341 13.664524037588674 0.55 0.55 0.55
v -10.89547194690094 69.92447123984775 14.330570631765145 0.55 0.55 0.55
v -13.199683651106838 71.31207290071671 13.45010875687814 0.55 0.55 0.55
v -12.663177883555154 68.49022792319106 12.880899211357132 0.55 0.55 0.55
v -12.663177883555154 68.49022792319106 12.880899211357132 0.55 0.55 0.55
v -13.199683651106838 71.31207290071671 13.45010875687814 0.55 0.55 0.55
v -14.161227508167626 69.92683736255154 11.10263699694943 0.55 0.55 0.55
v -13.54352369346286 67.47026917279565 10.583620104567755 0.55 0.55 0.55
v -13.54352369346286 67.47026917279565 10.583620104567755 0.55 0.55 0.55
v -14.161227508167626 69.92683736255154 11.10263699694943 0.55 0.55 0.55
v -16.256690360475524 72.20832757133621 9.733404473186248 0.55 0.55 0.55
v -15.711082251540546 69.6894219727099 9.361039107979835 0.55 0.55 0.55
v -15.711082251540546 69.6894219727099 9.361039107979835 0.0 0.0 0.0
v -16.256690360475524 72.20832757133621 9.733404473186248 0.0 0.0 0.0
v -17.226073287036915 71.12801386847947 7.495840349026983 0.0 0.0 0.0
v -16.256690360475524 72.20832757133621 9.733404473186248 0.0 0.0 0.0
v -16.691496877744683 74.75893695793103 10.027079121713275 0.0 0.0 0.0
v -17.226073287036915 71.12801386847947 7.495840349026983 0.0 0.0 0.0
v -14.161227508167626 69.92683736255154 11.10263699694943 0.55 0.55 0.55
v -14.736925942835246 72.40008032077493 11.58987836000329 0.55 0.55 0.55
v -16.691496877744683 74.75893695793103 10.027079121713275 0.55 0.55 0.55
v -16.256690360475524 72.20832757133621 9.733404473186248 0.55 0.55 0.55
v -13.199683651106838 71.31207290071671 13.45010875687814 0.55 0.55 0.55
v -13.613788898588368 74.17678925409123 13.891352285230024 0.55 0.55 0.55
v -14.736925942835246 72.40008032077493 11.58987836000329 0.55 0.55 0.55
v -14.161227508167626 69.92683736255154 11.10263699694943 0.55 0.55 0.55
v -10.89547194690094 69.92447123984775 14.330570631765145 0.55 0.55 0.55
v -11.323403087507385 72.39796825995418 14.955103563549825 0.55 0.55 0.55
v -13.613788898588368 74.17678925409123 13.891352285230024 0.55 0.55 0.55
v -13.199683651106838 71.31207290071671 13.45010875687814 0.55 0.55 0.55
v -8.906184283138348 69.78626653407181 15.601325247747663 0.55 0.55 0.55
v -9.28404668283267 72.28601949921207 16.267286226590862 0.55 0.55 0.55
v -11.323403087507385 72.39796825995418 14.955103563549825 0.55 0.55 0.55
v -10.89547194690094 69.92447123984775 14.330570631765145 0.55 0.55 0.55
v -7.185083700529187 71.1725207188356 17.4002120923655 0.55 0.55 0.55
v -7.405507427640228 74.08216013860054 17.98217377973965 0.55 0.55 0.55
v -9.28404668283267 72.28601949921207 16.267286226590862 0.55 0.55 0.55
v -8.906184283138348 69.78626653407181 15.601325247747663 0.55 0.55 0.55
v -4.927551568519612 71.91540857084077 18.275224852422713 0.55 0.55 0.55
v -5.061529337237046 74.58343027259086 18.788121497106914 0.55 0.55 0.55
v -7.405507427640228 74.08216013860054 17.98217377973965 0.55 0.55 0.55
v -7.185083700529187 71.1725207188356 17.4002120923655 0.55 0.55 0.55
v -2.5762878989350986 74.15624519383479 19.13827155530016 1.0 1.0 1.0
v -5.061529337237046 74.58343027259086 18.788121497106914 1.0 1.0 1.0
v -4.927551568519612 71.91540857084077 18.275224852422713 1.0 1.0 1.0
v -2.5762878989350986 74.15624519383479 19.13827155530016 1.0 1.0 1.0
v -5.131565921150084 77.28260828821325 19.117810202609054 1.0 1.0 1.0
v -5.061529337237046 74.58343027259086 18.788121497106914 1.0 1.0 1.0
v -5.061529337237046 74.58343027259086 18.788121497106914 0.55 0.55 0.55
v -5.131565921150084 77.28260828821325 19.117810202609054 0.55 0.55 0.55
v -7.545198418375749 77.03042252062757 18.356889736891116 0.55 0.55 0.55
v -7.405507427640228 74.08216013860054 17.98217377973965 0.55 0.55 0.55
v -7.405507427640228 74.08216013860054 17.98217377973965 0.55 0.55 0.55
v -7.545198418375749 77.03042252062757 18.356889736891116 0.55 0.55 0.55
v -9.625657361127026 74.8072496012401 16.86865178535885 0.55 0.55 0.55
v -9.28404668283267 72.28601949921207 16.267286226590862 0.55 0.55 0.55
v -9.28404668283267 72.28601949921207 16.267286226590862 0.55 0.55 0.55
v -9.625657361127026 74.8072496012401 16.86865178535885 0.55 0.55 0.55
v -11.709005660366282 74.89161976416224 15.524550372717034 0.55 0.55 0.55
v -11.323403087507385 72.39796825995418 14.955103563549825 0.55 0.55 0.55
v -11.323403087507385 72.39796825995418 14.955103563549825 0.55 0.55 0.55
v -11.709005660366282 74.89161976416224 15.524550372717034 0.55 0.55 0.55
v -13.877574330285341 77.0787994872594 14.175846895772473 0.55 0.55 0.55
v -13.613788898588368 74.17678925409123 13.891352285230024 0.55 0.55 0.55
v -13.613788898588368 74.17678925409123 13.891352285230024 0.55 0.55 0.55
v -13.877574330285341 77.0787994872594 14.175846895772473 0.55 0.55 0.55
v -15.25761158527454 74.89339190981775 12.034731011927724 0.55 0.55 0.55
v -14.736925942835246 72.40008032077493 11.58987836000329 0.55 0.55 0.55
v -14.736925942835246 72.40008032077493 11.58987836000329 0.55 0.55 0.55
v -15.25761158527454 74.89339190981775 12.034731011927724 0.55 0.55 0.55
v -16.993731899813074 77.3376019322517 10.2269876361254 0.55 0.55 0.55
v -16.691496877744683 74.75893695793103 10.027079121713275 0.55 0.55 0.55
v -16.691496877744683 74.75893695793103 10.027079121713275 0.55 0.55 0.55
v -16.993731899813074 77.3376019322517 10.2269876361254 0.55 0.55 0.55
v -17.798193142578576 74.05207800736844 7.754079163874478 0.55 0.55 0.55
v -17.226073287036915 71.12801386847947 7.495840349026983 0.55 0.55 0.55
v -17.226073287036915 71.12801386847947 7.495840349026983 0.55 0.55 0.55
v -17.798193142578576 74.05207800736844 7.754079163874478 0.55 0.55 0.55
v -18.18336712605757 71.9668304495487 5.273334621821771 0.55 0.55 0.55
v -17.52795770020351 69.35081959133989 5.08187821800001 0.55 0.55 0.55
v -17.52795770020351 69.35081959133989 5.08187821800001 0.55 0.55 0.55
v -18.18336712605757 71.9668304495487 5.273334621821771 0.55 0.55 0.55
v -17.803827482901653 69.92579253328334 2.7742952034923682 0.55 0.55 0.55
v -17.005742589440842 67.4692029164934 2.6460863005759894 0.55 0.55 0.55
v -17.005742589440842 67.4692029164934 2.6460863005759894 0.0 0.0 0.0
v -17.803827482901653 69.92579253328334 2.7742952034923682 0.0 0.0 0.0
v -18.787470370616106 71.20834109157336 0.4909401188143086 0.0 0.0 0.0
v -17.803827482901653 69.92579253328334 2.7742952034923682 0.0 0.0 0.0
v -18.549884701119385 72.39913938416707 2.893942503507654 0.0 0.0 0.0
v -18.787470370616106 71.20834109157336 0.4909401188143086 0.0 0.0 0.0
v -18.18336712605757 71.9668304495487 5.273334621821771 0.55 0.55 0.55
v -18.68480481342127 74.61926135575973 5.422170950277714 0.55 0.55 0.55
v -18.549884701119385 72.39913938416707 2.893942503507654 0.55 0.55 0.55
v -17.803827482901653 69.92579253328334 2.7742952034923682 0.55 0.55 0.55
v -17.798193142578576 74.05207800736844 7.754079163874478 1.0 1.0 1.0
v -18.68480481342127 74.61926135575973 5.422170950277714 1.0 1.0 1.0
v -18.18336712605757 71.9668304495487 5.273334621821771 1.0 1.0 1.0
v -17.798193142578576 74.05207800736844 7.754079163874478 1.0 1.0 1.0
v -19.00057261543741 77.30234264717285 5.523077172275539 1.0 1.0 1.0
v -18.68480481342127 74.61926135575973 5.422170950277714 1.0 1.0 1.0
v -18.68480481342127 74.61926135575973 5.422170950277714 0.55 0.55 0.55
v -19.00057261543741 77.30234264717285 5.523077172275539 0.55 0.55 0.55
v -19.227293182694243 74.8926525328999 3.002459490119336 0.55 0.55 0.55
v -18.549884701119385 72.39913938416707 2.893942503507654 0.55 0.55 0.55
v -18.549884701119385 72.39913938416707 2.893942503507654 0.55 0.55 0.55
v -19.227293182694243 74.8926525328999 3.002459490119336 0.55 0.55 0.55
v -19.40560854731686 74.10669048351843 0.5084449077117418 0.55 0.55 0.55
v -18.787470370616106 71.20834109157336 0.4909401188143086 0.55 0.55 0.55
v -18.787470370616106 71.20834109157336 0.4909401188143086 0.55 0.55 0.55
v -19.40560854731686 74.10669048351843 0.5084449077117418 0.55 0.55 0.55
v -18.905464339957597 74.17756261314653 -4.42118643597639 0.55 0.55 0.55
v -18.31612197631441 71.3132534468075 -4.284489927179963 0.55 0.55 0.55
v -18.31612197631441 71.3132534468075 -4.284489927179963 0.55 0.55 0.55
v -18.905464339957597 74.17756261314653 -4.42118643597639 0.55 0.55 0.55
v -17.898556508621574 69.92400674908568 -1.8064736851565026 0.55 0.55 0.55
v -17.096963590992218 67.46690024152382 -1.7116634167972866 0.55 0.55 0.55
v -17.096963590992218 67.46690024152382 -1.7116634167972866 0.55 0.55 0.55
v -17.898556508621574 69.92400674908568 -1.8064736851565026 0.55 0.55 0.55
v -16.891482272562246 69.91453089678754 -6.279426495590992 0.55 0.55 0.55
v -16.141246533308138 67.45584199742252 -5.969463328299673 0.55 0.55 0.55
v -16.141246533308138 67.45584199742252 -5.969463328299673 0.0 0.0 0.0
v -16.891482272562246 69.91453089678754 -6.279426495590992 0.0 0.0 0.0
v -16.690579541864615 71.74392537109324 -8.818603734559083 0.0 0.0 0.0
v -16.891482272562246 69.91453089678754 -6.279426495590992 0.0 0.0 0.0
v -17.592039925714527 72.39000906920047 -6.571700495656415 0.0 0.0 0.0
v -16.690579541864615 71.74392537109324 -8.818603734559083 0.0 0.0 0.0
v -17.898556508621574 69.92400674908568 -1.8064736851565026 0.55 0.55 0.55
v -18.647685654461092 72.3977806859021 -1.8966952073460452 0.55 0.55 0.55
v -17.592039925714527 72.39000906920047 -6.571700495656415 0.55 0.55 0.55
v -16.891482272562246 69.91453089678754 -6.279426495590992 0.55 0.55 0.55
v -18.905464339957597 74.17756261314653 -4.42118643597639 1.0 1.0 1.0
v -18.647685654461092 72.3977806859021 -1.8966952073460452 1.0 1.0 1.0
v -17.898556508621574 69.92400674908568 -1.8064736851565026 1.0 1.0 1.0
v -18.905464339957597 74.17756261314653 -4.42118643597639 1.0 1.0 1.0
v -19.32762420221546 74.89163481982503 -1.9806391040824969 1.0 1.0 1.0
v -18.647685654461092 72.3977806859021 -1.8966952073460452 1.0 1.0 1.0
v -18.647685654461092 72.3977806859021 -1.8966952073460452 0.55 0.55 0.55
v -19.32762420221546 74.89163481982503 -1.9806391040824969 0.55 0.55 0.55
v -18.226687908859887 74.88584901610085 -6.84030175342719 0.55 0.55 0.55
v -17.592039925714527 72.39000906920047 -6.571700495656415 0.55 0.55 0.55
v -17.592039925714527 72.39000906920047 -6.571700495656415 0.55 0.55 0.55
v -18.226687908859887 74.88584901610085 -6.84030175342719 0.55 0.55 0.55
v -17.17557827884146 74.46855279555457 -9.078049421629384 0.55 0.55 0.55
v -16.690579541864615 71.74392537109324 -8.818603734559083 0.55 0.55 0.55
v -16.690579541864615 71.74392537109324 -8.818603734559083 0.55 0.55 0.55
v -17.17557827884146 74.46855279555457 -9.078049421629384 0.55 0.55 0.55
v -14.771056304779718 69.91023699491865 -10.341828762730739 0.55 0.55 0.55
v -14.128837803543368 67.45062259276172 -9.843094480520655 0.55 0.55 0.55
v -14.128837803543368 67.45062259276172 -9.843094480520655 0.55 0.55 0.55
v -14.771056304779718 69.91023699491865 -10.341828762730739 0.55 0.55 0.55
v -13.259649720615084 69.91540712245744 -12.196249123005726 0.55 0.55 0.55
v -12.659872803812636 67.45684588685334 -11.653456511909084 0.55 0.55 0.55
v -12.659872803812636 67.45684588685334 -11.653456511909084 0.55 0.55 0.55
v -13.259649720615084 69.91540712245744 -12.196249123005726 0.55 0.55 0.55
v -11.771953519346248 69.3732777506623 -13.954604537250361 0.55 0.55 0.55
v -11.259529160315374 66.79827086708151 -13.333505145158517 0.55 0.55 0.55
v -11.259529160315374 66.79827086708151 -13.333505145158517 0.55 0.55 0.55
v -11.771953519346248 69.3732777506623 -13.954604537250361 0.55 0.55 0.55
v -10.177952130902232 71.14658225418886 -15.797724538875707 0.55 0.55 0.55
v -9.750409212236672 68.27293041255614 -15.113855310897451 0.55 0.55 0.55
v -9.750409212236672 68.27293041255614 -15.113855310897451 0.0 0.0 0.0
v -10.177952130902232 71.14658225418886 -15.797724538875707 0.0 0.0 0.0
v -8.070541371800925 72.30491935994502 -16.920714091996764 0.0 0.0 0.0
v -10.177952130902232 71.14658225418886 -15.797724538875707 0.0 0.0 0.0
v -10.509951331265034 74.06463026263188 -16.327778177586524 0.0 0.0 0.0
v -8.070541371800925 72.30491935994502 -16.920714091996764 0.0 0.0 0.0
v -11.771953519346248 69.3732777506623 -13.954604537250361 0.55 0.55 0.55
v -12.206641228505022 71.98396283795472 -14.477792285682026 0.55 0.55 0.55
v -10.509951331265034 74.06463026263188 -16.327778177586524 0.55 0.55 0.55
v -10.177952130902232 71.14658225418886 -15.797724538875707 0.55 0.55 0.55
v -13.259649720615084 69.91540712245744 -12.196249123005726 0.55 0.55 0.55
v -13.822169341823074 72.39078037937335 -12.701338302794825 0.55 0.55 0.55
v -12.206641228505022 71.98396283795472 -14.477792285682026 0.55 0.55 0.55
v -11.771953519346248 69.3732777506623 -13.954604537250361 0.55 0.55 0.55
v -14.771056304779718 69.91023699491865 -10.341828762730739 0.55 0.55 0.55
v -15.369046197361714 72.3866232418953 -10.81183067081201 0.55 0.55 0.55
v -13.822169341823074 72.39078037937335 -12.701338302794825 0.55 0.55 0.55
v -13.259649720615084 69.91540712245744 -12.196249123005726 0.55 0.55 0.55
v -17.17557827884146 74.46855279555457 -9.078049421629384 1.0 1.0 1.0
v -15.369046197361714 72.3866232418953 -10.81183067081201 1.0 1.0 1.0
v -14.771056304779718 69.91023699491865 -10.341828762730739 1.0 1.0 1.0
v -17.17557827884146 74.46855279555457 -9.078049421629384 1.0 1.0 1.0
v -15.908578728704672 74.88334398454187 -11.243273542288227 1.0 1.0 1.0
v -15.369046197361714 72.3866232418953 -10.81183067081201 1.0 1.0 1.0
v -15.369046197361714 72.3866232418953 -10.81183067081201 0.55 0.55 0.55
v -15.908578728704672 74.88334398454187 -11.243273542288227 0.55 0.55 0.55
v -14.334837983122869 74.88647785140235 -13.156965701945092 0.55 0.55 0.55
v -13.822169341823074 72.39078037937335 -12.701338302794825 0.55 0.55 0.55
v -13.822169341823074 72.39078037937335 -12.701338302794825 0.55 0.55 0.55
v -14.334837983122869 74.88647785140235 -13.156965701945092 0.55 0.55 0.55
v -12.53929577508244 74.63091496526101 -14.878665424013201 0.55 0.55 0.55
v -12.206641228505022 71.98396283795472 -14.477792285682026 0.55 0.55 0.55
v -12.206641228505022 71.98396283795472 -14.477792285682026 0.55 0.55 0.55
v -12.53929577508244 74.63091496526101 -14.878665424013201 0.55 0.55 0.55
v -10.723729689028138 77.02155034120005 -16.668748976221313 0.55 0.55 0.55
v -10.509951331265034 74.06463026263188 -16.327778177586524 0.55 0.55 0.55
v -10.509951331265034 74.06463026263188 -16.327778177586524 0.55 0.55 0.55
v -10.723729689028138 77.02155034120005 -16.668748976221313 0.55 0.55 0.55
v -8.33352273148245 74.82256135492449 -17.562893606654146 0.55 0.55 0.55
v -8.070541371800925 72.30491935994502 -16.920714091996764 0.55 0.55 0.55
v -8.070541371800925 72.30491935994502 -16.920714091996764 0.55 0.55 0.55
v -8.33352273148245 74.82256135492449 -17.562893606654146 0.55 0.55 0.55
v -5.663625885194315 69.68202804118917 -17.37341248603153 0.55 0.55 0.55
v -5.434861797857185 67.18783695593304 -16.643701137822802 0.55 0.55 0.55
v -5.434861797857185 67.18783695593304 -16.643701137822802 0.55 0.55 0.55
v -5.663625885194315 69.68202804118917 -17.37341248603153 0.55 0.55 0.55
v -3.520028483934326 71.31183382220294 -18.514896012210393 0.55 0.55 0.55
v -3.387422032665548 68.48987619647214 -17.744257987309442 0.55 0.55 0.55
v -3.387422032665548 68.48987619647214 -17.744257987309442 0.55 0.55 0.55
v -3.520028483934326 71.31183382220294 -18.514896012210393 0.55 0.55 0.55
v -1.0841720547848934 69.9256256439515 -17.970196507987687 0.55 0.55 0.55
v -1.0530404400383981 67.46904093721707 -17.162563969940685 0.55 0.55 0.55
v -1.0530404400383981 67.46904093721707 -17.162563969940685 0.55 0.55 0.55
v -1.0841720547848934 69.9256256439515 -17.970196507987687 0.55 0.55 0.55
v 1.280635268142898 69.66924299387017 -18.22182047879653 0.55 0.55 0.55
v 1.2442741363022347 67.17545519369267 -17.455991265362222 0.55 0.55 0.55
v 1.2442741363022347 67.17545519369267 -17.455991265362222 0.55 0.55 0.55
v 1.280635268142898 69.66924299387017 -18.22182047879653 0.55 0.55 0.55
v 3.677495092584639 71.16506941624708 -18.462033802059924 0.55 0.55 0.55
v 3.5007296652337887 68.29796881616132 -17.675019746470852 0.55 0.55 0.55
v 3.5007296652337887 68.29796881616132 -17.675019746470852 0.55 0.55 0.55
v 3.677495092584639 71.16506941624708 -18.462033802059924 0.55 0.55 0.55
v 6.059460522335066 71.99807887020161 -17.952755882912907 0.55 0.55 0.55
v 5.81764510372016 69.39237217042407 -17.317631342221983 0.55 0.55 0.55
v 5.81764510372016 69.39237217042407 -17.317631342221983 0.55 0.55 0.55
v 6.059460522335066 71.99807887020161 -17.952755882912907 0.55 0.55 0.55
v 8.1908197879389 71.04874491549232 -16.833791748268254 0.55 0.55 0.55
v 7.850913774137477 68.39500341828692 -16.171183436925112 0.55 0.55 0.55
v 7.850913774137477 68.39500341828692 -16.171183436925112 0.55 0.55 0.55
v 8.1908197879389 71.04874491549232 -16.833791748268254 0.55 0.55 0.55
v 9.83964446676474 69.93858734576125 -15.164106063384143 0.55 0.55 0.55
v 9.338901222259526 67.4956855247487 -14.524186172584576 0.55 0.55 0.55
v 9.338901222259526 67.4956855247487 -14.524186172584576 0.55 0.55 0.55
v 9.83964446676474 69.93858734576125 -15.164106063384143 0.55 0.55 0.55
v 12.351504085409175 72.08238204339948 -14.389939006472575 0.55 0.55 0.55
v 11.914256361902488 69.50204354779031 -13.886456003620863 0.55 0.55 0.55
v 11.914256361902488 69.50204354779031 -13.886456003620863 0.55 0.55 0.55
v 12.351504085409175 72.08238204339948 -14.389939006472575 0.55 0.55 0.55
v 13.964353846341366 71.36270396893957 -12.593579424231393 0.55 0.55 0.55
v 13.367945026893967 68.5569305288749 -12.105414562700993 0.55 0.55 0.55
v 13.367945026893967 68.5569305288749 -12.105414562700993 0.55 0.55 0.55
v 13.964353846341366 71.36270396893957 -12.593579424231393 0.55 0.55 0.55
v 14.671608142370367 69.85196582757139 -10.442235520765827 0.55 0.55 0.55
v 13.902168639236285 67.3828009964833 -10.085132464627753 0.55 0.55 0.55
v 13.902168639236285 67.3828009964833 -10.085132464627753 0.55 0.55 0.55
v 14.671608142370367 69.85196582757139 -10.442235520765827 0.55 0.55 0.55
v 15.909879376503158 69.90751287779915 -8.375715736553019 0.55 0.55 0.55
v 15.13772599211862 67.4479158353163 -8.0958371217837 0.55 0.55 0.55
v 15.13772599211862 67.4479158353163 -8.0958371217837 0.55 0.55 0.55
v 15.909879376503158 69.90751287779915 -8.375715736553019 0.55 0.55 0.55
v 16.918902555806504 69.92484566493636 -6.186050083271021 0.55 0.55 0.55
v 16.142232135993215 67.46792295152152 -5.957428687164305 0.55 0.55 0.55
v 16.142232135993215 67.46792295152152 -5.957428687164305 0.55 0.55 0.55
v 16.918902555806504 69.92484566493636 -6.186050083271021 0.55 0.55 0.55
v 17.632675460746427 69.92832564289995 -3.848128763452359 0.55 0.55 0.55
v 16.848772567161497 67.47231714651332 -3.6542843190856256 0.55 0.55 0.55
v 16.848772567161497 67.47231714651332 -3.6542843190856256 0.55 0.55 0.55
v 17.632675460746427 69.92832564289995 -3.848128763452359 0.55 0.55 0.55
v 18.778440679274865 71.60494457403114 -1.5884150371415713 0.55 0.55 0.55
v 18.05296221100268 68.8746977121031 -1.4259166117430078 0.55 0.55 0.55
v 18.05296221100268 68.8746977121031 -1.4259166117430078 0.0 0.0 0.0
v 18.778440679274865 71.60494457403114 -1.5884150371415713 0.0 0.0 0.0
v 17.6657139862349 67.27100585996546 0.3181017445176176 0.0 0.0 0.0
v 18.778440679274865 71.60494457403114 -1.5884150371415713 0.0 0.0 0.0
v 19.336491051105455 74.37574944278522 -1.7182677712092849 0.0 0.0 0.0
v 17.6657139862349 67.27100585996546 0.3181017445176176 0.0 0.0 0.0
v 17.632675460746427 69.92832564289995 -3.848128763452359 0.55 0.55 0.55
v 18.36408372393906 72.40104724658029 -4.034424286572036 0.55 0.55 0.55
v 19.336491051105455 74.37574944278522 -1.7182677712092849 0.55 0.55 0.55
v 18.778440679274865 71.60494457403114 -1.5884150371415713 0.55 0.55 0.55
v 16.918902555806504 69.92484566493636 -6.186050083271021 0.55 0.55 0.55
v 17.643299203115767 72.3984586261057 -6.406262919120077 0.55 0.55 0.55
v 18.36408372393906 72.40104724658029 -4.034424286572036 0.55 0.55 0.55
v 17.632675460746427 69.92832564289995 -3.848128763452359 0.55 0.55 0.55
v 15.909879376503158 69.90751287779915 -8.375715736553019 0.55 0.55 0.55
v 16.630252760375342 72.38435821731315 -8.641526841948474 0.55 0.55 0.55
v 17.643299203115767 72.3984586261057 -6.406262919120077 0.55 0.55 0.55
v 16.918902555806504 69.92484566493636 -6.186050083271021 0.55 0.55 0.55
v 14.671608142370367 69.85196582757139 -10.442235520765827 0.55 0.55 0.55
v 15.39438428506741 72.33894765205464 -10.772400339749487 0.55 0.55 0.55
v 16.630252760375342 72.38435821731315 -8.641526841948474 0.55 0.55 0.55
v 15.909879376503158 69.90751287779915 -8.375715736553019 0.55 0.55 0.55
v 13.964353846341366 71.36270396893957 -12.593579424231393 0.55 0.55 0.55
v 14.424079528230486 74.21060026553161 -12.972288257656583 0.55 0.55 0.55
v 15.39438428506741 72.33894765205464 -10.772400339749487 0.55 0.55 0.55
v 14.671608142370367 69.85196582757139 -10.442235520765827 0.55 0.55 0.55
v 12.351504085409175 72.08238204339948 -14.389939006472575 0.55 0.55 0.55
v 12.68706029013348 74.69818438671477 -14.773614407052555 0.55 0.55 0.55
v 14.424079528230486 74.21060026553161 -12.972288257656583 0.55 0.55 0.55
v 13.964353846341366 71.36270396893957 -12.593579424231393 0.55 0.55 0.55
v 9.83964446676474 69.93858734576125 -15.164106063384143 0.55 0.55 0.55
v 10.310226279935485 72.39910575230176 -15.757683092563132 0.55 0.55 0.55
v 12.68706029013348 74.69818438671477 -14.773614407052555 0.55 0.55 0.55
v 12.351504085409175 72.08238204339948 -14.389939006472575 0.55 0.55 0.55
v 8.1908197879389 71.04874491549232 -16.833791748268254 0.55 0.55 0.55
v 8.460163776041902 73.74093223385306 -17.358002885038978 0.55 0.55 0.55
v 10.310226279935485 72.39910575230176 -15.757683092563132 0.55 0.55 0.55
v 9.83964446676474 69.93858734576125 -15.164106063384143 0.55 0.55 0.55
v 6.059460522335066 71.99807887020161 -17.952755882912907 0.55 0.55 0.55
v 6.242848584986371 74.6400938105788 -18.439686318806864 0.55 0.55 0.55
v 8.460163776041902 73.74093223385306 -17.358002885038978 0.55 0.55 0.55
v 8.1908197879389 71.04874491549232 -16.833791748268254 0.55 0.55 0.55
v 3.677495092584639 71.16506941624708 -18.462033802059924 0.55 0.55 0.55
v 3.8140920570897623 74.07708087043741 -19.070615348209664 0.55 0.55 0.55
v 6.242848584986371 74.6400938105788 -18.439686318806864 0.55 0.55 0.55
v 6.059460522335066 71.99807887020161 -17.952755882912907 0.55 0.55 0.55
v 1.280635268142898 69.66924299387017 -18.22182047879653 0.55 0.55 0.55
v 1.3096520356944559 72.193211471814 -18.88158424842825 0.55 0.55 0.55
v 3.8140920570897623 74.07708087043741 -19.070615348209664 0.55 0.55 0.55
v 3.677495092584639 71.16506941624708 -18.462033802059924 0.55 0.55 0.55
v -1.0841720547848934 69.9256256439515 -17.970196507987687 0.55 0.55 0.55
v -1.113715248771006 72.39896270559437 -18.725120422245723 0.55 0.55 0.55
v 1.3096520356944559 72.193211471814 -18.88158424842825 0.55 0.55 0.55
v 1.280635268142898 69.66924299387017 -18.22182047879653 0.55 0.55 0.55
v -3.520028483934326 71.31183382220294 -18.514896012210393 0.55 0.55 0.55
v -3.623130959248905 74.17661298755225 -19.111099148475244 0.55 0.55 0.55
v -1.113715248771006 72.39896270559437 -18.725120422245723 0.55 0.55 0.55
v -1.0841720547848934 69.9256256439515 -17.970196507987687 0.55 0.55 0.55
v -5.663625885194315 69.68202804118917 -17.37341248603153 0.55 0.55 0.55
v -5.8644858299052975 72.20636214626313 -18.00024204359925 0.55 0.55 0.55
v -3.623130959248905 74.17661298755225 -19.111099148475244 0.55 0.55 0.55
v -3.520028483934326 71.31183382220294 -18.514896012210393 0.55 0.55 0.55
v -8.33352273148245 74.82256135492449 -17.562893606654146 1.0 1.0 1.0
v -5.8644858299052975 72.20636214626313 -18.00024204359925 1.0 1.0 1.0
v -5.663625885194315 69.68202804118917 -17.37341248603153 1.0 1.0 1.0
v -8.33352273148245 74.82256135492449 -17.562893606654146 1.0 1.0 1.0
v -6.029733614368163 74.7620655486299 -18.49642011345757 1.0 1.0 1.0
v -5.8644858299052975 72.20636214626313 -18.00024204359925 1.0 1.0 1.0
v -5.8644858299052975 72.20636214626313 -18.00024204359925 0.55 0.55 0.55
v -6.029733614368163 74.7620655486299 -18.49642011345757 0.55 0.55 0.55
v -3.688253431048752 77.07862527138178 -19.49390463558073 0.55 0.55 0.55
v -3.623130959248905 74.17661298755225 -19.111099148475244 0.55 0.55 0.55
v -3.623130959248905 74.17661298755225 -19.111099148475244 0.55 0.55 0.55
v -3.688253431048752 77.07862527138178 -19.49390463558073 0.55 0.55 0.55
v -1.1410910086219601 74.8924636327855 -19.410519362414544 0.55 0.55 0.55
v -1.113715248771006 72.39896270559437 -18.725120422245723 0.55 0.55 0.55
v -1.113715248771006 72.39896270559437 -18.725120422245723 0.55 0.55 0.55
v -1.1410910086219601 74.8924636327855 -19.410519362414544 0.55 0.55 0.55
v 1.3290040779504946 74.748564765646 -19.406987280089577 0.55 0.55 0.55
v 1.3096520356944559 72.193211471814 -18.88158424842825 0.55 0.55 0.55
v 1.3096520356944559 72.193211471814 -18.88158424842825 0.55 0.55 0.55
v 1.3290040779504946 74.748564765646 -19.406987280089577 0.55 0.55 0.55
v 3.9016219476491365 77.027841935159 -19.46193379424251 0.55 0.55 0.55
v 3.8140920570897623 74.07708087043741 -19.070615348209664 0.55 0.55 0.55
v 3.8140920570897623 74.07708087043741 -19.070615348209664 0.55 0.55 0.55
v 3.9016219476491365 77.027841935159 -19.46193379424251 0.55 0.55 0.55
v 6.351438245753762 77.312634168473 -18.75040118504306 0.55 0.55 0.55
v 6.242848584986371 74.6400938105788 -18.439686318806864 0.55 0.55 0.55
v 6.242848584986371 74.6400938105788 -18.439686318806864 0.55 0.55 0.55
v 6.351438245753762 77.312634168473 -18.75040118504306 0.55 0.55 0.55
v 8.644175518769668 76.46762664984135 -17.7118308588265 0.55 0.55 0.55
v 8.460163776041902 73.74093223385306 -17.358002885038978 0.55 0.55 0.55
v 8.460163776041902 73.74093223385306 -17.358002885038978 0.55 0.55 0.55
v 8.644175518769668 76.46762664984135 -17.7118308588265 0.55 0.55 0.55
v 10.740745891746945 74.88079363309112 -16.29028002098103 0.55 0.55 0.55
v 10.310226279935485 72.39910575230176 -15.757683092563132 0.55 0.55 0.55
v 10.310226279935485 72.39910575230176 -15.757683092563132 0.55 0.55 0.55
v 10.740745891746945 74.88079363309112 -16.29028002098103 0.55 0.55 0.55
v 12.907707133554977 77.34360016564337 -15.00868910206104 0.55 0.55 0.55
v 12.68706029013348 74.69818438671477 -14.773614407052555 0.55 0.55 0.55
v 12.68706029013348 74.69818438671477 -14.773614407052555 0.55 0.55 0.55
v 12.907707133554977 77.34360016564337 -15.00868910206104 0.55 0.55 0.55
v 14.718844158963071 77.09478541040144 -13.216422237688832 0.55 0.55 0.55
v 14.424079528230486 74.21060026553161 -12.972288257656583 0.55 0.55 0.55
v 14.424079528230486 74.21060026553161 -12.972288257656583 0.55 0.55 0.55
v 14.718844158963071 77.09478541040144 -13.216422237688832 0.55 0.55 0.55
v 16.05889969690189 74.84726867296338 -11.060623138691424 0.55 0.55 0.55
v 15.39438428506741 72.33894765205464 -10.772400339749487 0.55 0.55 0.55
v 15.39438428506741 72.33894765205464 -10.772400339749487 0.55 0.55 0.55
v 16.05889969690189 74.84726867296338 -11.060623138691424 0.55 0.55 0.55
v 17.287522961435325 74.8816431766644 -8.877691717840458 0.55 0.55 0.55
v 16.630252760375342 72.38435821731315 -8.641526841948474 0.55 0.55 0.55
v 16.630252760375342 72.38435821731315 -8.641526841948474 0.55 0.55 0.55
v 17.287522961435325 74.8816431766644 -8.877691717840458 0.55 0.55 0.55
v 18.30193093667681 74.89217251540401 -6.604860198409262 0.55 0.55 0.55
v 17.643299203115767 72.3984586261057 -6.406262919120077 0.55 0.55 0.55
v 17.643299203115767 72.3984586261057 -6.406262919120077 0.55 0.55 0.55
v 18.30193093667681 74.89217251540401 -6.604860198409262 0.55 0.55 0.55
v 19.02799007600737 74.8938194886826 -4.204926444853595 0.55 0.55 0.55
v 18.36408372393906 72.40104724658029 -4.034424286572036 0.55 0.55 0.55
v 18.36408372393906 72.40104724658029 -4.034424286572036 0.55 0.55 0.55
v 19.02799007600737 74.8938194886826 -4.204926444853595 0.55 0.55 0.55
v 19.691352428732518 77.18138411273702 -1.805902242181453 0.55 0.55 0.55
v 19.336491051105455 74.37574944278522 -1.7182677712092849 0.55 0.55 0.55
v 19.336491051105455 74.37574944278522 -1.7182677712092849 0.55 0.55 0.55
v 19.691352428732518 77.18138411273702 -1.805902242181453 0.55 0.55 0.55
v 19.74640877333575 76.7587327247709 0.7552617967647987 0.55 0.55 0.55
v 17.6657139862349 67.27100585996546 0.3181017445176176 0.55 0.55 0.55
v 17.6657139862349 67.27100585996546 0.3181017445176176 0.55 0.55 0.55
v 19.74640877333575 76.7587327247709 0.7552617967647987 0.55 0.55 0.55
v 19.20877627887008 74.89340868279082 3.1908572200593603 0.55 0.55 0.55
v 18.536468447485674 72.40094024964966 3.033524700205168 0.55 0.55 0.55
v 19.20877627887008 74.89340868279082 3.1908572200593603 0.55 0.55 0.55
v 20.29363483411289 79.94401662738105 3.4370749828649103 0.55 0.55 0.55
v 19.672125422874856 79.9439670824324 5.8829793970299376 0.55 0.55 0.55
v 18.6011748035501 74.89377354170593 5.611965907745109 0.55 0.55 0.55
v 18.6011748035501 74.89377354170593 5.611965907745109 0.55 0.55 0.55
v 19.672125422874856 79.9439670824324 5.8829793970299376 0.55 0.55 0.55
v 18.856318566888994 79.94022266352218 8.276304440952565 0.55 0.55 0.55
v 17.771766507717693 74.88513377955749 7.963880412568413 0.55 0.55 0.55
v 17.771766507717693 74.88513377955749 7.963880412568413 0.55 0.55 0.55
v 18.856318566888994 79.94022266352218 8.276304440952565 0.55 0.55 0.55
v 17.70502181065804 79.9364418876928 10.538103364507407 0.55 0.55 0.55
v 16.599131774880373 74.86952800187031 10.171768187523723 0.55 0.55 0.55
v 16.599131774880373 74.86952800187031 10.171768187523723 0.55 0.55 0.55
v 17.70502181065804 79.9364418876928 10.538103364507407 0.55 0.55 0.55
v 15.503821806507563 80.00095528677362 12.479384033182253 0.55 0.55 0.55
v 15.11086437853277 74.42358251495477 12.195700816031103 0.55 0.55 0.55
v 15.11086437853277 74.42358251495477 12.195700816031103 0.55 0.55 0.55
v 15.503821806507563 80.00095528677362 12.479384033182253 0.55 0.55 0.55
v 13.849246863362835 80.00321480470636 14.376718051440106 0.55 0.55 0.55
v 13.721278077725914 77.32859510933268 14.339388521581292 0.55 0.55 0.55
v 13.721278077725914 77.32859510933268 14.339388521581292 0.55 0.55 0.55
v 13.849246863362835 80.00321480470636 14.376718051440106 0.55 0.55 0.55
v 11.843271608641228 80.00248321792238 16.024741127233806 0.55 0.55 0.55
v 11.740671910553553 76.9760798662711 15.915139193023949 0.55 0.55 0.55
v 11.740671910553553 76.9760798662711 15.915139193023949 0.55 0.55 0.55
v 11.843271608641228 80.00248321792238 16.024741127233806 0.55 0.55 0.55
v 10.034013090659787 79.95434717925323 17.91303051040577 0.55 0.55 0.55
v 9.440523854908776 74.87275111273394 16.978659066748524 0.55 0.55 0.55
v 9.440523854908776 74.87275111273394 16.978659066748524 0.55 0.55 0.55
v 10.034013090659787 79.95434717925323 17.91303051040577 0.55 0.55 0.55
v 7.410203672303708 80.00347172042032 18.547920806987122 0.55 0.55 0.55
v 7.346895091200067 77.07765338032799 18.422381172248194 0.55 0.55 0.55
v 7.346895091200067 77.07765338032799 18.422381172248194 0.55 0.55 0.55
v 7.410203672303708 80.00347172042032 18.547920806987122 0.55 0.55 0.55
v 5.084227651697774 79.94275452470436 19.912485383393054 0.55 0.55 0.55
v 4.811509699348635 74.88295408786382 18.841679000791146 0.55 0.55 0.55
v 4.811509699348635 74.88295408786382 18.841679000791146 0.55 0.55 0.55
v 5.084227651697774 79.94275452470436 19.912485383393054 0.55 0.55 0.55
v 2.4529900120505257 80.0029746063697 19.755429379466698 0.55 0.55 0.55
v 2.4293656712794363 77.22162803829211 19.63333456972743 0.55 0.55 0.55
v 2.4293656712794363 77.22162803829211 19.63333456972743 0.55 0.55 0.55
v 2.4529900120505257 80.0029746063697 19.755429379466698 0.55 0.55 0.55
v -0.1459247230199901 79.94044102901753 20.62045007330724 0.55 0.55 0.55
v -0.12244460512326474 74.878696711391 19.50858819630197 0.55 0.55 0.55
v -0.12244460512326474 74.878696711391 19.50858819630197 0.55 0.55 0.55
v -0.1459247230199901 79.94044102901753 20.62045007330724 0.55 0.55 0.55
v -2.627460498405936 79.13839605986459 20.339323665031138 0.55 0.55 0.55
v -2.5762878989350986 74.15624519383479 19.13827155530016 0.55 0.55 0.55
v -2.5762878989350986 74.15624519383479 19.13827155530016 0.55 0.55 0.55
v -2.627460498405936 79.13839605986459 20.339323665031138 0.55 0.55 0.55
v -5.120691988249405 80.0001149258099 19.240990529617864 0.55 0.55 0.55
v -5.131565921150084 77.28260828821325 19.117810202609054 0.55 0.55 0.55
v -5.131565921150084 77.28260828821325 19.117810202609054 0.55 0.55 0.55
v -5.120691988249405 80.0001149258099 19.240990529617864 0.55 0.55 0.55
v -7.592340900166013 80.00246383203158 18.49263175606142 0.55 0.55 0.55
v -7.545198418375749 77.03042252062757 18.356889736891116 0.55 0.55 0.55
v -7.545198418375749 77.03042252062757 18.356889736891116 0.55 0.55 0.55
v -7.592340900166013 80.00246383203158 18.49263175606142 0.55 0.55 0.55
v -10.173237443620932 79.9181090112973 17.8216968582762 0.55 0.55 0.55
v -9.625657361127026 74.8072496012401 16.86865178535885 0.55 0.55 0.55
v -9.625657361127026 74.8072496012401 16.86865178535885 0.55 0.55 0.55
v -10.173237443620932 79.9181090112973 17.8216968582762 0.55 0.55 0.55
v -12.319744505884639 79.9437835263324 16.450922731690184 0.55 0.55 0.55
v -11.709005660366282 74.89161976416224 15.524550372717034 0.55 0.55 0.55
v -11.709005660366282 74.89161976416224 15.524550372717034 0.55 0.55 0.55
v -12.319744505884639 79.9437835263324 16.450922731690184 0.55 0.55 0.55
v -13.968468289462752 80.00359816219431 14.280339683727163 0.55 0.55 0.55
v -13.877574330285341 77.0787994872594 14.175846895772473 0.55 0.55 0.55
v -13.877574330285341 77.0787994872594 14.175846895772473 0.55 0.55 0.55
v -13.968468289462752 80.00359816219431 14.280339683727163 0.55 0.55 0.55
v -16.09036184236081 79.94447109641618 12.75982350571297 0.55 0.55 0.55
v -15.25761158527454 74.89339190981775 12.034731011927724 0.55 0.55 0.55
v -15.25761158527454 74.89339190981775 12.034731011927724 0.55 0.55 0.55
v -16.09036184236081 79.94447109641618 12.75982350571297 0.55 0.55 0.55
v -17.14621007393869 79.93554609690213 10.320861921732007 0.55 0.55 0.55
v -16.993731899813074 77.3376019322517 10.2269876361254 0.55 0.55 0.55
v -16.993731899813074 77.3376019322517 10.2269876361254 0.55 0.55 0.55
v -17.14621007393869 79.93554609690213 10.320861921732007 0.55 0.55 0.55
v -18.2957916976808 80.00246924368307 7.986928775274936 0.55 0.55 0.55
v -17.798193142578576 74.05207800736844 7.754079163874478 0.55 0.55 0.55
v -17.798193142578576 74.05207800736844 7.754079163874478 0.55 0.55 0.55
v -18.2957916976808 80.00246924368307 7.986928775274936 0.55 0.55 0.55
v -19.10514473917747 80.00351793710124 5.572505310071353 0.55 0.55 0.55
v -19.00057261543741 77.30234264717285 5.523077172275539 0.55 0.55 0.55
v -19.00057261543741 77.30234264717285 5.523077172275539 0.55 0.55 0.55
v -19.10514473917747 80.00351793710124 5.572505310071353 0.55 0.55 0.55
v -20.31902396537035 79.94447989965703 3.177681069044125 0.55 0.55 0.55
v -19.227293182694243 74.8926525328999 3.002459490119336 0.55 0.55 0.55
v -19.227293182694243 74.8926525328999 3.002459490119336 0.55 0.55 0.55
v -20.31902396537035 79.94447989965703 3.177681069044125 0.55 0.55 0.55
v -19.943850461880753 80.00376307570494 0.5361062319533964 0.55 0.55 0.55
v -19.40560854731686 74.10669048351843 0.5084449077117418 0.55 0.55 0.55
v -19.40560854731686 74.10669048351843 0.5084449077117418 0.55 0.55 0.55
v -19.943850461880753 80.00376307570494 0.5361062319533964 0.55 0.55 0.55
v -19.41953675063291 80.00354126784863 -4.536913398679417 0.55 0.55 0.55
v -18.905464339957597 74.17756261314653 -4.42118643597639 0.55 0.55 0.55
v -18.905464339957597 74.17756261314653 -4.42118643597639 0.55 0.55 0.55
v -19.41953675063291 80.00354126784863 -4.536913398679417 0.55 0.55 0.55
v -20.42254291431092 79.94387848267274 -2.123968028185254 0.55 0.55 0.55
v -19.32762420221546 74.89163481982503 -1.9806391040824969 0.55 0.55 0.55
v -19.32762420221546 74.89163481982503 -1.9806391040824969 0.55 0.55 0.55
v -20.42254291431092 79.94387848267274 -2.123968028185254 0.55 0.55 0.55
v -19.24464711557468 79.94262017417165 -7.287121756758937 0.55 0.55 0.55
v -18.226687908859887 74.88584901610085 -6.84030175342719 0.55 0.55 0.55
v -18.226687908859887 74.88584901610085 -6.84030175342719 0.55 0.55 0.55
v -19.24464711557468 79.94262017417165 -7.287121756758937 0.55 0.55 0.55
v -17.594474966907107 80.0029704472149 -9.299598456752761 0.55 0.55 0.55
v -17.17557827884146 74.46855279555457 -9.078049421629384 0.55 0.55 0.55
v -17.17557827884146 74.46855279555457 -9.078049421629384 0.55 0.55 0.55
v -17.594474966907107 80.0029704472149 -9.299598456752761 0.55 0.55 0.55
v -16.767418370238932 79.9419734878345 -11.954838660933103 0.55 0.55 0.55
v -15.908578728704672 74.88334398454187 -11.243273542288227 0.55 0.55 0.55
v -15.908578728704672 74.88334398454187 -11.243273542288227 0.55 0.55 0.55
v -16.767418370238932 79.9419734878345 -11.954838660933103 0.55 0.55 0.55
v -15.169110928072016 79.94284396670895 -13.880256725040542 0.55 0.55 0.55
v -14.334837983122869 74.88647785140235 -13.156965701945092 0.55 0.55 0.55
v -14.334837983122869 74.88647785140235 -13.156965701945092 0.55 0.55 0.55
v -15.169110928072016 79.94284396670895 -13.880256725040542 0.55 0.55 0.55
v -12.813531961287566 80.00377677430303 -15.22796251590093 0.55 0.55 0.55
v -12.53929577508244 74.63091496526101 -14.878665424013201 0.55 0.55 0.55
v -12.53929577508244 74.63091496526101 -14.878665424013201 0.55 0.55 0.55
v -12.813531961287566 80.00377677430303 -15.22796251590093 0.55 0.55 0.55
v -10.800624103788035 80.00245728930228 -16.791808926950395 0.55 0.55 0.55
v -10.723729689028138 77.02155034120005 -16.668748976221313 0.55 0.55 0.55
v -10.723729689028138 77.02155034120005 -16.668748976221313 0.55 0.55 0.55
v -10.800624103788035 80.00245728930228 -16.791808926950395 0.55 0.55 0.55
v -8.74335716669665 79.92625735144327 -18.589601497419743 0.55 0.55 0.55
v -8.33352273148245 74.82256135492449 -17.562893606654146 0.55 0.55 0.55
v -8.33352273148245 74.82256135492449 -17.562893606654146 0.55 0.55 0.55
v -8.74335716669665 79.92625735144327 -18.589601497419743 0.55 0.55 0.55
v -6.227813552199461 79.94836558819216 -18.995856878521764 0.55 0.55 0.55
v -6.029733614368163 74.7620655486299 -18.49642011345757 0.55 0.55 0.55
v -6.029733614368163 74.7620655486299 -18.49642011345757 0.55 0.55 0.55
v -6.227813552199461 79.94836558819216 -18.995856878521764 0.55 0.55 0.55
v -3.7084347041897354 80.00342556850032 -19.631863911280295 0.55 0.55 0.55
v -3.688253431048752 77.07862527138178 -19.49390463558073 0.55 0.55 0.55
v -3.688253431048752 77.07862527138178 -19.49390463558073 0.55 0.55 0.55
v -3.7084347041897354 80.00342556850032 -19.631863911280295 0.55 0.55 0.55
v -1.188859565301707 79.94426879239957 -20.514876634029903 0.55 0.55 0.55
v -1.1410910086219601 74.8924636327855 -19.410519362414544 0.55 0.55 0.55
v -1.1410910086219601 74.8924636327855 -19.410519362414544 0.55 0.55 0.55
v -1.188859565301707 79.94426879239957 -20.514876634029903 0.55 0.55 0.55
v 1.3284475138544587 79.9342334718715 -19.955946203036596 0.55 0.55 0.55
v 1.3290040779504946 74.748564765646 -19.406987280089577 0.55 0.55 0.55
v 1.3290040779504946 74.748564765646 -19.406987280089577 0.55 0.55 0.55
v 1.3284475138544587 79.9342334718715 -19.955946203036596 0.55 0.55 0.55
v 3.9320856852968538 80.00247819380766 -19.602935167378405 0.55 0.55 0.55
v 3.9016219476491365 77.027841935159 -19.46193379424251 0.55 0.55 0.55
v 3.9016219476491365 77.027841935159 -19.46193379424251 0.55 0.55 0.55
v 3.9320856852968538 80.00247819380766 -19.602935167378405 0.55 0.55 0.55
v 6.371088616101263 80.00309575466167 -18.8627626119114 0.55 0.55 0.55
v 6.351438245753762 77.312634168473 -18.75040118504306 0.55 0.55 0.55
v 6.351438245753762 77.312634168473 -18.75040118504306 0.55 0.55 0.55
v 6.371088616101263 80.00309575466167 -18.8627626119114 0.55 0.55 0.55
v 8.730601236379108 79.21738269826454 -17.868640441292168 0.55 0.55 0.55
v 8.644175518769668 76.46762664984135 -17.7118308588265 0.55 0.55 0.55
v 8.644175518769668 76.46762664984135 -17.7118308588265 0.55 0.55 0.55
v 8.730601236379108 79.21738269826454 -17.868640441292168 0.55 0.55 0.55
v 11.44479577501073 79.9115844562377 -17.12431686722864 0.55 0.55 0.55
v 10.740745891746945 74.88079363309112 -16.29028002098103 0.55 0.55 0.55
v 10.740745891746945 74.88079363309112 -16.29028002098103 0.55 0.55 0.55
v 11.44479577501073 79.9115844562377 -17.12431686722864 0.55 0.55 0.55
v 13.004582194772967 80.00623682642758 -15.071211217267305 0.55 0.55 0.55
v 12.907707133554977 77.34360016564337 -15.00868910206104 0.55 0.55 0.55
v 12.907707133554977 77.34360016564337 -15.00868910206104 0.55 0.55 0.55
v 13.004582194772967 80.00623682642758 -15.071211217267305 0.55 0.55 0.55
v 14.821394247958999 80.00114854438702 -13.3111841480817 0.55 0.55 0.55
v 14.718844158963071 77.09478541040144 -13.216422237688832 0.55 0.55 0.55
v 14.718844158963071 77.09478541040144 -13.216422237688832 0.55 0.55 0.55
v 14.821394247958999 80.00114854438702 -13.3111841480817 0.55 0.55 0.55
v 17.174814132838954 79.93115241379697 -11.465421306212683 0.55 0.55 0.55
v 16.05889969690189 74.84726867296338 -11.060623138691424 0.55 0.55 0.55
v 16.05889969690189 74.84726867296338 -11.060623138691424 0.55 0.55 0.55
v 17.174814132838954 79.93115241379697 -11.465421306212683 0.55 0.55 0.55
v 18.368754736817078 79.94121898508152 -9.221863005688675 0.55 0.55 0.55
v 17.287522961435325 74.8816431766644 -8.877691717840458 0.55 0.55 0.55
v 17.287522961435325 74.8816431766644 -8.877691717840458 0.55 0.55 0.55
v 18.368754736817078 79.94121898508152 -9.221863005688675 0.55 0.55 0.55
v 19.37171654479522 79.94422907470143 -6.904410500599925 0.55 0.55 0.55
v 18.30193093667681 74.89217251540401 -6.604860198409262 0.55 0.55 0.55
v 18.30193093667681 74.89217251540401 -6.604860198409262 0.55 0.55 0.55
v 19.37171654479522 79.94422907470143 -6.904410500599925 0.55 0.55 0.55
v 20.099718069127157 79.944016115211 -4.47356551396071 0.55 0.55 0.55
v 19.02799007600737 74.8938194886826 -4.204926444853595 0.55 0.55 0.55
v 19.02799007600737 74.8938194886826 -4.204926444853595 0.55 0.55 0.55
v 20.099718069127157 79.944016115211 -4.47356551396071 0.55 0.55 0.55
v 19.814714177819944 80.00801879758498 -1.8440177906797386 0.55 0.55 0.55
v 19.691352428732518 77.18138411273702 -1.805902242181453 0.55 0.55 0.55
v 19.691352428732518 77.18138411273702 -1.805902242181453 0.55 0.55 0.55
v 19.814714177819944 80.00801879758498 -1.8440177906797386 0.55 0.55 0.55
v 19.92026303338102 80.0004344279125 0.7883174920126831 0.55 0.55 0.55
v 19.74640877333575 76.7587327247709 0.7552617967647987 0.55 0.55 0.55
v 19.74640877333575 76.7587327247709 0.7552617967647987 0.55 0.55 0.55
v 19.92026303338102 80.0004344279125 0.7883174920126831 0.55 0.55 0.55
v 20.29363483411289 79.94401662738105 3.4370749828649103 0.55 0.55 0.55
v 19.20877627887008 74.89340868279082 3.1908572200593603 0.55 0.55 0.55
f 1 2 3 4
f 5 6 7 8
f 9 10 11 12
f 13 14 15 16
f 17 18 19 20
f 21 22 23 24
f 25 26 27 28
f 29 30 31 32
f 33 34 35 36
f 37 38 39 40
f 41 42 43 44
f 45 46 47 48
f 49 50 51 52
f 53 54 55 56
f 57 58 59 60
f 61 62 63 64
f 65 66 67 68
f 69 70 71 72
f 73 74 75 76
f 77 78 79 80
f 81 82 83 84
f 85 86 87 88
f 89 90 91 92
f 93 94 95 96
f 97 98 99 100
f 101 102 103 104
f 105 106 107 108
f 109 110 111 112
f 113 114 115 116
f 117 118 119 120
f 121 122 123 124
f 125 126 127 128
f 129 130 131 132
f 133 134 135 136
f 137 138 139 140
f 141 142 143 144
f 145 146 147 148
f 149 150 151 152
f 153 154 155 156
f 157 158 159 160
f 161 162 163 164
f 165 166 167 168
f 169 170 171 172
f 173 174 175 176
f 177 178 179 180
f 181 182 183 184
f 185 186 187 188
f 189 190 191 192
f 193 194 195 196
f 197 198 199 200
f 201 202 203 204
f 205 206 207 208
f 209 210 211 212
f 213 214 215 216
f 217 218 219 220
f 221 222 223 224
f 225 226 227 228
f 229 230 231 232
f 233 234 235 236
f 237 238 239 240
f 241 242 243 244
f 245 246 247 248
f 249 250 251 252
f 253 254 255 256
f 257 258 259 260
f 261 262 263 264
f 265 266 267 268
f 269 270 271 272
f 273 274 275 276
f 277 278 279 280
f 281 282 283 284
f 285 286 287 288
f 289 290 291 292
f 293 294 295 296
f 297 298 299 300
f 301 302 303 304
f 305 306 307 308
f 309 310 311 312
f 313 314 315 316
f 317 318 319 320
f 321 322 323 324
f 325 326 327 328
f 329 330 331 332
f 333 334 335 336
f 337 338 339 340
f 341 342 343 344
f 345 346 347 348
f 349 350 351 352
f 353 354 355 356
f 357 358 359 360
f 361 362 363 364
f 365 366 367 368
f 369 370 371 372
f 373 374 375 376
f 377 378 379 380
f 381 382 383 384
f 385 386 387 388
f 389 390 391 392
f 393 394 395 396
f 397 398 399
f 400 401 402
f 403 404 405
f 406 407 408
f 409 410 411 412
f 413 414 415 416
f 417 418 419 420
f 421 422 423 424
f 425 426 427 428
f 429 430 431 432
f 433 434 435 436
f 437 438 439 440
f 441 442 443 444
f 445 446 447 448
f 449 450 451 452
f 453 454 455 456
f 457 458 459 460
f 461 462 463 464
f 465 466 467 468
f 469 470 471 472
f 473 474 475 476
f 477 478 479 480
f 481 482 483 484
f 485 486 487 488
f 489 490 491 492
f 493 494 495 496
f 497 498 499 500
f 501 502 503 504
f 505 506 507
f 508 509 510
f 511 512 513
f 514 515 516
f 517 518 519 520
f 521 522 523 524
f 525 526 527 528
f 529 530 531 532
f 533 534 535 536
f 537 538 539 540
f 541 542 543 544
f 545 546 547 548
f 549 550 551 552
f 553 554 555 556
f 557 558 559 560
f 561 562 563 564
f 565 566 567 568
f 569 570 571 572
f 573 574 575 576
f 577 578 579 580
f 581 582 583 584
f 585 586 587 588
f 589 590 591 592
f 593 594 595 596
f 597 598 599 600
f 601 602 603 604
f 605 606 607 608
f 609 610 611 612
f 613 614 615
f 616 617 618
f 619 620 621
f 622 623 624
f 625 626 627 628
f 629 630 631 632
f 633 634 635 636
f 637 638 639 640
f 641 642 643 644
f 645 646 647 648
f 649 650 651 652
f 653 654 655 656
f 657 658 659 660
f 661 662 663 664
f 665 666 667 668
f 669 670 671 672
f 673 674 675
f 676 677 678
f 679 680 681 682
f 683 684 685 686
f 687 688 689 690
f 691 692 693 694
f 695 696 697 698
f 699 700 701 702
f 703 704 705 706
f 707 708 709 710
f 711 712 713 714
f 715 716 717 718
f 719 720 721
f 722 723 724
f 725 726 727 728
f 729 730 731 732
f 733 734 735 736
f 737 738 739 740
f 741 742 743 744
f 745 746 747 748
f 749 750 751 752
f 753 754 755 756
f 757 758 759 760
f 761 762 763 764
f 765 766 767 768
f 769 770 771 772
f 773 774 775 776
f 777 778 779 780
f 781 782 783 784
f 785 786 787 788
f 789 790 791 792
f 793 794 795
f 796 797 798
f 799 800 801 802
f 803 804 805 806
f 807 808 809 810
f 811 812 813 814
f 815 816 817 818
f 819 820 821
f 822 823 824
f 825 826 827 828
f 829 830 831 832
f 833 834 835 836
f 837 838 839 840
f 841 842 843 844
f 845 846 847 848
f 849 850 851 852
f 853 854 855 856
f 857 858 859
f 860 861 862
f 863 864 865 866
f 867 868 869
f 870 871 872
f 873 874 875 876
f 877 878 879 880
f 881 882 883 884
f 885 886 887
f 888 889 890
f 891 892 893
f 894 895 896
f 897 898 899 900
f 901 902 903 904
f 905 906 907 908
f 909 910 911 912
f 913 914 915 916
f 917 918 919 920
f 921 922 923 924
f 925 926 927 928
f 929 930 931 932
f 933 934 935 936
f 937 938 939 940
f 941 942 943 944
f 945 946 947 948
f 949 950 951 952
f 953 954 955 956
f 957 958 959 960
f 961 962 963 964
f 965 966 967 968
f 969 970 971 972
f 973 974 975 976
f 977 978 979 980
f 981 982 983 984
f 985 986 987 988
f 989 990 991
f 992 993 994
f 995 996 997 998
f 999 1000 1001 1002
f 1003 1004 1005 1006
f 1007 1008 1009 1010
f 1011 1012 1013 1014
f 1015 1016 1017 1018
f 1019 1020 1021 1022
f 1023 1024 1025 1026
f 1027 1028 1029 1030
f 1031 1032 1033 1034
f 1035 1036 1037 1038
f 1039 1040 1041 1042
f 1043 1044 1045 1046
f 1047 1048 1049 1050
f 1051 1052 1053 1054
f 1055 1056 1057 1058
f 1059 1060 1061 1062
f 1063 1064 1065 1066
f 1067 1068 1069 1070
f 1071 1072 1073 1074
f 1075 1076 1077 1078
f 1079 1080 1081
f 1082 1083 1084
f 1085 1086 1087 1088
f 1089 1090 1091 1092
f 1093 1094 1095 1096
f 1097 1098 1099 1100
f 1101 1102 1103 1104
f 1105 1106 1107 1108
f 1109 1110 1111 1112
f 1113 1114 1115 1116
f 1117 1118 1119 1120
f 1121 1122 1123 1124
f 1125 1126 1127 1128
f 1129 1130 1131 1132
f 1133 1134 1135 1136
f 1137 1138 1139 1140
f 1141 1142 1143 1144
f 1145 1146 1147 1148
f 1149 1150 1151 1152
f 1153 1154 1155 1156
f 1157 1158 1159 1160
f 1161 1162 1163 1164
f 1165 1166 1167 1168
f 1169 1170 1171 1172
f 1173 1174 1175 1176
f 1177 1178 1179 1180
f 1181 1182 1183 1184
f 1185 1186 1187
f 1188 1189 1190
f 1191 1192 1193 1194
f 1195 1196 1197 1198
f 1199 1200 1201 1202 1203
f 1204 1205 1206 1207
f 1208 1209 1210 1211
f 1212 1213 1214 1215
f 1216 1217 1218
f 1219 1220 1221
f 1222 1223 1224 1225
f 1226 1227 1228 1229
f 1230 1231 1232 1233
f 1234 1235 1236 1237
f 1238 1239 1240 1241
f 1242 1243 1244 1245
f 1246 1247 1248 1249
f 1250 1251 1252 1253 1254
f 1255 1256 1257 1258
f 1259 1260 1261
f 1262 1263 1264
f 1265 1266 1267
f 1268 1269 1270
f 1271 1272 1273 1274
f 1275 1276 1277 1278
f 1279 1280 1281 1282
f 1283 1284 1285 1286
f 1287 1288 1289 1290
f 1291 1292 1293 1294
f 1295 1296 1297 1298
f 1299 1300 1301
f 1302 1303 1304
f 1305 1306 1307 1308
f 1309 1310 1311
f 1312 1313 1314
f 1315 1316 1317 1318
f 1319 1320 1321 1322
f 1323 1324 1325 1326
f 1327 1328 1329 1330
f 1331 1332 1333 1334
f 1335 1336 1337 1338
f 1339 1340 1341 1342
f 1343 1344 1345 1346
f 1347 1348 1349
f 1350 1351 1352
f 1353 1354 1355
f 1356 1357 1358
f 1359 1360 1361 1362
f 1363 1364 1365 1366
f 1367 1368 1369 1370
f 1371 1372 1373
f 1374 1375 1376
f 1377 1378 1379
f 1380 1381 1382
f 1383 1384 1385 1386
f 1387 1388 1389 1390
f 1391 1392 1393
f 1394 1395 1396
f 1397 1398 1399
f 1400 1401 1402
f 1403 1404 1405 1406
f 1407 1408 1409 1410
f 1411 1412 1413 1414
f 1415 1416 1417 1418
f 1419 1420 1421 1422
f 1423 1424 1425 1426
f 1427 1428 1429 1430
f 1431 1432 1433 1434
f 1435 1436 1437 1438
f 1439 1440 1441 1442
f 1443 1444 1445 1446
f 1447 1448 1449 1450
f 1451 1452 1453 1454
f 1455 1456 1457 1458
f 1459 1460 1461 1462
f 1463 1464 1465 1466
f 1467 1468 1469 1470
f 1471 1472 1473 1474 1475
f 1476 1477 1478 1479
f 1480 1481 1482 1483
f 1484 1485 1486 1487
f 1488 1489 1490 1491
f 1492 1493 1494 1495
f 1496 1497 1498 1499
f 1500 1501 1502 1503
f 1504 1505 1506 1507
f 1508 1509 1510
f 1511 1512 1513
f 1514 1515 1516 1517
f 1518 1519 1520
f 1521 1522 1523
f 1524 1525 1526 1527
f 1528 1529 1530 1531
f 1532 1533 1534 1535
f 1536 1537 1538 1539
f 1540 1541 1542 1543
f 1544 1545 1546 1547
f 1548 1549 1550 1551
f 1552 1553 1554
f 1555 1556 1557
f 1558 1559 1560 1561 1562
f 1563 1564 1565
f 1566 1567 1568
f 1569 1570 1571 1572
f 1573 1574 1575 1576
f 1577 1578 1579 1580
f 1581 1582 1583 1584
f 1585 1586 1587 1588
f 1589 1590 1591 1592
f 1593 1594 1595 1596
f 1597 1598 1599 1600
f 1601 1602 1603 1604
f 1605 1606 1607 1608 1609
f 1610 1611 1612 1613
f 1614 1615 1616
f 1617 1618 1619
f 1620 1621 1622 1623
f 1624 1625 1626 1627 1628
f 1629 1630 1631 1632
f 1633 1634 1635 1636
f 1637 1638 1639 1640 1641
f 1642 1643 1644
f 1645 1646 1647
f 1648 1649 1650 1651
f 1652 1653 1654 1655 1656
f 1657 1658 1659 1660
f 1661 1662 1663
f 1664 1665 1666
f 1667 1668 1669
f 1670 1671 1672 1673 1674
f 1675 1676 1677 1678
f 1679 1680 1681 1682
f 1683 1684 1685 1686
f 1687 1688 1689 1690
f 1691 1692 1693 1694
f 1695 1696 1697 1698
f 1699 1700 1701 1702
f 1703 1704 1705 1706
f 1707 1708 1709 1710
f 1711 1712 1713
f 1714 1715 1716
f 1717 1718 1719 1720
f 1721 1722 1723 1724
f 1725 1726 1727 1728
f 1729 1730 1731 1732 1733
f 1734 1735 1736
f 1737 1738 1739
f 1740 1741 1742 1743
f 1744 1745 1746 1747
f 1748 1749 1750 1751 1752
f 1753 1754 1755 1756
f 1757 1758 1759 1760
f 1761 1762 1763 1764
f 1765 1766 1767 1768
f 1769 1770 1771 1772
f 1773 1774 1775 1776
f 1777 1778 1779 1780
f 1781 1782 1783 1784
f 1785 1786 1787 1788
f 1789 1790 1791 1792
f 1793 1794 1795 1796
f 1797 1798 1799
f 1800 1801 1802
f 1803 1804 1805 1806
f 1807 1808 1809 1810
f 1811 1812 1813 1814 1815
f 1816 1817 1818 1819
f 1820 1821 1822 1823 1824
f 1825 1826 1827 1828
f 1829 1830 1831
f 1832 1833 1834
f 1835 1836 1837 1838
f 1839 1840 1841 1842
f 1843 1844 1845 1846 1847
f 1848 1849 1850 1851
f 1852 1853 1854 1855
f 1856 1857 1858 1859
f 1860 1861 1862 1863
f 1864 1865 1866 1867
f 1868 1869 1870 1871
f 1872 1873 1874 1875
f 1876 1877 1878 1879
f 1880 1881 1882 1883
f 1884 1885 1886 1887
f 1888 1889 1890 1891
f 1892 1893 1894 1895
f 1896 1897 1898 1899 1900 1901
f 1902 1903 1904 1905
f 1906 1907 1908 1909
f 1910 1911 1912 1913
f 1914 1915 1916
f 1917 1918 1919 1920
f 1921 1922 1923 1924
f 1925 1926 1927 1928
f 1929 1930 1931 1932 1933
f 1934 1935 1936 1937
f 1938 1939 1940 1941
f 1942 1943 1944 1945
f 1946 1947 1948 1949
f 1950 1951 1952 1953
f 1954 1955 1956 1957
f 1958 1959 1960 1961
f 1962 1963 1964 1965
f 1966 1967 1968 1969 1970
f 1971 1972 1973 1974
f 1975 1976 1977 1978
f 1979 1980 1981 1982
f 1983 1984 1985 1986 1987 1988
f 1989 1990 1991 1992
f 1993 1994 1995 1996
f 1997 1998 1999 2000
f 2001 2002 2003 2004
f 2005 2006 2007 2008 2009 2010
f 2011 2012 2013
f 2014 2015 2016
f 2017 2018 2019 2020
f 2021 2022 2023 2024
f 2025 2026 2027 2028
f 2029 2030 2031 2032
f 2033 2034 2035 2036
f 2037 2038 2039 2040
f 2041 2042 2043 2044
f 2045 2046 2047 2048
f 2049 2050 2051 2052
f 2053 2054 2055 2056
f 2057 2058 2059 2060
f 2061 2062 2063 2064
f 2065 2066 2067 2068
f 2069 2070 2071 2072
f 2073 2074 2075 2076
f 2077 2078 2079 2080
f 2081 2082 2083 2084
f 2085 2086 2087 2088
f 2089 2090 2091 2092
f 2093 2094 2095 2096
f 2097 2098 2099 2100
f 2101 2102 2103 2104
f 2105 2106 2107 2108
f 2109 2110 2111 2112
f 2113 2114 2115 2116
f 2117 2118 2119
f 2120 2121 2122
f 2123 2124 2125 2126
f 2127 2128 2129
f 2130 2131 2132
f 2133 2134 2135 2136
f 2137 2138 2139 2140
f 2141 2142 2143 2144
f 2145 2146 2147 2148
f 2149 2150 2151 2152
f 2153 2154 2155 2156
f 2157 2158 2159 2160
f 2161 2162 2163 2164
f 2165 2166 2167 2168
f 2169 2170 2171 2172
f 2173 2174 2175 2176
f 2177 2178 2179 2180
f 2181 2182 2183 2184
f 2185 2186 2187 2188
f 2189 2190 2191 2192
f 2193 2194 2195 2196
f 2197 2198 2199 2200 2201
f 2202 2203 2204 2205
f 2206 2207 2208 2209
f 2210 2211 2212 2213
f 2214 2215 2216 2217
f 2218 2219 2220 2221
f 2222 2223 2224 2225
f 2226 2227 2228 2229
f 2230 2231 2232 2233
f 2234 2235 2236
f 2237 2238 2239
f 2240 2241 2242
f 2243 2244 2245
f 2246 2247 2248 2249
f 2250 2251 2252 2253
f 2254 2255 2256 2257
f 2258 2259 2260 2261
f 2262 2263 2264 2265
f 2266 2267 2268 2269
f 2270 2271 2272 2273
f 2274 2275 2276 2277
f 2278 2279 2280 2281
f 2282 2283 2284 2285
f 2286 2287 2288 2289
f 2290 2291 2292 2293
f 2294 2295 2296 2297
f 2298 2299 2300 2301
f 2302 2303 2304 2305
f 2306 2307 2308 2309
f 2310 2311 2312 2313
f 2314 2315 2316 2317
f 2318 2319 2320 2321
f 2322 2323 2324 2325
f 2326 2327 2328 2329
f 2330 2331 2332 2333
f 2334 2335 2336 2337
f 2338 2339 2340 2341
f 2342 2343 2344 2345
f 2346 2347 2348 2349
f 2350 2351 2352 2353
f 2354 2355 2356 2357
f 2358 2359 2360 2361
f 2362 2363 2364
f 2365 2366 2367
f 2368 2369 2370
f 2371 2372 2373
f 2374 2375 2376 2377
f 2378 2379 2380 2381
f 2382 2383 2384 2385
f 2386 2387 2388 2389
f 2390 2391 2392 2393
f 2394 2395 2396 2397
f 2398 2399 2400 2401
f 2402 2403 2404 2405
f 2406 2407 2408 2409
f 2410 2411 2412 2413
f 2414 2415 2416 2417
f 2418 2419 2420 2421
f 2422 2423 2424 2425
f 2426 2427 2428 2429
f 2430 2431 2432 2433
f 2434 2435 2436 2437
f 2438 2439 2440 2441
f 2442 2443 2444 2445
f 2446 2447 2448 2449
f 2450 2451 2452 2453
f 2454 2455 2456 2457
f 2458 2459 2460 2461
f 2462 2463 2464
f 2465 2466 2467
f 2468 2469 2470 2471
f 2472 2473 2474 2475
f 2476 2477 2478 2479
f 2480 2481 2482 2483
f 2484 2485 2486 2487
f 2488 2489 2490 2491
f 2492 2493 2494 2495
f 2496 2497 2498 2499
f 2500 2501 2502 2503
f 2504 2505 2506 2507
f 2508 2509 2510 2511
f 2512 2513 2514
f 2515 2516 2517
f 2518 2519 2520 2521
f 2522 2523 2524 2525
f 2526 2527 2528 2529
f 2530 2531 2532 2533
f 2534 2535 2536 2537
f 2538 2539 2540 2541
f 2542 2543 2544 2545
f 2546 2547 2548 2549
f 2550 2551 2552 2553
f 2554 2555 2556 2557
f 2558 2559 2560 2561
f 2562 2563 2564 2565
f 2566 2567 2568 2569
f 2570 2571 2572 2573
f 2574 2575 2576
f 2577 2578 2579
f 2580 2581 2582 2583
f 2584 2585 2586
f 2587 2588 2589
f 2590 2591 2592 2593
f 2594 2595 2596 2597
f 2598 2599 2600 2601
f 2602 2603 2604 2605
f 2606 2607 2608 2609
f 2610 2611 2612 2613
f 2614 2615 2616 2617
f 2618 2619 2620
f 2621 2622 2623
f 2624 2625 2626 2627
f 2628 2629 2630 2631
f 2632 2633 2634 2635
f 2636 2637 2638 2639
f 2640 2641 2642
f 2643 2644 2645
f 2646 2647 2648 2649
f 2650 2651 2652 2653
f 2654 2655 2656 2657
f 2658 2659 2660 2661
f 2662 2663 2664 2665
f 2666 2667 2668 2669
f 2670 2671 2672 2673
f 2674 2675 2676 2677
f 2678 2679 2680
f 2681 2682 2683
f 2684 2685 2686 2687
f 2688 2689 2690 2691
f 2692 2693 2694
f 2695 2696 2697
f 2698 2699 2700 2701
f 2702 2703 2704 2705
f 2706 2707 2708 2709
f 2710 2711 2712 2713
f 2714 2715 2716 2717
f 2718 2719 2720 2721
f 2722 2723 2724 2725
f 2726 2727 2728 2729
f 2730 2731 2732 2733
f 2734 2735 2736 2737
f 2738 2739 2740 2741
f 2742 2743 2744 2745
f 2746 2747 2748 2749
f 2750 2751 2752 2753
f 2754 2755 2756 2757
f 2758 2759 2760 2761
f 2762 2763 2764
f 2765 2766 2767
f 2768 2769 2770
f 2771 2772 2773
f 2774 2775 2776 2777
f 2778 2779 2780 2781
f 2782 2783 2784 2785
f 2786 2787 2788 2789
f 2790 2791 2792 2793
f 2794 2795 2796 2797
f 2798 2799 2800 2801
f 2802 2803 2804 2805
f 2806 2807 2808 2809
f 2810 2811 2812
f 2813 2814 2815
f 2816 2817 2818
f 2819 2820 2821
f 2822 2823 2824 2825
f 2826 2827 2828 2829
f 2830 2831 2832 2833
f 2834 2835 2836 2837
f 2838 2839 2840
f 2841 2842 2843
f 2844 2845 2846
f 2847 2848 2849
f 2850 2851 2852 2853
f 2854 2855 2856 2857
f 2858 2859 2860 2861
f 2862 2863 2864 2865
f 2866 2867 2868 2869
f 2870 2871 2872 2873
f 2874 2875 2876 2877
f 2878 2879 2880 2881
f 2882 2883 2884 2885 2886
f 2887 2888 2889 2890
f 2891 2892 2893 2894
f 2895 2896 2897 2898
f 2899 2900 2901 2902
f 2903 2904 2905 2906
f 2907 2908 2909 2910
f 2911 2912 2913 2914
f 2915 2916 2917 2918
f 2919 2920 2921 2922
f 2923 2924 2925 2926
f 2927 2928 2929 2930
f 2931 2932 2933 2934
f 2935 2936 2937 2938
f 2939 2940 2941 2942
f 2943 2944 2945 2946
f 2947 2948 2949 2950
f 2951 2952 2953 2954
f 2955 2956 2957 2958 2959
f 2960 2961 2962 2963
f 2964 2965 2966 2967
f 2968 2969 2970 2971
f 2972 2973 2974 2975 2976
f 2977 2978 2979 2980
f 2981 2982 2983 2984
f 2985 2986 2987 2988
f 2989 2990 2991 2992
f 2993 2994 2995 2996
f 2997 2998 2999 3000 3001
f 3002 3003 3004 3005
f 3006 3007 3008 3009
f 3010 3011 3012 3013
f 3014 3015 3016 3017
f 3018 3019 3020 3021
f 3022 3023 3024 3025
f 3026 3027 3028
f 3029 3030 3031
f 3032 3033 3034
f 3035 3036 3037
f 3038 3039 3040 3041 3042 3043
f 3044 3045 3046 3047
f 3048 3049 3050 3051
f 3052 3053 3054 3055
f 3056 3057 3058 3059
f 3060 3061 3062 3063
f 3064 3065 3066 3067
f 3068 3069 3070 3071
f 3072 3073 3074 3075
f 3076 3077 3078 3079
f 3080 3081 3082 3083
f 3084 3085 3086 3087 3088
f 3089 3090 3091 3092
f 3093 3094 3095 3096
f 3097 3098 3099 3100
f 3101 3102 3103 3104
f 3105 3106 3107 3108
f 3109 3110 3111 3112
f 3113 3114 3115 3116
f 3117 3118 3119 3120
f 3121 3122 3123 3124
f 3125 3126 3127 3128 3129
f 3130 3131 3132 3133
f 3134 3135 3136 3137
f 3138 3139 3140 3141
f 3142 3143 3144 3145
f 3146 3147 3148 3149
f 3150 3151 3152
f 3153 3154 3155 3156
f 3157 3158 3159 3160
f 3161 3162 3163 3164 3165
f 3166 3167 3168
f 3169 3170 3171
f 3172 3173 3174 3175
f 3176 3177 3178 3179
f 3180 3181 3182 3183
f 3184 3185 3186 3187
f 3188 3189 3190 3191 3192
f 3193 3194 3195 3196
f 3197 3198 3199 3200
f 3201 3202 3203
f 3204 3205 3206
f 3207 3208 3209 3210 3211
f 3212 3213 3214
f 3215 3216 3217
f 3218 3219 3220 3221
f 3222 3223 3224 3225
f 3226 3227 3228 3229
f 3230 3231 3232 3233
f 3234 3235 3236 3237
f 3238 3239 3240 3241
f 3242 3243 3244 3245 3246 3247
f 3248 3249 3250 3251
f 3252 3253 3254 3255
f 3256 3257 3258 3259
f 3260 3261 3262
f 3263 3264 3265 3266
f 3267 3268 3269 3270
f 3271 3272 3273 3274
f 3275 3276 3277 3278
f 3279 3280 3281 3282
f 3283 3284 3285 3286
f 3287 3288 3289 3290
f 3291 3292 3293
f 3294 3295 3296
f 3297 3298 3299 3300
f 3301 3302 3303 3304
f 3305 3306 3307 3308
f 3309 3310 3311 3312
f 3313 3314 3315 3316
f 3317 3318 3319
f 3320 3321 3322
f 3323 3324 3325
f 3326 3327 3328 3329
f 3330 3331 3332 3333
f 3334 3335 3336 3337
f 3338 3339 3340 3341
f 3342 3343 3344
f 3345 3346 3347 3348
f 3349 3350 3351
f 3352 3353 3354
f 3355 3356 3357 3358
f 3359 3360 3361 3362
f 3363 3364 3365 3366
f 3367 3368 3369 3370
f 3371 3372 3373
f 3374 3375 3376
f 3377 3378 3379 3380 3381
f 3382 3383 3384
f 3385 3386 3387
f 3388 3389 3390 3391
f 3392 3393 3394
f 3395 3396 3397
f 3398 3399 3400
f 3401 3402 3403
f 3404 3405 3406 3407
f 3408 3409 3410 3411
f 3412 3413 3414 3415 3416 3417 3418
f 3419 3420 3421
f 3422 3423 3424
f 3425 3426 3427 3428
f 3429 3430 3431 3432
f 3433 3434 3435
f 3436 3437 3438
f 3439 3440 3441 3442
f 3443 3444 3445
f 3446 3447 3448
f 3449 3450 3451 3452
f 3453 3454 3455 3456
f 3457 3458 3459
f 3460 3461 3462
f 3463 3464 3465 3466 3467 3468
f 3469 3470 3471 3472
f 3473 3474 3475 3476
f 3477 3478 3479 3480
f 3481 3482 3483 3484
f 3485 3486 3487 3488
f 3489 3490 3491 3492
f 3493 3494 3495 3496
f 3497 3498 3499 3500
f 3501 3502 3503 3504
f 3505 3506 3507 3508
f 3509 3510 3511 3512
f 3513 3514 3515 3516
f 3517 3518 3519
f 3520 3521 3522
f 3523 3524 3525 3526
f 3527 3528 3529 3530
f 3531 3532 3533 3534
f 3535 3536 3537 3538
f 3539 3540 3541 3542
f 3543 3544 3545 3546
f 3547 3548 3549 3550
f 3551 3552 3553 3554
f 3555 3556 3557 3558
f 3559 3560 3561
f 3562 3563 3564
f 3565 3566 3567 3568
f 3569 3570 3571 3572
f 3573 3574 3575 3576
f 3577 3578 3579 3580
f 3581 3582 3583 3584
f 3585 3586 3587 3588
f 3589 3590 3591 3592
f 3593 3594 3595 3596
f 3597 3598 3599
f 3600 3601 3602 3603
f 3604 3605 3606 3607
f 3608 3609 3610 3611
f 3612 3613 3614 3615
f 3616 3617 3618 3619
f 3620 3621 3622 3623
f 3624 3625 3626 3627
f 3628 3629 3630 3631
f 3632 3633 3634 3635
f 3636 3637 3638
f 3639 3640 3641
f 3642 3643 3644 3645
f 3646 3647 3648 3649
f 3650 3651 3652 3653
f 3654 3655 3656 3657
f 3658 3659 3660 3661
f 3662 3663 3664 3665
f 3666 3667 3668 3669
f 3670 3671 3672 3673
f 3674 3675 3676 3677
f 3678 3679 3680 3681
f 3682 3683 3684 3685
f 3686 3687 3688 3689
f 3690 3691 3692
f 3693 3694 3695
f 3696 3697 3698
f 3699 3700 3701
f 3702 3703 3704 3705
f 3706 3707 3708 3709
f 3710 3711 3712 3713
f 3714 3715 3716 3717
f 3718 3719 3720 3721
f 3722 3723 3724 3725
f 3726 3727 3728 3729
f 3730 3731 3732 3733
f 3734 3735 3736
f 3737 3738 3739
f 3740 3741 3742
f 3743 3744 3745
f 3746 3747 3748 3749
f 3750 3751 3752 3753
f 3754 3755 3756 3757
f 3758 3759 3760 3761
f 3762 3763 3764
f 3765 3766 3767
f 3768 3769 3770
f 3771 3772 3773
f 3774 3775 3776 3777
f 3778 3779 3780 3781
f 3782 3783 3784 3785
f 3786 3787 3788 3789
f 3790 3791 3792 3793
f 3794 3795 3796 3797
f 3798 3799 3800 3801
f 3802 3803 3804 3805
f 3806 3807 3808 3809
f 3810 3811 3812 3813
f 3814 3815 3816
f 3817 3818 3819
f 3820 3821 3822 3823
f 3824 3825 3826 3827
f 3828 3829 3830 3831
f 3832 3833 3834 3835
f 3836 3837 3838 3839
f 3840 3841 3842 3843
f 3844 3845 3846 3847
f 3848 3849 3850 3851
f 3852 3853 3854 3855
f 3856 3857 3858 3859
f 3860 3861 3862 3863
f 3864 3865 3866 3867
f 3868 3869 3870 3871
f 3872 3873 3874 3875
f 3876 3877 3878 3879
f 3880 3881 3882 3883
f 3884 3885 3886 3887
f 3888 3889 3890 3891
f 3892 3893 3894 3895
f 3896 3897 3898 3899
f 3900 3901 3902 3903
f 3904 3905 3906 3907
f 3908 3909 3910 3911
f 3912 3913 3914 3915
f 3916 3917 3918 3919
f 3920 3921 3922
f 3923 3924 3925
f 3926 3927 3928 3929
f 3930 3931 3932 3933
f 3934 3935 3936 3937
f 3938 3939 3940 3941
f 3942 3943 3944 3945
f 3946 3947 3948 3949
f 3950 3951 3952 3953
f 3954 3955 3956 3957
f 3958 3959 3960
f 3961 3962 3963
f 3964 3965 3966
f 3967 3968 3969
f 3970 3971 3972 3973
f 3974 3975 3976 3977
f 3978 3979 3980 3981
f 3982 3983 3984 3985
f 3986 3987 3988 3989
f 3990 3991 3992 3993
f 3994 3995 3996 3997
f 3998 3999 4000 4001
f 4002 4003 4004 4005
f 4006 4007 4008 4009
f 4010 4011 4012 4013
f 4014 4015 4016 4017
f 4018 4019 4020 4021
f 4022 4023 4024 4025
f 4026 4027 4028 4029
f 4030 4031 4032 4033
f 4034 4035 4036 4037
f 4038 4039 4040 4041
f 4042 4043 4044 4045
f 4046 4047 4048 4049
f 4050 4051 4052
f 4053 4054 4055
f 4056 4057 4058
f 4059 4060 4061
f 4062 4063 4064 4065
f 4066 4067 4068
f 4069 4070 4071
f 4072 4073 4074 4075
f 4076 4077 4078
f 4079 4080 4081
f 4082 4083 4084
f 4085 4086 4087
f 4088 4089 4090
f 4091 4092 4093
f 4094 4095 4096 4097
f 4098 4099 4100 4101
f 4102 4103 4104 4105
f 4106 4107 4108 4109
f 4110 4111 4112
f 4113 4114 4115
f 4116 4117 4118
f 4119 4120 4121
f 4122 4123 4124
f 4125 4126 4127
f 4128 4129 4130 4131
f 4132 4133 4134
f 4135 4136 4137
f 4138 4139 4140 4141
f 4142 4143 4144 4145
f 4146 4147 4148 4149
f 4150 4151 4152 4153
f 4154 4155 4156 4157
f 4158 4159 4160 4161
f 4162 4163 4164
f 4165 4166 4167
f 4168 4169 4170
f 4171 4172 4173
f 4174 4175 4176
f 4177 4178 4179
f 4180 4181 4182 4183
f 4184 4185 4186
f 4187 4188 4189
f 4190 4191 4192 4193
f 4194 4195 4196 4197
f 4198 4199 4200 4201
f 4202 4203 4204 4205
f 4206 4207 4208 4209
f 4210 4211 4212 4213
f 4214 4215 4216 4217
f 4218 4219 4220 4221 4222
f 4223 4224 4225 4226
f 4227 4228 4229 4230
f 4231 4232 4233 4234
f 4235 4236 4237
f 4238 4239 4240
f 4241 4242 4243 4244
f 4245 4246 4247 4248
f 4249 4250 4251 4252
f 4253 4254 4255
f 4256 4257 4258
f 4259 4260 4261 4262
f 4263 4264 4265 4266
f 4267 4268 4269 4270
f 4271 4272 4273 4274
f 4275 4276 4277 4278
f 4279 4280 4281 4282
f 4283 4284 4285 4286
f 4287 4288 4289 4290
f 4291 4292 4293 4294
f 4295 4296 4297 4298
f 4299 4300 4301 4302
f 4303 4304 4305
f 4306 4307 4308
f 4309 4310 4311 4312
f 4313 4314 4315 4316
f 4317 4318 4319 4320
f 4321 4322 4323 4324
f 4325 4326 4327 4328
f 4329 4330 4331 4332
f 4333 4334 4335
f 4336 4337 4338
f 4339 4340 4341 4342
f 4343 4344 4345 4346
f 4347 4348 4349 4350
f 4351 4352 4353 4354
f 4355 4356 4357 4358
f 4359 4360 4361 4362
f 4363 4364 4365 4366
f 4367 4368 4369 4370
f 4371 4372 4373 4374
f 4375 4376 4377 4378
f 4379 4380 4381 4382
f 4383 4384 4385 4386
f 4387 4388 4389 4390
f 4391 4392 4393 4394
f 4395 4396 4397
f 4398 4399 4400
f 4401 4402 4403 4404
f 4405 4406 4407 4408
f 4409 4410 4411 4412
f 4413 4414 4415 4416
f 4417 4418 4419 4420
f 4421 4422 4423 4424
f 4425 4426 4427
f 4428 4429 4430
f 4431 4432 4433 4434
f 4435 4436 4437 4438
f 4439 4440 4441 4442
f 4443 4444 4445 4446
f 4447 4448 4449 4450
f 4451 4452 4453 4454
f 4455 4456 4457 4458
f 4459 4460 4461 4462
f 4463 4464 4465 4466
f 4467 4468 4469
f 4470 4471 4472
f 4473 4474 4475 4476
f 4477 4478 4479
f 4480 4481 4482
f 4483 4484 4485 4486
f 4487 4488 4489 4490
f 4491 4492 4493 4494
f 4495 4496 4497 4498
f 4499 4500 4501 4502
f 4503 4504 4505
f 4506 4507 4508
f 4509 4510 4511 4512
f 4513 4514 4515
f 4516 4517 4518
f 4519 4520 4521 4522
f 4523 4524 4525 4526
f 4527 4528 4529 4530
f 4531 4532 4533 4534
f 4535 4536 4537 4538
f 4539 4540 4541 4542
f 4543 4544 4545
f 4546 4547 4548
f 4549 4550 4551 4552
f 4553 4554 4555 4556
f 4557 4558 4559 4560
f 4561 4562 4563
f 4564 4565 4566
f 4567 4568 4569 4570
f 4571 4572 4573 4574
f 4575 4576 4577 4578
f 4579 4580 4581 4582
f 4583 4584 4585 4586
f 4587 4588 4589 4590
f 4591 4592 4593 4594
f 4595 4596 4597 4598
f 4599 4600 4601 4602
f 4603 4604 4605 4606
f 4607 4608 4609 4610
f 4611 4612 4613 4614
f 4615 4616 4617 4618
f 4619 4620 4621 4622
f 4623 4624 4625 4626
f 4627 4628 4629 4630
f 4631 4632 4633 4634
f 4635 4636 4637 4638
f 4639 4640 4641 4642
f 4643 4644 4645
f 4646 4647 4648
f 4649 4650 4651 4652
f 4653 4654 4655 4656
f 4657 4658 4659 4660
f 4661 4662 4663 4664
f 4665 4666 4667 4668
f 4669 4670 4671 4672
f 4673 4674 4675 4676
f 4677 4678 4679 4680
f 4681 4682 4683 4684
f 4685 4686 4687 4688
f 4689 4690 4691 4692
f 4693 4694 4695 4696
f 4697 4698 4699 4700
f 4701 4702 4703 4704
f 4705 4706 4707
f 4708 4709 4710
f 4711 4712 4713 4714
f 4715 4716 4717 4718
f 4719 4720 4721 4722
f 4723 4724 4725 4726
f 4727 4728 4729 4730
f 4731 4732 4733 4734
f 4735 4736 4737 4738
f 4739 4740 4741 4742
f 4743 4744 4745 4746
f 4747 4748 4749 4750
f 4751 4752 4753 4754
f 4755 4756 4757 4758
f 4759 4760 4761 4762
f 4763 4764 4765 4766
f 4767 4768 4769 4770
f 4771 4772 4773 4774
f 4775 4776 4777 4778
f 4779 4780 4781 4782
f 4783 4784 4785 4786
f 4787 4788 4789 4790
f 4791 4792 4793 4794
f 4795 4796 4797 4798
f 4799 4800 4801 4802
f 4803 4804 4805 4806
f 4807 4808 4809 4810
f 4811 4812 4813 4814
f 4815 4816 4817 4818
f 4819 4820 4821 4822
f 4823 4824 4825 4826
f 4827 4828 4829 4830
f 4831 4832 4833 4834
f 4835 4836 4837 4838
f 4839 4840 4841 4842
f 4843 4844 4845 4846
f 4847 4848 4849 4850
f 4851 4852 4853 4854
f 4855 4856 4857 4858
f 4859 4860 4861 4862
f 4863 4864 4865 4866
f 4867 4868 4869 4870
f 4871 4872 4873 4874
f 4875 4876 4877 4878
f 4879 4880 4881 4882
f 4883 4884 4885 4886
f 4887 4888 4889 4890
f 4891 4892 4893 4894
f 4895 4896 4897 4898
f 4899 4900 4901 4902
f 4903 4904 4905 4906
f 4907 4908 4909 4910
f 4911 4912 4913 4914
f 4915 4916 4917 4918
f 4919 4920 4921 4922
f 4923 4924 4925 4926
f 4927 4928 4929 4930
f 4931 4932 4933 4934
f 4935 4936 4937 4938
f 4939 4940 4941 4942
f 4943 4944 4945 4946
f 4947 4948 4949 4950
f 4951 4952 4953 4954
f 4955 4956 4957 4958
f 4959 4960 4961 4962
f 4963 4964 4965 4966
f 4967 4968 4969 4970
