v 20.289854270636685 0.05601023400712372 3.474900627036397 0.0 0.15 1.0
v 19.795277229535337 2.5918557649660534 3.3567324769529727 0.029290425831612926 0.15 0.9707095741683871
v 19.206603598193514 5.106228090577928 3.213996798565114 0.058848460819798054 0.15 0.9411515391802019
v 18.535028978917797 7.5984743408951285 3.0501428493736906 0.08891080389864359 0.15 0.9110891961013564
v 17.795450611252107 10.070338270743235 2.87052511173603 0.11965052511134716 0.15 0.8803494748886529
v 17.003955809468838 12.525415712585525 2.682187509242553 0.15113171692155958 0.15 0.8488682830784404
v 16.177636011280438 14.969016163721454 2.493957430902127 0.1832500984769777 0.15 0.8167499015230223
v 15.336548673868572 17.408071846173247 2.3123688068650807 0.215748387758733 0.15 0.784251612241267
v 14.498970312084976 19.848976284832936 2.139596476801799 0.24832820466066724 0.15 0.7516717953393328
v 13.686001216526062 22.29850895917435 1.9715803729489807 0.2808260585607647 0.15 0.7191739414392353
v 12.917747535982809 24.762694204549366 1.807683233676991 0.3095582783582762 0.15 0.6904417216417238
v 12.214747839730318 27.24660572288644 1.6494056632359277 0.34090193900091403 0.15 0.659098060999086
v 11.598233763104451 29.753723962526053 1.4979693048342404 0.37265311686220304 0.15 0.627346883137797
v 11.08953654338371 32.28548733154779 1.3569742765930826 0.40458733863556445 0.15 0.5954126613644355
v 10.708179444626516 34.840597837274274 1.2377865081577162 0.436499969733086 0.15 0.563500030266914
v 10.470384413416621 37.414535751693826 1.1575751445095892 0.46830809729142236 0.15 0.5316919027085776
v 10.387498548137124 39.99927741256681 1.1298796292568845 0.5000367484048441 0.15 0.49996325159515587
v 10.469892094579583 42.58399066235521 1.1615605424526776 0.5317466861135746 0.15 0.46825331388642544
v 10.70723506531229 45.15786933044334 1.245041867084227 0.5635353963481068 0.15 0.4364646036518932
v 11.088279643988955 47.71292969371823 1.366329885097418 0.5954205069613911 0.15 0.40457949303860885
v 11.596790569409366 50.24467539453337 1.5083275674817893 0.6273128757464107 0.15 0.3726871242535893
v 12.213216824722807 52.751804113825756 1.6599740009682196 0.6590138391685983 0.15 0.34098616083140165
v 12.916226382907059 55.23574812789636 1.8177126986190197 0.6903204065271489 0.15 0.3096795934728511
v 13.684597748967066 57.699987728098996 1.9802375344257048 0.721135644812351 0.15 0.27886435518764896
v 14.497793771929848 60.14959569815027 2.1460401034801677 0.7502003341098248 0.15 0.24979966589017522
v 15.335708593739533 62.59059923436007 2.315743681198174 0.7841697072607385 0.15 0.21583029273926146
v 16.177232102319614 65.02979363665489 2.4933975689140704 0.8166614955378422 0.15 0.18333850446215783
v 17.00408389901416 67.4735720288994 2.6769247897764425 0.848787846349716 0.15 0.15121215365028395
v 17.796201547146314 69.9288556384452 2.8598801985801354 0.8802835309059545 0.15 0.11971646909404554
v 18.536468447485674 72.40094024964966 3.033524700205168 0.9110398825830135 0.15 0.0889601174169865
v 19.20877627887008 74.89340868279082 3.1908572200593603 0.9411190831912792 0.15 0.05888091680872076
v 20.29363483411289 79.94401662738105 3.4370749828649103 1.0 0.15 0.0
l 1 2
l 2 3
l 3 4
l 4 5
l 5 6
l 6 7
l 7 8
l 8 9
l 9 10
l 10 11
l 11 12
l 12 13
l 13 14
l 14 15
l 15 16
l 16 17
l 17 18
l 18 19
l 19 20
l 20 21
l 21 22
l 22 23
l 23 24
l 24 25
l 25 26
l 26 27
l 27 28
l 28 29
l 29 30
l 30 31
l 31 32
v 19.66102685963708 0.055971869444379894 5.919642432877258 0.0 0.15 1.0
v 19.172896769869247 2.591610504206796 5.793260284047353 0.016687323341401918 0.15 0.9833126766585981
v 18.59437068356438 5.106285901019968 5.634308235411067 0.04775174272543629 0.15 0.9522482572745637
v 17.935286487840326 7.599179050201241 5.447811355565326 0.07868526531651336 0.15 0.9213147346834867
v 17.2097328924958 10.07206443043129 5.242038317980821 0.10958581129886633 0.15 0.8904141887011336
v 16.43182485213183 12.528291662078592 5.028150609977988 0.14055202306278944 0.15 0.8594479769372105
v 15.615243987283376 14.972633516235494 4.822602613309014 0.1715944941194761 0.15 0.8284055058805239
v 14.777305110045313 17.411593818699792 4.640497340181327 0.2030388778599915 0.15 0.7969611221400085
v 13.938582417401696 19.851588740255167 4.47676911067335 0.2493639520790842 0.15 0.7506360479209158
v 13.126289529606412 22.300456976932843 4.311923825631735 0.28013467775730105 0.15 0.719865322242699
v 12.35970568936037 24.764243180569384 4.150607999909058 0.3108611055435359 0.15 0.689138894456464
v 11.658225316826515 27.247979454292633 4.000004324194727 0.34141525261071937 0.15 0.6585847473892806
v 11.043858663412722 29.75527880070326 3.860652395027538 0.37184532530737974 0.15 0.6281546746926203
v 10.540052245884581 32.28746567247047 3.7296642567566307 0.4083532322964862 0.15 0.5916467677035138
v 10.166307403564153 34.84282854657318 3.6142759798541544 0.4389331253085327 0.15 0.5610668746914673
v 9.93574226847403 37.41641679292531 3.5337290466579696 0.4694824856412617 0.15 0.5305175143587383
v 9.858202855757938 40.000293124217414 3.506228836334864 0.5000808077152354 0.15 0.49991919228476456
v 9.934735260852497 42.58415984209889 3.537209914287927 0.5307006876236358 0.15 0.46929931237636424
v 10.164486632345742 45.157731061150116 3.620557387517634 0.5613207205951736 0.15 0.4386792794048264
v 10.537713226875344 47.713086545870794 3.7377523138457778 0.5920168705006775 0.15 0.40798312949932247
v 11.041220084500523 50.2452759104263 3.8698231878607503 0.6283036180251377 0.15 0.3716963819748623
v 11.655428341814956 52.75257958832728 4.009781751955602 0.6586965002118952 0.15 0.3413034997881048
v 12.356978332620514 55.236306886041916 4.160208623267839 0.6891567108172005 0.15 0.31084328918279946
v 13.123923899849927 57.70005814436847 4.320329950497855 0.7197776282738522 0.15 0.28022237172614783
v 13.936833080255422 60.14886104967049 4.4830810726144845 0.7504980221223041 0.15 0.2495019778776959
v 14.776354207511117 62.588763781674736 4.644067988851489 0.7969719389845931 0.15 0.20302806101540694
v 15.615380125383034 65.02762543694963 4.822479373064443 0.8284942864621813 0.15 0.17150571353781874
v 16.433333715990663 67.47189526179687 5.023425200864543 0.8593366810481775 0.15 0.1406633189518225
v 17.21283143932414 69.92807286432479 5.232009882334271 0.8901700372493582 0.15 0.10982996275064183
v 17.940159327067374 72.40091973223652 5.431891075361657 0.9211071969921165 0.15 0.07889280300788348
v 18.6011748035501 74.89377354170593 5.611965907745109 0.952135756020095 0.15 0.047864243979904963
v 19.672125422874856 79.9439670824324 5.8829793970299376 1.0 0.15 0.0
l 33 34
l 34 35
l 35 36
l 36 37
l 37 38
l 38 39
l 39 40
l 40 41
l 41 42
l 42 43
l 43 44
l 44 45
l 45 46
l 46 47
l 47 48
l 48 49
l 49 50
l 50 51
l 51 52
l 52 53
l 53 54
l 54 55
l 55 56
l 56 57
l 57 58
l 58 59
l 59 60
l 60 61
l 61 62
l 62 63
l 63 64
v 18.8383844674411 0.05965600081969003 8.310048211788498 0.0 0.15 1.0
v 18.342725741686113 2.598123135571633 8.16866476469483 0.02888176842184976 0.15 0.9711182315781502
v 17.760639368790144 5.115363207816738 7.984363439993152 0.058103813171543325 0.15 0.9418961868284567
v 17.101168466152895 7.610545162786096 7.76401010286259 0.08798462875627269 0.15 0.9120153712437273
v 16.37653343466298 10.085220599750835 7.518167279539607 0.11888870161503229 0.15 0.8811112983849677
v 15.598246482311627 12.542421435780426 7.261577118810334 0.15073201636284606 0.15 0.849267983637154
v 14.774703217073371 14.986137832283816 7.018033679185396 0.18366949507731478 0.15 0.8163305049226852
v 13.909899516957035 17.420198068972258 6.826178500442523 0.21913800236344017 0.15 0.7808619976365598
v 13.026992297787952 19.850927682931783 6.681884363559476 0.24946096087852243 0.15 0.7505390391214776
v 12.187874765180903 22.29515794222322 6.504912220122073 0.28047502871210145 0.15 0.7195249712878986
v 11.395610607871056 24.755421494823672 6.334160060704174 0.31404375132027856 0.15 0.6859562486797215
v 10.664414539477498 27.235996700803202 6.187109155477064 0.34376362606160293 0.15 0.6562363739383971
v 10.019156841319493 29.741375869580782 6.061440010941818 0.3796001964770479 0.15 0.6203998035229521
v 9.497108195144005 32.275026925225646 5.932401321921058 0.4084580757022557 0.15 0.5915419242977443
v 9.119187140793949 34.83422757064045 5.806406873551811 0.43794764163189714 0.15 0.5620523583681029
v 8.89015542780366 37.41248664570048 5.714129554051784 0.4684638924409344 0.15 0.5315361075590657
v 8.810871219811213 40.001217116904876 5.68019478084371 0.500105528343844 0.15 0.49989447165615597
v 8.888920839967382 42.589946926414754 5.716890643766783 0.5317715154292918 0.15 0.4682284845707082
v 9.11701697079421 45.16820942840432 5.8112228376993755 0.5624725555531739 0.15 0.4375274444468261
v 9.494481724462384 47.72741672725275 5.938375897497852 0.592111536786541 0.15 0.40788846321345895
v 10.016202176690518 50.261088583308805 6.068302525478705 0.6212399344834315 0.15 0.3787600655165685
v 10.660840273502206 52.76655389425283 6.195422161066197 0.6566446955860956 0.15 0.3433553044139044
v 11.391846708196535 55.24715261492318 6.343032465195248 0.6861324124563608 0.15 0.3138675875436392
v 12.184624191907341 57.707312126122005 6.5128699755633965 0.7195987534456517 0.15 0.2804012465543483
v 13.024842958930774 60.15131602571354 6.687663147836074 0.7503872836217491 0.15 0.2496127163782509
v 13.908805263802071 62.581772953887665 6.829780383186404 0.7803895838868942 0.15 0.21961041611310583
v 14.77519810274179 65.01553019429136 7.018446351329496 0.816131977164585 0.15 0.18386802283541503
v 15.600964939604962 67.45893583016887 7.257596253633794 0.8490960635975596 0.15 0.15090393640244038
v 16.38177796065181 69.9158511537965 7.509208562498521 0.8809410608822995 0.15 0.11905893911770049
v 17.109224272680954 72.39024302696943 7.749526975983089 0.9119157068222123 0.15 0.08808429317778765
v 17.771766507717693 74.88513377955749 7.963880412568413 0.9418317886832578 0.15 0.05816821131674221
v 18.856318566888994 79.94022266352218 8.276304440952565 1.0 0.15 0.0
l 65 66
l 66 67
l 67 68
l 68 69
l 69 70
l 70 71
l 71 72
l 72 73
l 73 74
l 74 75
l 75 76
l 76 77
l 77 78
l 78 79
l 79 80
l 80 81
l 81 82
l 82 83
l 83 84
l 84 85
l 85 86
l 86 87
l 87 88
l 88 89
l 89 90
l 90 91
l 91 92
l 92 93
l 93 94
l 94 95
l 95 96
v 17.687010177160165 0.06343040797283961 10.57149290783478 0.0 0.15 1.0
v 17.177492260582504 2.607872092290205 10.40885697440088 0.02872720977327635 0.15 0.9712727902267236
v 16.588119047919207 5.130912102991698 10.192176450247274 0.057851601706402134 0.15 0.9421483982935979
v 15.927933556642763 7.631905290926757 9.92891330991345 0.08776315213193064 0.15 0.9122368478680694
v 15.208122505663713 10.11239734121856 9.630275505151259 0.11911007874140192 0.15 0.8808899212585981
v 14.43966846237215 12.575884658854395 9.313209193182423 0.15179270971093087 0.15 0.8482072902890692
v 13.626899492029292 15.026820634268718 9.009915788646293 0.18673039185100165 0.15 0.8132696081489983
v 12.733032563216524 17.462161532757257 8.835596050731507 0.22558047789139324 0.15 0.7744195221086068
v 11.745421493282374 19.864350330463118 8.728048859469899 0.25254954642549843 0.15 0.7474504535745016
v 10.87416570516791 22.303303337574267 8.498418092163092 0.28333452146457955 0.15 0.7166654785354205
v 10.036863499206046 24.756682303195134 8.297517815228447 0.31901840728342745 0.15 0.6809815927165725
v 9.241252649065999 27.227503338204077 8.148861734412648 0.34868636169583334 0.15 0.6513136383041667
v 8.514980420355434 29.722010787671852 8.049949157435103 0.38070161015843546 0.15 0.6192983898415645
v 7.937485344415499 32.251276724507115 7.8875639666031905 0.41076778987772017 0.15 0.5892322101222798
v 7.554451746099082 34.81581000141754 7.7010673756580035 0.44016049174649846 0.15 0.5598395082535015
v 7.33128764072426 37.402694128929014 7.569905063640495 0.4699218117376738 0.15 0.5300781882623262
v 7.254889043041529 40.00105677897821 7.5227301756141305 0.5001156875221635 0.15 0.4998843124778365
v 7.32951743360789 42.59943495454327 7.571825690816499 0.5303321319432639 0.15 0.4696678680567361
v 7.55150682763892 45.186346747192 7.704335566795291 0.5601768851101081 0.15 0.4398231148898919
v 7.934910337206179 47.75081037575915 7.8908395652015555 0.5899221779011404 0.15 0.41007782209885957
v 8.51331104338961 50.279930759881154 8.053027192102206 0.6208659126246786 0.15 0.3791340873753214
v 9.237306529579119 52.774977895862705 8.155158286690668 0.6523410320586049 0.15 0.34765896794139506
v 10.03161252339404 55.24611994061211 8.305698729840001 0.6815742527982847 0.15 0.31842574720171535
v 10.869571143030427 57.699341923247594 8.50571311713782 0.716621848413337 0.15 0.283378151586663
v 11.741687324739976 60.138094359918625 8.734075183978026 0.7470914010950662 0.15 0.2529085989049338
v 12.731211315977372 62.53950875303012 8.839251614443365 0.7738273929998102 0.15 0.22617260700018982
v 13.62671875186137 64.97444855351007 9.010590513717574 0.8130788357643862 0.15 0.18692116423561378
v 14.441946034132696 67.42514627510884 9.309197370163737 0.8481483381448572 0.15 0.15185166185514276
v 15.213054958268124 69.88845156086222 9.621256859310297 0.8807956852525629 0.15 0.11920431474743709
v 15.935779146719895 72.36875614835633 9.914419664042443 0.9120902352741669 0.15 0.08790976472583312
v 16.599131774880373 74.86952800187031 10.171768187523723 0.9420562706916906 0.15 0.05794372930830938
v 17.70502181065804 79.9364418876928 10.538103364507407 1.0 0.15 0.0
l 97 98
l 98 99
l 99 100
l 100 101
l 101 102
l 102 103
l 103 104
l 104 105
l 105 106
l 106 107
l 107 108
l 108 109
l 109 110
l 110 111
l 111 112
l 112 113
l 113 114
l 114 115
l 115 116
l 116 117
l 117 118
l 118 119
l 119 120
l 120 121
l 121 122
l 122 123
l 123 124
l 124 125
l 125 126
l 126 127
l 127 128
v 15.480321270118832 -0.0009877179257236012 12.507985237953342 0.0 0.15 1.0
v 15.377991396707744 2.808475753998174 12.429237363285639 0.02204979992840584 0.15 0.9779502000715942
v 15.093249686930747 5.5977320804324115 12.211278393996738 0.05829193827557483 0.15 0.9417080617244251
v 14.64427601886291 8.353502813047433 11.875420522933585 0.09457782036298783 0.15 0.9054221796370122
v 14.052775871492052 11.069695373324665 11.448576575942399 0.13114623055809743 0.15 0.8688537694419025
v 13.340720385318168 13.746674630171922 10.961362141031593 0.16869927901892445 0.15 0.8313007209810755
v 12.526151018516039 16.388622573300587 10.450016562386379 0.20811370475922641 0.15 0.7918862952407736
l 129 130
l 130 131
l 131 132
l 132 133
l 133 134
l 134 135
v 13.799530731233789 -0.007537022945063119 14.418335867516983 0.0 0.15 1.0
v 13.697686066653691 2.7683508470483686 14.34542513328882 0.028717353105722453 0.15 0.9712826468942776
v 13.446649161165736 5.524540321526332 14.09958051839385 0.06192676591986905 0.15 0.938073234080131
v 13.060429155838369 8.24764236568237 13.70510795561093 0.09588266209012099 0.15 0.904117337909879
v 12.557736854069214 10.931796894791848 13.191655807527654 0.13103004526229678 0.15 0.8689699547377032
v 11.961155694765111 13.578222591541895 12.589574635753243 0.1680698523027153 0.15 0.8319301476972847
v 11.319789566774109 16.194596437674726 11.907287723145423 0.20651182034601837 0.15 0.7934881796539817
v 10.694728832629062 18.79201955089873 11.142163247697788 0.24144205473583152 0.15 0.7585579452641684
v 9.888089729745355 21.366478754790705 10.511572539189784 0.27865952517338555 0.15 0.7213404748266145
v 8.860223753588343 23.91520233620485 10.101371418806147 0.30895318489506907 0.15 0.6910468151049309
v 7.835766120526385 26.475748117207676 9.759199713062207 0.3416989291071813 0.15 0.6583010708928188
v 7.137794191243579 29.058989815986212 9.265918935546106 0.37398645714693424 0.15 0.6260135428530658
l 136 137
l 137 138
l 138 139
l 139 140
l 140 141
l 141 142
l 142 143
l 143 144
l 144 145
l 145 146
l 146 147
v 12.539132010156113 63.672403635406326 10.47007333318882 0.7912522568703023 0.15 0.20874774312969768
v 13.356651649847175 66.30477306790243 10.969807931868015 0.8311744399414346 0.15 0.16882556005856542
v 14.069540867942512 68.97184555557695 11.447773522394954 0.8683558373556128 0.15 0.13164416264438716
v 14.661007235734731 71.67805536811683 11.86711945417137 0.9051548392595289 0.15 0.09484516074047111
v 15.11086437853277 74.42358251495477 12.195700816031103 0.9416114538993227 0.15 0.05838854610067734
v 15.503821806507563 80.00095528677362 12.479384033182253 1.0 0.15 0.0
l 148 149
l 149 150
l 150 151
l 151 152
l 152 153
v 7.037658880645476 52.04272068969168 9.779598608195649 0.6404968779673732 0.15 0.3595031220326268
v 8.14375485376864 54.4737519603904 9.930496880711361 0.6702057259762991 0.15 0.3297942740237009
v 9.190309043889751 56.9201295402291 10.235094766079973 0.6945234369017215 0.15 0.30547656309827853
v 10.17945060651972 59.374022212601986 10.645095354457213 0.734783713750085 0.15 0.265216286249915
v 10.864603662478197 61.86314794958067 11.331764006598014 0.7684086371842538 0.15 0.23159136281574622
v 11.476891790609136 64.36952967085438 12.0498781312876 0.8056391056649318 0.15 0.1943608943350682
v 12.089255168790478 66.89582259418214 12.693786722965289 0.8418677616534695 0.15 0.15813223834653045
v 12.642065934994243 69.45200066315718 13.270119671959293 0.8761955128602216 0.15 0.12380448713977843
v 13.107910615196353 72.04365566216198 13.757489355425994 0.9090362112180401 0.15 0.09096378878195988
v 13.47191086881238 74.67115225928347 14.123967446692967 0.9411180434850216 0.15 0.058881956514978406
v 13.721278077725914 77.32859510933268 14.339388521581292 0.9711620978907556 0.15 0.028837902109244418
v 13.849246863362835 80.00321480470636 14.376718051440106 1.0 0.15 0.0
l 154 155
l 155 156
l 156 157
l 157 158
l 158 159
l 159 160
l 160 161
l 161 162
l 162 163
l 163 164
l 164 165
v 8.620601490923368 59.56243067743188 12.01370368770586 0.7360917370148551 0.15 0.2639082629851449
v 9.346788823157675 62.38246928627432 12.838862268262213 0.7760138732558023 0.15 0.2239861267441977
v 9.97987230956431 65.22344202150141 13.684354820351887 0.8126518703898851 0.15 0.18734812961011493
v 10.574744588771136 68.09714823528526 14.441426983156093 0.848538790484568 0.15 0.15146120951543196
v 11.082813124517422 71.01303890512314 15.09156756860436 0.8908367354905585 0.15 0.10916326450944147
v 11.479996761424308 73.97451213416255 15.594572241100359 0.9321675902272244 0.15 0.0678324097727756
v 11.740671910553553 76.9760798662711 15.915139193023949 0.9712687210663644 0.15 0.028731278933635584
v 11.843271608641228 80.00248321792238 16.024741127233806 1.0 0.15 0.0
l 166 167
l 167 168
l 168 169
l 169 170
l 170 171
l 171 172
l 172 173
v 12.247076894383074 0.07342194883647597 16.512523166560825 0.0 0.15 1.0
v 11.914178701060568 2.62444157331433 16.130374992911094 0.02868286984730211 0.15 0.9713171301526979
v 11.519070770043164 5.15366605443472 15.670833006032245 0.05780507598086973 0.15 0.9421949240191303
v 11.069591821655537 7.660339477515789 15.142775026029746 0.08779653718639538 0.15 0.9122034628136046
v 10.576174169018179 10.146076509656236 14.557960484353053 0.11906902670925887 0.15 0.8809309732907411
v 10.051419621073384 12.614724434027993 13.929699264504645 0.15199248722346054 0.15 0.8480075127765394
v 9.511432067828878 15.071824890037792 13.26980563008712 0.18692484652748875 0.15 0.8130751534725112
v 8.980857114477763 17.523805210513572 12.583364277307249 0.2228285891666444 0.15 0.7771714108333556
v 8.430282741495212 19.977261638351067 11.92062742115349 0.260641451276665 0.15 0.739358548723335
v 7.535824384178807 22.38860784869632 11.56911993331247 0.29825297181331406 0.15 0.701747028186686
v 6.593180879916131 24.785128214379156 11.223250817597968 0.3254604420798243 0.15 0.6745395579201757
v 6.017787159577796 27.267340543468325 10.724527140053612 0.3566493474440184 0.15 0.6433506525559816
v 6.0057678781969255 29.756346811925162 10.030793761623089 0.3838927334094827 0.15 0.6161072665905173
v 5.609221088350923 32.29797439919228 9.653220191586325 0.4099916057391809 0.15 0.5900083942608191
v 5.311598354991224 34.86603219530213 9.369823772659009 0.4392771746862618 0.15 0.5607228253137382
v 5.123157522670099 37.45440626514188 9.199778868417072 0.47013855629830775 0.15 0.5298614437016922
v 5.0456787946185475 40.053647666032816 9.155149636044587 0.5016997185798748 0.15 0.49830028142012517
v 5.082030885181172 42.65259473447539 9.242472606512871 0.5333419681170408 0.15 0.4666580318829592
v 5.228419127127073 45.24046404474671 9.453395499160415 0.5644073217144895 0.15 0.4355926782855105
v 5.481647988022159 47.808676200672515 9.774335006274608 0.5938586469447775 0.15 0.4061413530552225
v 5.824447098027869 50.35100933362653 10.19259820954499 0.6201386994827108 0.15 0.37986130051728917
v 5.786453386759296 52.82119094238435 10.91569866720028 0.6458821664619475 0.15 0.3541178335380525
v 6.338793672912446 55.303530346720876 11.432824382132338 0.6783122923099316 0.15 0.3216877076900684
v 7.034398735390399 57.69777449952476 11.912669421706568 0.7033338513741679 0.15 0.29666614862583207
v 6.938506862647549 60.038762316275815 12.847696246625684 0.7468035869965919 0.15 0.2531964130034081
v 7.389815565779674 62.494089281272764 13.577313420736203 0.7831584296260489 0.15 0.21684157037395113
v 7.825535529911858 64.9480166271715 14.321076665621078 0.8182238530983711 0.15 0.1817761469016289
v 8.258928041148204 67.4070373109648 15.049190904004998 0.8521211601823084 0.15 0.14787883981769157
v 8.679704264353987 69.87750354820807 15.745189743855557 0.8851570979040579 0.15 0.11484290209594206
v 9.07693744927939 72.36482387473845 16.393339428503335 0.9176338645807682 0.15 0.08236613541923177
v 9.440523854908776 74.87275111273394 16.978659066748524 0.9498495801486283 0.15 0.0501504198513717
v 10.034013090659787 79.95434717925323 17.91303051040577 1.0 0.15 0.0
l 174 175
l 175 176
l 176 177
l 177 178
l 178 179
l 179 180
l 180 181
l 181 182
l 182 183
l 183 184
l 184 185
l 185 186
l 186 187
l 187 188
l 188 189
l 189 190
l 190 191
l 191 192
l 192 193
l 193 194
l 194 195
l 195 196
l 196 197
l 197 198
l 198 199
l 199 200
l 200 201
l 201 202
l 202 203
l 203 204
l 204 205
v 9.656078813570414 -0.0028104308647815155 17.40389686015734 0.0 0.15 1.0
v 9.58999957033831 2.762952837865155 17.30063776628847 0.021568916926480053 0.15 0.9784310830735199
v 9.413196918060034 5.509265021615381 17.00085488477813 0.057321633970883246 0.15 0.9426783660291167
v 9.137857243383582 8.223111539472509 16.528973111380832 0.09316847159722923 0.15 0.9068315284027708
v 8.77980712832664 10.898789953898167 15.914950548640475 0.12944867956641598 0.15 0.870551320433584
v 8.356427012797793 13.537366606543946 15.190954449022557 0.16653922971005655 0.15 0.8334607702899435
v 7.884507394438421 16.14532634762897 14.389487811304347 0.20469964763166218 0.15 0.7953003523683378
v 7.369611090678105 18.732478276294927 13.547970486401855 0.24243025970032267 0.15 0.7575697402996773
v 6.78455957991189 21.308871208645897 12.721036683485696 0.2845575407990522 0.15 0.7154424592009478
l 206 207
l 207 208
l 208 209
l 209 210
l 210 211
l 211 212
l 212 213
l 213 214
v 7.374675943267704 -0.003493122763033642 18.558703209885444 0.0 0.15 1.0
v 7.318814417603486 2.922135542338812 18.430920941578805 0.03194122402708166 0.15 0.9680587759729183
v 7.165940496271701 5.824786996517472 18.07240961808851 0.06683527188121635 0.15 0.9331647281187836
v 6.928789416880867 8.689891948661147 17.51317041105209 0.1026295215003948 0.15 0.8973704784996052
v 6.622232792140332 11.511851430745917 16.7905374993089 0.1397778169001259 0.15 0.8602221830998741
v 6.261594507528051 14.293232570372249 15.944848934647046 0.17871477611650954 0.15 0.8212852238834905
v 5.86051276841236 17.04275701350327 15.016660658970256 0.2200105972637226 0.15 0.7799894027362774
v 5.428498630349212 19.773146376740204 14.046594640061413 0.26342284183379855 0.15 0.7365771581662015
v 4.94790779100306 22.497409877830243 13.083084053470312 0.30644865218464706 0.15 0.693551347815353
l 215 216
l 216 217
l 217 218
l 218 219
l 219 220
l 220 221
l 221 222
l 222 223
v 4.927582903895356 57.5025150446761 13.089221812724002 0.697160293528494 0.15 0.30283970647150604
v 5.416846169106565 60.22651917762262 14.049990902359777 0.7368514494897148 0.15 0.2631485505102852
v 5.85526259597578 62.95683249235854 15.01809006678806 0.7796865878035889 0.15 0.2203134121964111
v 6.2624186097028485 65.70633374352033 15.94444115865318 0.8210435929515351 0.15 0.17895640704846494
v 6.629414080668192 68.4877169703536 16.788222826743546 0.8600268256545743 0.15 0.13997317434542567
v 6.94266337247211 71.30970367829308 17.508858985680362 0.897180774404379 0.15 0.10281922559562096
v 7.18680634669049 74.17487886657963 18.066019532592883 0.932945651861382 0.15 0.06705434813861799
v 7.346895091200067 77.07765338032799 18.422381172248194 0.9677796522678401 0.15 0.03222034773215987
v 7.410203672303708 80.00347172042032 18.547920806987122 1.0 0.15 0.0
l 224 225
l 225 226
l 226 227
l 227 228
l 228 229
l 229 230
l 230 231
l 231 232
v 5.047454611153904 0.05736407065423306 19.92356074345716 0.0 0.15 1.0
v 4.933101568346156 2.597776355350701 19.432191188805184 0.030915074478257604 0.15 0.9690849255217424
v 4.789577817966193 5.117012595796985 18.848371094466348 0.062097005219599155 0.15 0.9379029947804008
v 4.621020220494098 7.614340798185024 18.18279985982346 0.09375898603238034 0.15 0.9062410139676197
v 4.432577938291969 10.091360446760005 17.45003059432494 0.12610032592967393 0.15 0.8738996740703261
v 4.229296521459934 12.551620636779493 16.666593729206813 0.15191607293046422 0.15 0.8480839270695357
v 4.015644736774835 15.000312110339365 15.85037983846058 0.18674066776762085 0.15 0.8132593322323791
v 3.7960289879712104 17.444060873113465 15.021133575583601 0.22388502701297675 0.15 0.7761149729870233
v 3.569897085763775 19.88944667542053 14.198538178263004 0.26379942103426923 0.15 0.7362005789657308
v 3.3444899466408073 22.3432938961474 13.40213947319197 0.3084833634513243 0.15 0.6915166365486757
v 3.5686127875733384 24.735165756202274 12.550199718072154 0.33142303463779615 0.15 0.6685769653622038
v 3.3283544607854356 27.22334593411725 11.873171040435597 0.35519443026911823 0.15 0.6448055697308818
v 3.138155946150443 29.735216398594297 11.2713861496612 0.3817182954347128 0.15 0.6182817045652872
v 2.947706524288526 32.27138441961636 10.78307899044503 0.40925549644364323 0.15 0.5907445035563568
v 2.7899896510752336 34.8307516555704 10.420029002993001 0.4379831016739646 0.15 0.5620168983260354
v 2.6867300205218174 37.40869384095845 10.194389345090766 0.46835836149716487 0.15 0.5316416385028351
v 2.6503255886498156 39.99725839605988 10.118797471538278 0.49997742664884465 0.15 0.5000225733511554
v 2.683677797260205 42.5858643726223 10.194601655603432 0.5315810097488141 0.15 0.46841899025118594
v 2.784408313884788 45.1638818038489 10.420638778539894 0.5618688552599499 0.15 0.4381311447400501
v 2.940314559568732 47.72333636093765 10.783884543543637 0.5904006332761068 0.15 0.4095993667238932
v 3.1296403529236754 50.25958213945533 11.272243421352334 0.6177967152538292 0.15 0.3822032847461708
v 3.3172570021288275 52.771525419211315 11.874593940410506 0.6446747172802881 0.15 0.35532528271971187
v 3.5526706613926438 55.25990375867225 12.553012713911963 0.66931350760782 0.15 0.33068649239217995
v 3.32789222859215 57.656078979920096 13.406884123411825 0.6926162847414475 0.15 0.30738371525855246
v 3.558717140953726 60.110088290746454 14.201693716759209 0.7368442947886678 0.15 0.26315570521133225
v 3.7894536772616867 62.55554192519599 15.022912477679117 0.776251394392163 0.15 0.22374860560783705
v 4.013904366857149 64.99937171821081 15.850718788970381 0.8065844084573466 0.15 0.19341559154265342
v 4.232594255144929 67.44813464682416 16.66543314489419 0.8409399601047477 0.15 0.1590600398952523
v 4.441512954065337 69.9084668052708 17.447195012998797 0.8741505012304005 0.15 0.1258494987695995
v 4.636187241786369 72.38555641856937 18.17811403700905 0.9064496075172601 0.15 0.09355039248273989
v 4.811509699348635 74.88295408786382 18.841679000791146 0.9380458952704019 0.15 0.06195410472959806
v 5.084227651697774 79.94275452470436 19.912485383393054 1.0 0.15 0.0
l 233 234
l 234 235
l 235 236
l 236 237
l 237 238
l 238 239
l 239 240
l 240 241
l 241 242
l 242 243
l 243 244
l 244 245
l 245 246
l 246 247
l 247 248
l 248 249
l 249 250
l 250 251
l 251 252
l 252 253
l 253 254
l 254 255
l 255 256
l 256 257
l 257 258
l 258 259
l 259 260
l 260 261
l 261 262
l 262 263
l 263 264
v 2.416749393403885 -0.0029145835972737423 19.759000901368562 0.0 0.15 1.0
v 2.399158365215742 2.767918933909927 19.637382654730068 0.02249932446988851 0.15 0.9775006755301114
v 2.350074793696463 5.519189209641557 19.291562177968007 0.05915810760496907 0.15 0.9408418923950309
v 2.272812966789173 8.237809083688594 18.748760702139357 0.09586264784329353 0.15 0.9041373521567064
v 2.1715202069928226 10.918073715164647 18.042796280290887 0.13293332394137697 0.15 0.867066676058623
v 2.0492718042498406 13.561109121966863 17.210302157571288 0.1693419801832799 0.15 0.8306580198167202
v 1.9086783383083545 16.173384964679634 16.288013530788234 0.2053364874275024 0.15 0.7946635125724976
v 1.751549936311513 18.7650803543588 15.311636171414088 0.24374677426030292 0.15 0.7562532257396971
v 1.5684991250679738 21.34808802279803 14.317130222719518 0.2848988320360205 0.15 0.7151011679639795
l 265 266
l 266 267
l 267 268
l 268 269
l 269 270
l 270 271
l 271 272
l 272 273
v 1.5658650207291849 58.57309207634904 14.286603174224492 0.7158502371953314 0.15 0.28414976280466864
v 1.7422570933768664 61.16630987562561 15.285764135006096 0.7566252573818427 0.15 0.24337474261815728
v 1.901586417147467 63.76753619552076 16.26655910464204 0.7947636640880931 0.15 0.20523633591190693
v 2.0476540018870164 66.38917881140775 17.193321869475845 0.8306814506614044 0.15 0.16931854933859558
v 2.177683545552651 69.04157697648179 18.030048820228416 0.866365027425805 0.15 0.133634972574195
v 2.2878617505064973 71.73147625829978 18.739762045132025 0.9020839098453691 0.15 0.09791609015463087
v 2.372993377508174 74.4600807624885 19.285614947355274 0.9395336189839554 0.15 0.060466381016044624
v 2.4293656712794363 77.22162803829211 19.63333456972743 0.9768852894525296 0.15 0.023114710547470385
v 2.4529900120505257 80.0029746063697 19.755429379466698 1.0 0.15 0.0
l 274 275
l 275 276
l 276 277
l 277 278
l 278 279
l 279 280
l 280 281
l 281 282
v -0.18450146172308285 0.059221731143032516 20.61710150382256 0.0 0.15 1.0
v -0.16245508610793602 2.6008853219513224 20.110571913583673 0.0294942220628245 0.15 0.9705057779371755
v -0.14488086808298106 5.121105626325651 19.506332173128538 0.059460488303768606 0.15 0.9405395116962314
v -0.13079205682524736 7.619101389753866 18.81575583271951 0.09011622119154775 0.15 0.9098837788084523
v -0.11950885937212176 10.096581052338289 18.054697607210294 0.12167958775354072 0.15 0.8783204122464593
v -0.11185444137416592 12.557124711800434 17.240456825134597 0.1544473374844986 0.15 0.8455526625155014
v -0.10630970695406729 15.005989962118132 16.391722809048268 0.18890791140446422 0.15 0.8110920885955357
v -0.10593045100541246 17.449805871210312 15.528561647551456 0.22434448151516262 0.15 0.7756555184848374
v -0.11250487122618061 19.894994091775015 14.669339753362499 0.2637102895796568 0.15 0.7362897104203432
v -0.09527851816098037 22.34969338532736 13.837735743772893 0.30420627184773463 0.15 0.6957937281522654
v 0.4573451843261435 24.732819626183264 13.06039057470948 0.3327596192625706 0.15 0.6672403807374294
v 0.3724605409455767 27.2227649529164 12.34736150912833 0.35858470274884974 0.15 0.6414152972511502
v 0.30446854192475686 29.736297423174207 11.71969430711964 0.38525387514475573 0.15 0.6147461248552443
v 0.24058130153851695 32.274512744832215 11.200643055726173 0.41288397967659074 0.15 0.5871160203234093
v 0.18278042567486932 34.83597092889939 10.811185176655226 0.4406796381724245 0.15 0.5593203618275755
v 0.1421863164057023 37.41583528231315 10.568262962468514 0.4704979523503603 0.15 0.5295020476496397
v 0.12641823105380548 40.006172701719386 10.48744628109148 0.5003069394652984 0.15 0.49969306053470164
v 0.13941363168446022 42.596448194169994 10.57014907194981 0.5296482699110943 0.15 0.47035173008890574
v 0.17721165098938996 45.1762378587172 10.814053370326956 0.5596738736657307 0.15 0.44032612633426926
v 0.23237420972791253 47.737594380770126 11.204525118331228 0.5872221971878577 0.15 0.41277780281214227
v 0.29465546470876974 50.27569784654211 11.724348825006428 0.6150457865163442 0.15 0.38495421348365577
v 0.36151067192633485 52.789111253009565 12.352604302793468 0.6416977192139024 0.15 0.3583022807860976
v 0.44754842919610915 55.278993686015575 13.065845722429755 0.6721483263455817 0.15 0.32785167365441825
v -0.12365315612393482 57.6514238877311 13.835768268837839 0.6963387888859199 0.15 0.30366121111408007
v -0.12534554806174306 60.10569687397117 14.668775257306478 0.7367466255973529 0.15 0.26325337440264707
v -0.11394437004504952 62.550705174780575 15.528413003647422 0.7758991190988515 0.15 0.22410088090114855
v -0.10914914082106236 64.99435617169397 16.392024977962123 0.8111718175020434 0.15 0.18882818249795663
v -0.10941500528027089 67.44307421502658 17.241186972586554 0.84550251424883 0.15 0.15449748575116995
v -0.11113182759626933 69.9034740992413 18.055896289980126 0.8782057406835487 0.15 0.12179425931645127
v -0.11571077519565075 72.38081899221953 18.817470824565646 0.9097445921225514 0.15 0.09025540787744857
v -0.12244460512326474 74.878696711391 19.50858819630197 0.9404207586274285 0.15 0.059579241372571534
v -0.1459247230199901 79.94044102901753 20.62045007330724 1.0 0.15 0.0
l 283 284
l 284 285
l 285 286
l 286 287
l 287 288
l 288 289
l 289 290
l 290 291
l 291 292
l 292 293
l 293 294
l 294 295
l 295 296
l 296 297
l 297 298
l 298 299
l 299 300
l 300 301
l 301 302
l 302 303
l 303 304
l 304 305
l 305 306
l 306 307
l 307 308
l 308 309
l 309 310
l 310 311
l 311 312
l 312 313
l 313 314
v -2.669743587415706 0.05874837178607206 20.35106110150024 0.0 0.15 1.0
v -2.64600791689309 2.5750275034623473 19.862742566024274 0.030044543732799918 0.15 0.9699554562672
v -2.610294676490285 5.07040726542673 19.277657620937813 0.06033572041500267 0.15 0.9396642795849973
v -2.563173589293907 7.543950700797909 18.606919866453318 0.09108695736893115 0.15 0.9089130426310689
v -2.5057432020831376 9.997189821567211 17.86603530300483 0.1225123902695747 0.15 0.8774876097304253
v -2.4397085204888027 12.433692705205218 17.072587525071157 0.1548068463973026 0.15 0.8451931536026974
v -2.3679171356760556 14.857588959507122 16.242042116006882 0.18817870786166244 0.15 0.8118212921383375
v -2.2936513585850173 17.276045479328843 15.396032680391587 0.22302033297951993 0.15 0.77697966702048
v -2.2220798089296685 19.695526631376392 14.552897197915096 0.2592776105531014 0.15 0.7407223894468986
v -2.185293757883594 22.12253666598044 13.729029972944163 0.30454213164825084 0.15 0.6954578683517492
v -2.396526902923629 24.540478906497157 12.932246897731257 0.3273102436941044 0.15 0.6726897563058956
v -2.442454515969246 26.990225576977927 12.19819495020637 0.3546649186709417 0.15 0.6453350813290584
v -2.3962717796364834 29.470005599463185 11.551342362270812 0.38141727360801125 0.15 0.6185827263919887
v -2.359338723480883 31.97473058226715 11.008929235414886 0.40957520238545947 0.15 0.5904247976145405
v -2.3350970326878064 34.50328486423864 10.591413075123672 0.4393277906058703 0.15 0.5606722093941297
v -2.3222903111569604 37.05147837358519 10.318210128179643 0.4697840653066642 0.15 0.5302159346933357
v -2.3177888454806017 39.61176776604154 10.204263342497145 0.4996764059880775 0.15 0.5003235940119225
v -2.320034176711779 42.17411409688984 10.256504097304191 0.5294773600962013 0.15 0.4705226399037987
v -2.3302501242489786 44.727980494445916 10.472292061099354 0.5587601081083796 0.15 0.4412398918916204
v -2.3519009879771375 47.26452778597182 10.839713119346403 0.5867858839183031 0.15 0.4132141160816969
v -2.38685200834892 49.77797913201178 11.341110714086726 0.6142951461683192 0.15 0.38570485383168085
v -2.433275534597591 52.266103331703036 11.955413168599028 0.6393969650787813 0.15 0.3606030349212187
v -2.4830664937788285 54.729334459101345 12.662846231760199 0.6635499824430011 0.15 0.3364500175569989
v -2.192069739761611 57.14606951274896 13.453084246718168 0.6959555864045063 0.15 0.3040444135954937
v -2.22004805741391 59.575412401375516 14.270478494788478 0.719011047400395 0.15 0.280988952599605
v -2.2849129437463263 61.99482303028506 15.114493510968959 0.7579484433874176 0.15 0.24205155661258237
v -2.354011784099421 64.41037955024115 15.969256151401725 0.7947770672722287 0.15 0.20522293272777126
v -2.4207853173394622 66.82848771689692 16.81689598141154 0.8310104773805419 0.15 0.1689895226194581
v -2.480767100428721 69.25539915819625 17.63946592077755 0.8645579956477559 0.15 0.13544200435224407
v -2.5333975919092495 71.6965900529648 18.418940995437946 0.896543772847868 0.15 0.10345622715213199
v -2.5762878989350986 74.15624519383479 19.13827155530016 0.9271686666467215 0.15 0.07283133335327852
v -2.627460498405936 79.13839605986459 20.339323665031138 1.0 0.15 0.0
l 315 316
l 316 317
l 317 318
l 318 319
l 319 320
l 320 321
l 321 322
l 322 323
l 323 324
l 324 325
l 325 326
l 326 327
l 327 328
l 328 329
l 329 330
l 330 331
l 331 332
l 332 333
l 333 334
l 334 335
l 335 336
l 336 337
l 337 338
l 338 339
l 339 340
l 340 341
l 341 342
l 342 343
l 343 344
l 344 345
l 345 346
v -5.1683089662777375 0.8488162926953914 19.19801931550532 0.0 0.15 1.0
v -5.1182518433031134 3.800243046723219 18.997321049987175 0.04329710508664493 0.15 0.956702894913355
v -5.010249858470804 6.723835004465847 18.554415264220435 0.07474188961349205 0.15 0.925258110386508
v -4.847952313849734 9.606713283274082 17.905876047105195 0.11225150811395558 0.15 0.8877484918860444
v -4.644140185407831 12.445362743680704 17.09290926535202 0.15116900589459883 0.15 0.8488309941054012
v -4.411679078464103 15.243117140514673 16.154765553095984 0.19194054709605649 0.15 0.8080594529039435
v -4.1665970350983645 18.0137459044177 15.142111191205217 0.23488284935493028 0.15 0.7651171506450697
v -3.926513138083119 20.772265619540825 14.095820656519427 0.2803249997360922 0.15 0.7196750002639078
v -3.68399312673731 23.534598814239324 13.062582389383614 0.32281293422526 0.15 0.6771870657747401
l 347 348
l 348 349
l 349 350
l 350 351
l 351 352
l 352 353
l 353 354
l 354 355
v -4.323273027317354 56.62018898284616 12.927543836583043 0.6775222294522643 0.15 0.32247777054773574
v -3.977655881461063 59.04823153057148 14.008156705121644 0.7152055152744693 0.15 0.2847944847255307
v -4.135848063892563 61.58110283920389 14.988960678386459 0.7562285389119505 0.15 0.24377146108804948
v -4.332311506861737 64.12455482586388 15.934758091917569 0.7946006221162796 0.15 0.20539937788372042
v -4.543642718691493 66.68926888209177 16.817542526032057 0.8317277104638588 0.15 0.16827228953614115
v -4.748254068157423 69.28427592195962 17.6080777818312 0.8666355309989727 0.15 0.13336446900102727
v -4.927551568519612 71.91540857084077 18.275224852422713 0.9007569884801518 0.15 0.09924301151984816
v -5.061529337237046 74.58343027259086 18.788121497106914 0.9343110369163774 0.15 0.0656889630836226
v -5.131565921150084 77.28260828821325 19.117810202609054 0.967303101124039 0.15 0.032696898875960945
v -5.120691988249405 80.0001149258099 19.240990529617864 1.0 0.15 0.0
l 356 357
l 357 358
l 358 359
l 359 360
l 360 361
l 361 362
l 362 363
l 363 364
l 364 365
v -5.809704153718143 59.92308862947874 13.784493865349361 0.7360388550526037 0.15 0.2639611449473963
v -6.193785656863649 62.694214166679515 14.800478409849974 0.7783015362401428 0.15 0.22169846375985724
v -6.5621698602892495 65.48446021409713 15.76864452292429 0.8195939561961278 0.15 0.18040604380387215
v -6.89870794197064 68.3072620644728 16.64944042156066 0.8479765058269862 0.15 0.15202349417301375
v -7.185083700529187 71.1725207188356 17.4002120923655 0.8955915566667554 0.15 0.10440844333324462
v -7.405507427640228 74.08216013860054 17.98217377973965 0.9312597518248922 0.15 0.06874024817510782
v -7.545198418375749 77.03042252062757 18.356889736891116 0.9660882373758837 0.15 0.033911762624116326
v -7.592340900166013 80.00246383203158 18.49263175606142 1.0 0.15 0.0
l 366 367
l 367 368
l 368 369
l 369 370
l 370 371
l 371 372
l 372 373
v -7.855605545961587 0.044587064429043685 19.07720988936378 0.0 0.15 1.0
v -7.670020986973989 2.6087574166789635 18.60196158667806 0.030468218510924534 0.15 0.9695317814890755
v -7.449901264585337 5.1509636706937 18.032927475789794 0.06149182855483081 0.15 0.9385081714451692
v -7.199042676278665 7.670422092869315 17.38129566981675 0.09319764080095311 0.15 0.9068023591990468
v -6.922893206185312 10.168741608549785 16.661858043554876 0.12302516695859927 0.15 0.8769748330414007
v -6.627797815596789 12.649360239029892 15.890484529152141 0.15989546517914124 0.15 0.8401045348208588
v -6.321951557438225 15.118305052824207 15.086400566981595 0.19545994135075495 0.15 0.804540058649245
v -6.013764778476768 17.582159325000926 14.267706078794546 0.2330506034150593 0.15 0.7669493965849408
v -5.714259150785764 20.047874713006802 13.45144141032908 0.27353729787115416 0.15 0.7264627021288459
v -5.4943044038141196 22.514497635833074 12.626913348450671 0.31143099893339193 0.15 0.6885690010666081
v -5.422159070695284 24.982234905941038 11.783212355435953 0.34403455568926994 0.15 0.6559654443107301
v -5.201982932625652 27.49305948026185 11.08880863639175 0.3680915659009965 0.15 0.6319084340990035
v -5.013206907503773 30.02908696358871 10.48235612286345 0.39436080174900073 0.15 0.6056391982509992
v -4.869027041768581 32.591489207093666 9.984776520136712 0.4224686479148285 0.15 0.5775313520851715
v -4.776271716192737 35.1778793513207 9.616651354129528 0.4521149094660915 0.15 0.5478850905339085
v -4.736409247973424 37.78224859101404 9.39700570867261 0.48299964325579936 0.15 0.5170003567442006
v -4.748229004851823 40.395326071821806 9.3386204674137 0.5146233884579902 0.15 0.48537661154200984
v -4.8117367249926515 43.00614111626333 9.443698703130101 0.5441148540674924 0.15 0.4558851459325076
v -4.92741404803888 45.60436657750321 9.703667096303608 0.572859501863523 0.15 0.42714049813647703
v -5.09367361594023 48.18229247819522 10.102401690384768 0.600754109839728 0.15 0.399245890160272
v -5.306680054989572 50.73582012810304 10.619215229203768 0.6274611329083895 0.15 0.37253886709161055
v -5.556694035468357 53.26437602553799 11.233595737132248 0.6621356366004588 0.15 0.3378643633995412
v -5.788923953425739 55.76763027330673 11.947070120640491 0.6819872520928035 0.15 0.31801274790719647
v -6.983662501421113 57.468967104573984 11.837329801101768 0.6938410251964098 0.15 0.3061589748035902
v -7.226645951050525 59.90041231633808 12.633993891588243 0.7212280705044389 0.15 0.27877192949556107
v -7.64919826774825 62.368040287336264 13.387225556242488 0.7624460571897264 0.15 0.23755394281027364
v -8.07832044241683 64.83350114559192 14.143908661821799 0.800720491580265 0.15 0.19927950841973496
v -8.500975586892388 67.30399145369155 14.887735710264257 0.8368919631794643 0.15 0.16310803682053565
v -8.906184283138348 69.78626653407181 15.601325247747663 0.8714234676865744 0.15 0.12857653231342558
v -9.28404668283267 72.28601949921207 16.267286226590862 0.9046796755254174 0.15 0.09532032447458261
v -9.625657361127026 74.8072496012401 16.86865178535885 0.9465585088904226 0.15 0.05344149110957741
v -10.173237443620932 79.9181090112973 17.8216968582762 1.0 0.15 0.0
l 374 375
l 375 376
l 376 377
l 377 378
l 378 379
l 379 380
l 380 381
l 381 382
l 382 383
l 383 384
l 384 385
l 385 386
l 386 387
l 387 388
l 388 389
l 389 390
l 390 391
l 391 392
l 392 393
l 393 394
l 394 395
l 395 396
l 396 397
l 397 398
l 398 399
l 399 400
l 400 401
l 401 402
l 402 403
l 403 404
l 404 405
v -9.888049999465448 -0.0032635044626572306 17.279067057531634 0.0 0.15 1.0
v -9.824783472512701 2.819162358883669 17.168647816701395 0.02500573168457237 0.15 0.9749942683154277
v -9.6507950933553 5.620997399847747 16.851809892523537 0.06869010554766142 0.15 0.9313098944523386
v -9.378464237618761 8.388713435003666 16.355019192529564 0.10290630062649307 0.15 0.8970936993735069
v -9.022622505997882 11.116586377882289 15.711342885080866 0.13574476190932422 0.15 0.8642552380906758
v -8.603647564786918 13.806222127765501 14.953945371869217 0.1696984489050773 0.15 0.8303015510949228
v -8.142198624025395 16.465010259647485 14.116005802946061 0.20578923312592254 0.15 0.7942107668740774
v -7.65883643577617 19.104114407102813 13.229320988902876 0.24435050320468477 0.15 0.7556494967953152
v -7.167639618287894 21.736531908397982 12.328136488299613 0.2860199857524413 0.15 0.7139800142475587
l 406 407
l 407 408
l 408 409
l 409 410
l 410 411
l 411 412
l 412 413
l 413 414
v -12.349554249287515 0.05613252688805489 16.42650841899559 0.0 0.15 1.0
v -12.066914070035182 2.592949733085827 16.006883541443262 0.03055364075771076 0.15 0.9694463592422893
v -11.726633901152955 5.108605615646879 15.50999025469954 0.06131306750290399 0.15 0.938686932497096
v -11.335372997866626 7.6024179759686445 14.945111004431268 0.09249507665318354 0.15 0.9075049233468164
v -10.90216851091704 10.076072242597496 14.324823073452746 0.12434634348078434 0.15 0.8756536565192157
v -10.437011823378974 12.532988762068776 13.66266177189585 0.15714911420059607 0.15 0.8428508857994039
v -9.950998574381325 14.97823689792479 12.972910057451678 0.19122683265695575 0.15 0.8087731673430443
v -9.456638402458449 17.418616682454907 12.272027363153402 0.22696220560708347 0.15 0.7730377943929165
v -8.966766581461185 19.860464373169542 11.573117312916391 0.2648405921937137 0.15 0.7351594078062863
v -8.481109499140135 22.31095281934218 10.903211809303867 0.30507568485241593 0.15 0.6949243151475841
v -8.184818338019728 24.759776228383192 10.144953083221287 0.33383062748182046 0.15 0.6661693725181795
v -7.802413168961072 27.243916999309814 9.533370076457727 0.35839759995045345 0.15 0.6416024000495466
v -7.462563662478796 29.751819630675243 8.998779786909203 0.38354251920879384 0.15 0.6164574807912062
v -7.185975750778861 32.28456756699736 8.552374643907838 0.41047515360850584 0.15 0.5895248463914942
v -6.984439805890068 34.84061697660269 8.211235832950727 0.4390390906706159 0.15 0.5609609093293841
v -6.863356228879852 37.41521720692396 7.994051817644498 0.4690608912737537 0.15 0.5309391087262463
v -6.8230748982852605 40.0004219780722 7.916908005615694 0.5000763434838802 0.15 0.4999236565161198
v -6.866058487513755 42.58564616839068 7.991906769643411 0.5310675131062762 0.15 0.4689324868937238
v -6.989672156095713 45.160294896395335 8.207079354165074 0.561070755511836 0.15 0.43892924448816395
v -7.193384751558437 47.7163995114542 8.546509266167424 0.5896474546918107 0.15 0.4103525453081893
v -7.471575747890111 50.249191603105054 8.991673923793401 0.6166391860655368 0.15 0.3833608139344632
v -7.812203210893847 52.75712174827686 9.525693171312184 0.64207665116835 0.15 0.35792334883165
v -8.192420310896846 55.24112085200419 10.139045012923495 0.6666614058908884 0.15 0.3333385941091116
v -8.499685362435141 57.69007479495588 10.888400571963528 0.6954055752404045 0.15 0.30459442475959553
v -8.977771942779729 60.1406687842036 11.564607453834617 0.7354828949874751 0.15 0.2645171050125249
v -9.463472888205787 62.58237699176253 12.266877793034533 0.7732105008043016 0.15 0.22678949919569835
v -9.953510968937719 65.0226073100785 12.971244031207318 0.8088095955327969 0.15 0.19119040446720315
v -10.435145430176094 67.4677080571341 13.664524037588674 0.8427908685362085 0.15 0.15720913146379145
v -10.89547194690094 69.92447123984775 14.330570631765145 0.8755446819078115 0.15 0.12445531809218846
v -11.323403087507385 72.39796825995418 14.955103563549825 0.9073909028513283 0.15 0.09260909714867172
v -11.709005660366282 74.89161976416224 15.524550372717034 0.9386003330515637 0.15 0.06139966694843635
v -12.319744505884639 79.9437835263324 16.450922731690184 1.0 0.15 0.0
l 415 416
l 416 417
l 417 418
l 418 419
l 419 420
l 420 421
l 421 422
l 422 423
l 423 424
l 424 425
l 425 426
l 426 427
l 427 428
l 428 429
l 429 430
l 430 431
l 431 432
l 432 433
l 433 434
l 434 435
l 435 436
l 436 437
l 437 438
l 438 439
l 439 440
l 440 441
l 441 442
l 442 443
l 443 444
l 444 445
l 445 446
v -13.996950340611939 -0.004956676908910982 14.256663057960871 0.0 0.15 1.0
v -13.905086592996053 2.8625213748326965 14.16168886890438 0.03197042503724314 0.15 0.9680295749627569
v -13.645603035996164 5.708358564796838 13.892701776793825 0.06584958715199955 0.15 0.9341504128480005
v -13.239785704277448 8.518500352292156 13.471426760529422 0.100528568481737 0.15 0.899471431518263
v -12.714384405790085 11.287275217115477 12.925236984210722 0.13639732448874595 0.15 0.863602675511254
v -12.09848838630434 14.016850206291076 12.28329569976724 0.17385602572163675 0.15 0.8261439742783633
v -11.421612225946697 16.715467786118595 11.574473709467059 0.21329099062737578 0.15 0.7867090093726242
v -10.713092626342409 19.395387387928885 10.826200297517609 0.2549555542204527 0.15 0.7450444457795473
v -9.996220558542705 22.070739993552312 10.069516832669928 0.2989337998840771 0.15 0.7010662001159229
v -9.315792505265229 24.756752381133847 9.317294978280266 0.337540651461572 0.15 0.662459348538428
l 447 448
l 448 449
l 449 450
l 450 451
l 451 452
l 452 453
l 453 454
l 454 455
l 455 456
v -9.910686919956326 57.49810642506134 9.91845674209065 0.6948589443169552 0.15 0.30514105568304484
v -10.62639259546674 60.22670397295211 10.706464992021473 0.7393246181545616 0.15 0.26067538184543837
v -11.345315490064014 62.958492098499455 11.480241603041387 0.7819071329208649 0.15 0.2180928670791351
v -12.034751336905732 65.70866174324725 12.214327066288579 0.8222614865233399 0.15 0.17773851347666014
v -12.663177883555154 68.49022792319106 12.880899211357132 0.8606034684930014 0.15 0.1393965315069986
v -13.199683651106838 71.31207290071671 13.45010875687814 0.8973232348527447 0.15 0.10267676514725532
v -13.613788898588368 74.17678925409123 13.891352285230024 0.93283352371891 0.15 0.06716647628108996
v -13.877574330285341 77.0787994872594 14.175846895772473 0.9675379727718091 0.15 0.032462027228190915
v -13.968468289462752 80.00359816219431 14.280339683727163 1.0 0.15 0.0
l 457 458
l 458 459
l 459 460
l 460 461
l 461 462
l 462 463
l 463 464
l 464 465
v -16.114799231730878 0.05551685683510367 12.730023625427293 0.0 0.15 1.0
v -15.730985006949378 2.591616852288431 12.403614762651953 0.017106191994356444 0.15 0.9828938080056435
v -15.272077697434124 5.106672065528934 12.017089202473011 0.04848800514087768 0.15 0.9515119948591223
v -14.746740325763103 7.600007536241301 11.577905281010475 0.07990373621414175 0.15 0.9200962637858583
v -14.166699732141272 10.073261397701481 11.095955942538378 0.11151916598845107 0.15 0.8884808340115489
v -13.545010051658439 12.52982719171435 10.581804524816409 0.15633586547087622 0.15 0.8436641345291238
v -12.896003086529797 14.974756645386817 10.04643964855272 0.19067235170999378 0.15 0.8093276482900063
v -12.235947422746346 17.414838480390333 9.502586664413737 0.22670383857229848 0.15 0.7732961614277015
v -11.580679287758727 19.85641030528336 8.95987805089534 0.26475698221923627 0.15 0.7352430177807637
v -10.958872290335353 22.3065091264026 8.415928943014157 0.3042905799780515 0.15 0.6957094200219485
v -10.40370209017257 24.76250476540978 7.86761386731589 0.3319902635319235 0.15 0.6680097364680765
v -9.870988724896327 27.246908917082617 7.3891679676589135 0.3566994734596925 0.15 0.6433005265403076
v -9.410295066728457 29.75449583412151 6.959713488996003 0.3863469904995301 0.15 0.61365300950047
v -9.03618105525283 32.28671657712768 6.595551134369048 0.4134810962288605 0.15 0.5865189037711396
v -8.763905330786459 34.84197411172478 6.310625611524126 0.4416914569897136 0.15 0.5583085430102863
v -8.600388683704042 37.41555233312788 6.124512526272804 0.47067443956497845 0.15 0.5293255604350215
v -8.545625973040272 39.99965293928648 6.057135415223375 0.5000650411618202 0.15 0.49993495883817984
v -8.602571619571162 42.5837788997945 6.121765340914056 0.5294621095675632 0.15 0.47053789043243677
v -8.76804770243828 45.1574249817354 6.305263636958645 0.5584756540867708 0.15 0.4415243459132292
v -9.042049034197385 47.712745566099365 6.5880047554987495 0.5867454731618372 0.15 0.4132545268381628
v -9.417437273505781 50.24501462249747 6.950560374700766 0.6139784130444568 0.15 0.38602158695554323
v -9.87873030305118 52.75263229625114 7.379254343843524 0.6435329788307409 0.15 0.3564670211692591
v -10.408622870746628 55.23699426070641 7.8610897444703705 0.6683243962944693 0.15 0.33167560370553073
v -10.974804775470067 57.69368193406837 8.396554611915688 0.6962012811237756 0.15 0.30379871887622445
v -11.590002234349978 60.14362002446601 8.948457462293046 0.735723126391507 0.15 0.26427687360849295
v -12.241693016374649 62.585239128052066 9.495562359121564 0.77375399575556 0.15 0.22624600424443997
v -12.898147341563666 65.02532505135999 10.043813536021208 0.8097545681380406 0.15 0.1902454318619594
v -13.54352369346286 67.47026917279565 10.583620104567755 0.8570014140313773 0.15 0.1429985859686227
v -14.161227508167626 69.92683736255154 11.10263699694943 0.8889608360167552 0.15 0.11103916398324476
v -14.736925942835246 72.40008032077493 11.58987836000329 0.9204684320607635 0.15 0.07953156793923655
v -15.25761158527454 74.89339190981775 12.034731011927724 0.9517519250546473 0.15 0.04824807494535266
v -16.09036184236081 79.94447109641618 12.75982350571297 1.0 0.15 0.0
l 466 467
l 467 468
l 468 469
l 469 470
l 470 471
l 471 472
l 472 473
l 473 474
l 474 475
l 475 476
l 476 477
l 477 478
l 478 479
l 479 480
l 480 481
l 481 482
l 482 483
l 483 484
l 484 485
l 485 486
l 486 487
l 487 488
l 488 489
l 489 490
l 490 491
l 491 492
l 492 493
l 493 494
l 494 495
l 495 496
l 496 497
v -12.793983117557882 22.689277200046128 5.785537169472135 0.30978202408247363 0.15 0.6902179759175264
v -11.945097383480103 25.081140600548412 5.202123015258557 0.33698629827060106 0.15 0.6630137017293989
v -11.170263951706172 27.520320264663734 4.720343348272836 0.3619969544112856 0.15 0.6380030455887145
v -10.513632416157455 30.007108825982144 4.312123456824889 0.38884837055031873 0.15 0.6111516294496813
v -9.989937697766434 32.53626829396648 3.978891724120419 0.4172289030523636 0.15 0.5827710969476364
v -9.614625555879693 35.10095056225331 3.7279525880235416 0.4454057124014215 0.15 0.5545942875985785
v -9.410305446913483 37.69267464606014 3.580092242014552 0.47481869647116254 0.15 0.5251813035288375
v -9.373150798274635 40.29609382554876 3.5661037826566115 0.5057351438172503 0.15 0.49426485618274973
v -9.497547392061254 42.893527266601176 3.695338993142489 0.5372081329727383 0.15 0.4627918670272617
v -9.777906920244279 45.470505310920444 3.9395872140714 0.5678837771625401 0.15 0.4321162228374599
v -10.20281743775964 48.01906937919651 4.262103030991274 0.6049556986286592 0.15 0.39504430137134083
v -10.745003952126162 50.53813408254334 4.63789667751314 0.6251293793444557 0.15 0.37487062065554433
v -11.382829838236562 53.027853265493505 5.057204563803609 0.6505980627236441 0.15 0.34940193727635593
v -12.09197780817633 55.49233769264267 5.51058066679283 0.6756677847931464 0.15 0.3243322152068536
v -12.30269984742082 57.518786653685815 6.651338070834969 0.6940026681725024 0.15 0.30599733182749755
v -12.893935829923368 59.85788913037248 7.398623092990394 0.725870300685355 0.15 0.27412969931464504
v -13.646397512172577 62.29363977475517 7.930336761838752 0.764765408822637 0.15 0.235234591177363
v -14.382254390793571 64.73834685706724 8.44402149911465 0.8015215643477489 0.15 0.1984784356522511
v -15.078293709078483 67.20109787096617 8.92594149640562 0.8366721766916325 0.15 0.16332782330836748
v -15.711082251540546 69.6894219727099 9.361039107979835 0.8706124292389837 0.15 0.12938757076101626
v -16.256690360475524 72.20832757133621 9.733404473186248 0.903668073430797 0.15 0.09633192656920297
v -16.691496877744683 74.75893695793103 10.027079121713275 0.9361089915486799 0.15 0.06389100845132012
v -16.993731899813074 77.3376019322517 10.2269876361254 0.9713156031670768 0.15 0.02868439683292323
v -17.14621007393869 79.93554609690213 10.320861921732007 1.0 0.15 0.0
l 498 499
l 499 500
l 500 501
l 501 502
l 502 503
l 503 504
l 504 505
l 505 506
l 506 507
l 507 508
l 508 509
l 509 510
l 510 511
l 511 512
l 512 513
l 513 514
l 514 515
l 515 516
l 516 517
l 517 518
l 518 519
l 519 520
l 520 521
v -13.69433114346003 59.817352184518214 5.89173309502538 0.7355875525772236 0.15 0.26441244742277636
v -14.679602093292543 62.60496445785751 6.348036577212514 0.775534515740657 0.15 0.22446548425934298
v -15.624810045594684 65.41070835367833 6.776653883001258 0.8160962346665671 0.15 0.1839037653334329
v -16.48778824215344 68.24855936269638 7.164201275685553 0.856176026697802 0.15 0.14382397330219798
v -17.226073287036915 71.12801386847947 7.495840349026983 0.8944985946421605 0.15 0.10550140535783947
v -17.798193142578576 74.05207800736844 7.754079163874478 0.931526851210535 0.15 0.06847314878946498
v -18.2957916976808 80.00246924368307 7.986928775274936 1.0 0.15 0.0
l 522 523
l 523 524
l 524 525
l 525 526
l 526 527
l 527 528
v -13.188517509981104 56.66517691471302 3.5210693273334135 0.6763714292320618 0.15 0.32362857076793816
v -14.050144945401687 59.17038281397727 4.003129689055708 0.7190913715394378 0.15 0.2809086284605622
v -14.980595433505874 61.69068278208365 4.309950758305746 0.7606419000855584 0.15 0.23935809991444157
v -15.892514773184052 64.22029822945994 4.5946704649037295 0.8043902692981326 0.15 0.19560973070186738
v -16.75284264028872 66.7705894714133 4.85372474542869 0.8415206046922354 0.15 0.15847939530776456
v -17.52795770020351 69.35081959133989 5.08187821800001 0.8772759237831755 0.15 0.12272407621682446
v -18.18336712605757 71.9668304495487 5.273334621821771 0.9120912011944959 0.15 0.08790879880550406
v -18.68480481342127 74.61926135575973 5.422170950277714 0.9463382166130591 0.15 0.05366178338694094
v -19.00057261543741 77.30234264717285 5.523077172275539 0.9803387581081235 0.15 0.019661241891876458
v -19.10514473917747 80.00351793710124 5.572505310071353 1.0 0.15 0.0
l 529 530
l 530 531
l 531 532
l 532 533
l 533 534
l 534 535
l 535 536
l 536 537
l 537 538
v -17.105177617005925 -0.003222695174556617 10.213338796700157 0.0 0.15 1.0
v -16.99568633717111 2.82092835127036 10.14801133240727 0.03600925893084384 0.15 0.9639907410691562
v -16.684380677840245 5.624412266150461 9.962775863732695 0.07124234431055937 0.15 0.9287576556894406
v -16.1979404466908 8.39361964562309 9.669816355695337 0.10371644955731756 0.15 0.8962835504426825
v -15.567780293065908 11.122829571952343 9.287244343563472 0.13589998349480018 0.15 0.8641000165051999
v -14.82723200477667 13.813648530729813 8.835298628280862 0.16990957901296272 0.15 0.8300904209870372
v -14.010488706044665 16.473467122286714 8.332900111419285 0.20607160705803695 0.15 0.793928392941963
v -13.15123697631689 19.113423396869504 7.797238459680449 0.2447017122664144 0.15 0.7552982877335856
v -12.290745556872054 21.746110662607496 7.229717949528743 0.2862385975588466 0.15 0.7137614024411534
l 539 540
l 540 541
l 541 542
l 542 543
l 543 544
l 544 545
l 545 546
l 546 547
v -18.313325082595473 -0.002472824213140286 7.954135419374468 0.0 0.15 1.0
v -18.179321680051988 2.9852251597601147 7.896074051381203 0.03257783943994452 0.15 0.9674221605600555
v -17.808189724991955 5.948753258025127 7.73504919341438 0.0686473332405535 0.15 0.9313526667594465
v -17.23199320157623 8.873144010176803 7.484152578939617 0.10560902031429477 0.15 0.8943909796857052
v -16.489653952367497 11.752873085190105 7.15978732725844 0.1439163990889921 0.15 0.8560836009110079
v -15.622758663479708 14.590974795999962 6.779253153000232 0.184052484174287 0.15 0.815947515825713
v -14.673765701921983 17.396963279730215 6.357414340228041 0.22480750944218975 0.15 0.7751924905578103
v -13.685643295265692 20.184817151504312 5.906200210697543 0.2649651495160946 0.15 0.7350348504839054
l 548 549
l 549 550
l 550 551
l 551 552
l 552 553
l 553 554
l 554 555
v -19.12286723539237 -0.002043951080812347 5.512523839932674 0.0 0.15 1.0
v -19.00280418774778 2.7212071468356425 5.5083481778778225 0.02052656756778693 0.15 0.9794734324322131
v -18.67732500439431 5.425980115514002 5.419999400310563 0.05547586414393213 0.15 0.9445241358560679
v -18.169615030746506 8.09943736708249 5.263074752739027 0.0907544891183771 0.15 0.9092455108816229
v -17.50884360534707 10.735848595792657 5.055031567271382 0.12669436548004956 0.15 0.8733056345199505
v -16.726614995195053 13.336113813039919 4.813820223254804 0.16368882479126026 0.15 0.8363111752087398
v -15.854548581065881 15.90631306548273 4.5572575330902 0.20168024618968802 0.15 0.798319753810312
v -14.923698540721851 18.455993269689447 4.301497999698998 0.2435194978811995 0.15 0.7564805021188005
v -13.965494824834895 20.99676211575002 4.058369902634638 0.28662319131900593 0.15 0.7133768086809941
v -12.92025950866282 23.483768994335264 4.213487708745379 0.32474275494560667 0.15 0.6752572450543933
l 556 557
l 557 558
l 558 559
l 559 560
l 560 561
l 561 562
l 562 563
l 563 564
l 564 565
v -20.322900500360564 0.05550606816792494 3.1388167055968346 0.0 0.15 1.0
v -19.823790496138958 2.592070617758617 3.0670698531314384 0.02876153770268478 0.15 0.9712384622973153
v -19.22945111173542 5.107505088000791 2.979990695058261 0.05796608172728838 0.15 0.9420339182727117
v -18.551240085183863 7.601121794475572 2.8790901628088275 0.08804372602954305 0.15 0.911956273970457
v -17.80442910217586 10.07457702548872 2.766533767636403 0.11940086683207606 0.15 0.8805991331679239
v -17.005649927297153 12.531278411423882 2.6448261525003254 0.1524127579209968 0.15 0.8475872420790032
v -16.172779113511766 14.976295930318184 2.516738216366536 0.18741979582474752 0.15 0.8125802041752525
v -15.326241234748357 17.416426836834333 2.385661036155827 0.22472947559551928 0.15 0.7752705244044807
v -14.484134158890715 19.858083386863473 2.2542860579278603 0.26463421576158064 0.15 0.7353657842384194
v -13.664740716148405 22.308608904370875 2.147072363311387 0.30701809536270136 0.15 0.6929819046372987
v -12.884805849954722 24.76444242633463 2.1401189609352183 0.33615159020920465 0.15 0.6638484097907953
v -12.179830417290008 27.248697270359497 2.0007362110053966 0.3607008248499189 0.15 0.6392991751500812
v -11.56053658777486 29.756363562794224 1.8759611345917415 0.38643453508659065 0.15 0.6135654649134094
v -11.04898852039076 32.288696526488586 1.7629537545299463 0.4135358590862558 0.15 0.5864641409137442
v -10.666239512691996 34.843990783969936 1.658909193136467 0.4417180926302412 0.15 0.5582819073697588
v -10.429457432339637 37.41746267164752 1.5715855059616008 0.46870717661914885 0.15 0.5312928233808512
v -10.347671725145911 40.001237994994554 1.535266801773717 0.5000671907678523 0.15 0.49993280923214767
v -10.429942226762412 42.58504513977338 1.5684882035120815 0.5314769796242242 0.15 0.46852302037577576
v -10.667355336095344 45.15856226107041 1.6524168776929353 0.5583509824677594 0.15 0.4416490175322406
v -11.050597396980914 47.71388844910828 1.7533648119184848 0.5865687550841981 0.15 0.41343124491580185
v -11.562525726349907 50.24622779564907 1.8640378260865684 0.6137516843141011 0.15 0.3862483156858989
v -12.182019002214076 52.75387543739012 1.987907873107007 0.6397097107134277 0.15 0.36029028928657225
v -12.886683734909626 55.2380299714605 2.1308763649174423 0.6651810918539964 0.15 0.33481890814600357
v -13.667852872494358 57.69232265308256 2.1193594617932514 0.6943372555969437 0.15 0.3056627444030563
v -14.486131053618974 60.14276974159205 2.2377197048284287 0.7358323187982955 0.15 0.26416768120170453
v -15.327594034899356 62.58429038146244 2.3750831227330376 0.7755023389893355 0.15 0.22449766101066448
v -16.17350379555451 65.02430018936886 2.5120673489624434 0.8127172052114527 0.15 0.18728279478854726
v -17.005742589440842 67.4692029164934 2.6460863005759894 0.8476756958743767 0.15 0.15232430412562326
v -17.803827482901653 69.92579253328334 2.7742952034923682 0.8806583268550828 0.15 0.11934167314491717
v -18.549884701119385 72.39913938416707 2.893942503507654 0.9119954954314985 0.15 0.08800450456850151
v -19.227293182694243 74.8926525328999 3.002459490119336 0.9420580123003499 0.15 0.05794198769965009
v -20.31902396537035 79.94447989965703 3.177681069044125 1.0 0.15 0.0
l 566 567
l 567 568
l 568 569
l 569 570
l 570 571
l 571 572
l 572 573
l 573 574
l 574 575
l 575 576
l 576 577
l 577 578
l 578 579
l 579 580
l 580 581
l 581 582
l 582 583
l 583 584
l 584 585
l 585 586
l 586 587
l 587 588
l 588 589
l 589 590
l 590 591
l 591 592
l 592 593
l 593 594
l 594 595
l 595 596
l 596 597
v -19.947568915611143 -0.003780135511510118 0.49840126285279274 0.0 0.15 1.0
v -19.804903727749853 2.9596684509382225 0.4939814060628081 0.031194756778208245 0.15 0.9688052432217917
v -19.40656309944907 5.899424783102082 0.48748282029638185 0.06741119105214996 0.15 0.93258880894785
v -18.78653099024973 8.800639956454196 0.47776779229640404 0.10465146466216242 0.15 0.8953485353378375
v -17.986607998839055 11.657806352798378 0.46422221477584635 0.1432213301319252 0.15 0.8567786698680748
v -17.051487666237293 14.473916963157928 0.4464432551510285 0.18360592577339419 0.15 0.8163940742266058
v -16.02605240660481 17.258548315191472 0.42184292555808744 0.22428112708435016 0.15 0.7757188729156499
v -14.95364284241353 20.025383402517818 0.3888261508397001 0.2640699557899079 0.15 0.7359300442100921
v -13.881834099392874 22.789409093608917 0.32434849362926066 0.305620240422457 0.15 0.6943797595775429
l 598 599
l 599 600
l 600 601
l 601 602
l 602 603
l 603 604
l 604 605
l 605 606
v -19.40854024993977 -0.0035651694167077945 -4.573188799773899 0.0 0.15 1.0
v -19.275167654283123 2.9206426011222035 -4.536226456572308 0.029577659162713463 0.15 0.9704223408372865
v -18.899356104967968 5.822094515359473 -4.4415253010790146 0.06500880142863727 0.15 0.9349911985713627
v -18.312309700735778 8.6863033328068 -4.297432192504296 0.10246817544563556 0.15 0.8975318245543644
v -17.553060989436535 11.507695081340128 -4.1128619767694055 0.14110932217643818 0.15 0.8588906778235619
v -16.66349500195758 14.288848121874384 -3.897762440211129 0.18139189721523707 0.15 0.8186081027847629
v -15.685431927479812 17.038562081035383 -3.661316327521225 0.22326216261362936 0.15 0.7767378373863707
v -14.66058460531368 19.769863474672608 -3.4088922502900756 0.26416758888759323 0.15 0.7358324111124068
v -13.622846854750541 22.497253683664034 -3.1687016501737864 0.30566264405517396 0.15 0.694337355944826
l 607 608
l 608 609
l 609 610
l 610 611
l 611 612
l 612 613
l 613 614
l 614 615
v -13.894318015370878 57.232675407444546 0.2818719546182623 0.6943796589381165 0.15 0.3056203410618835
v -14.963340126558421 59.99424962251409 0.3680652968560983 0.7359299516369766 0.15 0.2640700483630234
v -16.03350332541053 62.758452481275434 0.4113199400445384 0.7758028360879796 0.15 0.22419716391202038
v -17.05672194535761 65.54046067643554 0.44422216823252586 0.8164850327451058 0.15 0.18351496725489425
v -17.989643253495757 68.35391054457094 0.4697535504614096 0.856889709407158 0.15 0.14311029059284197
v -18.787470370616106 71.20834109157336 0.4909401188143086 0.8955202025040979 0.15 0.10447979749590208
v -19.40560854731686 74.10669048351843 0.5084449077117418 0.9328536805306732 0.15 0.06714631946932681
v -19.943850461880753 80.00376307570494 0.5361062319533964 1.0 0.15 0.0
l 616 617
l 617 618
l 618 619
l 619 620
l 620 621
l 621 622
l 622 623
v -13.611659836567675 57.50266508106377 -3.205478140279279 0.6929929080346477 0.15 0.30700709196535225
v -14.654760652774153 60.22961570765218 -3.4273877556304146 0.7353656919243077 0.15 0.2646343080756923
v -15.68244232645437 62.96087993613644 -3.6704456304712307 0.7765765516125851 0.15 0.2234234483874149
v -16.662872197211037 65.71060350502633 -3.8991579680972563 0.8187154210150671 0.15 0.1812845789849329
v -17.55464521322783 68.49179536943365 -4.107105168355447 0.8589089541778216 0.15 0.14109104582217835
v -18.31612197631441 71.3132534468075 -4.284489927179963 0.8974107402732063 0.15 0.10258925972679367
v -18.905464339957597 74.17756261314653 -4.42118643597639 0.9347000396723236 0.15 0.06529996032767638
v -19.41953675063291 80.00354126784863 -4.536913398679417 1.0 0.15 0.0
l 624 625
l 625 626
l 626 627
l 627 628
l 628 629
l 629 630
l 630 631
v -20.418787595466668 0.05624104009823606 -2.1623147944838577 0.0 0.15 1.0
v -19.92004497847457 2.5928221379032275 -2.087206358229127 0.016673442853892797 0.15 0.9833265571461072
v -19.325384751245107 5.108346509812563 -2.0034130423352075 0.0476610345975659 0.15 0.9523389654024341
v -18.646163998046557 7.602136633003901 -1.9121446053795523 0.07876792200816933 0.15 0.9212320779918307
v -17.897713437129937 10.07584577366129 -1.8150536262812922 0.11020963805653383 0.15 0.8897903619434662
v -17.096750473913207 12.532890457878333 -1.7138995503692653 0.1422425048905681 0.15 0.8577574951094319
v -16.261273518782616 14.978333662381232 -1.6104775365505892 0.17517104889592902 0.15 0.824828951104071
v -15.411862666156237 17.418951311260237 -1.5065665607380148 0.20946293051000664 0.15 0.7905370694899934
v -14.566729657264085 19.86107579425109 -1.403687327153289 0.24640045675808306 0.15 0.7535995432419169
v -13.745697780181521 22.311867965384664 -1.3120795651747543 0.3046524327624132 0.15 0.6953475672375868
v -13.00062236227083 24.76100354293032 -0.9780507664638401 0.3348211372869079 0.15 0.6651788627130921
v -12.289261910228808 27.246048009480578 -0.8998133816621809 0.3578442146560085 0.15 0.6421557853439914
v -11.66355638195673 29.75447520428828 -0.8367413704117695 0.38309872903782005 0.15 0.61690127096218
v -11.146072572702469 32.28756633527176 -0.7811393389049319 0.4102156380354969 0.15 0.5897843619645031
v -10.757712283242885 34.843716392337505 -0.7318483994953596 0.4389746267559674 0.15 0.5610253732440327
v -10.516277680234698 37.41792467519481 -0.6916102750879479 0.4690947568718935 0.15 0.5309052431281065
v -10.432540116945518 40.00190891925033 -0.6766669782034354 0.5001098558706779 0.15 0.4998901441293221
v -10.516345008371603 42.58586161436155 -0.6947267890551317 0.5311505884210836 0.15 0.46884941157891635
v -10.757945771798308 45.15997471524686 -0.7381282588370295 0.5612873205220789 0.15 0.43871267947792114
v -11.146300740248137 47.71603684321805 -0.790375146689448 0.5900691475485899 0.15 0.40993085245141014
v -11.663781611331924 50.24905387052625 -0.8481701504772359 0.6171740927558909 0.15 0.38282590724410914
v -12.289532570234504 52.75741380961256 -0.9122589812230629 0.6423462012490517 0.15 0.35765379875094827
v -13.001400551323702 55.24244692743734 -0.9863510867266444 0.6649513149957891 0.15 0.3350486850042109
v -13.74297190893956 57.68799511484196 -1.3405125851317221 0.6939792958669511 0.15 0.30602070413304894
v -14.565166108795907 60.13854245012293 -1.419156798312119 0.7158120602215231 0.15 0.2841879397784769
v -15.410907177296007 62.58072932872204 -1.5160424428916075 0.7906294381111832 0.15 0.20937056188881675
v -16.260905662622974 65.0213996097315 -1.6140737898171575 0.8250417980646053 0.15 0.17495820193539469
v -17.096963590992218 67.46690024152382 -1.7116634167972866 0.8580239132053963 0.15 0.14197608679460372
v -17.898556508621574 69.92400674908568 -1.8064736851565026 0.8900513294205162 0.15 0.10994867057948376
v -18.647685654461092 72.3977806859021 -1.8966952073460452 0.9214441029703332 0.15 0.07855589702966681
v -19.32762420221546 74.89163481982503 -1.9806391040824969 0.9524780644255769 0.15 0.04752193557442308
v -20.42254291431092 79.94387848267274 -2.123968028185254 1.0 0.15 0.0
l 632 633
l 633 634
l 634 635
l 635 636
l 636 637
l 637 638
l 638 639
l 639 640
l 640 641
l 641 642
l 642 643
l 643 644
l 644 645
l 645 646
l 646 647
l 647 648
l 648 649
l 649 650
l 650 651
l 651 652
l 652 653
l 653 654
l 654 655
l 655 656
l 656 657
l 657 658
l 658 659
l 659 660
l 660 661
l 661 662
l 662 663
v -19.233234698785246 0.05735414778681449 -7.324565645537157 0.0 0.15 1.0
v -18.77233136815582 2.5961594235506946 -7.1094241659395285 0.028740827910700806 0.15 0.9712591720892992
v -18.220261967567257 5.113706535309248 -6.861941105440641 0.05792306857260887 0.15 0.9420769314273911
v -17.58793454367639 7.609337423778154 -6.586021096845054 0.08797489275893283 0.15 0.9120251072410672
v -16.889547655607274 10.084610716739292 -6.286952560194338 0.11940829671893766 0.15 0.8805917032810624
v -16.141294837149758 12.543108723943984 -5.970777936170277 0.15226989033550825 0.15 0.8477301096644918
v -15.360386597661071 14.990010567922484 -5.643831840706188 0.18722049399416751 0.15 0.8127795060058325
v -14.565722445533218 17.431914214712545 -5.312788660393044 0.22446540149956784 0.15 0.7755345985004322
v -13.775528918370352 19.87543607754927 -4.983296074211873 0.26441235588928647 0.15 0.7355876441107135
v -13.009809432404488 22.327403687023157 -4.659549592049413 0.3090036831393217 0.15 0.6909963168606783
v -12.403395931270436 24.743526658593293 -4.038330180219428 0.3327757733840945 0.15 0.6672242266159055
v -11.737887305185694 27.23043538619046 -3.7624198558810518 0.3570570015752021 0.15 0.6429429984247979
v -11.152447178404564 29.74094967814776 -3.5210513890607573 0.3830908105919108 0.15 0.6169091894080891
v -10.671165285053084 32.27610775806801 -3.3096460871632236 0.4106283990744704 0.15 0.5893716009255296
v -10.315625938854494 34.83427602793879 -3.1292956220060955 0.43951403731126615 0.15 0.5604859626887339
v -10.100983041677402 37.41072006214356 -2.9913241020153944 0.46923969851412967 0.15 0.5307603014858704
v -10.031349762703709 39.99826220823839 -2.9364583242510207 0.4999378632503496 0.15 0.5000621367496504
v -10.099588141184427 42.58577632798442 -2.9945082896492394 0.530655718104207 0.15 0.469344281895793
v -10.313009444582127 45.162161297650435 -3.1355956895506947 0.5604165774325283 0.15 0.43958342256747174
v -10.667424891469395 47.720277015183015 -3.318790313516373 0.5890078340208211 0.15 0.41099216597917887
v -11.147833850648547 50.255432801985265 -3.5323671803385692 0.6163904975893723 0.15 0.38360950241062775
v -11.73279119303811 52.76598337487122 -3.774814392715253 0.6421519328658083 0.15 0.3578480671341917
v -12.397127103935164 55.25280627881591 -4.054083805244459 0.6662285432451464 0.15 0.33377145675485365
v -13.002038934751834 57.67074027772231 -4.682672079989016 0.690217876448123 0.15 0.30978212355187695
v -13.770034807137735 60.122942553298465 -4.999158601458213 0.7350347589504137 0.15 0.2649652410495863
v -14.562131017580542 62.56667323577071 -5.322639162126107 0.7751924077980341 0.15 0.2248075922019659
v -15.358540515071123 65.00875604779829 -5.648181563914992 0.8125559982817037 0.15 0.18744400171829634
v -16.141246533308138 67.45584199742252 -5.969463328299673 0.8475780448267791 0.15 0.15242195517322088
v -16.891482272562246 69.91453089678754 -6.279426495590992 0.8805768651254032 0.15 0.11942313487459677
v -17.592039925714527 72.39000906920047 -6.571700495656415 0.9119545120810015 0.15 0.08804548791899847
v -18.226687908859887 74.88584901610085 -6.84030175342719 0.9420331526664434 0.15 0.057966847333556615
v -19.24464711557468 79.94262017417165 -7.287121756758937 1.0 0.15 0.0
l 664 665
l 665 666
l 666 667
l 667 668
l 668 669
l 669 670
l 670 671
l 671 672
l 672 673
l 673 674
l 674 675
l 675 676
l 676 677
l 677 678
l 678 679
l 679 680
l 680 681
l 681 682
l 682 683
l 683 684
l 684 685
l 685 686
l 686 687
l 687 688
l 688 689
l 689 690
l 690 691
l 691 692
l 692 693
l 693 694
l 694 695
v -17.577183574759303 -0.0029281277476817303 -9.331970420685971 0.0 0.15 1.0
v -17.47143520148391 2.7636029498054047 -9.270274581412016 0.020694808303061175 0.15 0.9793051916969389
v -17.1677095881159 5.51069330276186 -9.10046392875017 0.05578834611359562 0.15 0.9442116538864044
v -16.68977835853412 8.225333707804095 -8.835870922950422 0.09126442907652656 0.15 0.9087355709234735
v -16.06725092519763 10.901832542716619 -8.492967013775441 0.12751395567717022 0.15 0.8724860443228297
v -15.332213093996094 13.54128082359288 -8.089322554004047 0.16497755485534585 0.15 0.8350224451446542
v -14.516926461078336 16.150163903524547 -7.642265873987948 0.20416511691699069 0.15 0.7958348830830093
v -13.65245727660584 18.738641453471615 -7.169056172357356 0.24419578432108902 0.15 0.755804215678911
v -12.769729144873393 21.318994126335514 -6.685115059825371 0.28571090183360603 0.15 0.714289098166394
l 696 697
l 697 698
l 698 699
l 699 700
l 700 701
l 701 702
l 702 703
l 703 704
v -12.741707801277293 58.60262998611924 -6.672907345232655 0.7137613074114264 0.15 0.2862386925885736
v -13.624894443651433 61.19265413929222 -7.164004999783077 0.7553247712619929 0.15 0.24467522873800707
v -14.494894036922613 63.7905952567108 -7.636627013783089 0.7939964301382366 0.15 0.20600356986176338
v -15.317662608637775 66.40886047846165 -8.080320569365101 0.8318570974100328 0.15 0.16814290258996722
v -16.060325855969722 69.05776545000975 -8.480354820187422 0.8701175099238815 0.15 0.12988249007611852
v -16.690579541864615 71.74392537109324 -8.818603734559083 0.907079073144845 0.15 0.09292092685515496
v -17.17557827884146 74.46855279555457 -9.078049421629384 0.9431905611565538 0.15 0.05680943884344625
v -17.594474966907107 80.0029704472149 -9.299598456752761 1.0 0.15 0.0
l 705 706
l 706 707
l 707 708
l 708 709
l 709 710
l 710 711
l 711 712
v -16.74278427960709 0.05789639777024362 -11.98539883389827 0.0 0.15 1.0
v -16.358363992766048 2.597780836057191 -11.650480950002533 0.028730558049234727 0.15 0.9712694419507653
v -15.894325587607181 5.116405868795601 -11.260639909214946 0.05790205175983104 0.15 0.942097948240169
v -15.359598745195932 7.613110626383464 -10.82315132007374 0.08794213603494871 0.15 0.9120578639650513
v -14.766120495803415 10.089505335644276 -10.347512590029568 0.11967389298531575 0.15 0.8803261070146843
v -14.127922591228675 12.549148052621417 -9.843765704393043 0.1527653888430861 0.15 0.8472346111569139
v -13.459992799317314 14.997242517339028 -9.32256934564324 0.18713171137177578 0.15 0.8128682886282242
v -12.779330611332798 17.440433701835534 -8.79495831602022 0.22446906846499476 0.15 0.7755309315350052
v -12.102916171561748 19.885368519226937 -8.269887355971662 0.26393682785758044 0.15 0.7360631721424196
v -11.470617208606038 22.339184566900286 -7.731091340723042 0.3053368573250005 0.15 0.6946631426749995
v -11.098102965488899 24.743341089490762 -6.886215097477484 0.33449480340646826 0.15 0.6655051965935317
v -10.520844413251517 27.23024973413688 -6.448949225145614 0.36002608814266585 0.15 0.6399739118573342
v -10.017628929913444 29.74073688102706 -6.0562108745106125 0.38602147126919045 0.15 0.6139785287308095
v -9.605395839862112 32.27613830214011 -5.722281853330286 0.40884573421400666 0.15 0.5911542657859934
v -9.302280820239616 34.83503518635917 -5.4577580064317175 0.43849201528472825 0.15 0.5615079847152717
v -9.118457892356645 37.41288305457168 -5.281564206813391 0.46907063191399306 0.15 0.530929368086007
v -9.057848395064292 40.001887688966065 -5.220584159421902 0.5000162682304293 0.15 0.49998373176957067
v -9.117028112463219 42.59083398084892 -5.285152436959484 0.5309415123699172 0.15 0.46905848763008284
v -9.299318643888842 45.16856932175107 -5.464467797913685 0.5614382081824068 0.15 0.43856179181759325
v -9.601134710297023 47.72734214254625 -5.731697867375954 0.5909635847097566 0.15 0.40903641529024337
v -10.012388677017787 50.262628564549246 -6.067675732061199 0.6189693506244391 0.15 0.38103064937556086
v -10.515133680275966 52.77305464449397 -6.461476446930494 0.6395159861853765 0.15 0.36048401381462347
v -11.091248121241037 55.25995966917783 -6.901065380672519 0.6649001481443566 0.15 0.3350998518556434
v -11.454091363607466 57.660780820414224 -7.751861683540173 0.6940455491034976 0.15 0.3059544508965024
v -12.092793882176915 60.11458214873941 -8.282873746299142 0.7355994288147555 0.15 0.2644005711852445
v -12.77296569675085 62.55944042317515 -8.803308978905397 0.7751564656981627 0.15 0.22484353430183734
v -13.457224632128737 65.00257175051412 -9.326483071732833 0.8126151899785289 0.15 0.18738481002147112
v -14.128837803543368 67.45062259276172 -9.843094480520655 0.8469195058619996 0.15 0.1530804941380004
v -14.771056304779718 69.91023699491865 -10.341828762730739 0.8801403543231487 0.15 0.11985964567685126
v -15.369046197361714 72.3866232418953 -10.81183067081201 0.9119681541642076 0.15 0.08803184583579238
v -15.908578728704672 74.88334398454187 -11.243273542288227 0.9420416998055441 0.15 0.057958300194455914
v -16.767418370238932 79.9419734878345 -11.954838660933103 1.0 0.15 0.0
l 713 714
l 714 715
l 715 716
l 716 717
l 717 718
l 718 719
l 719 720
l 720 721
l 721 722
l 722 723
l 723 724
l 724 725
l 725 726
l 726 727
l 727 728
l 728 729
l 729 730
l 730 731
l 731 732
l 732 733
l 733 734
l 734 735
l 735 736
l 736 737
l 737 738
l 738 739
l 739 740
l 740 741
l 741 742
l 742 743
l 743 744
v -15.144349658010952 0.05723415124994358 -13.910126013748535 0.0 0.15 1.0
v -14.76716501759538 2.595991960572866 -13.57620832755181 0.028719999939206674 0.15 0.9712800000607933
v -14.320470641001272 5.113530338793652 -13.174547308412752 0.05788044063211293 0.15 0.942119559367887
v -13.812604831062012 7.609160516375056 -12.713217292766751 0.08790848589230495 0.15 0.9120915141076951
v -13.254542355109832 10.084452075129986 -12.202824547593579 0.11920666902081767 0.15 0.8807933309791823
v -12.658835927308163 12.542921732146123 -11.655184766345263 0.15214400762123373 0.15 0.8478559923787663
v -12.03908508867183 14.989722857120933 -11.082584114389919 0.18704688810977765 0.15 0.8129531118902223
v -11.410528616357485 17.431457504163713 -10.498229547229867 0.2241755498225192 0.15 0.7758244501774808
v -10.78835169051367 19.874711292731792 -9.913401591029828 0.2636128310361156 0.15 0.7363871689638843
v -10.193701817038383 22.326246670830233 -9.334697515049703 0.3051409597861012 0.15 0.6948590402138988
v -9.35769128445786 24.761109553793986 -9.141942962741284 0.3362680324180331 0.15 0.6637319675819668
v -8.82653612039254 27.23738727442129 -8.667886895810142 0.3601147956639565 0.15 0.6398852043360435
v -8.413117484698335 29.745250058783817 -8.179512408281964 0.3843020752841672 0.15 0.6156979247158327
v -8.075093729390417 32.27821551325572 -7.769559977996121 0.41274127605214117 0.15 0.5872587239478588
v -7.825379668119676 34.8349667379205 -7.455272241289556 0.44144848716632507 0.15 0.5585515128336749
v -7.672603776087354 37.41075252425 -7.254561444538368 0.47049578758309674 0.15 0.5295042124169033
v -7.6213181725055446 39.997505301797375 -7.1865310701375105 0.49992425232032445 0.15 0.5000757476796756
v -7.66980968360693 42.58426355201756 -7.256673974588304 0.5293438528988083 0.15 0.47065614710119175
v -7.820313186899475 45.16002124441221 -7.459594955483188 0.5583614376737385 0.15 0.44163856232626153
v -8.068025647772089 47.71674805279242 -7.775672597706816 0.5867804356246598 0.15 0.41321956437534024
v -8.404507041583123 50.249715677617516 -8.18697338521163 0.6152802295974914 0.15 0.3847197704025086
v -8.816497990861098 52.757962264876255 -8.674761393103324 0.6410675330692535 0.15 0.35893246693074654
v -9.34336097685108 55.236288648231366 -9.15476802210609 0.6629213137951853 0.15 0.33707868620481474
v -10.175062172843585 57.672797325930496 -9.356467557549685 0.6950525140599936 0.15 0.3049474859400064
v -10.778362195016621 60.12471786041778 -9.92485593927646 0.7328905639923546 0.15 0.26710943600764536
v -11.404290242305393 62.568096973168366 -10.505192491610599 0.7755045592512934 0.15 0.22449544074870664
v -12.03642778177438 65.00994745059623 -11.085260011719388 0.8127024611831563 0.15 0.18729753881684374
v -12.659872803812636 67.45684588685334 -11.653456511909084 0.8476665232329561 0.15 0.1523334767670439
v -13.259649720615084 69.91540712245744 -12.196249123005726 0.880654697999919 0.15 0.11934530200008098
v -13.822169341823074 72.39078037937335 -12.701338302794825 0.9119948983144834 0.15 0.08800510168551656
v -14.334837983122869 74.88647785140235 -13.156965701945092 0.9420585306511806 0.15 0.057941469348819385
v -15.169110928072016 79.94284396670895 -13.880256725040542 1.0 0.15 0.0
l 745 746
l 746 747
l 747 748
l 748 749
l 749 750
l 750 751
l 751 752
l 752 753
l 753 754
l 754 755
l 755 756
l 756 757
l 757 758
l 758 759
l 759 760
l 760 761
l 761 762
l 762 763
l 763 764
l 764 765
l 765 766
l 766 767
l 767 768
l 768 769
l 769 770
l 770 771
l 771 772
l 772 773
l 773 774
l 774 775
l 775 776
v -12.78405034502935 -0.0036571596807476177 -15.252090200117639 0.0 0.15 1.0
v -12.724464341425918 2.6931274839931523 -15.15347952370919 0.01949406736787072 0.15 0.9805059326321293
v -12.52162264797878 5.371904235807852 -14.892577858102895 0.05333833099612056 0.15 0.9466616690038795
v -12.193844507229858 8.020175835818636 -14.487028855856874 0.08746488284555123 0.15 0.9125351171544488
v -11.763572406084114 10.63214960618442 -13.959404993062952 0.12219903154809464 0.15 0.8778009684519054
v -11.255216098775442 13.208419875472524 -13.334096048382433 0.15791541594134922 0.15 0.8420845840586508
v -10.693731329741112 15.75474707997184 -12.635295590219327 0.19505728513315732 0.15 0.8049427148668427
v -10.104158738671222 18.280308721973483 -11.885856686900995 0.2389081684795333 0.15 0.7610918315204667
v -9.513883419793588 20.796312423818453 -11.10540524854994 0.2801554667972921 0.15 0.7198445332027079
v -9.048611265968912 23.30168127161585 -10.23886946614701 0.32342324970452174 0.15 0.6765767502954783
l 777 778
l 778 779
l 779 780
l 780 781
l 781 782
l 782 783
l 783 784
l 784 785
l 785 786
v -9.017952994300922 56.709372912991356 -10.269379786088491 0.6762115286665363 0.15 0.32378847133346367
v -9.510152881085151 59.21438649326522 -11.113850498757726 0.7186290523176958 0.15 0.2813709476823042
v -10.101627294641796 61.728940173896326 -11.892569625679815 0.7600284350900198 0.15 0.23997156490998017
v -10.694320949880542 64.25321546195563 -12.638634468113894 0.8035081063672138 0.15 0.19649189363278619
v -11.259529160315374 66.79827086708151 -13.333505145158517 0.840925010173601 0.15 0.159074989826399
v -11.771953519346248 69.3732777506623 -13.954604537250361 0.8769152794745702 0.15 0.12308472052542985
v -12.206641228505022 71.98396283795472 -14.477792285682026 0.9119191655123141 0.15 0.08808083448768589
v -12.53929577508244 74.63091496526101 -14.878665424013201 0.9462971869464241 0.15 0.05370281305357594
v -12.813531961287566 80.00377677430303 -15.22796251590093 1.0 0.15 0.0
l 787 788
l 788 789
l 789 790
l 790 791
l 791 792
l 792 793
l 793 794
l 794 795
v -8.15241829643645 59.85865315245027 -12.504177342989227 0.7357336154607877 0.15 0.26426638453921225
v -8.708659257212034 62.640586656439964 -13.43302923975636 0.7755408797061163 0.15 0.2244591202938837
v -9.252030385455011 65.44073600842742 -14.313505042934459 0.8169526842241955 0.15 0.18304731577580446
v -9.750409212236672 68.27293041255614 -15.113855310897451 0.8567441050674662 0.15 0.14325589493253377
v -10.177952130902232 71.14658225418886 -15.797724538875707 0.8948210942563416 0.15 0.1051789057436584
v -10.509951331265034 74.06463026263188 -16.327778177586524 0.9316289289223035 0.15 0.06837107107769647
v -10.723729689028138 77.02155034120005 -16.668748976221313 0.9675931812641797 0.15 0.0324068187358203
v -10.800624103788035 80.00245728930228 -16.791808926950395 1.0 0.15 0.0
l 796 797
l 797 798
l 798 799
l 799 800
l 800 801
l 801 802
l 802 803
v -11.06766259052779 0.04885660083379093 -17.365253193625314 0.0 0.15 1.0
v -10.818234282591735 2.6108471955102606 -16.924326634446533 0.0290433228221049 0.15 0.9709566771778951
v -10.51523329410362 5.151004057019986 -16.399055939042324 0.05903638312548541 0.15 0.9409636168745146
v -10.163002077497444 7.6685193218874055 -15.800503462139549 0.0906914974132863 0.15 0.9093085025867137
v -9.76995049771243 10.165029256373664 -15.142178212291782 0.12348843736158305 0.15 0.876511562638417
v -9.346540829220341 12.644420016605432 -14.439463844459274 0.15752296838865 0.15 0.84247703161135
v -8.901859247969028 15.11228327192567 -13.70969463536739 0.19316715753507316 0.15 0.8068328424649268
v -8.449344642703041 17.57522178922399 -12.968183831999049 0.23084327506593444 0.15 0.7691567249340656
v -7.999165820634426 20.04032115229382 -12.232421234743798 0.27111079895362294 0.15 0.728889201046377
v -7.490170200137133 22.505571447388142 -11.562869358739299 0.3065818948704296 0.15 0.6934181051295705
v -6.805692301663395 24.9498890214174 -11.056518619568042 0.3418331437427933 0.15 0.6581668562572067
v -6.486635994804798 27.46084827592333 -10.413597230982413 0.35982269006081224 0.15 0.6401773099391878
v -6.203813014060069 29.996275781313283 -9.855242673165973 0.38627216764455347 0.15 0.6137278323554465
v -5.973254759239088 32.55770018175814 -9.40179655372184 0.4159223447800658 0.15 0.5840776552199343
v -5.801933669931098 35.14260534502677 -9.073184143204069 0.4471536669125279 0.15 0.5528463330874721
v -5.693304545589051 37.7448684301395 -8.88734260093665 0.47899823280122256 0.15 0.5210017671987774
v -5.647487533111402 40.35525267190111 -8.856348645782507 0.5109478949521274 0.15 0.48905210504787255
v -5.66385122992002 42.963032155994036 -8.98265583702065 0.5424928148988414 0.15 0.4575071851011586
v -5.743245214971446 45.5582211873985 -9.25770000955135 0.5731621811172528 0.15 0.4268378188827472
v -5.885085687720578 48.13336924636076 -9.665200244640362 0.602549762049748 0.15 0.397450237950252
v -6.0834756052143755 50.6844277459689 -10.185761553803163 0.6302765970677823 0.15 0.3697234029322177
v -6.326269412561458 53.21069910554098 -10.800378089301727 0.6483124249648843 0.15 0.3516875750351157
v -6.6470458009461995 55.710303795129725 -11.462830784787508 0.6854666682592853 0.15 0.31453333174071474
v -6.025748426386921 57.506162945214015 -12.364514049793316 0.6934686260863372 0.15 0.3065313739136628
v -6.474978331703618 59.93789506559823 -13.051066524633185 0.7211918134645843 0.15 0.2788081865354157
v -6.8000747518789275 62.401459595670076 -13.854382618116105 0.7609840820146331 0.15 0.23901591798536692
v -7.132821853759809 64.86315289735951 -14.660337133196753 0.7984687816767008 0.15 0.20153121832329923
v -7.461737314273453 67.33003108562629 -15.451948974445633 0.8342831847667992 0.15 0.1657168152332008
v -7.777251700961214 69.80873173209662 -16.211337947379 0.8687294352480616 0.15 0.13127056475193843
v -8.070541371800925 72.30491935994502 -16.920714091996764 0.9022710863629075 0.15 0.09772891363709246
v -8.33352273148245 74.82256135492449 -17.562893606654146 0.9351707131109632 0.15 0.06482928688903677
v -8.74335716669665 79.92625735144327 -18.589601497419743 1.0 0.15 0.0
l 804 805
l 805 806
l 806 807
l 807 808
l 808 809
l 809 810
l 810 811
l 811 812
l 812 813
l 813 814
l 814 815
l 815 816
l 816 817
l 817 818
l 818 819
l 819 820
l 820 821
l 821 822
l 822 823
l 823 824
l 824 825
l 825 826
l 826 827
l 827 828
l 828 829
l 829 830
l 830 831
l 831 832
l 832 833
l 833 834
l 834 835
v -8.509473078275303 -0.003549968618673302 -18.01635038555348 0.0 0.15 1.0
v -8.456254685007025 2.921023309992918 -17.887867756860317 0.028701778275378367 0.15 0.9712982217246217
v -8.30105576178761 5.822763609236597 -17.531781916278423 0.07285658781980855 0.15 0.9271434121801915
v -8.059129560062171 8.68713533007014 -16.976588230543268 0.10350095350444823 0.15 0.8964990464955518
v -7.745159704608458 11.508583120722863 -16.259753092326708 0.13559748580637954 0.15 0.8644025141936205
v -7.37675233277997 14.289696932753019 -15.420606169943522 0.17000654497636883 0.15 0.8299934550236312
v -6.968980825692025 17.039367840446847 -14.499465497963477 0.21157155422466836 0.15 0.7884284457753317
v -6.544987723005389 19.770396023359698 -13.531091347825194 0.2575294442533111 0.15 0.7424705557466889
v -6.133525379986936 22.49730037490273 -12.546176262283765 0.30847995418883617 0.15 0.6915200458111639
l 836 837
l 837 838
l 838 839
l 839 840
l 840 841
l 841 842
l 842 843
l 843 844
v -6.132655295095975 -0.00305495425991876 -18.936021383159268 0.0 0.15 1.0
v -6.101240320641297 2.8031220742180833 -18.813355341416035 0.023074816691601198 0.15 0.9769251833083988
v -6.003991465185575 5.589039410046925 -18.46891796270346 0.06058773182793987 0.15 0.9394122681720601
v -5.848633873054815 8.341334195970584 -17.930169722206877 0.09860355145700303 0.15 0.9013964485429969
v -5.643113679574629 11.05432941648754 -17.23166546477413 0.13461973236193214 0.15 0.8653802676380679
v -5.398243179306397 13.729509110340578 -16.40995151202078 0.16942114216295961 0.15 0.8305788578370403
v -5.12740084820741 16.373872869810157 -15.50083147213195 0.20539930813986865 0.15 0.7946006918601314
v -4.844553585258191 18.998304905939097 -14.538706960917477 0.24377138350894556 0.15 0.7562286164910544
v -4.569598513855124 21.61573693056458 -13.555158718916221 0.2849642355898926 0.15 0.7150357644101074
l 845 846
l 846 847
l 847 848
l 848 849
l 849 850
l 850 851
l 851 852
l 852 853
v -3.6713735160474363 -0.0033699627632047075 -19.635635505331784 0.0 0.15 1.0
v -3.6631761692429756 2.603211275325115 -19.529494154012344 0.029268089836882828 0.15 0.9707319101631172
v -3.619075460570622 5.193537017603315 -19.223833964355812 0.05911079443076072 0.15 0.9408892055692393
v -3.543410552645753 7.755897743601803 -18.74038097012473 0.08967978476404515 0.15 0.9103202152359549
v -3.441142294845139 10.284445565159357 -18.10661169546188 0.12160092797944728 0.15 0.8783990720205527
v -3.319316097010471 12.779002619317918 -17.352641484809933 0.1547373982908361 0.15 0.8452626017091639
v -3.1851673093411943 15.243979802152253 -16.508567307107846 0.18943272970497083 0.15 0.8105672702950292
v -3.0466406168497118 17.687051355175228 -15.603567749035294 0.22605198703502083 0.15 0.7739480129649792
v -2.915775422037503 20.118026707302903 -14.66548203658085 0.26303208990164667 0.15 0.7369679100983533
v -2.8749889913318567 22.528932275969765 -13.70489576461258 0.30464385712891845 0.15 0.6953561428710815
v -3.845440774780171 24.51088848860429 -12.698018754586712 0.3301896353107225 0.15 0.6698103646892775
v -3.6490545410180713 26.93528749660948 -11.75537625776889 0.3542117290215874 0.15 0.6457882709784126
v -3.4895387898200645 29.409797912203064 -10.945667998066611 0.37967968461305784 0.15 0.6203203153869421
v -3.3650114463614273 31.931702004456294 -10.291474126650874 0.40660814693189534 0.15 0.5933918530681046
v -3.281380420550575 34.494042504835406 -9.811723916782007 0.4350328465059955 0.15 0.5649671534940045
v -3.239321077827763 37.085778083113695 -9.522746051721999 0.4649716204313321 0.15 0.5350283795686679
v -3.235292897235983 39.69251085573231 -9.435018003301185 0.4961709280257237 0.15 0.5038290719742763
v -3.265314181896516 42.29824717260495 -9.548909459952732 0.5277769198142249 0.15 0.4722230801857751
v -3.3285485275611633 44.888310017792044 -9.853121048292989 0.5586256174944013 0.15 0.4413743825055987
v -3.426690760146375 47.45174237500576 -10.327483910232974 0.5880236036739811 0.15 0.4119763963260189
v -3.5583523987162744 49.983567503738094 -10.94294565789484 0.6156547766913406 0.15 0.3843452233086594
v -3.715935229354965 52.48467716675437 -11.668241653838422 0.6416778556486955 0.15 0.3583221443513045
v -3.891651649061233 54.95819805606695 -12.479139108812722 0.6673605990958711 0.15 0.3326394009041289
v -4.410163921546786 57.381861093225936 -13.2320006730227 0.6903976199895195 0.15 0.30960238001048046
v -4.667149803452077 59.824349322209684 -14.107011015445122 0.7323320357816621 0.15 0.26766796421833794
v -4.927419766999076 62.267223354661624 -14.98482218502325 0.771152723374674 0.15 0.228847276625326
v -5.1865290943456355 64.71872821718773 -15.838737951958459 0.8076592804226848 0.15 0.19234071957731524
v -5.434861797857185 67.18783695593304 -16.643701137822802 0.8423779412519197 0.15 0.15762205874808033
v -5.663625885194315 69.68202804118917 -17.37341248603153 0.8864486055690564 0.15 0.11355139443094364
v -5.8644858299052975 72.20636214626313 -18.00024204359925 0.9186611374349736 0.15 0.08133886256502643
v -6.029733614368163 74.7620655486299 -18.49642011345757 0.9505992666988213 0.15 0.04940073330117867
v -6.227813552199461 79.94836558819216 -18.995856878521764 1.0 0.15 0.0
l 854 855
l 855 856
l 856 857
l 857 858
l 858 859
l 859 860
l 860 861
l 861 862
l 862 863
l 863 864
l 864 865
l 865 866
l 866 867
l 867 868
l 868 869
l 869 870
l 870 871
l 871 872
l 872 873
l 873 874
l 874 875
l 875 876
l 876 877
l 877 878
l 878 879
l 879 880
l 880 881
l 881 882
l 882 883
l 883 884
l 884 885
v -2.81398912101758 57.50229082623524 -13.730967815097085 0.6954577827829185 0.15 0.3045422172170815
v -2.9143185329659085 60.22658852804516 -14.801751404488153 0.7396192073261997 0.15 0.2603807926738003
v -3.0733685392132206 62.9580775555549 -15.84683224730179 0.782155485976021 0.15 0.21784451402397897
v -3.235029614300628 65.70821490802355 -16.84106849897795 0.8224331282703312 0.15 0.17756687172966878
v -3.387422032665548 68.48987619647214 -17.744257987309442 0.8606965868174326 0.15 0.13930341318256745
v -3.520028483934326 71.31183382220294 -18.514896012210393 0.8973378963666789 0.15 0.10266210363332107
v -3.623130959248905 74.17661298755225 -19.111099148475244 0.9327657603759493 0.15 0.06723423962405073
v -3.688253431048752 77.07862527138178 -19.49390463558073 0.9673767496921885 0.15 0.03262325030781155
v -3.7084347041897354 80.00342556850032 -19.631863911280295 1.0 0.15 0.0
l 886 887
l 887 888
l 888 889
l 889 890
l 890 891
l 891 892
l 892 893
l 893 894
v -1.1508895240296229 0.055678777559063995 -20.518574537874162 0.0 0.15 1.0
v -1.1358602121588968 2.592074422754446 -20.0139362754525 0.03057449580853798 0.15 0.969425504191462
v -1.118149934955707 5.107305716301928 -19.41285003486944 0.0613396367349564 0.15 0.9386603632650437
v -1.0977102218940187 7.60069853964871 -18.726828138448234 0.09248745331548885 0.15 0.9075125466845111
v -1.0746083354578426 10.073923769698608 -17.971335255857454 0.12424626278129636 0.15 0.8757537372187036
v -1.0493582552602216 12.530393979644254 -17.163186708754886 0.15688549012751302 0.15 0.843114509872487
v -1.0232654579544433 14.975172808776207 -16.3203908766007 0.19071507648781746 0.15 0.8092849235121825
v -0.9981451636669627 17.415040470625417 -15.463538004137565 0.22607903238084942 0.15 0.7739209676191505
v -0.9781064440435316 19.856347653242324 -14.6106342534913 0.26331821553495033 0.15 0.7366817844650497
v -0.9648530240935858 22.30622233395158 -13.78224687197342 0.3020870125156069 0.15 0.6979129874843931
v -0.7567433220564006 24.761689351638125 -13.022210752438813 0.3286180595134638 0.15 0.6713819404865362
v -0.7834246023131959 27.24502138378496 -12.301132661781997 0.35450396247386295 0.15 0.645496037526137
v -0.8043154620954179 29.752103325458574 -11.667513871123498 0.38129970749637676 0.15 0.6187002925036232
v -0.8254383494210754 32.28415054276221 -11.142582680147603 0.4094323916593356 0.15 0.5905676083406644
v -0.8466180919452574 34.839604219156385 -10.747136402578063 0.438765107882085 0.15 0.561234892117915
v -0.863028212482291 37.413643653466686 -10.499635458046205 0.4690542263173654 0.15 0.5309457736826346
v -0.8685681863463391 39.9982502419391 -10.413414138583036 0.49986376681071076 0.15 0.5001362331892892
v -0.8600160401103398 42.58285317166772 -10.499592705376728 0.5306513259894593 0.15 0.4693486740105407
v -0.8407812079823506 45.15689421637625 -10.747009357755815 0.560910505917471 0.15 0.43908949408252895
v -0.8171970955360081 47.71234593736002 -11.14242964849457 0.5902107621813611 0.15 0.40978923781863885
v -0.7943045414719463 50.2444052490786 -11.667328763150458 0.6182640766600109 0.15 0.38173592333998907
v -0.7725000578360239 52.75151537749139 -12.300886432945688 0.6448903769776565 0.15 0.3551096230223435
v -0.7494209790562976 55.235005258036246 -13.021562201524919 0.6705465622836282 0.15 0.3294534377163718
v -0.9418273166005684 57.692684931384846 -13.784035806291056 0.69725096515057 0.15 0.30274903484943005
v -0.9664300519464262 60.1427460260527 -14.6113710892542 0.7362400718886289 0.15 0.26375992811137106
v -0.9913516186146544 62.58415875439179 -15.463841356818742 0.7737610931862631 0.15 0.22623890681373693
v -1.0216448254250992 65.02414954750817 -16.320237395871192 0.8093395921614659 0.15 0.1906604078385341
v -1.0530404400383981 67.46904093721707 -17.162563969940685 0.8432855117650503 0.15 0.1567144882349497
v -1.0841720547848934 69.9256256439515 -17.970196507987687 0.8759645744718496 0.15 0.12403542552815039
v -1.113715248771006 72.39896270559437 -18.725120422245723 0.9077077716612868 0.15 0.0922922283387132
v -1.1410910086219601 74.8924636327855 -19.410519362414544 0.9388031541464905 0.15 0.061196845853509485
v -1.188859565301707 79.94426879239957 -20.514876634029903 1.0 0.15 0.0
l 895 896
l 896 897
l 897 898
l 898 899
l 899 900
l 900 901
l 901 902
l 902 903
l 903 904
l 904 905
l 905 906
l 906 907
l 907 908
l 908 909
l 909 910
l 910 911
l 911 912
l 912 913
l 913 914
l 914 915
l 915 916
l 916 917
l 917 918
l 918 919
l 919 920
l 920 921
l 921 922
l 922 923
l 923 924
l 924 925
l 925 926
v 1.421877045353196 -0.003260133403330511 -19.85621701188739 0.0 0.15 1.0
v 1.4048503397760614 2.8181115108331305 -19.730178484943327 0.024540576643898165 0.15 0.9754594233561018
v 1.3633726358655474 5.618911839273974 -19.371333613913297 0.0635602872673024 0.15 0.9364397127326975
v 1.3019097220741647 8.38563451400646 -18.808523168288318 0.10261839423844096 0.15 0.897381605761559
v 1.2277329982183067 11.112565060319444 -18.077314587830113 0.13553321333067747 0.15 0.8644667866693225
v 1.142939164148046 13.801294703679737 -17.216500586530987 0.1693616348787826 0.15 0.8306383651212174
v 1.0489034116866278 16.45918898088133 -16.265096252175198 0.2052362734206678 0.15 0.7947637265793321
v 0.9458708600764939 19.097407908803476 -15.260949956107417 0.24337467338667018 0.15 0.7566253266133298
v 0.8394807482084062 21.729013401644657 -14.240452954194225 0.28414968756582465 0.15 0.7158503124341753
l 927 928
l 928 929
l 929 930
l 930 931
l 931 932
l 932 933
l 933 934
l 934 935
v 3.9673930025853377 -0.0024831658660179304 -19.592213194756987 0.0 0.15 1.0
v 3.9391157320449715 2.6043593756528907 -19.490467717443156 0.029691961719216578 0.15 0.9703080382807834
v 3.8651905879590305 5.194919985798564 -19.190702112056158 0.05993890932070335 0.15 0.9400610906792967
v 3.751277902963484 7.757469152559805 -18.71442645339794 0.09088376474799716 0.15 0.9091162352520028
v 3.6041644036436913 10.286101284206683 -18.088821506826747 0.1191204650435723 0.15 0.8808795349564277
v 3.4300400389671704 12.779869325922101 -17.34165979712645 0.15581888250969855 0.15 0.8441811174903014
v 3.2351985432740653 15.24335998049689 -16.504321182831028 0.19003249274431913 0.15 0.8099675072556809
v 3.0242887158500973 17.684301338713023 -15.606877130903568 0.22602884737352985 0.15 0.7739711526264701
v 2.7991492737319046 20.112392020920723 -14.678700935901393 0.2634033980563126 0.15 0.7365966019436874
v 2.4336168628220527 22.568721207724895 -13.878048534093368 0.306297986661913 0.15 0.693702013338087
v 2.3678149296172655 24.968630234211783 -12.85784508357078 0.3337301416130127 0.15 0.6662698583869873
v 2.194031653731317 27.411908064535226 -11.959132110664319 0.3583944810073324 0.15 0.6416055189926676
v 2.0366493055401316 29.901641402434496 -11.195166058532138 0.38582045599306586 0.15 0.6141795440069342
v 1.8879849259913724 32.434238715895575 -10.586441018548259 0.4129541443913978 0.15 0.5870458556086022
v 1.7612857314975667 35.00390862836061 -10.153592630305296 0.44139589511273136 0.15 0.5586041048872686
v 1.6730721746458428 37.60037971261689 -9.91462547094462 0.4710827948983734 0.15 0.5289172051016267
v 1.6335506851662975 40.20856853901778 -9.875088541825917 0.5019839796450489 0.15 0.49801602035495107
v 1.6454809756067907 42.8124061744472 -10.03316232834437 0.5347323282251589 0.15 0.4652676717748411
v 1.7049643208952365 45.39787808543402 -10.374739916096123 0.566448492690701 0.15 0.43355150730929903
v 1.8012935396038394 47.95558321338491 -10.878786214943243 0.5964730875575933 0.15 0.4035269124424067
v 1.9171264835564057 50.48172522735079 -11.519926629777677 0.6249197872156615 0.15 0.37508021278433845
v 2.042823684466421 52.97747120418725 -12.26972761887173 0.6513838971818193 0.15 0.3486161028181807
v 2.1571399188364766 55.4476460877425 -13.100777134643106 0.67735507866592 0.15 0.32264492133407996
v 1.382471302861062 57.50373380228148 -13.912869404940022 0.6948979150091684 0.15 0.3051020849908316
v 1.0962103787351696 59.81298540958585 -14.805422507553551 0.7247274490287559 0.15 0.27527255097124415
v 1.1540770939380094 62.25571187843745 -15.719960778434267 0.7649267986610127 0.15 0.23507320133898735
v 1.202049041614612 64.70681159249769 -16.612687542790475 0.8025961484667015 0.15 0.19740385153329854
v 1.2442741363022347 67.17545519369267 -17.455991265362222 0.8383147110248171 0.15 0.16168528897518286
v 1.280635268142898 69.66924299387017 -18.22182047879653 0.8724862473776206 0.15 0.1275137526223794
v 1.3096520356944559 72.193211471814 -18.88158424842825 0.9054490092379772 0.15 0.09455099076202278
v 1.3290040779504946 74.748564765646 -19.406987280089577 0.9374992001790212 0.15 0.06250079982097878
v 1.3284475138544587 79.9342334718715 -19.955946203036596 1.0 0.15 0.0
l 936 937
l 937 938
l 938 939
l 939 940
l 940 941
l 941 942
l 942 943
l 943 944
l 944 945
l 945 946
l 946 947
l 947 948
l 948 949
l 949 950
l 950 951
l 951 952
l 952 953
l 953 954
l 954 955
l 955 956
l 956 957
l 957 958
l 958 959
l 959 960
l 960 961
l 961 962
l 962 963
l 963 964
l 964 965
l 965 966
l 966 967
v 2.8148107056032723 59.906751502931726 -14.684050664391972 0.7362005094950093 0.15 0.26379949050499074
v 3.06216422086675 62.68024506800581 -15.742868592362091 0.7781816735290074 0.15 0.22181832647099264
v 3.2929422416302563 65.47283408618755 -16.753968315475507 0.8194990457996276 0.15 0.18050095420037238
v 3.5007296652337887 68.29796881616132 -17.675019746470852 0.8584256241112879 0.15 0.14157437588871213
v 3.677495092584639 71.16506941624708 -18.462033802059924 0.8925098588161321 0.15 0.1074901411838679
v 3.8140920570897623 74.07708087043741 -19.070615348209664 0.9311755502460959 0.15 0.06882444975390412
v 3.9016219476491365 77.027841935159 -19.46193379424251 0.9659429728750467 0.15 0.03405702712495329
v 3.9320856852968538 80.00247819380766 -19.602935167378405 1.0 0.15 0.0
l 968 969
l 969 970
l 970 971
l 971 972
l 972 973
l 973 974
l 974 975
v 6.430239464183927 -0.002720518682921312 -18.84477604573878 0.0 0.15 1.0
v 6.364032748151037 2.732789076455876 -18.741902484713766 0.03293490053726163 0.15 0.9670650994627383
v 6.237938253091908 5.449484797352674 -18.42474626244016 0.06615192712599287 0.15 0.9338480728740072
v 6.055061358332341 8.134469655481858 -17.920443572966516 0.09991340363035664 0.15 0.9000865963696434
v 5.820172433208615 10.782021851402526 -17.262363101996108 0.1339309437191163 0.15 0.8660690562808837
v 5.538966916108078 13.393021290530655 -16.486332772967618 0.16878487457586583 0.15 0.8312151254241342
v 5.217077756979042 15.973621531388453 -15.62822520430246 0.20534746820812733 0.15 0.7946525317918727
v 4.855847146133389 18.533340922573064 -14.724193140212375 0.2435302881478889 0.15 0.7564697118521111
v 4.449505279648854 21.083304503988575 -13.811737533682868 0.284101660368229 0.15 0.7158983396317711
v 3.767072357646443 23.597972696758696 -13.011090809175775 0.3208763843141188 0.15 0.6791236156858812
l 976 977
l 977 978
l 978 979
l 979 980
l 980 981
l 981 982
l 982 983
l 983 984
l 984 985
v 11.037468242544913 -0.002699048247770171 -16.664607193084517 0.0 0.15 1.0
v 10.943565655487545 2.867733261798991 -16.564915744286978 0.032541660981139246 0.15 0.9674583390188608
v 10.720708601207246 5.716346305212909 -16.260561668226224 0.06622291968501068 0.15 0.9337770803149893
v 10.382594093726302 8.529056689431506 -15.779086297389508 0.10080644093799039 0.15 0.8991935590620096
v 9.947352862551991 11.300166293267976 -15.154311253253855 0.13675378694129287 0.15 0.8632462130587071
v 9.435410359578876 14.031648293621117 -14.421396189690897 0.17442118692127292 0.15 0.825578813078727
v 8.868632838978463 16.73159156656534 -13.614904188079803 0.2137631927018181 0.15 0.7862368072981819
v 8.236908088783077 19.410107311036032 -12.7856293117456 0.25675637777584376 0.15 0.7432436222241563
v 7.455529806409563 22.068715592183107 -12.028027834441152 0.29812926279176033 0.15 0.7018707372082397
l 986 987
l 987 988
l 988 989
l 989 990
l 990 991
l 991 992
l 992 993
l 993 994
v 4.510339249320458 56.77418376631596 -12.93101943195053 0.6775910186745261 0.15 0.3224089813254739
v 4.573402709331508 59.25281326542074 -13.910596038668723 0.7198733482612788 0.15 0.2801266517387212
v 4.902884164395349 61.76269661628325 -14.829881149996737 0.7604950165970635 0.15 0.23950498340293647
v 5.224834329263554 64.28216076635351 -15.725356974846523 0.798581422291303 0.15 0.20141857770869698
v 5.534153161216328 66.82233251621598 -16.56484072001151 0.834705806860607 0.15 0.16529419313939298
v 5.81764510372016 69.39237217042407 -17.317631342221983 0.8693777041653294 0.15 0.13062229583467055
v 6.059460522335066 71.99807887020161 -17.952755882912907 0.9029443116605509 0.15 0.09705568833944911
v 6.242848584986371 74.6400938105788 -18.439686318806864 0.9357144181876145 0.15 0.06428558181238553
v 6.351438245753762 77.312634168473 -18.75040118504306 0.9679787651795544 0.15 0.03202123482044561
v 6.371088616101263 80.00309575466167 -18.8627626119114 1.0 0.15 0.0
l 995 996
l 996 997
l 997 998
l 998 999
l 999 1000
l 1000 1001
l 1001 1002
l 1002 1003
l 1003 1004
v 6.016675229529457 58.045802415246314 -12.848966508679446 0.6935512797912832 0.15 0.30644872020871683
v 6.549116432457417 60.61382120892404 -13.697323703041121 0.7558321698873082 0.15 0.24416783011269183
v 7.020146892242299 63.186964776630084 -14.567026850248723 0.7947341457292871 0.15 0.20526585427071287
v 7.455956022684774 65.7770170927682 -15.4041614396039 0.8307050888533856 0.15 0.16929491114661444
v 7.850913774137477 68.39500341828692 -16.171183436925112 0.8645061354855479 0.15 0.1354938645144521
v 8.1908197879389 71.04874491549232 -16.833791748268254 0.8965765285051921 0.15 0.1034234714948079
v 8.460163776041902 73.74093223385306 -17.358002885038978 0.9271997652070034 0.15 0.07280023479299658
v 8.644175518769668 76.46762664984135 -17.7118308588265 0.9567552932871151 0.15 0.04324470671288494
v 8.730601236379108 79.21738269826454 -17.868640441292168 1.0 0.15 0.0
l 1005 1006
l 1006 1007
l 1007 1008
l 1008 1009
l 1009 1010
l 1010 1011
l 1011 1012
l 1012 1013
v 9.129027219298788 0.8489819247775607 -18.357589135225876 0.0 0.15 1.0
v 8.830391892643274 3.3621053327606814 -17.887571042564808 0.043310022818416935 0.15 0.9566899771815831
v 8.49392376554588 5.854066762098629 -17.33709782489747 0.07291623850210312 0.15 0.9270837614978968
v 8.125787674957174 8.32497711518092 -16.71622410263451 0.10360304063678999 0.15 0.89639695936321
v 7.733708850322822 10.777251434680421 -16.038309703193995 0.1357606331374959 0.15 0.8642393668625041
v 7.3260882626110995 13.215137103105764 -15.318623612810464 0.16969481482158022 0.15 0.8303051851784198
v 6.913839820856829 15.644188432831438 -14.572111942404627 0.20554783341042818 0.15 0.7944521665895719
v 6.4991610223302 18.0706585583404 -13.818615521172779 0.2437751045512924 0.15 0.7562248954487076
v 6.070303810704534 20.50066604365554 -13.085927593430036 0.28686392013027334 0.15 0.7131360798697266
v 5.900091874042842 22.872746026682872 -12.281788812823555 0.31086304624706745 0.15 0.6891369537529326
v 5.227648847543126 25.303654747102467 -11.78068777634767 0.3320793055355825 0.15 0.6679206944644175
v 4.916642328145425 27.7774998148829 -11.15627812319302 0.3595631589579111 0.15 0.6404368410420889
v 4.723842754351118 30.272813818270762 -10.573555497078008 0.386973179971278 0.15 0.613026820028722
v 4.460931948848353 32.79911937474607 -10.15531516741102 0.41447795105188906 0.15 0.585522048948111
v 4.273316169533155 35.34825823219911 -9.849688116397447 0.44462249930116104 0.15 0.555377500698839
v 4.176674208300573 37.914056314151765 -9.667068471102073 0.4757579264345828 0.15 0.5242420735654172
v 4.176403266436898 40.48751856957432 -9.616241943418206 0.5070557853631213 0.15 0.49294421463687865
v 4.273627191026065 43.058249590857145 -9.698714010955669 0.5378101557288493 0.15 0.46218984427115073
v 4.464874227118832 45.61640524503994 -9.908949656407279 0.5672802214094478 0.15 0.4327197785905522
v 4.739467246708792 48.154558367364956 -10.236793013909383 0.5948650942028706 0.15 0.4051349057971294
v 5.057104505755976 50.66915137860513 -10.682740814581164 0.6210620076977 0.15 0.37893799230229996
v 5.3295702380579835 53.153544990799624 -11.266633380192822 0.6484621024519351 0.15 0.35153789754806486
v 5.820234675552484 55.61052863970521 -11.82443435320613 0.6713719036000898 0.15 0.3286280963999102
v 6.848098195538301 57.88535214125959 -12.086156392192091 0.6980380055478629 0.15 0.3019619944521371
v 7.756408204472795 60.2151604783275 -12.489631759010598 0.7395144153071712 0.15 0.2604855846928288
v 8.303180644602525 62.63958874531215 -13.161308956327309 0.7770962601162822 0.15 0.2229037398837178
v 8.82225224213095 65.06499671174986 -13.851246070974021 0.8119088416451323 0.15 0.18809115835486767
v 9.338901222259526 67.4956855247487 -14.524186172584576 0.846310673809694 0.15 0.15368932619030595
v 9.83964446676474 69.93858734576125 -15.164106063384143 0.8788903033627598 0.15 0.12110969663724025
v 10.310226279935485 72.39910575230176 -15.757683092563132 0.9102421837693031 0.15 0.0897578162306969
v 10.740745891746945 74.88079363309112 -16.29028002098103 0.9406969128379691 0.15 0.05930308716203092
v 11.44479577501073 79.9115844562377 -17.12431686722864 1.0 0.15 0.0
l 1014 1015
l 1015 1016
l 1016 1017
l 1017 1018
l 1018 1019
l 1019 1020
l 1020 1021
l 1021 1022
l 1022 1023
l 1023 1024
l 1024 1025
l 1025 1026
l 1026 1027
l 1027 1028
l 1028 1029
l 1029 1030
l 1030 1031
l 1031 1032
l 1032 1033
l 1033 1034
l 1034 1035
l 1035 1036
l 1036 1037
l 1037 1038
l 1038 1039
l 1039 1040
l 1040 1041
l 1041 1042
l 1042 1043
l 1043 1044
l 1044 1045
v 13.045453125375683 -0.0028367729476381372 -15.035499141175256 0.0 0.15 1.0
v 12.918082980561467 2.771897760617793 -14.984963457347176 0.023068314736364694 0.15 0.9769316852636353
v 12.668526332166175 5.527515809852817 -14.737746659599889 0.06035369228120662 0.15 0.9396463077187934
v 12.304013415179332 8.250359544555081 -14.324981273308833 0.09768188110834489 0.15 0.9023181188916551
v 11.835676771997736 10.934595246701813 -13.78312005848053 0.13371768673128379 0.15 0.8662823132687162
v 11.27954741146567 13.581511814845541 -13.147897495803953 0.17014636230653257 0.15 0.8298536376934674
v 10.666014115533493 16.198103226711076 -12.443086960933552 0.20646863332947837 0.15 0.7935313666705216
v 10.040651747946418 18.795215411783648 -11.678489560954747 0.24285135176104716 0.15 0.7571486482389529
v 9.195322130466074 21.364064474076667 -11.081910473184466 0.27765110684749 0.15 0.7223488931525099
v 8.108777469969525 23.89627216823571 -10.726451202291095 0.3172285695405057 0.15 0.6827714304594943
v 7.000518957102683 26.43039560117282 -10.462532215797276 0.35950305571931657 0.15 0.6404969442806834
l 1046 1047
l 1047 1048
l 1048 1049
l 1049 1050
l 1050 1051
l 1051 1052
l 1052 1053
l 1053 1054
l 1054 1055
l 1055 1056
v 6.680558120554528 52.10806245163339 -10.098545437940228 0.6399325192498819 0.15 0.3600674807501181
v 7.511621228038819 54.5877897421614 -10.500963536488849 0.6708809562799093 0.15 0.3291190437200907
v 8.5353549471125 57.02735990276331 -10.824868529189413 0.6955930452066881 0.15 0.3044069547933119
v 9.52462909654477 59.46870102079076 -11.229976113245762 0.7337783944701404 0.15 0.26622160552985963
v 10.209684256859708 61.94640271424065 -11.910675956952069 0.7649413458032079 0.15 0.23505865419679206
v 10.80703354459909 64.4413592079995 -12.633856822332 0.8095854468479509 0.15 0.19041455315204914
v 11.391598855157488 66.95681068399243 -13.293072698320056 0.8453364325622119 0.15 0.15466356743778809
v 11.914256361902488 69.50204354779031 -13.886456003620863 0.8797284074995612 0.15 0.12027159250043884
v 12.351504085409175 72.08238204339948 -14.389939006472575 0.913445488137921 0.15 0.08655451186207896
v 12.68706029013348 74.69818438671477 -14.773614407052555 0.9469586863858351 0.15 0.053041313614164864
v 12.907707133554977 77.34360016564337 -15.00868910206104 0.9805401466420777 0.15 0.01945985335792233
v 13.004582194772967 80.00623682642758 -15.071211217267305 1.0 0.15 0.0
l 1057 1058
l 1058 1059
l 1059 1060
l 1060 1061
l 1061 1062
l 1062 1063
l 1063 1064
l 1064 1065
l 1065 1066
l 1066 1067
l 1067 1068
v 11.912630010422623 63.06138866718682 -10.873990931083206 0.7746925543616963 0.15 0.22530744563830374
v 12.66621832776021 65.79172251632505 -11.532498138981563 0.8179602562612718 0.15 0.18203974373872822
v 13.367945026893967 68.5569305288749 -12.105414562700993 0.8537333275107245 0.15 0.1462666724892755
v 13.964353846341366 71.36270396893957 -12.593579424231393 0.896640279515581 0.15 0.103359720484419
v 14.424079528230486 74.21060026553161 -12.972288257656583 0.9272183173186231 0.15 0.07278168268137686
v 14.718844158963071 77.09478541040144 -13.216422237688832 0.9625825158438029 0.15 0.037417484156197056
v 14.821394247958999 80.00114854438702 -13.3111841480817 1.0 0.15 0.0
l 1069 1070
l 1070 1071
l 1071 1072
l 1072 1073
l 1073 1074
l 1074 1075
v 15.461351593461064 0.05465402398721174 -13.56315514406123 0.0 0.15 1.0
v 15.02952330079568 2.6138131377191858 -13.27913302603983 0.03162076219976945 0.15 0.9683792378002305
v 14.522150360252724 5.151185138750273 -12.931974670030232 0.06354698055962356 0.15 0.9364530194403764
v 13.948174999365618 7.666066886394441 -12.529282389520015 0.09607796436630918 0.15 0.9039220356336908
v 13.318828061096612 10.160004904225163 -12.081627486611797 0.1296077649387161 0.15 0.8703922350612839
v 12.64674630047146 12.6367926621723 -11.602403237845643 0.15250617429146782 0.15 0.8474938257085322
v 11.944397917661671 15.101712498685012 -11.107126310132706 0.18854796414370578 0.15 0.8114520358562942
v 11.605894772319445 17.43629141959037 -10.226509468273353 0.22679138166822446 0.15 0.7732086183317756
v 10.927897798345624 19.86631408481035 -9.713033452121596 0.2561418125667508 0.15 0.7438581874332493
v 10.100922500301023 22.323911871464 -9.408051765290828 0.2866993545889587 0.15 0.7133006454110413
v 9.284260483505886 24.79178686319412 -9.164293334985857 0.32087613126204634 0.15 0.6791238687379537
v 8.483506118357393 27.268148645372804 -8.95811588238886 0.35118047961115445 0.15 0.6488195203888456
v 7.646576224283247 29.73688229414617 -8.85176588719486 0.3777297513017321 0.15 0.6222702486982679
v 7.112565844408911 32.2791190085957 -8.612685726768845 0.4082112972097748 0.15 0.5917887027902252
v 6.771055167819018 34.85653862256604 -8.379060210185045 0.43638051696886204 0.15 0.563619483031138
v 6.574162276872182 37.4547945381447 -8.219448702449274 0.46754704762195 0.15 0.53245295237805
v 6.515773938373593 40.06410219643821 -8.157483898092806 0.5004669148099948 0.15 0.49953308519000517
v 6.599383358422272 42.673004931607515 -8.20333813559543 0.5333521323893535 0.15 0.46664786761064647
v 6.8206829260502415 45.27019817276901 -8.345117724381618 0.5643865378835543 0.15 0.4356134621164457
v 7.18664154503879 47.8458468063803 -8.558809846693505 0.5922645465573478 0.15 0.40773545344265216
v 7.748509280489666 50.38391483130384 -8.772736664303064 0.6173750103987976 0.15 0.3826249896012024
v 8.614484590795263 52.84256665495313 -8.848329054368799 0.6479612895452838 0.15 0.35203871045471624
v 9.440891721771068 55.3130629402727 -9.0208268575339 0.6787355739134607 0.15 0.32126442608653927
v 10.286291254538044 57.774353555702284 -9.230792838734915 0.7147113614103963 0.15 0.28528863858960374
v 11.146799846226642 60.22515494118845 -9.494435351684281 0.7452769565787586 0.15 0.2547230434212414
v 11.993592843296417 62.6365161900266 -9.792925787930216 0.7913668302538714 0.15 0.20863316974612856
v 13.085612822400407 64.92806658001271 -9.733600204109164 0.812391673967554 0.15 0.18760832603244604
v 13.902168639236285 67.3828009964833 -10.085132464627753 0.8453789372633271 0.15 0.15462106273667287
v 14.671608142370367 69.85196582757139 -10.442235520765827 0.8780810459601452 0.15 0.12191895403985475
v 15.39438428506741 72.33894765205464 -10.772400339749487 0.9099215077869514 0.15 0.09007849221304864
v 16.05889969690189 74.84726867296338 -11.060623138691424 0.9407929534746134 0.15 0.05920704652538655
v 17.174814132838954 79.93115241379697 -11.465421306212683 1.0 0.15 0.0
l 1076 1077
l 1077 1078
l 1078 1079
l 1079 1080
l 1080 1081
l 1081 1082
l 1082 1083
l 1083 1084
l 1084 1085
l 1085 1086
l 1086 1087
l 1087 1088
l 1088 1089
l 1089 1090
l 1090 1091
l 1091 1092
l 1092 1093
l 1093 1094
l 1094 1095
l 1095 1096
l 1096 1097
l 1097 1098
l 1098 1099
l 1099 1100
l 1100 1101
l 1101 1102
l 1102 1103
l 1103 1104
l 1104 1105
l 1105 1106
l 1106 1107
v 16.47329021449415 -0.0006978374189512338 -11.296933924678594 0.0 0.15 1.0
v 16.347342651859336 2.9156999994338038 -11.230887367399747 0.03221341967106835 0.15 0.9677865803289316
v 16.01973709148626 5.809410763585783 -11.022778313027269 0.06689047243708973 0.15 0.9331095275629102
v 15.507909161466491 8.665943063831296 -10.701734330835052 0.1024153773114746 0.15 0.8975846226885253
v 14.8316598807503 11.47857825037295 -10.304393854517325 0.13941446360397777 0.15 0.8605855363960222
v 14.00471424034409 14.246609900887169 -9.880005170025802 0.17915790188420144 0.15 0.8208420981157986
v 13.005580059814541 16.965726718214416 -9.525926009609254 0.22350079028288414 0.15 0.7764992097171158
l 1108 1109
l 1109 1110
l 1110 1111
l 1111 1112
l 1112 1113
l 1113 1114
v 18.386705595842738 0.058935858812053925 -9.18827834101366 0.0 0.15 1.0
v 17.884517973287988 2.5990106425939796 -9.046701849824808 0.017289437117864608 0.15 0.9827105628821354
v 17.298614271379304 5.117914992746585 -8.857228195478392 0.04881563826996321 0.15 0.9511843617300368
v 16.638241973696307 7.614933364788548 -8.627020728865487 0.0801884286893198 0.15 0.9198115713106803
v 15.915021248107216 10.09153056191715 -8.36670913126128 0.1114662895040578 0.15 0.8885337104959422
v 15.140295267279578 12.550872534689558 -8.091818780890955 0.14273196014432768 0.15 0.8572680398556723
v 14.320864459333242 14.997002253587477 -7.829477275523637 0.17432198360787413 0.15 0.8256780163921259
v 13.444929734906795 17.430890322339856 -7.6491224873905725 0.2073544287279825 0.15 0.7926455712720175
v 12.544372990138381 19.85962803669912 -7.531608298541245 0.2535839304399599 0.15 0.7464160695600401
v 11.702022965012043 22.30555920102462 -7.351800498176648 0.2844015634854306 0.15 0.7155984365145693
v 10.90571951006611 24.7675106435524 -7.180926721157518 0.31496127945823643 0.15 0.6850387205417636
v 10.145826451333253 27.24168485128822 -7.021234855003065 0.34758030041620896 0.15 0.652419699583791
v 9.453461657228033 29.737062816013257 -6.889898882315356 0.378760019919532 0.15 0.621239980080468
v 8.902291127688121 32.26645911100444 -6.748851745963349 0.4053001498879656 0.15 0.5946998501120344
v 8.518741297762405 34.826494332596496 -6.601554132263377 0.4366263158518563 0.15 0.5633736841481437
v 8.291272888045116 37.40716815251806 -6.493570227806005 0.4681401135917831 0.15 0.5318598864082169
v 8.217119934785964 39.99881280395903 -6.454280490100412 0.4998714269606617 0.15 0.5001285730393383
v 8.292819248862303 42.59044943885681 -6.491202637705118 0.5315684193148352 0.15 0.4684315806851648
v 8.521394118666798 45.17110056436906 -6.597460043865307 0.5629176733099679 0.15 0.4370823266900321
v 8.90526846718521 47.73113172769432 -6.744022469521349 0.5938932843874346 0.15 0.4061067156125654
v 9.456543871335198 50.26051995309606 -6.884653455816803 0.6203997579259153 0.15 0.3796002420740847
v 10.150347082070898 52.755609353754174 -7.013855558596425 0.6516317042418746 0.15 0.34836829575812545
v 10.909527329465892 55.2300756434307 -7.172335250578729 0.6846194331117115 0.15 0.3153805668882885
v 11.705375791092985 57.6921179195019 -7.344026631093962 0.7156784798757156 0.15 0.28432152012428435
v 12.546538879722855 60.138287079404385 -7.526191525890737 0.7467171681451755 0.15 0.2532828318548245
v 13.446212493464897 62.56727493238999 -7.645520838444741 0.7751304199494791 0.15 0.22486958005052093
v 14.320603458281424 65.00149293614122 -7.8289921542531875 0.8256808491313911 0.15 0.17431915086860894
v 15.13772599211862 67.4479158353163 -8.0958371217837 0.8578845240671336 0.15 0.14211547593286644
v 15.909879376503158 69.90751287779915 -8.375715736553019 0.8890677585219487 0.15 0.11093224147805125
v 16.630252760375342 72.38435821731315 -8.641526841948474 0.9202203026124758 0.15 0.07977969738752422
v 17.287522961435325 74.8816431766644 -8.877691717840458 0.9514454172229281 0.15 0.04855458277707192
v 18.368754736817078 79.94121898508152 -9.221863005688675 1.0 0.15 0.0
l 1115 1116
l 1116 1117
l 1117 1118
l 1118 1119
l 1119 1120
l 1120 1121
l 1121 1122
l 1122 1123
l 1123 1124
l 1124 1125
l 1125 1126
l 1126 1127
l 1127 1128
l 1128 1129
l 1129 1130
l 1130 1131
l 1131 1132
l 1132 1133
l 1133 1134
l 1134 1135
l 1135 1136
l 1136 1137
l 1137 1138
l 1138 1139
l 1139 1140
l 1140 1141
l 1141 1142
l 1142 1143
l 1143 1144
l 1144 1145
l 1145 1146
v 19.382983168351856 0.05590579197502901 -6.867883695217935 0.0 0.15 1.0
v 18.890394571562364 2.5923961708234162 -6.743630526493839 0.02891326965409627 0.15 0.9710867303459038
v 18.308676462192985 5.107826173586236 -6.5825549266268055 0.05816820071435363 0.15 0.9418317992856464
v 17.64802134885868 7.601507386482444 -6.390355049681186 0.08808427854325945 0.15 0.9119157214567406
v 16.921771193532436 10.0750944303782 -6.176029299086777 0.11893530127124562 0.15 0.8810646987287544
v 16.143436468435205 12.531982470269083 -5.952731646768628 0.15090391541946252 0.15 0.8490960845805375
v 15.325668352760102 14.97709315424667 -5.741091578405986 0.1838679993486217 0.15 0.8161320006513784
v 14.484022127225224 17.41669147082351 -5.561802903874488 0.2169492822280935 0.15 0.7830507177719065
v 13.640609764268893 19.857242906800675 -5.405050600473291 0.24949878913195384 0.15 0.7505012108680462
v 12.825244410120087 22.306912595255525 -5.242232583771335 0.28095743246379706 0.15 0.7190425675362029
v 12.047966259203795 24.76885708151871 -5.07827360793328 0.31160500959770737 0.15 0.6883949904022926
v 11.326224717897084 27.248109824120895 -4.92235961006201 0.34497333383237766 0.15 0.6550266661676223
v 10.692919291823808 29.75221798084062 -4.781867212263181 0.37700345438827987 0.15 0.6229965456117201
v 10.175854115312909 32.2832912344269 -4.650419238410385 0.40798309692851975 0.15 0.5920169030714802
v 9.79770091278773 34.839334279523754 -4.53026034295548 0.4387511802590828 0.15 0.5612488197409172
v 9.567663185993519 37.41428485594193 -4.443149921124952 0.46709220323624273 0.15 0.5329077967637572
v 9.489252610261422 39.9996395019393 -4.409552666943309 0.499909763421474 0.15 0.500090236578526
v 9.569155332187705 42.58498705918982 -4.440113303258395 0.5326503900711536 0.15 0.46734960992884644
v 9.800344849745745 45.15991775203108 -4.5247854986838485 0.5609954326347262 0.15 0.4390045673652738
v 10.17922444265051 47.71592920639187 -4.643358252240261 0.591646735132711 0.15 0.40835326486728896
v 10.696786050515694 50.24696005113646 -4.773684764362412 0.6225385689259061 0.15 0.3774614310740939
v 11.330474379168384 52.751021260434015 -4.913317424078218 0.6545908061674497 0.15 0.3454091938325503
v 12.052174943001665 55.23028379902618 -5.069280601014814 0.6872241614768404 0.15 0.3127758385231596
v 12.827949590054473 57.692656582358914 -5.233902557237433 0.719025789684086 0.15 0.28097421031591396
v 13.642710266580172 60.142388652950096 -5.3987933251946565 0.7506427313916488 0.15 0.24935726860835117
v 14.485346423186805 62.583037028667185 -5.5581877647370295 0.7832497197805949 0.15 0.21675028021940512
v 15.325892336503788 65.02274270941786 -5.741145615064663 0.8163304814358906 0.15 0.1836695185641094
v 16.142232135993215 67.46792295152152 -5.957428687164305 0.8492679626541753 0.15 0.15073203734582474
v 16.918902555806504 69.92484566493636 -6.186050083271021 0.8812015677892102 0.15 0.11879843221078978
v 17.643299203115767 72.3984586261057 -6.406262919120077 0.9120153566091995 0.15 0.08798464339080048
v 18.30193093667681 74.89217251540401 -6.604860198409262 0.9418961762260689 0.15 0.058103823773931085
v 19.37171654479522 79.94422907470143 -6.904410500599925 1.0 0.15 0.0
l 1147 1148
l 1148 1149
l 1149 1150
l 1150 1151
l 1151 1152
l 1152 1153
l 1153 1154
l 1154 1155
l 1155 1156
l 1156 1157
l 1157 1158
l 1158 1159
l 1159 1160
l 1160 1161
l 1161 1162
l 1162 1163
l 1163 1164
l 1164 1165
l 1165 1166
l 1166 1167
l 1167 1168
l 1168 1169
l 1169 1170
l 1170 1171
l 1171 1172
l 1172 1173
l 1173 1174
l 1174 1175
l 1175 1176
l 1176 1177
l 1177 1178
v 20.110819620990178 0.05603843552883609 -4.436863986564919 0.0 0.15 1.0
v 19.61877944502068 2.5915558832509733 -4.323454985414401 0.029323482480824312 0.15 0.9706765175191757
v 19.034808333249778 5.106067396920401 -4.182586252209097 0.059092232785276574 0.15 0.9409077672147235
v 18.36898806737589 7.598759992604929 -4.018504260217274 0.08933633079911747 0.15 0.9106636692008825
v 17.63583323627411 10.07139934388072 -3.8380768537797256 0.1198674202388301 0.15 0.8801325797611699
v 16.85037383498201 12.527319022847527 -3.6494894039284165 0.1518340327601898 0.15 0.8481659672398102
v 16.028230565179136 14.971353152071796 -3.462659949157105 0.18392091826978105 0.15 0.8160790817302189
v 15.18926858392489 17.410278538170765 -3.283987700705089 0.2158302789152286 0.15 0.7841697210847713
v 14.351918431595063 19.850472458648795 -3.1154769205314294 0.2483781489404562 0.15 0.7516218510595438
v 13.539675190930721 22.299377250312585 -2.950389848559754 0.2808116130987464 0.15 0.7191883869012536
v 12.773167421984088 24.763191793898546 -2.7887304490639324 0.31284681552533206 0.15 0.6871531844746679
v 12.07312737604169 27.247049160579575 -2.6331474546154774 0.3447116699923731 0.15 0.6552883300076269
v 11.4611648372483 29.754485285685973 -2.4856324649426753 0.3759799510376799 0.15 0.6240200489623201
v 10.959181458959643 32.286724760965434 -2.3484995279609664 0.4070288864092244 0.15 0.5929711135907756
v 10.586062920398499 34.84210087510812 -2.230937148431117 0.4377269048521235 0.15 0.5622730951478765
v 10.355717703283442 37.415702807580196 -2.1495222245719243 0.4689607306433672 0.15 0.5310392693566328
v 10.278881095486769 39.999593657315785 -2.1195144433027977 0.49994803793446796 0.15 0.500051962065532
v 10.356787887870581 42.58349380044813 -2.145759825020705 0.5309785023064724 0.15 0.46902149769352763
v 10.588018133783848 45.157112941226174 -2.224089163377647 0.5621589205145451 0.15 0.4378410794854549
v 10.961703776491243 47.71249904526697 -2.339638726248309 0.5928152828563787 0.15 0.40718471714362126
v 11.4639613584395 50.24474107946618 -2.475735901678712 0.6238079550873965 0.15 0.3761920449126035
v 12.075982481849799 52.75218174505151 -2.622948964019813 0.6550562764310516 0.15 0.3449437235689484
v 12.775862199597112 55.23605591526524 -2.7789913367128474 0.6870397451706234 0.15 0.3129602548293766
v 13.541979550374025 57.69990814847727 -2.941924975486734 0.719173926030859 0.15 0.28082607396914105
v 14.35359097391942 60.14887743125525 -3.1091462909899734 0.7516717806480708 0.15 0.24832821935192917
v 15.190095027568368 62.58915899036629 -3.2805493813182682 0.7842515984172334 0.15 0.21574840158276665
v 16.02796544938709 65.0281842209471 -3.4629352725531755 0.8162548898407478 0.15 0.1837451101592522
v 16.848772567161497 67.47231714651332 -3.6542843190856256 0.8482876208753032 0.15 0.15171237912469682
v 17.632675460746427 69.92832564289995 -3.848128763452359 0.8803494648072926 0.15 0.11965053519270741
v 18.36408372393906 72.40104724658029 -4.034424286572036 0.9109410222480576 0.15 0.08905897775194238
v 19.02799007600737 74.8938194886826 -4.204926444853595 0.9411169114222587 0.15 0.05888308857774127
v 20.099718069127157 79.944016115211 -4.47356551396071 1.0 0.15 0.0
l 1179 1180
l 1180 1181
l 1181 1182
l 1182 1183
l 1183 1184
l 1184 1185
l 1185 1186
l 1186 1187
l 1187 1188
l 1188 1189
l 1189 1190
l 1190 1191
l 1191 1192
l 1192 1193
l 1193 1194
l 1194 1195
l 1195 1196
l 1196 1197
l 1197 1198
l 1198 1199
l 1199 1200
l 1200 1201
l 1201 1202
l 1202 1203
l 1203 1204
l 1204 1205
l 1205 1206
l 1206 1207
l 1207 1208
l 1208 1209
l 1209 1210
v 19.818422829400095 -0.008075905626526754 -1.8080598437754007 0.0 0.15 1.0
v 19.716508286069203 2.5980907632606796 -1.7816702093519956 0.01765349384211048 0.15 0.9823465061578895
v 19.414479845554197 5.1878249381047254 -1.7122141888845923 0.050064473240236884 0.15 0.9499355267597631
v 18.934091291800435 7.749216350889363 -1.6050504915155646 0.08234337656306395 0.15 0.9176566234369361
v 18.302924031382418 10.27627716461362 -1.467104682345213 0.11444467957894573 0.15 0.8855553204210542
v 17.55179358254431 12.769036183319095 -1.306596887075367 0.15809827765400658 0.15 0.8419017223459935
v 16.711635901159937 15.23233409504489 -1.1318279368026842 0.18984966575073012 0.15 0.8101503342492699
v 15.812845725799985 17.67434360658376 -0.949633359083801 0.2214260485228604 0.15 0.7785739514771396
v 14.885152595271588 20.105228690373966 -0.7633659289904701 0.24999999999999994 0.15 0.75
v 13.958198032985244 22.536193494129353 -0.5744423785624357 0.2823355858774782 0.15 0.7176644141225218
v 13.061614533247432 24.97834432800928 -0.3832819069450282 0.3145097390061754 0.15 0.6854902609938246
v 12.226505470485476 27.44222717738603 -0.19263329714394442 0.3463834515570658 0.15 0.6536165484429342
v 11.482497302060017 29.93528098456619 -0.004405793725686329 0.37786029895946316 0.15 0.6221397010405368
l 1211 1212
l 1212 1213
l 1213 1214
l 1214 1215
l 1215 1216
l 1216 1217
l 1217 1218
l 1218 1219
l 1219 1220
l 1220 1221
l 1221 1222
l 1222 1223
v 19.916718643089794 -0.0004345649301222856 0.8243428870820366 0.0 0.15 1.0
v 19.743212392910074 3.2455653545694263 0.783638708768762 0.03482651482323797 0.15 0.965173485176762
v 19.283273166898752 6.461940921794928 0.6802290242586235 0.07948808171333359 0.15 0.9205119182866665
v 18.5753701936658 9.631320352152347 0.5237300626110591 0.12202263734141518 0.15 0.8779773626585848
v 17.65962055819072 12.745033542194083 0.3237902347670771 0.15361654844293415 0.15 0.8463834515570658
l 1224 1225
l 1225 1226
l 1226 1227
l 1227 1228
v 11.531415987235533 50.22880469053803 -0.004481428478898477 0.6221397010405367 0.15 0.37786029895946327
v 12.351096087861322 52.929771561274215 -0.20970268591312222 0.657284777672735 0.15 0.34271522232726503
v 13.271863503559008 55.597702989808006 -0.419262868341244 0.6894598715221311 0.15 0.31054012847786894
v 14.254790392815329 58.24342488705128 -0.6292343391208971 0.720029583030774 0.15 0.279970416969226
v 15.261965348398515 60.88019114407559 -0.8373286929546873 0.767036495101505 0.15 0.23296350489849504
v 16.255916524591168 63.52217221633529 -1.0421777894978295 0.7994320702229173 0.15 0.2005679297770827
v 17.19902114643094 66.18308913437659 -1.2407111032829066 0.8315984034508328 0.15 0.1684015965491672
v 18.05296221100268 68.8746977121031 -1.4259166117430078 0.8633394257565302 0.15 0.13666057424346978
v 18.778440679274865 71.60494457403114 -1.5884150371415713 0.8998744555123505 0.15 0.10012554448764954
v 19.336491051105455 74.37574944278522 -1.7182677712092849 0.9385725573122449 0.15 0.06142744268775513
v 19.691352428732518 77.18138411273702 -1.805902242181453 0.9767949170954551 0.15 0.023205082904544927
v 19.814714177819944 80.00801879758498 -1.8440177906797386 1.0 0.15 0.0
l 1229 1230
l 1230 1231
l 1231 1232
l 1232 1233
l 1233 1234
l 1234 1235
l 1235 1236
l 1236 1237
l 1237 1238
l 1238 1239
l 1239 1240
v 17.6657139862349 67.27100585996546 0.3181017445176176 0.8463834515570658 0.15 0.15361654844293415
v 18.57977891294471 70.38107188929106 0.5104937695669552 0.8792134246974631 0.15 0.12078657530253689
v 19.28678757775213 73.54648760990649 0.6595673542190302 0.9207635333128358 0.15 0.07923646668716422
v 19.74640877333575 76.7587327247709 0.7552617967647987 0.9649050727139651 0.15 0.035094927286034916
v 19.92026303338102 80.0004344279125 0.7883174920126831 1.0 0.15 0.0
l 1241 1242
l 1242 1243
l 1243 1244
l 1244 1245
