# KnittingStitches from conjugate-height scales + smooth
v 19.92754249664223 -7.887345695263384e-12 1.474905846637781 0.55 0.55 0.55
v 19.92754328991005 2.666666666273227 1.474889699305962 0.55 0.55 0.55
v 19.603080712810875 2.666666666666665 3.9522077740823125 0.55 0.55 0.55
v 19.60308071278683 -1.0361158670629621e-15 3.952207774178286 0.55 0.55 0.55
v 19.60308071278683 -1.0361158670629621e-15 3.952207774178286 0.55 0.55 0.55
v 19.603080712810875 2.666666666666665 3.9522077740823125 0.55 0.55 0.55
v 18.94003982500406 2.666666666666665 6.361209754442309 0.55 0.55 0.55
v 18.940039825249606 -1.0361158670629621e-15 6.361209753756059 0.55 0.55 0.55
v 18.940039825249606 -1.0361158670629621e-15 6.361209753756059 0.55 0.55 0.55
v 18.94003982500406 2.666666666666665 6.361209754442309 0.55 0.55 0.55
v 17.99528602195914 2.666666666666665 8.673416125481063 0.55 0.55 0.55
v 17.995286022304576 -1.0361158670629621e-15 8.673416124750691 0.55 0.55 0.55
v 17.995286022304576 -1.0361158670629621e-15 8.673416124750691 0.55 0.55 0.55
v 17.99528602195914 2.666666666666665 8.673416125481063 0.55 0.55 0.55
v 16.781878860198084 2.666666666666665 10.856996080655746 0.55 0.55 0.55
v 16.78187886050054 -1.0361158670629621e-15 10.856996080151134 0.55 0.55 0.55
v 16.78187886050054 -1.0361158670629621e-15 10.856996080151134 0.55 0.55 0.55
v 16.781878860198084 2.666666666666665 10.856996080655746 0.55 0.55 0.55
v 15.298068054111448 2.666666666666665 12.86676076358352 0.55 0.55 0.55
v 15.298068054428356 -1.0361158670629621e-15 12.866760763233863 0.55 0.55 0.55
v 15.298068054428356 -1.0361158670629621e-15 12.866760763233863 0.55 0.55 0.55
v 15.298068054111448 2.666666666666665 12.86676076358352 0.55 0.55 0.55
v 13.564573975229832 2.666666666666665 14.665606980537076 0.55 0.55 0.55
v 13.564573975719341 -1.0361158670629621e-15 14.66560698009341 0.55 0.55 0.55
v 13.564573975719341 -1.0361158670629621e-15 14.66560698009341 0.55 0.55 0.55
v 13.564573975229832 2.666666666666665 14.665606980537076 0.55 0.55 0.55
v 11.6296125384161 2.666666666666665 16.245063093879633 0.55 0.55 0.55
v 11.629612538974893 -1.0361158670629621e-15 16.24506309346521 0.55 0.55 0.55
v 11.629612538974893 -1.0361158670629621e-15 16.24506309346521 0.55 0.55 0.55
v 11.6296125384161 2.666666666666665 16.245063093879633 0.55 0.55 0.55
v 9.519819777589023 2.666666666666665 17.583351503209215 0.55 0.55 0.55
v 9.519819777738128 -1.0361158670629621e-15 17.583351503119847 0.55 0.55 0.55
v 9.519819777738128 -1.0361158670629621e-15 17.583351503119847 0.55 0.55 0.55
v 9.519819777589023 2.666666666666665 17.583351503209215 0.55 0.55 0.55
v 7.247937492892803 2.666666666666665 18.622763597468698 0.55 0.55 0.55
v 7.247937493471703 -1.0361158670629621e-15 18.622763597261567 0.55 0.55 0.55
v 7.247937493471703 -1.0361158670629621e-15 18.622763597261567 0.55 0.55 0.55
v 7.247937492892803 2.666666666666665 18.622763597468698 0.55 0.55 0.55
v 4.8657641774544595 2.666666666666665 19.374246742636846 0.55 0.55 0.55
v 4.865764177998621 -1.0361158670629621e-15 19.37424674250054 0.55 0.55 0.55
v 4.865764177998621 -1.0361158670629621e-15 19.37424674250054 0.55 0.55 0.55
v 4.8657641774544595 2.666666666666665 19.374246742636846 0.55 0.55 0.55
v 2.4111024091562894 2.666666666666665 19.836830632964155 0.55 0.55 0.55
v 2.4111024096930067 -1.0361158670629621e-15 19.836830632884542 0.55 0.55 0.55
v 2.4111024096930067 -1.0361158670629621e-15 19.836830632884542 0.55 0.55 0.55
v 2.4111024091562894 2.666666666666665 19.836830632964155 0.55 0.55 0.55
v -0.08225608646048517 2.666666666666665 19.99595901618095 0.55 0.55 0.55
v -0.08225608635651646 -1.0361158670629621e-15 19.995959016186056 0.55 0.55 0.55
v -0.08225608635651646 -1.0361158670629621e-15 19.995959016186056 0.55 0.55 0.55
v -0.08225608646048517 2.666666666666665 19.99595901618095 0.55 0.55 0.55
v -2.574030241421362 2.666666666666665 19.812662573777562 0.55 0.55 0.55
v -2.5740302410066853 -1.0361158670629621e-15 19.812662573839074 0.55 0.55 0.55
v -2.5740302410066853 -1.0361158670629621e-15 19.812662573839074 0.55 0.55 0.55
v -2.574030241421362 2.666666666666665 19.812662573777562 0.55 0.55 0.55
v -5.025538583184152 2.666666666666665 19.33422533677688 0.55 0.55 0.55
v -5.025538582766527 -1.0361158670629621e-15 19.334225336881488 0.55 0.55 0.55
v -5.025538582766527 -1.0361158670629621e-15 19.334225336881488 0.55 0.55 0.55
v -5.025538583184152 2.666666666666665 19.33422533677688 0.55 0.55 0.55
v -7.403019759000526 2.666666666666665 18.5672742807205 0.55 0.55 0.55
v -7.403019758770725 -1.0361158670629621e-15 18.567274280802724 0.55 0.55 0.55
v -7.403019758770725 -1.0361158670629621e-15 18.567274280802724 0.55 0.55 0.55
v -7.403019759000526 2.666666666666665 18.5672742807205 0.55 0.55 0.55
v -9.66109674913599 2.666666666666665 17.49867334407443 0.55 0.55 0.55
v -9.661096748938583 -1.0361158670629621e-15 17.498673344192746 0.55 0.55 0.55
v -9.661096748938583 -1.0361158670629621e-15 17.498673344192746 0.55 0.55 0.55
v -9.66109674913599 2.666666666666665 17.49867334407443 0.55 0.55 0.55
v -11.761909315611659 2.666666666666665 16.14694512199101 0.55 0.55 0.55
v -11.761909315401859 -1.0361158670629621e-15 16.14694512214662 0.55 0.55 0.55
v -11.761909315401859 -1.0361158670629621e-15 16.14694512214662 0.55 0.55 0.55
v -11.761909315611659 2.666666666666665 16.14694512199101 0.55 0.55 0.55
v -13.686616457585885 2.666666666666665 14.554994114336836 0.55 0.55 0.55
v -13.686616457366107 -1.0361158670629621e-15 14.55499411453603 0.55 0.55 0.55
v -13.686616457366107 -1.0361158670629621e-15 14.55499411453603 0.55 0.55 0.55
v -13.686616457585885 2.666666666666665 14.554994114336836 0.55 0.55 0.55
v -15.408680919774499 2.666666666666665 12.74471828182016 0.55 0.55 0.55
v -15.408680919749898 -1.0361158670629621e-15 12.744718281847305 0.55 0.55 0.55
v -15.408680919749898 -1.0361158670629621e-15 12.744718281847305 0.55 0.55 0.55
v -15.408680919774499 2.666666666666665 12.74471828182016 0.55 0.55 0.55
v -16.866557019662018 2.666666666666665 10.715719108559641 0.55 0.55 0.55
v -16.86655701958029 -1.0361158670629621e-15 10.715719108695987 0.55 0.55 0.55
v -16.86655701958029 -1.0361158670629621e-15 10.715719108695987 0.55 0.55 0.55
v -16.866557019662018 2.666666666666665 10.715719108559641 0.55 0.55 0.55
v -18.065708869719106 2.666666666666665 8.524519529594288 0.55 0.55 0.55
v -18.065708869666732 -1.0361158670629621e-15 8.524519529705023 0.55 0.55 0.55
v -18.065708869666732 -1.0361158670629621e-15 8.524519529705023 0.55 0.55 0.55
v -18.065708869719106 2.666666666666665 8.524519529594288 0.55 0.55 0.55
v -18.995529142001473 2.666666666666665 6.20612748763807 0.55 0.55 0.55
v -18.995529141956837 -1.0361158670629621e-15 6.206127487762824 0.55 0.55 0.55
v -18.995529141956837 -1.0361158670629621e-15 6.206127487762824 0.55 0.55 0.55
v -18.995529142001473 2.666666666666665 6.20612748763807 0.55 0.55 0.55
v -19.632249763489728 2.666666666666665 3.790274701355529 0.55 0.55 0.55
v -19.63224976348718 -1.0361158670629621e-15 3.7902747013727134 0.55 0.55 0.55
v -19.63224976348718 -1.0361158670629621e-15 3.7902747013727134 0.55 0.55 0.55
v -19.632249763489728 2.666666666666665 3.790274701355529 0.55 0.55 0.55
v -19.935627713045886 2.666666666666665 1.310327543598668 0.55 0.55 0.55
v -19.935627713046138 -1.0361158670629621e-15 1.3103275435934327 0.55 0.55 0.55
v -19.935627713046138 -1.0361158670629621e-15 1.3103275435934327 0.55 0.55 0.55
v -19.935627713045886 2.666666666666665 1.310327543598668 0.55 0.55 0.55
v -19.941666059232585 2.666666666666665 -1.1874142263841865 0.55 0.55 0.55
v -19.941666059232844 -1.0361158670629621e-15 -1.1874142263788634 0.55 0.55 0.55
v -19.941666059232844 -1.0361158670629621e-15 -1.1874142263788634 0.55 0.55 0.55
v -19.941666059232585 2.666666666666665 -1.1874142263841865 0.55 0.55 0.55
v -19.650306641911488 2.666666666666665 -3.6685451062722967 0.55 0.55 0.55
v -19.65030664190614 -1.0361158670629621e-15 -3.6685451063083576 0.55 0.55 0.55
v -19.65030664190614 -1.0361158670629621e-15 -3.6685451063083576 0.55 0.55 0.55
v -19.650306641911488 2.666666666666665 -3.6685451062722967 0.55 0.55 0.55
v -19.03698732610432 2.666666666666665 -6.090259614033569 0.55 0.55 0.55
v -19.03698732606934 -1.0361158670629621e-15 -6.09025961413133 0.55 0.55 0.55
v -19.03698732606934 -1.0361158670629621e-15 -6.09025961413133 0.55 0.55 0.55
v -19.03698732610432 2.666666666666665 -6.090259614033569 0.55 0.55 0.55
v -18.118324464000846 2.666666666666665 -8.413273206443384 0.55 0.55 0.55
v -18.11832446394914 -1.0361158670629621e-15 -8.413273206552711 0.55 0.55 0.55
v -18.11832446394914 -1.0361158670629621e-15 -8.413273206552711 0.55 0.55 0.55
v -18.118324464000846 2.666666666666665 -8.413273206443384 0.55 0.55 0.55
v -16.929823301020317 2.666666666666665 -10.610165696408675 0.55 0.55 0.55
v -16.929823300939386 -1.0361158670629621e-15 -10.6101656965437 0.55 0.55 0.55
v -16.929823300939386 -1.0361158670629621e-15 -10.6101656965437 0.55 0.55 0.55
v -16.929823301020317 2.666666666666665 -10.610165696408675 0.55 0.55 0.55
v -15.487809250704482 2.666666666666665 -12.650651202818405 0.55 0.55 0.55
v -15.487809250688205 -1.0361158670629621e-15 -12.650651202840354 0.55 0.55 0.55
v -15.487809250688205 -1.0361158670629621e-15 -12.650651202840354 0.55 0.55 0.55
v -15.487809250704482 2.666666666666665 -12.650651202818405 0.55 0.55 0.55
v -13.777799048866102 2.666666666666665 -14.472351025025992 0.55 0.55 0.55
v -13.77779904864401 -1.0361158670629621e-15 -14.472351025227285 0.55 0.55 0.55
v -13.77779904864401 -1.0361158670629621e-15 -14.472351025227285 0.55 0.55 0.55
v -13.777799048866102 2.666666666666665 -14.472351025025992 0.55 0.55 0.55
v -11.860753281545389 2.666666666666665 -16.073637444537088 0.55 0.55 0.55
v -11.860753281331643 -1.0361158670629621e-15 -16.07363744469561 0.55 0.55 0.55
v -11.860753281331643 -1.0361158670629621e-15 -16.07363744469561 0.55 0.55 0.55
v -11.860753281545389 2.666666666666665 -16.073637444537088 0.55 0.55 0.55
v -9.766650161384232 2.666666666666665 -17.435407062657816 0.55 0.55 0.55
v -9.766650161104703 -1.0361158670629621e-15 -17.435407062825362 0.55 0.55 0.55
v -9.766650161104703 -1.0361158670629621e-15 -17.435407062825362 0.55 0.55 0.55
v -9.766650161384232 2.666666666666665 -17.435407062657816 0.55 0.55 0.55
v -7.518887632511006 2.666666666666665 -18.525816096651297 0.55 0.55 0.55
v -7.5188876323870675 -1.0361158670629621e-15 -18.525816096695642 0.55 0.55 0.55
v -7.5188876323870675 -1.0361158670629621e-15 -18.525816096695642 0.55 0.55 0.55
v -7.518887632511006 2.666666666666665 -18.525816096651297 0.55 0.55 0.55
v -5.144912132951725 2.666666666666665 -19.304323818680952 0.55 0.55 0.55
v -5.14491213254282 -1.0361158670629621e-15 -19.304323818783374 0.55 0.55 0.55
v -5.14491213254282 -1.0361158670629621e-15 -19.304323818783374 0.55 0.55 0.55
v -5.144912132951725 2.666666666666665 -19.304323818680952 0.55 0.55 0.55
v -2.6957598364983477 2.666666666666665 -19.79460569535674 0.55 0.55 0.55
v -2.695759836077419 -1.0361158670629621e-15 -19.794605695419175 0.55 0.55 0.55
v -2.695759836077419 -1.0361158670629621e-15 -19.794605695419175 0.55 0.55 0.55
v -2.6957598364983477 2.666666666666665 -19.79460569535674 0.55 0.55 0.55
v -0.20516940387876198 2.666666666666665 -19.989920669984237 0.55 0.55 0.55
v -0.205169403615868 -1.0361158670629621e-15 -19.98992066999715 0.55 0.55 0.55
v -0.205169403615868 -1.0361158670629621e-15 -19.98992066999715 0.55 0.55 0.55
v -0.20516940387876198 2.666666666666665 -19.989920669984237 0.55 0.55 0.55
v 2.2893728142416836 2.666666666666665 -19.8548875113609 0.55 0.55 0.55
v 2.289372814702643 -1.0361158670629621e-15 -19.85488751129252 0.55 0.55 0.55
v 2.289372814702643 -1.0361158670629621e-15 -19.85488751129252 0.55 0.55 0.55
v 2.2893728142416836 2.666666666666665 -19.8548875113609 0.55 0.55 0.55
v 4.746390627677045 2.666666666666665 -19.40414826073523 0.55 0.55 0.55
v 4.746390628216712 -1.0361158670629621e-15 -19.404148260600056 0.55 0.55 0.55
v 4.746390628216712 -1.0361158670629621e-15 -19.404148260600056 0.55 0.55 0.55
v 4.746390627677045 2.666666666666665 -19.40414826073523 0.55 0.55 0.55
v 7.13206961917517 2.666666666666665 -18.66422178161202 0.55 0.55 0.55
v 7.132069619748698 -1.0361158670629621e-15 -18.66422178140681 0.55 0.55 0.55
v 7.132069619748698 -1.0361158670629621e-15 -18.66422178140681 0.55 0.55 0.55
v 7.13206961917517 2.666666666666665 -18.66422178161202 0.55 0.55 0.55
v 9.413529178562005 2.666666666666665 -17.645238604475434 0.55 0.55 0.55
v 9.413529178579427 -1.0361158670629621e-15 -17.645238604467195 0.55 0.55 0.55
v 9.413529178579427 -1.0361158670629621e-15 -17.645238604467195 0.55 0.55 0.55
v 9.413529178562005 2.666666666666665 -17.645238604475434 0.55 0.55 0.55
v 11.530768572538024 2.666666666666665 -16.31837077129228 0.55 0.55 0.55
v 11.530768573100548 -1.0361158670629621e-15 -16.31837077087509 0.55 0.55 0.55
v 11.530768573100548 -1.0361158670629621e-15 -16.31837077087509 0.55 0.55 0.55
v 11.530768572538024 2.666666666666665 -16.31837077129228 0.55 0.55 0.55
v 13.473391383925875 2.666666666666665 -14.748250069869448 0.55 0.55 0.55
v 13.473391384426176 -1.0361158670629621e-15 -14.748250069416002 0.55 0.55 0.55
v 13.473391384426176 -1.0361158670629621e-15 -14.748250069416002 0.55 0.55 0.55
v 13.473391383925875 2.666666666666665 -14.748250069869448 0.55 0.55 0.55
v 15.215424964561207 2.666666666666665 -12.957943355127869 0.55 0.55 0.55
v 15.21542496503978 -1.0361158670629621e-15 -12.957943354599843 0.55 0.55 0.55
v 15.21542496503978 -1.0361158670629621e-15 -12.957943354599843 0.55 0.55 0.55
v 15.215424964561207 2.666666666666665 -12.957943355127869 0.55 0.55 0.55
v 16.718612579023922 2.666666666666665 -10.962549492499486 0.55 0.55 0.55
v 16.7186125791941 -1.0361158670629621e-15 -10.962549492215555 0.55 0.55 0.55
v 16.7186125791941 -1.0361158670629621e-15 -10.962549492215555 0.55 0.55 0.55
v 16.718612579023922 2.666666666666665 -10.962549492499486 0.55 0.55 0.55
v 17.942670427683918 2.666666666666665 -8.784662448618166 0.55 0.55 0.55
v 17.942670428021337 -1.0361158670629621e-15 -8.78466244790475 0.55 0.55 0.55
v 17.942670428021337 -1.0361158670629621e-15 -8.78466244790475 0.55 0.55 0.55
v 17.942670427683918 2.666666666666665 -8.784662448618166 0.55 0.55 0.55
v 18.898581640871036 2.666666666666665 -6.477077628131149 0.55 0.55 0.55
v 18.898581641119105 -1.0361158670629621e-15 -6.47707762743784 0.55 0.55 0.55
v 18.898581641119105 -1.0361158670629621e-15 -6.47707762743784 0.55 0.55 0.55
v 18.898581640871036 2.666666666666665 -6.477077628131149 0.55 0.55 0.55
v 19.57317919462003 2.6666666666666665 -4.071581324228813 0.55 0.55 0.55
v 19.573179194670644 -1.640516789516357e-15 -4.071581324026747 0.55 0.55 0.55
v 19.573179194670644 -1.640516789516357e-15 -4.071581324026747 0.55 0.55 0.55
v 19.57317919462003 2.6666666666666665 -4.071581324228813 0.55 0.55 0.55
v 19.9215056972307 2.666666666315847 -1.5977876785316645 0.55 0.55 0.55
v 19.921504956743 -7.761284931339454e-12 -1.5978027514998034 0.55 0.55 0.55
v 19.921504956743 -7.761284931339454e-12 -1.5978027514998034 0.55 0.55 0.55
v 19.9215056972307 2.666666666315847 -1.5977876785316645 0.55 0.55 0.55
v 19.92754328991005 2.666666666273227 1.474889699305962 0.55 0.55 0.55
v 19.92754249664223 -7.887345695263384e-12 1.474905846637781 0.55 0.55 0.55
v 19.92754328991005 2.666666666273227 1.474889699305962 0.55 0.55 0.55
v 19.92754379698163 5.3333333328687385 1.4748793776304312 0.55 0.55 0.55
v 19.60308071288224 5.333333333333331 3.9522077737974173 0.55 0.55 0.55
v 19.603080712810875 2.666666666666665 3.9522077740823125 0.55 0.55 0.55
v 19.603080712810875 2.666666666666665 3.9522077740823125 0.55 0.55 0.55
v 19.60308071288224 5.333333333333331 3.9522077737974173 0.55 0.55 0.55
v 18.94003982485236 5.333333333333331 6.361209754866284 0.55 0.55 0.55
v 18.94003982500406 2.666666666666665 6.361209754442309 0.55 0.55 0.55
v 18.94003982500406 2.666666666666665 6.361209754442309 0.55 0.55 0.55
v 18.94003982485236 5.333333333333331 6.361209754866284 0.55 0.55 0.55
v 17.995286021635472 5.333333333333331 8.673416126165396 0.55 0.55 0.55
v 17.99528602195914 2.666666666666665 8.673416125481063 0.55 0.55 0.55
v 17.99528602195914 2.666666666666665 8.673416125481063 0.55 0.55 0.55
v 17.995286021635472 5.333333333333331 8.673416126165396 0.55 0.55 0.55
v 16.781878860055055 5.333333333333331 10.856996080894385 0.55 0.55 0.55
v 16.781878860198084 2.666666666666665 10.856996080655746 0.55 0.55 0.55
v 16.781878860198084 2.666666666666665 10.856996080655746 0.55 0.55 0.55
v 16.781878860055055 5.333333333333331 10.856996080894385 0.55 0.55 0.55
v 15.298068053954928 5.333333333333331 12.866760763756211 0.55 0.55 0.55
v 15.298068054111448 2.666666666666665 12.86676076358352 0.55 0.55 0.55
v 15.298068054111448 2.666666666666665 12.86676076358352 0.55 0.55 0.55
v 15.298068053954928 5.333333333333331 12.866760763756211 0.55 0.55 0.55
v 13.564573974755218 5.333333333333331 14.665606980967242 0.55 0.55 0.55
v 13.564573975229832 2.666666666666665 14.665606980537076 0.55 0.55 0.55
v 13.564573975229832 2.666666666666665 14.665606980537076 0.55 0.55 0.55
v 13.564573974755218 5.333333333333331 14.665606980967242 0.55 0.55 0.55
v 11.629612537960202 5.333333333333331 16.245063094217752 0.55 0.55 0.55
v 11.6296125384161 2.666666666666665 16.245063093879633 0.55 0.55 0.55
v 11.6296125384161 2.666666666666665 16.245063093879633 0.55 0.55 0.55
v 11.629612537960202 5.333333333333331 16.245063094217752 0.55 0.55 0.55
v 9.519819777512874 5.333333333333331 17.583351503254864 0.55 0.55 0.55
v 9.519819777589023 2.666666666666665 17.583351503209215 0.55 0.55 0.55
v 9.519819777589023 2.666666666666665 17.583351503209215 0.55 0.55 0.55
v 9.519819777512874 5.333333333333331 17.583351503254864 0.55 0.55 0.55
v 7.247937492562282 5.333333333333331 18.622763597586957 0.55 0.55 0.55
v 7.247937492892803 2.666666666666665 18.622763597468698 0.55 0.55 0.55
v 7.247937492892803 2.666666666666665 18.622763597468698 0.55 0.55 0.55
v 7.247937492562282 5.333333333333331 18.622763597586957 0.55 0.55 0.55
v 4.865764176920309 5.333333333333331 19.374246742770637 0.55 0.55 0.55
v 4.8657641774544595 2.666666666666665 19.374246742636846 0.55 0.55 0.55
v 4.8657641774544595 2.666666666666665 19.374246742636846 0.55 0.55 0.55
v 4.865764176920309 5.333333333333331 19.374246742770637 0.55 0.55 0.55
v 2.411102408833104 5.333333333333331 19.836830633012095 0.55 0.55 0.55
v 2.4111024091562894 2.666666666666665 19.836830632964155 0.55 0.55 0.55
v 2.4111024091562894 2.666666666666665 19.836830632964155 0.55 0.55 0.55
v 2.411102408833104 5.333333333333331 19.836830633012095 0.55 0.55 0.55
v -0.08225608651577088 5.333333333333331 19.99595901617823 0.55 0.55 0.55
v -0.08225608646048517 2.666666666666665 19.99595901618095 0.55 0.55 0.55
v -0.08225608646048517 2.666666666666665 19.99595901618095 0.55 0.55 0.55
v -0.08225608651577088 5.333333333333331 19.99595901617823 0.55 0.55 0.55
v -2.574030241750808 5.333333333333331 19.812662573728698 0.55 0.55 0.55
v -2.574030241421362 2.666666666666665 19.812662573777562 0.55 0.55 0.55
v -2.574030241421362 2.666666666666665 19.812662573777562 0.55 0.55 0.55
v -2.574030241750808 5.333333333333331 19.812662573728698 0.55 0.55 0.55
v -5.025538583595767 5.333333333333331 19.33422533667377 0.55 0.55 0.55
v -5.025538583184152 2.666666666666665 19.33422533677688 0.55 0.55 0.55
v -5.025538583184152 2.666666666666665 19.33422533677688 0.55 0.55 0.55
v -5.025538583595767 5.333333333333331 19.33422533667377 0.55 0.55 0.55
v -7.403019759124038 5.333333333333331 18.56727428067631 0.55 0.55 0.55
v -7.403019759000526 2.666666666666665 18.5672742807205 0.55 0.55 0.55
v -7.403019759000526 2.666666666666665 18.5672742807205 0.55 0.55 0.55
v -7.403019759124038 5.333333333333331 18.56727428067631 0.55 0.55 0.55
v -9.661096749242104 5.333333333333331 17.498673344010825 0.55 0.55 0.55
v -9.66109674913599 2.666666666666665 17.49867334407443 0.55 0.55 0.55
v -9.66109674913599 2.666666666666665 17.49867334407443 0.55 0.55 0.55
v -9.661096749242104 5.333333333333331 17.498673344010825 0.55 0.55 0.55
v -11.761909315818453 5.333333333333331 16.14694512183764 0.55 0.55 0.55
v -11.761909315611659 2.666666666666665 16.14694512199101 0.55 0.55 0.55
v -11.761909315611659 2.666666666666665 16.14694512199101 0.55 0.55 0.55
v -11.761909315818453 5.333333333333331 16.14694512183764 0.55 0.55 0.55
v -13.68661645775918 5.333333333333331 14.554994114179769 0.55 0.55 0.55
v -13.686616457585885 2.666666666666665 14.554994114336836 0.55 0.55 0.55
v -13.686616457585885 2.666666666666665 14.554994114336836 0.55 0.55 0.55
v -13.68661645775918 5.333333333333331 14.554994114179769 0.55 0.55 0.55
v -15.408680919787706 5.333333333333331 12.744718281805586 0.55 0.55 0.55
v -15.408680919774499 2.666666666666665 12.74471828182016 0.55 0.55 0.55
v -15.408680919774499 2.666666666666665 12.74471828182016 0.55 0.55 0.55
v -15.408680919787706 5.333333333333331 12.744718281805586 0.55 0.55 0.55
v -16.86655701971193 5.333333333333331 10.715719108476373 0.55 0.55 0.55
v -16.866557019662018 2.666666666666665 10.715719108559641 0.55 0.55 0.55
v -16.866557019662018 2.666666666666665 10.715719108559641 0.55 0.55 0.55
v -16.86655701971193 5.333333333333331 10.715719108476373 0.55 0.55 0.55
v -18.065708869770607 5.333333333333331 8.524519529485396 0.55 0.55 0.55
v -18.065708869719106 2.666666666666665 8.524519529594288 0.55 0.55 0.55
v -18.065708869719106 2.666666666666665 8.524519529594288 0.55 0.55 0.55
v -18.065708869770607 5.333333333333331 8.524519529485396 0.55 0.55 0.55
v -18.995529142026893 5.333333333333331 6.206127487567019 0.55 0.55 0.55
v -18.995529142001473 2.666666666666665 6.20612748763807 0.55 0.55 0.55
v -18.995529142001473 2.666666666666665 6.20612748763807 0.55 0.55 0.55
v -18.995529142026893 5.333333333333331 6.206127487567019 0.55 0.55 0.55
v -19.632249763491103 5.333333333333331 3.7902747013462856 0.55 0.55 0.55
v -19.632249763489728 2.666666666666665 3.790274701355529 0.55 0.55 0.55
v -19.632249763489728 2.666666666666665 3.790274701355529 0.55 0.55 0.55
v -19.632249763491103 5.333333333333331 3.7902747013462856 0.55 0.55 0.55
v -19.935627713045672 5.333333333333331 1.3103275436030128 0.55 0.55 0.55
v -19.935627713045886 2.666666666666665 1.310327543598668 0.55 0.55 0.55
v -19.935627713045886 2.666666666666665 1.310327543598668 0.55 0.55 0.55
v -19.935627713045672 5.333333333333331 1.3103275436030128 0.55 0.55 0.55
v -19.94166605923233 5.333333333333331 -1.1874142263893879 0.55 0.55 0.55
v -19.941666059232585 2.666666666666665 -1.1874142263841865 0.55 0.55 0.55
v -19.941666059232585 2.666666666666665 -1.1874142263841865 0.55 0.55 0.55
v -19.94166605923233 5.333333333333331 -1.1874142263893879 0.55 0.55 0.55
v -19.65030664191437 5.333333333333331 -3.66854510625287 0.55 0.55 0.55
v -19.650306641911488 2.666666666666665 -3.6685451062722967 0.55 0.55 0.55
v -19.650306641911488 2.666666666666665 -3.6685451062722967 0.55 0.55 0.55
v -19.65030664191437 5.333333333333331 -3.66854510625287 0.55 0.55 0.55
v -19.03698732612311 5.333333333333331 -6.090259613981052 0.55 0.55 0.55
v -19.03698732610432 2.666666666666665 -6.090259614033569 0.55 0.55 0.55
v -19.03698732610432 2.666666666666665 -6.090259614033569 0.55 0.55 0.55
v -19.03698732612311 5.333333333333331 -6.090259613981052 0.55 0.55 0.55
v -18.118324464051785 5.333333333333331 -8.413273206335683 0.55 0.55 0.55
v -18.118324464000846 2.666666666666665 -8.413273206443384 0.55 0.55 0.55
v -18.118324464000846 2.666666666666665 -8.413273206443384 0.55 0.55 0.55
v -18.118324464051785 5.333333333333331 -8.413273206335683 0.55 0.55 0.55
v -16.92982330108127 5.333333333333331 -10.61016569630699 0.55 0.55 0.55
v -16.929823301020317 2.666666666666665 -10.610165696408675 0.55 0.55 0.55
v -16.929823301020317 2.666666666666665 -10.610165696408675 0.55 0.55 0.55
v -16.92982330108127 5.333333333333331 -10.61016569630699 0.55 0.55 0.55
v -15.48780925071323 5.333333333333331 -12.650651202806607 0.55 0.55 0.55
v -15.487809250704482 2.666666666666665 -12.650651202818405 0.55 0.55 0.55
v -15.487809250704482 2.666666666666665 -12.650651202818405 0.55 0.55 0.55
v -15.48780925071323 5.333333333333331 -12.650651202806607 0.55 0.55 0.55
v -13.777799049009488 5.333333333333331 -14.472351024896032 0.55 0.55 0.55
v -13.777799048866102 2.666666666666665 -14.472351025025992 0.55 0.55 0.55
v -13.777799048866102 2.666666666666665 -14.472351025025992 0.55 0.55 0.55
v -13.777799049009488 5.333333333333331 -14.472351024896032 0.55 0.55 0.55
v -11.86075328175557 5.333333333333331 -16.073637444381205 0.55 0.55 0.55
v -11.860753281545389 2.666666666666665 -16.073637444537088 0.55 0.55 0.55
v -11.860753281545389 2.666666666666665 -16.073637444537088 0.55 0.55 0.55
v -11.86075328175557 5.333333333333331 -16.073637444381205 0.55 0.55 0.55
v -9.766650161533514 5.333333333333331 -17.43540706256834 0.55 0.55 0.55
v -9.766650161384232 2.666666666666665 -17.435407062657816 0.55 0.55 0.55
v -9.766650161384232 2.666666666666665 -17.435407062657816 0.55 0.55 0.55
v -9.766650161533514 5.333333333333331 -17.43540706256834 0.55 0.55 0.55
v -7.518887632577724 5.333333333333331 -18.52581609662742 0.55 0.55 0.55
v -7.518887632511006 2.666666666666665 -18.525816096651297 0.55 0.55 0.55
v -7.518887632511006 2.666666666666665 -18.525816096651297 0.55 0.55 0.55
v -7.518887632577724 5.333333333333331 -18.52581609662742 0.55 0.55 0.55
v -5.144912133306053 5.333333333333331 -19.3043238185922 0.55 0.55 0.55
v -5.144912132951725 2.666666666666665 -19.304323818680952 0.55 0.55 0.55
v -5.144912132951725 2.666666666666665 -19.304323818680952 0.55 0.55 0.55
v -5.144912133306053 5.333333333333331 -19.3043238185922 0.55 0.55 0.55
v -2.695759836893466 5.333333333333331 -19.794605695298127 0.55 0.55 0.55
v -2.6957598364983477 2.666666666666665 -19.79460569535674 0.55 0.55 0.55
v -2.6957598364983477 2.666666666666665 -19.79460569535674 0.55 0.55 0.55
v -2.695759836893466 5.333333333333331 -19.794605695298127 0.55 0.55 0.55
v -0.2051694040202048 5.333333333333331 -19.989920669977284 0.55 0.55 0.55
v -0.20516940387876198 2.666666666666665 -19.989920669984237 0.55 0.55 0.55
v -0.20516940387876198 2.666666666666665 -19.989920669984237 0.55 0.55 0.55
v -0.2051694040202048 5.333333333333331 -19.989920669977284 0.55 0.55 0.55
v 2.289372813996104 5.333333333333331 -19.854887511397326 0.55 0.55 0.55
v 2.2893728142416836 2.666666666666665 -19.8548875113609 0.55 0.55 0.55
v 2.2893728142416836 2.666666666666665 -19.8548875113609 0.55 0.55 0.55
v 2.289372813996104 5.333333333333331 -19.854887511397326 0.55 0.55 0.55
v 4.746390627146711 5.333333333333331 -19.404148260868073 0.55 0.55 0.55
v 4.746390627677045 2.666666666666665 -19.40414826073523 0.55 0.55 0.55
v 4.746390627677045 2.666666666666665 -19.40414826073523 0.55 0.55 0.55
v 4.746390627146711 5.333333333333331 -19.404148260868073 0.55 0.55 0.55
v 7.132069618765926 5.333333333333331 -18.664221781758453 0.55 0.55 0.55
v 7.13206961917517 2.666666666666665 -18.66422178161202 0.55 0.55 0.55
v 7.13206961917517 2.666666666666665 -18.66422178161202 0.55 0.55 0.55
v 7.132069618765926 5.333333333333331 -18.664221781758453 0.55 0.55 0.55
v 9.413529178556493 5.333333333333331 -17.645238604478042 0.55 0.55 0.55
v 9.413529178562005 2.666666666666665 -17.645238604475434 0.55 0.55 0.55
v 9.413529178562005 2.666666666666665 -17.645238604475434 0.55 0.55 0.55
v 9.413529178556493 5.333333333333331 -17.645238604478042 0.55 0.55 0.55
v 11.530768572160916 5.333333333333331 -16.318370771571963 0.55 0.55 0.55
v 11.530768572538024 2.666666666666665 -16.31837077129228 0.55 0.55 0.55
v 11.530768572538024 2.666666666666665 -16.31837077129228 0.55 0.55 0.55
v 11.530768572160916 5.333333333333331 -16.318370771571963 0.55 0.55 0.55
v 13.473391383438658 5.333333333333331 -14.748250070311034 0.55 0.55 0.55
v 13.473391383925875 2.666666666666665 -14.748250069869448 0.55 0.55 0.55
v 13.473391383925875 2.666666666666665 -14.748250069869448 0.55 0.55 0.55
v 13.473391383438658 5.333333333333331 -14.748250070311034 0.55 0.55 0.55
v 15.215424964320784 5.333333333333331 -12.957943355393128 0.55 0.55 0.55
v 15.215424964561207 2.666666666666665 -12.957943355127869 0.55 0.55 0.55
v 15.215424964561207 2.666666666666665 -12.957943355127869 0.55 0.55 0.55
v 15.215424964320784 5.333333333333331 -12.957943355393128 0.55 0.55 0.55
v 16.71861257894979 5.333333333333331 -10.962549492623165 0.55 0.55 0.55
v 16.718612579023922 2.666666666666665 -10.962549492499486 0.55 0.55 0.55
v 16.718612579023922 2.666666666666665 -10.962549492499486 0.55 0.55 0.55
v 16.71861257894979 5.333333333333331 -10.962549492623165 0.55 0.55 0.55
v 17.94267042739804 5.333333333333331 -8.784662449222612 0.55 0.55 0.55
v 17.942670427683918 2.666666666666665 -8.784662448618166 0.55 0.55 0.55
v 17.942670427683918 2.666666666666665 -8.784662448618166 0.55 0.55 0.55
v 17.94267042739804 5.333333333333331 -8.784662449222612 0.55 0.55 0.55
v 18.89858164067553 5.333333333333331 -6.477077628677543 0.55 0.55 0.55
v 18.898581640871036 2.666666666666665 -6.477077628131149 0.55 0.55 0.55
v 18.898581640871036 2.666666666666665 -6.477077628131149 0.55 0.55 0.55
v 18.89858164067553 5.333333333333331 -6.477077628677543 0.55 0.55 0.55
v 19.573179194651882 5.333333333333335 -4.071581324101665 0.55 0.55 0.55
v 19.57317919462003 2.6666666666666665 -4.071581324228813 0.55 0.55 0.55
v 19.57317919462003 2.6666666666666665 -4.071581324228813 0.55 0.55 0.55
v 19.573179194651882 5.333333333333335 -4.071581324101665 0.55 0.55 0.55
v 19.921506092067986 5.333333332925377 -1.5977796414368721 0.55 0.55 0.55
v 19.9215056972307 2.666666666315847 -1.5977876785316645 0.55 0.55 0.55
v 19.9215056972307 2.666666666315847 -1.5977876785316645 0.55 0.55 0.55
v 19.921506092067986 5.333333332925377 -1.5977796414368721 0.55 0.55 0.55
v 19.92754379698163 5.3333333328687385 1.4748793776304312 0.55 0.55 0.55
v 19.92754328991005 2.666666666273227 1.474889699305962 0.55 0.55 0.55
v 19.92754379698163 5.3333333328687385 1.4748793776304312 0.55 0.55 0.55
v 19.92754401785133 7.999999999777511 1.474874881726165 0.55 0.55 0.55
v 19.60308071296261 7.999999999999998 3.9522077734765544 0.55 0.55 0.55
v 19.60308071288224 5.333333333333331 3.9522077737974173 0.55 0.55 0.55
v 19.60308071288224 5.333333333333331 3.9522077737974173 0.55 0.55 0.55
v 19.60308071296261 7.999999999999998 3.9522077734765544 0.55 0.55 0.55
v 18.94003982478118 7.999999999999998 6.36120975506521 0.55 0.55 0.55
v 18.94003982485236 5.333333333333331 6.361209754866284 0.55 0.55 0.55
v 18.94003982485236 5.333333333333331 6.361209754866284 0.55 0.55 0.55
v 18.94003982478118 7.999999999999998 6.36120975506521 0.55 0.55 0.55
v 17.99528602133062 7.999999999999998 8.67341612680995 0.55 0.55 0.55
v 17.995286021635472 5.333333333333331 8.673416126165396 0.55 0.55 0.55
v 17.995286021635472 5.333333333333331 8.673416126165396 0.55 0.55 0.55
v 17.99528602133062 7.999999999999998 8.67341612680995 0.55 0.55 0.55
v 16.781878860068048 7.999999999999998 10.856996080872698 0.55 0.55 0.55
v 16.781878860055055 5.333333333333331 10.856996080894385 0.55 0.55 0.55
v 16.781878860055055 5.333333333333331 10.856996080894385 0.55 0.55 0.55
v 16.781878860068048 7.999999999999998 10.856996080872698 0.55 0.55 0.55
v 15.298068053957245 7.999999999999998 12.866760763753657 0.55 0.55 0.55
v 15.298068053954928 5.333333333333331 12.866760763756211 0.55 0.55 0.55
v 15.298068053954928 5.333333333333331 12.866760763756211 0.55 0.55 0.55
v 15.298068053957245 7.999999999999998 12.866760763753657 0.55 0.55 0.55
v 13.56457397429557 7.999999999999998 14.665606981383839 0.55 0.55 0.55
v 13.564573974755218 5.333333333333331 14.665606980967242 0.55 0.55 0.55
v 13.564573974755218 5.333333333333331 14.665606980967242 0.55 0.55 0.55
v 13.56457397429557 7.999999999999998 14.665606981383839 0.55 0.55 0.55
v 11.629612537606846 7.999999999999998 16.245063094479818 0.55 0.55 0.55
v 11.629612537960202 5.333333333333331 16.245063094217752 0.55 0.55 0.55
v 11.629612537960202 5.333333333333331 16.245063094217752 0.55 0.55 0.55
v 11.629612537606846 7.999999999999998 16.245063094479818 0.55 0.55 0.55
v 9.519819777509195 7.999999999999998 17.583351503257067 0.55 0.55 0.55
v 9.519819777512874 5.333333333333331 17.583351503254864 0.55 0.55 0.55
v 9.519819777512874 5.333333333333331 17.583351503254864 0.55 0.55 0.55
v 9.519819777509195 7.999999999999998 17.583351503257067 0.55 0.55 0.55
v 7.247937492479704 7.999999999999998 18.622763597616505 0.55 0.55 0.55
v 7.247937492562282 5.333333333333331 18.622763597586957 0.55 0.55 0.55
v 7.247937492562282 5.333333333333331 18.622763597586957 0.55 0.55 0.55
v 7.247937492479704 7.999999999999998 18.622763597616505 0.55 0.55 0.55
v 4.86576417639623 7.999999999999998 19.374246742901917 0.55 0.55 0.55
v 4.865764176920309 5.333333333333331 19.374246742770637 0.55 0.55 0.55
v 4.865764176920309 5.333333333333331 19.374246742770637 0.55 0.55 0.55
v 4.86576417639623 7.999999999999998 19.374246742901917 0.55 0.55 0.55
v 2.4111024087232327 7.999999999999998 19.83683063302839 0.55 0.55 0.55
v 2.411102408833104 5.333333333333331 19.836830633012095 0.55 0.55 0.55
v 2.411102408833104 5.333333333333331 19.836830633012095 0.55 0.55 0.55
v 2.4111024087232327 7.999999999999998 19.83683063302839 0.55 0.55 0.55
v -0.082256086522466 7.999999999999998 19.9959590161779 0.55 0.55 0.55
v -0.08225608651577088 5.333333333333331 19.99595901617823 0.55 0.55 0.55
v -0.08225608651577088 5.333333333333331 19.99595901617823 0.55 0.55 0.55
v -0.082256086522466 7.999999999999998 19.9959590161779 0.55 0.55 0.55
v -2.5740302419950476 7.999999999999998 19.812662573692464 0.55 0.55 0.55
v -2.574030241750808 5.333333333333331 19.812662573728698 0.55 0.55 0.55
v -2.574030241750808 5.333333333333331 19.812662573728698 0.55 0.55 0.55
v -2.5740302419950476 7.999999999999998 19.812662573692464 0.55 0.55 0.55
v -5.025538584001343 7.999999999999998 19.33422533657218 0.55 0.55 0.55
v -5.025538583595767 5.333333333333331 19.33422533667377 0.55 0.55 0.55
v -5.025538583595767 5.333333333333331 19.33422533667377 0.55 0.55 0.55
v -5.025538584001343 7.999999999999998 19.33422533657218 0.55 0.55 0.55
v -7.403019759141287 7.999999999999998 18.567274280670134 0.55 0.55 0.55
v -7.403019759124038 5.333333333333331 18.56727428067631 0.55 0.55 0.55
v -7.403019759124038 5.333333333333331 18.56727428067631 0.55 0.55 0.55
v -7.403019759141287 7.999999999999998 18.567274280670134 0.55 0.55 0.55
v -9.661096749256945 7.999999999999998 17.49867334400193 0.55 0.55 0.55
v -9.661096749242104 5.333333333333331 17.498673344010825 0.55 0.55 0.55
v -9.661096749242104 5.333333333333331 17.498673344010825 0.55 0.55 0.55
v -9.661096749256945 7.999999999999998 17.49867334400193 0.55 0.55 0.55
v -11.761909316022226 7.999999999999998 16.146945121686514 0.55 0.55 0.55
v -11.761909315818453 5.333333333333331 16.14694512183764 0.55 0.55 0.55
v -11.761909315818453 5.333333333333331 16.14694512183764 0.55 0.55 0.55
v -11.761909316022226 7.999999999999998 16.146945121686514 0.55 0.55 0.55
v -13.686616457885993 7.999999999999998 14.554994114064836 0.55 0.55 0.55
v -13.68661645775918 5.333333333333331 14.554994114179769 0.55 0.55 0.55
v -13.68661645775918 5.333333333333331 14.554994114179769 0.55 0.55 0.55
v -13.686616457885993 7.999999999999998 14.554994114064836 0.55 0.55 0.55
v -15.408680919789525 7.999999999999998 12.74471828180358 0.55 0.55 0.55
v -15.408680919787706 5.333333333333331 12.744718281805586 0.55 0.55 0.55
v -15.408680919787706 5.333333333333331 12.744718281805586 0.55 0.55 0.55
v -15.408680919789525 7.999999999999998 12.74471828180358 0.55 0.55 0.55
v -16.866557019730024 7.999999999999998 10.715719108446184 0.55 0.55 0.55
v -16.86655701971193 5.333333333333331 10.715719108476373 0.55 0.55 0.55
v -16.86655701971193 5.333333333333331 10.715719108476373 0.55 0.55 0.55
v -16.866557019730024 7.999999999999998 10.715719108446184 0.55 0.55 0.55
v -18.065708869821243 7.999999999999998 8.524519529378338 0.55 0.55 0.55
v -18.065708869770607 5.333333333333331 8.524519529485396 0.55 0.55 0.55
v -18.065708869770607 5.333333333333331 8.524519529485396 0.55 0.55 0.55
v -18.065708869821243 7.999999999999998 8.524519529378338 0.55 0.55 0.55
v -18.995529142033106 7.999999999999998 6.206127487549663 0.55 0.55 0.55
v -18.995529142026893 5.333333333333331 6.206127487567019 0.55 0.55 0.55
v -18.995529142026893 5.333333333333331 6.206127487567019 0.55 0.55 0.55
v -18.995529142033106 7.999999999999998 6.206127487549663 0.55 0.55 0.55
v -19.632249763491295 7.999999999999998 3.790274701344983 0.55 0.55 0.55
v -19.632249763491103 5.333333333333331 3.7902747013462856 0.55 0.55 0.55
v -19.632249763491103 5.333333333333331 3.7902747013462856 0.55 0.55 0.55
v -19.632249763491295 7.999999999999998 3.790274701344983 0.55 0.55 0.55
v -19.935627713045506 7.999999999999998 1.3103275436064823 0.55 0.55 0.55
v -19.935627713045672 5.333333333333331 1.3103275436030128 0.55 0.55 0.55
v -19.935627713045672 5.333333333333331 1.3103275436030128 0.55 0.55 0.55
v -19.935627713045506 7.999999999999998 1.3103275436064823 0.55 0.55 0.55
v -19.941666059232084 7.999999999999998 -1.1874142263944363 0.55 0.55 0.55
v -19.94166605923233 5.333333333333331 -1.1874142263893879 0.55 0.55 0.55
v -19.94166605923233 5.333333333333331 -1.1874142263893879 0.55 0.55 0.55
v -19.941666059232084 7.999999999999998 -1.1874142263944363 0.55 0.55 0.55
v -19.65030664191479 7.999999999999998 -3.6685451062500603 0.55 0.55 0.55
v -19.65030664191437 5.333333333333331 -3.66854510625287 0.55 0.55 0.55
v -19.65030664191437 5.333333333333331 -3.66854510625287 0.55 0.55 0.55
v -19.65030664191479 7.999999999999998 -3.6685451062500603 0.55 0.55 0.55
v -19.036987326125704 7.999999999999998 -6.090259613973794 0.55 0.55 0.55
v -19.03698732612311 5.333333333333331 -6.090259613981052 0.55 0.55 0.55
v -19.03698732612311 5.333333333333331 -6.090259613981052 0.55 0.55 0.55
v -19.036987326125704 7.999999999999998 -6.090259613973794 0.55 0.55 0.55
v -18.11832446410194 7.999999999999998 -8.413273206229643 0.55 0.55 0.55
v -18.118324464051785 5.333333333333331 -8.413273206335683 0.55 0.55 0.55
v -18.118324464051785 5.333333333333331 -8.413273206335683 0.55 0.55 0.55
v -18.11832446410194 7.999999999999998 -8.413273206229643 0.55 0.55 0.55
v -16.92982330112223 7.999999999999998 -10.610165696238656 0.55 0.55 0.55
v -16.92982330108127 5.333333333333331 -10.61016569630699 0.55 0.55 0.55
v -16.92982330108127 5.333333333333331 -10.61016569630699 0.55 0.55 0.55
v -16.92982330112223 7.999999999999998 -10.610165696238656 0.55 0.55 0.55
v -15.487809250714447 7.999999999999998 -12.650651202804962 0.55 0.55 0.55
v -15.48780925071323 5.333333333333331 -12.650651202806607 0.55 0.55 0.55
v -15.48780925071323 5.333333333333331 -12.650651202806607 0.55 0.55 0.55
v -15.487809250714447 7.999999999999998 -12.650651202804962 0.55 0.55 0.55
v -13.77779904907418 7.999999999999998 -14.472351024837398 0.55 0.55 0.55
v -13.777799049009488 5.333333333333331 -14.472351024896032 0.55 0.55 0.55
v -13.777799049009488 5.333333333333331 -14.472351024896032 0.55 0.55 0.55
v -13.77779904907418 7.999999999999998 -14.472351024837398 0.55 0.55 0.55
v -11.860753281962172 7.999999999999998 -16.073637444227977 0.55 0.55 0.55
v -11.86075328175557 5.333333333333331 -16.073637444381205 0.55 0.55 0.55
v -11.86075328175557 5.333333333333331 -16.073637444381205 0.55 0.55 0.55
v -11.860753281962172 7.999999999999998 -16.073637444227977 0.55 0.55 0.55
v -9.766650161552546 7.999999999999998 -17.435407062556934 0.55 0.55 0.55
v -9.766650161533514 5.333333333333331 -17.43540706256834 0.55 0.55 0.55
v -9.766650161533514 5.333333333333331 -17.43540706256834 0.55 0.55 0.55
v -9.766650161552546 7.999999999999998 -17.435407062556934 0.55 0.55 0.55
v -7.518887632587233 7.999999999999998 -18.525816096624023 0.55 0.55 0.55
v -7.518887632577724 5.333333333333331 -18.52581609662742 0.55 0.55 0.55
v -7.518887632577724 5.333333333333331 -18.52581609662742 0.55 0.55 0.55
v -7.518887632587233 7.999999999999998 -18.525816096624023 0.55 0.55 0.55
v -5.144912133605763 7.999999999999998 -19.304323818517126 0.55 0.55 0.55
v -5.144912133306053 5.333333333333331 -19.3043238185922 0.55 0.55 0.55
v -5.144912133306053 5.333333333333331 -19.3043238185922 0.55 0.55 0.55
v -5.144912133605763 7.999999999999998 -19.304323818517126 0.55 0.55 0.55
v -2.6957598372627123 7.999999999999998 -19.794605695243355 0.55 0.55 0.55
v -2.695759836893466 5.333333333333331 -19.794605695298127 0.55 0.55 0.55
v -2.695759836893466 5.333333333333331 -19.794605695298127 0.55 0.55 0.55
v -2.6957598372627123 7.999999999999998 -19.794605695243355 0.55 0.55 0.55
v -0.2051694040402698 7.999999999999998 -19.9899206699763 0.55 0.55 0.55
v -0.2051694040202048 5.333333333333331 -19.989920669977284 0.55 0.55 0.55
v -0.2051694040202048 5.333333333333331 -19.989920669977284 0.55 0.55 0.55
v -0.2051694040402698 7.999999999999998 -19.9899206699763 0.55 0.55 0.55
v 2.2893728139656693 7.999999999999998 -19.85488751140184 0.55 0.55 0.55
v 2.289372813996104 5.333333333333331 -19.854887511397326 0.55 0.55 0.55
v 2.289372813996104 5.333333333333331 -19.854887511397326 0.55 0.55 0.55
v 2.2893728139656693 7.999999999999998 -19.85488751140184 0.55 0.55 0.55
v 4.74639062662577 7.999999999999998 -19.40414826099856 0.55 0.55 0.55
v 4.746390627146711 5.333333333333331 -19.404148260868073 0.55 0.55 0.55
v 4.746390627146711 5.333333333333331 -19.404148260868073 0.55 0.55 0.55
v 4.74639062662577 7.999999999999998 -19.40414826099856 0.55 0.55 0.55
v 7.13206961852071 7.999999999999998 -18.664221781846187 0.55 0.55 0.55
v 7.132069618765926 5.333333333333331 -18.664221781758453 0.55 0.55 0.55
v 7.132069618765926 5.333333333333331 -18.664221781758453 0.55 0.55 0.55
v 7.13206961852071 7.999999999999998 -18.664221781846187 0.55 0.55 0.55
v 9.413529178562536 7.999999999999998 -17.645238604475182 0.55 0.55 0.55
v 9.413529178556493 5.333333333333331 -17.645238604478042 0.55 0.55 0.55
v 9.413529178556493 5.333333333333331 -17.645238604478042 0.55 0.55 0.55
v 9.413529178562536 7.999999999999998 -17.645238604475182 0.55 0.55 0.55
v 11.530768571968466 7.999999999999998 -16.318370771714697 0.55 0.55 0.55
v 11.530768572160916 5.333333333333331 -16.318370771571963 0.55 0.55 0.55
v 11.530768572160916 5.333333333333331 -16.318370771571963 0.55 0.55 0.55
v 11.530768571968466 7.999999999999998 -16.318370771714697 0.55 0.55 0.55
v 13.473391382964637 7.999999999999998 -14.74825007074066 0.55 0.55 0.55
v 13.473391383438658 5.333333333333331 -14.748250070311034 0.55 0.55 0.55
v 13.473391383438658 5.333333333333331 -14.748250070311034 0.55 0.55 0.55
v 13.473391382964637 7.999999999999998 -14.74825007074066 0.55 0.55 0.55
v 15.215424964316634 7.999999999999998 -12.95794335539771 0.55 0.55 0.55
v 15.215424964320784 5.333333333333331 -12.957943355393128 0.55 0.55 0.55
v 15.215424964320784 5.333333333333331 -12.957943355393128 0.55 0.55 0.55
v 15.215424964316634 7.999999999999998 -12.95794335539771 0.55 0.55 0.55
v 16.718612578969374 7.999999999999998 -10.962549492590488 0.55 0.55 0.55
v 16.71861257894979 5.333333333333331 -10.962549492623165 0.55 0.55 0.55
v 16.71861257894979 5.333333333333331 -10.962549492623165 0.55 0.55 0.55
v 16.718612578969374 7.999999999999998 -10.962549492590488 0.55 0.55 0.55
v 17.94267042716009 7.999999999999998 -8.784662449725712 0.55 0.55 0.55
v 17.94267042739804 5.333333333333331 -8.784662449222612 0.55 0.55 0.55
v 17.94267042739804 5.333333333333331 -8.784662449222612 0.55 0.55 0.55
v 17.94267042716009 7.999999999999998 -8.784662449725712 0.55 0.55 0.55
v 18.89858164052112 7.999999999999998 -6.4770776291091 0.55 0.55 0.55
v 18.89858164067553 5.333333333333331 -6.477077628677543 0.55 0.55 0.55
v 18.89858164067553 5.333333333333331 -6.477077628677543 0.55 0.55 0.55
v 18.89858164052112 7.999999999999998 -6.4770776291091 0.55 0.55 0.55
v 19.5731791947265 8.000000000000004 -4.071581323803778 0.55 0.55 0.55
v 19.573179194651882 5.333333333333335 -4.071581324101665 0.55 0.55 0.55
v 19.573179194651882 5.333333333333335 -4.071581324101665 0.55 0.55 0.55
v 19.5731791947265 8.000000000000004 -4.071581323803778 0.55 0.55 0.55
v 19.921506141246887 7.9999999998193925 -1.5977786403777363 0.55 0.55 0.55
v 19.921506092067986 5.333333332925377 -1.5977796414368721 0.55 0.55 0.55
v 19.921506092067986 5.333333332925377 -1.5977796414368721 0.55 0.55 0.55
v 19.921506141246887 7.9999999998193925 -1.5977786403777363 0.55 0.55 0.55
v 19.92754401785133 7.999999999777511 1.474874881726165 0.55 0.55 0.55
v 19.92754379698163 5.3333333328687385 1.4748793776304312 0.55 0.55 0.55
v 19.92754401785133 7.999999999777511 1.474874881726165 0.55 0.55 0.55
v 19.927544056103674 10.666666666725064 1.4748741030820216 0.55 0.55 0.55
v 19.603080713024067 10.666666666666664 3.9522077732311898 0.55 0.55 0.55
v 19.60308071296261 7.999999999999998 3.9522077734765544 0.55 0.55 0.55
v 19.60308071296261 7.999999999999998 3.9522077734765544 0.55 0.55 0.55
v 19.603080713024067 10.666666666666664 3.9522077732311898 0.55 0.55 0.55
v 18.94003982483397 10.666666666666664 6.361209754917668 0.55 0.55 0.55
v 18.94003982478118 7.999999999999998 6.36120975506521 0.55 0.55 0.55
v 18.94003982478118 7.999999999999998 6.36120975506521 0.55 0.55 0.55
v 18.94003982483397 10.666666666666664 6.361209754917668 0.55 0.55 0.55
v 17.995286021363246 10.666666666666664 8.673416126740966 0.55 0.55 0.55
v 17.99528602133062 7.999999999999998 8.67341612680995 0.55 0.55 0.55
v 17.99528602133062 7.999999999999998 8.67341612680995 0.55 0.55 0.55
v 17.995286021363246 10.666666666666664 8.673416126740966 0.55 0.55 0.55
v 16.78187886008646 10.666666666666664 10.856996080841974 0.55 0.55 0.55
v 16.781878860068048 7.999999999999998 10.856996080872698 0.55 0.55 0.55
v 16.781878860068048 7.999999999999998 10.856996080872698 0.55 0.55 0.55
v 16.78187886008646 10.666666666666664 10.856996080841974 0.55 0.55 0.55
v 15.298068053966068 10.666666666666664 12.866760763743919 0.55 0.55 0.55
v 15.298068053957245 7.999999999999998 12.866760763753657 0.55 0.55 0.55
v 15.298068053957245 7.999999999999998 12.866760763753657 0.55 0.55 0.55
v 15.298068053966068 10.666666666666664 12.866760763743919 0.55 0.55 0.55
v 13.564573974291642 10.666666666666664 14.665606981387397 0.55 0.55 0.55
v 13.56457397429557 7.999999999999998 14.665606981383839 0.55 0.55 0.55
v 13.56457397429557 7.999999999999998 14.665606981383839 0.55 0.55 0.55
v 13.564573974291642 10.666666666666664 14.665606981387397 0.55 0.55 0.55
v 11.62961253759728 10.666666666666664 16.24506309448691 0.55 0.55 0.55
v 11.629612537606846 7.999999999999998 16.245063094479818 0.55 0.55 0.55
v 11.629612537606846 7.999999999999998 16.245063094479818 0.55 0.55 0.55
v 11.62961253759728 10.666666666666664 16.24506309448691 0.55 0.55 0.55
v 9.519819777508234 10.666666666666664 17.583351503257642 0.55 0.55 0.55
v 9.519819777509195 7.999999999999998 17.583351503257067 0.55 0.55 0.55
v 9.519819777509195 7.999999999999998 17.583351503257067 0.55 0.55 0.55
v 9.519819777508234 10.666666666666664 17.583351503257642 0.55 0.55 0.55
v 7.247937492456648 10.666666666666664 18.622763597624754 0.55 0.55 0.55
v 7.247937492479704 7.999999999999998 18.622763597616505 0.55 0.55 0.55
v 7.247937492479704 7.999999999999998 18.622763597616505 0.55 0.55 0.55
v 7.247937492456648 10.666666666666664 18.622763597624754 0.55 0.55 0.55
v 4.865764176364234 10.666666666666664 19.374246742909925 0.55 0.55 0.55
v 4.86576417639623 7.999999999999998 19.374246742901917 0.55 0.55 0.55
v 4.86576417639623 7.999999999999998 19.374246742901917 0.55 0.55 0.55
v 4.865764176364234 10.666666666666664 19.374246742909925 0.55 0.55 0.55
v 2.4111024086991635 10.666666666666664 19.836830633031955 0.55 0.55 0.55
v 2.4111024087232327 7.999999999999998 19.83683063302839 0.55 0.55 0.55
v 2.4111024087232327 7.999999999999998 19.83683063302839 0.55 0.55 0.55
v 2.4111024086991635 10.666666666666664 19.836830633031955 0.55 0.55 0.55
v -0.08225608652758402 10.666666666666664 19.995959016177643 0.55 0.55 0.55
v -0.082256086522466 7.999999999999998 19.9959590161779 0.55 0.55 0.55
v -0.082256086522466 7.999999999999998 19.9959590161779 0.55 0.55 0.55
v -0.08225608652758402 10.666666666666664 19.995959016177643 0.55 0.55 0.55
v -2.5740302420116934 10.666666666666664 19.812662573689998 0.55 0.55 0.55
v -2.5740302419950476 7.999999999999998 19.812662573692464 0.55 0.55 0.55
v -2.5740302419950476 7.999999999999998 19.812662573692464 0.55 0.55 0.55
v -2.5740302420116934 10.666666666666664 19.812662573689998 0.55 0.55 0.55
v -5.025538584024433 10.666666666666664 19.334225336566394 0.55 0.55 0.55
v -5.025538584001343 7.999999999999998 19.33422533657218 0.55 0.55 0.55
v -5.025538584001343 7.999999999999998 19.33422533657218 0.55 0.55 0.55
v -5.025538584024433 10.666666666666664 19.334225336566394 0.55 0.55 0.55
v -7.403019759155038 10.666666666666664 18.56727428066521 0.55 0.55 0.55
v -7.403019759141287 7.999999999999998 18.567274280670134 0.55 0.55 0.55
v -7.403019759141287 7.999999999999998 18.567274280670134 0.55 0.55 0.55
v -7.403019759155038 10.666666666666664 18.56727428066521 0.55 0.55 0.55
v -9.661096749268784 10.666666666666664 17.498673343994835 0.55 0.55 0.55
v -9.661096749256945 7.999999999999998 17.49867334400193 0.55 0.55 0.55
v -9.661096749256945 7.999999999999998 17.49867334400193 0.55 0.55 0.55
v -9.661096749268784 10.666666666666664 17.498673343994835 0.55 0.55 0.55
v -11.761909316034117 10.666666666666664 16.14694512167769 0.55 0.55 0.55
v -11.761909316022226 7.999999999999998 16.146945121686514 0.55 0.55 0.55
v -11.761909316022226 7.999999999999998 16.146945121686514 0.55 0.55 0.55
v -11.761909316034117 10.666666666666664 16.14694512167769 0.55 0.55 0.55
v -13.68661645789526 10.666666666666664 14.554994114056433 0.55 0.55 0.55
v -13.686616457885993 7.999999999999998 14.554994114064836 0.55 0.55 0.55
v -13.686616457885993 7.999999999999998 14.554994114064836 0.55 0.55 0.55
v -13.68661645789526 10.666666666666664 14.554994114056433 0.55 0.55 0.55
v -15.408680919790969 10.666666666666664 12.744718281801982 0.55 0.55 0.55
v -15.408680919789525 7.999999999999998 12.74471828180358 0.55 0.55 0.55
v -15.408680919789525 7.999999999999998 12.74471828180358 0.55 0.55 0.55
v -15.408680919790969 10.666666666666664 12.744718281801982 0.55 0.55 0.55
v -16.866557019734007 10.666666666666664 10.715719108439531 0.55 0.55 0.55
v -16.866557019730024 7.999999999999998 10.715719108446184 0.55 0.55 0.55
v -16.866557019730024 7.999999999999998 10.715719108446184 0.55 0.55 0.55
v -16.866557019734007 10.666666666666664 10.715719108439531 0.55 0.55 0.55
v -18.065708869824704 10.666666666666664 8.52451952937101 0.55 0.55 0.55
v -18.065708869821243 7.999999999999998 8.524519529378338 0.55 0.55 0.55
v -18.065708869821243 7.999999999999998 8.524519529378338 0.55 0.55 0.55
v -18.065708869824704 10.666666666666664 8.52451952937101 0.55 0.55 0.55
v -18.995529142035338 10.666666666666664 6.206127487543416 0.55 0.55 0.55
v -18.995529142033106 7.999999999999998 6.206127487549663 0.55 0.55 0.55
v -18.995529142033106 7.999999999999998 6.206127487549663 0.55 0.55 0.55
v -18.995529142035338 10.666666666666664 6.206127487543416 0.55 0.55 0.55
v -19.63224976349144 10.666666666666664 3.790274701343977 0.55 0.55 0.55
v -19.632249763491295 7.999999999999998 3.790274701344983 0.55 0.55 0.55
v -19.632249763491295 7.999999999999998 3.790274701344983 0.55 0.55 0.55
v -19.63224976349144 10.666666666666664 3.790274701343977 0.55 0.55 0.55
v -19.935627713045488 10.666666666666664 1.3103275436067408 0.55 0.55 0.55
v -19.935627713045506 7.999999999999998 1.3103275436064823 0.55 0.55 0.55
v -19.935627713045506 7.999999999999998 1.3103275436064823 0.55 0.55 0.55
v -19.935627713045488 10.666666666666664 1.3103275436067408 0.55 0.55 0.55
v -19.941666059232066 10.666666666666664 -1.1874142263947087 0.55 0.55 0.55
v -19.941666059232084 7.999999999999998 -1.1874142263944363 0.55 0.55 0.55
v -19.941666059232084 7.999999999999998 -1.1874142263944363 0.55 0.55 0.55
v -19.941666059232066 10.666666666666664 -1.1874142263947087 0.55 0.55 0.55
v -19.65030664191512 10.666666666666664 -3.6685451062478025 0.55 0.55 0.55
v -19.65030664191479 7.999999999999998 -3.6685451062500603 0.55 0.55 0.55
v -19.65030664191479 7.999999999999998 -3.6685451062500603 0.55 0.55 0.55
v -19.65030664191512 10.666666666666664 -3.6685451062478025 0.55 0.55 0.55
v -19.036987326127782 10.666666666666664 -6.090259613967983 0.55 0.55 0.55
v -19.036987326125704 7.999999999999998 -6.090259613973794 0.55 0.55 0.55
v -19.036987326125704 7.999999999999998 -6.090259613973794 0.55 0.55 0.55
v -19.036987326127782 10.666666666666664 -6.090259613967983 0.55 0.55 0.55
v -18.11832446410503 10.666666666666664 -8.413273206223106 0.55 0.55 0.55
v -18.11832446410194 7.999999999999998 -8.413273206229643 0.55 0.55 0.55
v -18.11832446410194 7.999999999999998 -8.413273206229643 0.55 0.55 0.55
v -18.11832446410503 10.666666666666664 -8.413273206223106 0.55 0.55 0.55
v -16.92982330112576 10.666666666666664 -10.61016569623276 0.55 0.55 0.55
v -16.92982330112223 7.999999999999998 -10.610165696238656 0.55 0.55 0.55
v -16.92982330112223 7.999999999999998 -10.610165696238656 0.55 0.55 0.55
v -16.92982330112576 10.666666666666664 -10.61016569623276 0.55 0.55 0.55
v -15.487809250715417 10.666666666666664 -12.650651202803653 0.55 0.55 0.55
v -15.487809250714447 7.999999999999998 -12.650651202804962 0.55 0.55 0.55
v -15.487809250714447 7.999999999999998 -12.650651202804962 0.55 0.55 0.55
v -15.487809250715417 10.666666666666664 -12.650651202803653 0.55 0.55 0.55
v -13.777799049084798 10.666666666666664 -14.47235102482777 0.55 0.55 0.55
v -13.77779904907418 7.999999999999998 -14.472351024837398 0.55 0.55 0.55
v -13.77779904907418 7.999999999999998 -14.472351024837398 0.55 0.55 0.55
v -13.777799049084798 10.666666666666664 -14.47235102482777 0.55 0.55 0.55
v -11.860753281976333 10.666666666666664 -16.073637444217475 0.55 0.55 0.55
v -11.860753281962172 7.999999999999998 -16.073637444227977 0.55 0.55 0.55
v -11.860753281962172 7.999999999999998 -16.073637444227977 0.55 0.55 0.55
v -11.860753281976333 10.666666666666664 -16.073637444217475 0.55 0.55 0.55
v -9.766650161566506 10.666666666666664 -17.435407062548563 0.55 0.55 0.55
v -9.766650161552546 7.999999999999998 -17.435407062556934 0.55 0.55 0.55
v -9.766650161552546 7.999999999999998 -17.435407062556934 0.55 0.55 0.55
v -9.766650161566506 10.666666666666664 -17.435407062548563 0.55 0.55 0.55
v -7.518887632594805 10.666666666666664 -18.52581609662131 0.55 0.55 0.55
v -7.518887632587233 7.999999999999998 -18.525816096624023 0.55 0.55 0.55
v -7.518887632587233 7.999999999999998 -18.525816096624023 0.55 0.55 0.55
v -7.518887632594805 10.666666666666664 -18.52581609662131 0.55 0.55 0.55
v -5.144912133623904 10.666666666666664 -19.30432381851258 0.55 0.55 0.55
v -5.144912133605763 7.999999999999998 -19.304323818517126 0.55 0.55 0.55
v -5.144912133605763 7.999999999999998 -19.304323818517126 0.55 0.55 0.55
v -5.144912133623904 10.666666666666664 -19.30432381851258 0.55 0.55 0.55
v -2.695759837282911 10.666666666666664 -19.794605695240353 0.55 0.55 0.55
v -2.6957598372627123 7.999999999999998 -19.794605695243355 0.55 0.55 0.55
v -2.6957598372627123 7.999999999999998 -19.794605695243355 0.55 0.55 0.55
v -2.695759837282911 10.666666666666664 -19.794605695240353 0.55 0.55 0.55
v -0.20516940405606646 10.666666666666664 -19.98992066997552 0.55 0.55 0.55
v -0.2051694040402698 7.999999999999998 -19.9899206699763 0.55 0.55 0.55
v -0.2051694040402698 7.999999999999998 -19.9899206699763 0.55 0.55 0.55
v -0.20516940405606646 10.666666666666664 -19.98992066997552 0.55 0.55 0.55
v 2.289372813941838 10.666666666666664 -19.854887511405373 0.55 0.55 0.55
v 2.2893728139656693 7.999999999999998 -19.85488751140184 0.55 0.55 0.55
v 2.2893728139656693 7.999999999999998 -19.85488751140184 0.55 0.55 0.55
v 2.289372813941838 10.666666666666664 -19.854887511405373 0.55 0.55 0.55
v 4.746390626596272 10.666666666666664 -19.404148261005947 0.55 0.55 0.55
v 4.74639062662577 7.999999999999998 -19.40414826099856 0.55 0.55 0.55
v 4.74639062662577 7.999999999999998 -19.40414826099856 0.55 0.55 0.55
v 4.746390626596272 10.666666666666664 -19.404148261005947 0.55 0.55 0.55
v 7.132069618500837 10.666666666666664 -18.664221781853296 0.55 0.55 0.55
v 7.13206961852071 7.999999999999998 -18.664221781846187 0.55 0.55 0.55
v 7.13206961852071 7.999999999999998 -18.664221781846187 0.55 0.55 0.55
v 7.132069618500837 10.666666666666664 -18.664221781853296 0.55 0.55 0.55
v 9.413529178569346 10.666666666666664 -17.645238604471956 0.55 0.55 0.55
v 9.413529178562536 7.999999999999998 -17.645238604475182 0.55 0.55 0.55
v 9.413529178562536 7.999999999999998 -17.645238604475182 0.55 0.55 0.55
v 9.413529178569346 10.666666666666664 -17.645238604471956 0.55 0.55 0.55
v 11.530768571956111 10.666666666666664 -16.318370771723853 0.55 0.55 0.55
v 11.530768571968466 7.999999999999998 -16.318370771714697 0.55 0.55 0.55
v 11.530768571968466 7.999999999999998 -16.318370771714697 0.55 0.55 0.55
v 11.530768571956111 10.666666666666664 -16.318370771723853 0.55 0.55 0.55
v 13.473391382954153 10.666666666666664 -14.748250070750158 0.55 0.55 0.55
v 13.473391382964637 7.999999999999998 -14.74825007074066 0.55 0.55 0.55
v 13.473391382964637 7.999999999999998 -14.74825007074066 0.55 0.55 0.55
v 13.473391382954153 10.666666666666664 -14.748250070750158 0.55 0.55 0.55
v 15.215424964320228 10.666666666666664 -12.95794335539374 0.55 0.55 0.55
v 15.215424964316634 7.999999999999998 -12.95794335539771 0.55 0.55 0.55
v 15.215424964316634 7.999999999999998 -12.95794335539771 0.55 0.55 0.55
v 15.215424964320228 10.666666666666664 -12.95794335539374 0.55 0.55 0.55
v 16.718612578992815 10.666666666666664 -10.962549492551373 0.55 0.55 0.55
v 16.718612578969374 7.999999999999998 -10.962549492590488 0.55 0.55 0.55
v 16.718612578969374 7.999999999999998 -10.962549492590488 0.55 0.55 0.55
v 16.718612578992815 10.666666666666664 -10.962549492551373 0.55 0.55 0.55
v 17.942670427195903 10.666666666666664 -8.784662449649991 0.55 0.55 0.55
v 17.94267042716009 7.999999999999998 -8.784662449725712 0.55 0.55 0.55
v 17.94267042716009 7.999999999999998 -8.784662449725712 0.55 0.55 0.55
v 17.942670427195903 10.666666666666664 -8.784662449649991 0.55 0.55 0.55
v 18.8985816405727 10.666666666666664 -6.4770776289649294 0.55 0.55 0.55
v 18.89858164052112 7.999999999999998 -6.4770776291091 0.55 0.55 0.55
v 18.89858164052112 7.999999999999998 -6.4770776291091 0.55 0.55 0.55
v 18.8985816405727 10.666666666666664 -6.4770776289649294 0.55 0.55 0.55
v 19.57317919478334 10.666666666666671 -4.071581323576843 0.55 0.55 0.55
v 19.5731791947265 8.000000000000004 -4.071581323803778 0.55 0.55 0.55
v 19.5731791947265 8.000000000000004 -4.071581323803778 0.55 0.55 0.55
v 19.57317919478334 10.666666666666671 -4.071581323576843 0.55 0.55 0.55
v 19.92150618057054 10.666666666713477 -1.5977778399266052 0.55 0.55 0.55
v 19.921506141246887 7.9999999998193925 -1.5977786403777363 0.55 0.55 0.55
v 19.921506141246887 7.9999999998193925 -1.5977786403777363 0.55 0.55 0.55
v 19.92150618057054 10.666666666713477 -1.5977778399266052 0.55 0.55 0.55
v 19.927544056103674 10.666666666725064 1.4748741030820216 0.55 0.55 0.55
v 19.92754401785133 7.999999999777511 1.474874881726165 0.55 0.55 0.55
v 19.927544056103674 10.666666666725064 1.4748741030820216 0.55 0.55 0.55
v 19.927543998283777 13.333333333654336 1.4748752800326532 0.55 0.55 0.55
v 19.603080713067786 13.33333333333333 3.9522077730566467 0.55 0.55 0.55
v 19.603080713024067 10.666666666666664 3.9522077732311898 0.55 0.55 0.55
v 19.603080713024067 10.666666666666664 3.9522077732311898 0.55 0.55 0.55
v 19.603080713067786 13.33333333333333 3.9522077730566467 0.55 0.55 0.55
v 18.940039824937625 13.33333333333333 6.361209754627963 0.55 0.55 0.55
v 18.94003982483397 10.666666666666664 6.361209754917668 0.55 0.55 0.55
v 18.94003982483397 10.666666666666664 6.361209754917668 0.55 0.55 0.55
v 18.940039824937625 13.33333333333333 6.361209754627963 0.55 0.55 0.55
v 17.995286021555664 13.33333333333333 8.67341612633413 0.55 0.55 0.55
v 17.995286021363246 10.666666666666664 8.673416126740966 0.55 0.55 0.55
v 17.995286021363246 10.666666666666664 8.673416126740966 0.55 0.55 0.55
v 17.995286021555664 13.33333333333333 8.67341612633413 0.55 0.55 0.55
v 16.78187886010469 13.33333333333333 10.856996080811564 0.55 0.55 0.55
v 16.78187886008646 10.666666666666664 10.856996080841974 0.55 0.55 0.55
v 16.78187886008646 10.666666666666664 10.856996080841974 0.55 0.55 0.55
v 16.78187886010469 13.33333333333333 10.856996080811564 0.55 0.55 0.55
v 15.298068053977161 13.33333333333333 12.866760763731676 0.55 0.55 0.55
v 15.298068053966068 10.666666666666664 12.866760763743919 0.55 0.55 0.55
v 15.298068053966068 10.666666666666664 12.866760763743919 0.55 0.55 0.55
v 15.298068053977161 13.33333333333333 12.866760763731676 0.55 0.55 0.55
v 13.564573974514627 13.33333333333333 14.665606981185297 0.55 0.55 0.55
v 13.564573974291642 10.666666666666664 14.665606981387397 0.55 0.55 0.55
v 13.564573974291642 10.666666666666664 14.665606981387397 0.55 0.55 0.55
v 13.564573974514627 13.33333333333333 14.665606981185297 0.55 0.55 0.55
v 11.629612537760364 13.33333333333333 16.245063094365953 0.55 0.55 0.55
v 11.62961253759728 10.666666666666664 16.24506309448691 0.55 0.55 0.55
v 11.62961253759728 10.666666666666664 16.24506309448691 0.55 0.55 0.55
v 11.629612537760364 13.33333333333333 16.245063094365953 0.55 0.55 0.55
v 9.519819777508982 13.33333333333333 17.58335150325719 0.55 0.55 0.55
v 9.519819777508234 10.666666666666664 17.583351503257642 0.55 0.55 0.55
v 9.519819777508234 10.666666666666664 17.583351503257642 0.55 0.55 0.55
v 9.519819777508982 13.33333333333333 17.58335150325719 0.55 0.55 0.55
v 7.247937492466325 13.33333333333333 18.62276359762129 0.55 0.55 0.55
v 7.247937492456648 10.666666666666664 18.622763597624754 0.55 0.55 0.55
v 7.247937492456648 10.666666666666664 18.622763597624754 0.55 0.55 0.55
v 7.247937492466325 13.33333333333333 18.62276359762129 0.55 0.55 0.55
v 4.865764176581935 13.33333333333333 19.37424674285539 0.55 0.55 0.55
v 4.865764176364234 10.666666666666664 19.374246742909925 0.55 0.55 0.55
v 4.865764176364234 10.666666666666664 19.374246742909925 0.55 0.55 0.55
v 4.865764176581935 13.33333333333333 19.37424674285539 0.55 0.55 0.55
v 2.4111024087210104 13.33333333333333 19.83683063302871 0.55 0.55 0.55
v 2.4111024086991635 10.666666666666664 19.836830633031955 0.55 0.55 0.55
v 2.4111024086991635 10.666666666666664 19.836830633031955 0.55 0.55 0.55
v 2.4111024087210104 13.33333333333333 19.83683063302871 0.55 0.55 0.55
v -0.08225608653122626 13.33333333333333 19.995959016177462 0.55 0.55 0.55
v -0.08225608652758402 10.666666666666664 19.995959016177643 0.55 0.55 0.55
v -0.08225608652758402 10.666666666666664 19.995959016177643 0.55 0.55 0.55
v -0.08225608653122626 13.33333333333333 19.995959016177462 0.55 0.55 0.55
v -2.5740302419124936 13.33333333333333 19.81266257370471 0.55 0.55 0.55
v -2.5740302420116934 10.666666666666664 19.812662573689998 0.55 0.55 0.55
v -2.5740302420116934 10.666666666666664 19.812662573689998 0.55 0.55 0.55
v -2.5740302419124936 13.33333333333333 19.81266257370471 0.55 0.55 0.55
v -5.025538583853455 13.33333333333333 19.334225336609222 0.55 0.55 0.55
v -5.025538584024433 10.666666666666664 19.334225336566394 0.55 0.55 0.55
v -5.025538584024433 10.666666666666664 19.334225336566394 0.55 0.55 0.55
v -5.025538583853455 13.33333333333333 19.334225336609222 0.55 0.55 0.55
v -7.4030197591653115 13.33333333333333 18.567274280661536 0.55 0.55 0.55
v -7.403019759155038 10.666666666666664 18.56727428066521 0.55 0.55 0.55
v -7.403019759155038 10.666666666666664 18.56727428066521 0.55 0.55 0.55
v -7.4030197591653115 13.33333333333333 18.567274280661536 0.55 0.55 0.55
v -9.661096749277654 13.33333333333333 17.498673343989513 0.55 0.55 0.55
v -9.661096749268784 10.666666666666664 17.498673343994835 0.55 0.55 0.55
v -9.661096749268784 10.666666666666664 17.498673343994835 0.55 0.55 0.55
v -9.661096749277654 13.33333333333333 17.498673343989513 0.55 0.55 0.55
v -11.761909315948618 13.33333333333333 16.146945121741094 0.55 0.55 0.55
v -11.761909316034117 10.666666666666664 16.14694512167769 0.55 0.55 0.55
v -11.761909316034117 10.666666666666664 16.14694512167769 0.55 0.55 0.55
v -11.761909315948618 13.33333333333333 16.146945121741094 0.55 0.55 0.55
v -13.68661645784462 13.33333333333333 14.554994114102326 0.55 0.55 0.55
v -13.68661645789526 10.666666666666664 14.554994114056433 0.55 0.55 0.55
v -13.68661645789526 10.666666666666664 14.554994114056433 0.55 0.55 0.55
v -13.68661645784462 13.33333333333333 14.554994114102326 0.55 0.55 0.55
v -15.408680919792062 13.33333333333333 12.744718281800777 0.55 0.55 0.55
v -15.408680919790969 10.666666666666664 12.744718281801982 0.55 0.55 0.55
v -15.408680919790969 10.666666666666664 12.744718281801982 0.55 0.55 0.55
v -15.408680919792062 13.33333333333333 12.744718281800777 0.55 0.55 0.55
v -16.866557019730454 13.33333333333333 10.715719108445455 0.55 0.55 0.55
v -16.866557019734007 10.666666666666664 10.715719108439531 0.55 0.55 0.55
v -16.866557019734007 10.666666666666664 10.715719108439531 0.55 0.55 0.55
v -16.866557019730454 13.33333333333333 10.715719108445455 0.55 0.55 0.55
v -18.065708869804173 13.33333333333333 8.524519529414416 0.55 0.55 0.55
v -18.065708869824704 10.666666666666664 8.52451952937101 0.55 0.55 0.55
v -18.065708869824704 10.666666666666664 8.52451952937101 0.55 0.55 0.55
v -18.065708869804173 13.33333333333333 8.524519529414416 0.55 0.55 0.55
v -18.995529142035323 13.33333333333333 6.206127487543455 0.55 0.55 0.55
v -18.995529142035338 10.666666666666664 6.206127487543416 0.55 0.55 0.55
v -18.995529142035338 10.666666666666664 6.206127487543416 0.55 0.55 0.55
v -18.995529142035323 13.33333333333333 6.206127487543455 0.55 0.55 0.55
v -19.632249763491558 13.33333333333333 3.7902747013432077 0.55 0.55 0.55
v -19.63224976349144 10.666666666666664 3.790274701343977 0.55 0.55 0.55
v -19.63224976349144 10.666666666666664 3.790274701343977 0.55 0.55 0.55
v -19.632249763491558 13.33333333333333 3.7902747013432077 0.55 0.55 0.55
v -19.93562771304556 13.33333333333333 1.310327543605344 0.55 0.55 0.55
v -19.935627713045488 10.666666666666664 1.3103275436067408 0.55 0.55 0.55
v -19.935627713045488 10.666666666666664 1.3103275436067408 0.55 0.55 0.55
v -19.93562771304556 13.33333333333333 1.310327543605344 0.55 0.55 0.55
v -19.941666059232173 13.33333333333333 -1.1874142263925542 0.55 0.55 0.55
v -19.941666059232066 10.666666666666664 -1.1874142263947087 0.55 0.55 0.55
v -19.941666059232066 10.666666666666664 -1.1874142263947087 0.55 0.55 0.55
v -19.941666059232173 13.33333333333333 -1.1874142263925542 0.55 0.55 0.55
v -19.65030664191537 13.33333333333333 -3.668545106246092 0.55 0.55 0.55
v -19.65030664191512 10.666666666666664 -3.6685451062478025 0.55 0.55 0.55
v -19.65030664191512 10.666666666666664 -3.6685451062478025 0.55 0.55 0.55
v -19.65030664191537 13.33333333333333 -3.668545106246092 0.55 0.55 0.55
v -19.03698732612935 13.33333333333333 -6.0902596139636005 0.55 0.55 0.55
v -19.036987326127782 10.666666666666664 -6.090259613967983 0.55 0.55 0.55
v -19.036987326127782 10.666666666666664 -6.090259613967983 0.55 0.55 0.55
v -19.03698732612935 13.33333333333333 -6.0902596139636005 0.55 0.55 0.55
v -18.118324464084235 13.33333333333333 -8.413273206267077 0.55 0.55 0.55
v -18.11832446410503 10.666666666666664 -8.413273206223106 0.55 0.55 0.55
v -18.11832446410503 10.666666666666664 -8.413273206223106 0.55 0.55 0.55
v -18.118324464084235 13.33333333333333 -8.413273206267077 0.55 0.55 0.55
v -16.92982330111018 13.33333333333333 -10.610165696258754 0.55 0.55 0.55
v -16.92982330112576 10.666666666666664 -10.61016569623276 0.55 0.55 0.55
v -16.92982330112576 10.666666666666664 -10.61016569623276 0.55 0.55 0.55
v -16.92982330111018 13.33333333333333 -10.610165696258754 0.55 0.55 0.55
v -15.48780925071616 13.33333333333333 -12.650651202802647 0.55 0.55 0.55
v -15.487809250715417 10.666666666666664 -12.650651202803653 0.55 0.55 0.55
v -15.487809250715417 10.666666666666664 -12.650651202803653 0.55 0.55 0.55
v -15.48780925071616 13.33333333333333 -12.650651202802647 0.55 0.55 0.55
v -13.77779904906708 13.33333333333333 -14.472351024843826 0.55 0.55 0.55
v -13.777799049084798 10.666666666666664 -14.47235102482777 0.55 0.55 0.55
v -13.777799049084798 10.666666666666664 -14.47235102482777 0.55 0.55 0.55
v -13.77779904906708 13.33333333333333 -14.472351024843826 0.55 0.55 0.55
v -11.860753281892574 13.33333333333333 -16.073637444279587 0.55 0.55 0.55
v -11.860753281976333 10.666666666666664 -16.073637444217475 0.55 0.55 0.55
v -11.860753281976333 10.666666666666664 -16.073637444217475 0.55 0.55 0.55
v -11.860753281892574 13.33333333333333 -16.073637444279587 0.55 0.55 0.55
v -9.766650161576257 13.33333333333333 -17.43540706254272 0.55 0.55 0.55
v -9.766650161566506 10.666666666666664 -17.435407062548563 0.55 0.55 0.55
v -9.766650161566506 10.666666666666664 -17.435407062548563 0.55 0.55 0.55
v -9.766650161576257 13.33333333333333 -17.43540706254272 0.55 0.55 0.55
v -7.518887632600514 13.33333333333333 -18.525816096619266 0.55 0.55 0.55
v -7.518887632594805 10.666666666666664 -18.52581609662131 0.55 0.55 0.55
v -7.518887632594805 10.666666666666664 -18.52581609662131 0.55 0.55 0.55
v -7.518887632600514 13.33333333333333 -18.525816096619266 0.55 0.55 0.55
v -5.1449121334990915 13.33333333333333 -19.304323818543843 0.55 0.55 0.55
v -5.144912133623904 10.666666666666664 -19.30432381851258 0.55 0.55 0.55
v -5.144912133623904 10.666666666666664 -19.30432381851258 0.55 0.55 0.55
v -5.1449121334990915 13.33333333333333 -19.304323818543843 0.55 0.55 0.55
v -2.695759837126207 13.33333333333333 -19.7946056952636 0.55 0.55 0.55
v -2.695759837282911 10.666666666666664 -19.794605695240353 0.55 0.55 0.55
v -2.695759837282911 10.666666666666664 -19.794605695240353 0.55 0.55 0.55
v -2.695759837126207 13.33333333333333 -19.7946056952636 0.55 0.55 0.55
v -0.20516940406776404 13.33333333333333 -19.989920669974946 0.55 0.55 0.55
v -0.20516940405606646 10.666666666666664 -19.98992066997552 0.55 0.55 0.55
v -0.20516940405606646 10.666666666666664 -19.98992066997552 0.55 0.55 0.55
v -0.20516940406776404 13.33333333333333 -19.989920669974946 0.55 0.55 0.55
v 2.2893728139242855 13.33333333333333 -19.854887511407973 0.55 0.55 0.55
v 2.289372813941838 10.666666666666664 -19.854887511405373 0.55 0.55 0.55
v 2.289372813941838 10.666666666666664 -19.854887511405373 0.55 0.55 0.55
v 2.2893728139242855 13.33333333333333 -19.854887511407973 0.55 0.55 0.55
v 4.746390626815771 13.33333333333333 -19.404148260950965 0.55 0.55 0.55
v 4.746390626596272 10.666666666666664 -19.404148261005947 0.55 0.55 0.55
v 4.746390626596272 10.666666666666664 -19.404148261005947 0.55 0.55 0.55
v 4.746390626815771 13.33333333333333 -19.404148260950965 0.55 0.55 0.55
v 7.13206961859593 13.33333333333333 -18.664221781819272 0.55 0.55 0.55
v 7.132069618500837 10.666666666666664 -18.664221781853296 0.55 0.55 0.55
v 7.132069618500837 10.666666666666664 -18.664221781853296 0.55 0.55 0.55
v 7.13206961859593 13.33333333333333 -18.664221781819272 0.55 0.55 0.55
v 9.413529178575866 13.33333333333333 -17.645238604468872 0.55 0.55 0.55
v 9.413529178569346 10.666666666666664 -17.645238604471956 0.55 0.55 0.55
v 9.413529178569346 10.666666666666664 -17.645238604471956 0.55 0.55 0.55
v 9.413529178575866 13.33333333333333 -17.645238604468872 0.55 0.55 0.55
v 11.53076857203524 13.33333333333333 -16.318370771665162 0.55 0.55 0.55
v 11.530768571956111 10.666666666666664 -16.318370771723853 0.55 0.55 0.55
v 11.530768571956111 10.666666666666664 -16.318370771723853 0.55 0.55 0.55
v 11.53076857203524 13.33333333333333 -16.318370771665162 0.55 0.55 0.55
v 13.47339138317537 13.33333333333333 -14.748250070549659 0.55 0.55 0.55
v 13.473391382954153 10.666666666666664 -14.748250070750158 0.55 0.55 0.55
v 13.473391382954153 10.666666666666664 -14.748250070750158 0.55 0.55 0.55
v 13.47339138317537 13.33333333333333 -14.748250070549659 0.55 0.55 0.55
v 15.215424964327353 13.33333333333333 -12.95794335538588 0.55 0.55 0.55
v 15.215424964320228 10.666666666666664 -12.95794335539374 0.55 0.55 0.55
v 15.215424964320228 10.666666666666664 -12.95794335539374 0.55 0.55 0.55
v 15.215424964327353 13.33333333333333 -12.95794335538588 0.55 0.55 0.55
v 16.718612579014763 13.33333333333333 -10.962549492514754 0.55 0.55 0.55
v 16.718612578992815 10.666666666666664 -10.962549492551373 0.55 0.55 0.55
v 16.718612578992815 10.666666666666664 -10.962549492551373 0.55 0.55 0.55
v 16.718612579014763 13.33333333333333 -10.962549492514754 0.55 0.55 0.55
v 17.94267042735998 13.33333333333333 -8.784662449303065 0.55 0.55 0.55
v 17.942670427195903 10.666666666666664 -8.784662449649991 0.55 0.55 0.55
v 17.942670427195903 10.666666666666664 -8.784662449649991 0.55 0.55 0.55
v 17.94267042735998 13.33333333333333 -8.784662449303065 0.55 0.55 0.55
v 18.898581640715243 13.33333333333333 -6.477077628566545 0.55 0.55 0.55
v 18.8985816405727 10.666666666666664 -6.4770776289649294 0.55 0.55 0.55
v 18.8985816405727 10.666666666666664 -6.4770776289649294 0.55 0.55 0.55
v 18.898581640715243 13.33333333333333 -6.477077628566545 0.55 0.55 0.55
v 19.573179194823577 13.33333333333334 -4.071581323416194 0.55 0.55 0.55
v 19.57317919478334 10.666666666666671 -4.071581323576843 0.55 0.55 0.55
v 19.57317919478334 10.666666666666671 -4.071581323576843 0.55 0.55 0.55
v 19.573179194823577 13.33333333333334 -4.071581323416194 0.55 0.55 0.55
v 19.92150621006958 13.333333333607612 -1.5977772394600074 0.55 0.55 0.55
v 19.92150618057054 10.666666666713477 -1.5977778399266052 0.55 0.55 0.55
v 19.92150618057054 10.666666666713477 -1.5977778399266052 0.55 0.55 0.55
v 19.92150621006958 13.333333333607612 -1.5977772394600074 0.55 0.55 0.55
v 19.927543998283777 13.333333333654336 1.4748752800326532 0.55 0.55 0.55
v 19.927544056103674 10.666666666725064 1.4748741030820216 0.55 0.55 0.55
v 19.927543998283777 13.333333333654336 1.4748752800326532 0.55 0.55 0.55
v 19.927543844392506 16.00000000056495 1.4748784125603345 0.55 0.55 0.55
v 19.603080713095856 16.0 3.9522077729445964 0.55 0.55 0.55
v 19.603080713067786 13.33333333333333 3.9522077730566467 0.55 0.55 0.55
v 19.603080713067786 13.33333333333333 3.9522077730566467 0.55 0.55 0.55
v 19.603080713095856 16.0 3.9522077729445964 0.55 0.55 0.55
v 18.9400398250911 16.0 6.361209754199022 0.55 0.55 0.55
v 18.940039824937625 13.33333333333333 6.361209754627963 0.55 0.55 0.55
v 18.940039824937625 13.33333333333333 6.361209754627963 0.55 0.55 0.55
v 18.9400398250911 16.0 6.361209754199022 0.55 0.55 0.55
v 17.995286021903173 16.0 8.673416125599388 0.55 0.55 0.55
v 17.995286021555664 13.33333333333333 8.67341612633413 0.55 0.55 0.55
v 17.995286021555664 13.33333333333333 8.67341612633413 0.55 0.55 0.55
v 17.995286021903173 16.0 8.673416125599388 0.55 0.55 0.55
v 16.781878860118717 16.0 10.856996080788152 0.55 0.55 0.55
v 16.78187886010469 13.33333333333333 10.856996080811564 0.55 0.55 0.55
v 16.78187886010469 13.33333333333333 10.856996080811564 0.55 0.55 0.55
v 16.781878860118717 16.0 10.856996080788152 0.55 0.55 0.55
v 15.29806805398672 16.0 12.866760763721128 0.55 0.55 0.55
v 15.298068053977161 13.33333333333333 12.866760763731676 0.55 0.55 0.55
v 15.298068053977161 13.33333333333333 12.866760763731676 0.55 0.55 0.55
v 15.29806805398672 16.0 12.866760763721128 0.55 0.55 0.55
v 13.564573974960538 16.0 14.665606980781142 0.55 0.55 0.55
v 13.564573974514627 13.33333333333333 14.665606981185297 0.55 0.55 0.55
v 13.564573974514627 13.33333333333333 14.665606981185297 0.55 0.55 0.55
v 13.564573974960538 16.0 14.665606980781142 0.55 0.55 0.55
v 11.629612538093555 16.0 16.24506309411884 0.55 0.55 0.55
v 11.629612537760364 13.33333333333333 16.245063094365953 0.55 0.55 0.55
v 11.629612537760364 13.33333333333333 16.245063094365953 0.55 0.55 0.55
v 11.629612538093555 16.0 16.24506309411884 0.55 0.55 0.55
v 9.519819777510321 16.0 17.583351503256388 0.55 0.55 0.55
v 9.519819777508982 13.33333333333333 17.58335150325719 0.55 0.55 0.55
v 9.519819777508982 13.33333333333333 17.58335150325719 0.55 0.55 0.55
v 9.519819777510321 16.0 17.583351503256388 0.55 0.55 0.55
v 7.247937492507889 16.0 18.62276359760642 0.55 0.55 0.55
v 7.247937492466325 13.33333333333333 18.62276359762129 0.55 0.55 0.55
v 7.247937492466325 13.33333333333333 18.62276359762129 0.55 0.55 0.55
v 7.247937492507889 16.0 18.62276359760642 0.55 0.55 0.55
v 4.865764177048447 16.0 19.37424674273854 0.55 0.55 0.55
v 4.865764176581935 13.33333333333333 19.37424674285539 0.55 0.55 0.55
v 4.865764176581935 13.33333333333333 19.37424674285539 0.55 0.55 0.55
v 4.865764177048447 16.0 19.37424674273854 0.55 0.55 0.55
v 2.4111024087884547 16.0 19.836830633018714 0.55 0.55 0.55
v 2.4111024087210104 13.33333333333333 19.83683063302871 0.55 0.55 0.55
v 2.4111024087210104 13.33333333333333 19.83683063302871 0.55 0.55 0.55
v 2.4111024087884547 16.0 19.836830633018714 0.55 0.55 0.55
v -0.08225608653352487 16.0 19.99595901617735 0.55 0.55 0.55
v -0.08225608653122626 13.33333333333333 19.995959016177462 0.55 0.55 0.55
v -0.08225608653122626 13.33333333333333 19.995959016177462 0.55 0.55 0.55
v -0.08225608653352487 16.0 19.99595901617735 0.55 0.55 0.55
v -2.574030241697616 16.0 19.81266257373658 0.55 0.55 0.55
v -2.5740302419124936 13.33333333333333 19.81266257370471 0.55 0.55 0.55
v -2.5740302419124936 13.33333333333333 19.81266257370471 0.55 0.55 0.55
v -2.574030241697616 16.0 19.81266257373658 0.55 0.55 0.55
v -5.025538583488555 16.0 19.334225336700626 0.55 0.55 0.55
v -5.025538583853455 13.33333333333333 19.334225336609222 0.55 0.55 0.55
v -5.025538583853455 13.33333333333333 19.334225336609222 0.55 0.55 0.55
v -5.025538583488555 16.0 19.334225336700626 0.55 0.55 0.55
v -7.403019759172133 16.0 18.567274280659095 0.55 0.55 0.55
v -7.4030197591653115 13.33333333333333 18.567274280661536 0.55 0.55 0.55
v -7.4030197591653115 13.33333333333333 18.567274280661536 0.55 0.55 0.55
v -7.403019759172133 16.0 18.567274280659095 0.55 0.55 0.55
v -9.661096749283551 16.0 17.498673343985978 0.55 0.55 0.55
v -9.661096749277654 13.33333333333333 17.498673343989513 0.55 0.55 0.55
v -9.661096749277654 13.33333333333333 17.498673343989513 0.55 0.55 0.55
v -9.661096749283551 16.0 17.498673343985978 0.55 0.55 0.55
v -11.761909315765742 16.0 16.146945121876726 0.55 0.55 0.55
v -11.761909315948618 13.33333333333333 16.146945121741094 0.55 0.55 0.55
v -11.761909315948618 13.33333333333333 16.146945121741094 0.55 0.55 0.55
v -11.761909315765742 16.0 16.146945121876726 0.55 0.55 0.55
v -13.686616457734065 16.0 14.55499411420253 0.55 0.55 0.55
v -13.68661645784462 13.33333333333333 14.554994114102326 0.55 0.55 0.55
v -13.68661645784462 13.33333333333333 14.554994114102326 0.55 0.55 0.55
v -13.686616457734065 16.0 14.55499411420253 0.55 0.55 0.55
v -15.408680919792781 16.0 12.74471828179998 0.55 0.55 0.55
v -15.408680919792062 13.33333333333333 12.744718281800777 0.55 0.55 0.55
v -15.408680919792062 13.33333333333333 12.744718281800777 0.55 0.55 0.55
v -15.408680919792781 16.0 12.74471828179998 0.55 0.55 0.55
v -16.86655701971936 16.0 10.715719108463965 0.55 0.55 0.55
v -16.866557019730454 13.33333333333333 10.715719108445455 0.55 0.55 0.55
v -16.866557019730454 13.33333333333333 10.715719108445455 0.55 0.55 0.55
v -16.86655701971936 16.0 10.715719108463965 0.55 0.55 0.55
v -18.065708869759643 16.0 8.524519529508565 0.55 0.55 0.55
v -18.065708869804173 13.33333333333333 8.524519529414416 0.55 0.55 0.55
v -18.065708869804173 13.33333333333333 8.524519529414416 0.55 0.55 0.55
v -18.065708869759643 16.0 8.524519529508565 0.55 0.55 0.55
v -18.99552914203305 16.0 6.206127487549804 0.55 0.55 0.55
v -18.995529142035323 13.33333333333333 6.206127487543455 0.55 0.55 0.55
v -18.995529142035323 13.33333333333333 6.206127487543455 0.55 0.55 0.55
v -18.99552914203305 16.0 6.206127487549804 0.55 0.55 0.55
v -19.632249763491632 16.0 3.790274701342696 0.55 0.55 0.55
v -19.632249763491558 13.33333333333333 3.7902747013432077 0.55 0.55 0.55
v -19.632249763491558 13.33333333333333 3.7902747013432077 0.55 0.55 0.55
v -19.632249763491632 16.0 3.790274701342696 0.55 0.55 0.55
v -19.93562771304571 16.0 1.3103275436022983 0.55 0.55 0.55
v -19.93562771304556 13.33333333333333 1.310327543605344 0.55 0.55 0.55
v -19.93562771304556 13.33333333333333 1.310327543605344 0.55 0.55 0.55
v -19.93562771304571 16.0 1.3103275436022983 0.55 0.55 0.55
v -19.941666059232396 16.0 -1.1874142263879852 0.55 0.55 0.55
v -19.941666059232173 13.33333333333333 -1.1874142263925542 0.55 0.55 0.55
v -19.941666059232173 13.33333333333333 -1.1874142263925542 0.55 0.55 0.55
v -19.941666059232396 16.0 -1.1874142263879852 0.55 0.55 0.55
v -19.650306641915545 16.0 -3.6685451062449372 0.55 0.55 0.55
v -19.65030664191537 13.33333333333333 -3.668545106246092 0.55 0.55 0.55
v -19.65030664191537 13.33333333333333 -3.668545106246092 0.55 0.55 0.55
v -19.650306641915545 16.0 -3.6685451062449372 0.55 0.55 0.55
v -19.036987326130404 16.0 -6.090259613960658 0.55 0.55 0.55
v -19.03698732612935 13.33333333333333 -6.0902596139636005 0.55 0.55 0.55
v -19.03698732612935 13.33333333333333 -6.0902596139636005 0.55 0.55 0.55
v -19.036987326130404 16.0 -6.090259613960658 0.55 0.55 0.55
v -18.11832446403953 16.0 -8.413273206361588 0.55 0.55 0.55
v -18.118324464084235 13.33333333333333 -8.413273206267077 0.55 0.55 0.55
v -18.118324464084235 13.33333333333333 -8.413273206267077 0.55 0.55 0.55
v -18.11832446403953 16.0 -8.413273206361588 0.55 0.55 0.55
v -16.92982330107547 16.0 -10.610165696316663 0.55 0.55 0.55
v -16.92982330111018 13.33333333333333 -10.610165696258754 0.55 0.55 0.55
v -16.92982330111018 13.33333333333333 -10.610165696258754 0.55 0.55 0.55
v -16.92982330107547 16.0 -10.610165696316663 0.55 0.55 0.55
v -15.487809250716694 16.0 -12.650651202801928 0.55 0.55 0.55
v -15.48780925071616 13.33333333333333 -12.650651202802647 0.55 0.55 0.55
v -15.48780925071616 13.33333333333333 -12.650651202802647 0.55 0.55 0.55
v -15.487809250716694 16.0 -12.650651202801928 0.55 0.55 0.55
v -13.777799049021045 16.0 -14.472351024885551 0.55 0.55 0.55
v -13.77779904906708 13.33333333333333 -14.472351024843826 0.55 0.55 0.55
v -13.77779904906708 13.33333333333333 -14.472351024843826 0.55 0.55 0.55
v -13.777799049021045 16.0 -14.472351024885551 0.55 0.55 0.55
v -11.86075328171089 16.0 -16.07363744441433 0.55 0.55 0.55
v -11.860753281892574 13.33333333333333 -16.073637444279587 0.55 0.55 0.55
v -11.860753281892574 13.33333333333333 -16.073637444279587 0.55 0.55 0.55
v -11.86075328171089 16.0 -16.07363744441433 0.55 0.55 0.55
v -9.766650161581747 16.0 -17.43540706253943 0.55 0.55 0.55
v -9.766650161576257 13.33333333333333 -17.43540706254272 0.55 0.55 0.55
v -9.766650161576257 13.33333333333333 -17.43540706254272 0.55 0.55 0.55
v -9.766650161581747 16.0 -17.43540706253943 0.55 0.55 0.55
v -7.518887632604322 16.0 -18.525816096617902 0.55 0.55 0.55
v -7.518887632600514 13.33333333333333 -18.525816096619266 0.55 0.55 0.55
v -7.518887632600514 13.33333333333333 -18.525816096619266 0.55 0.55 0.55
v -7.518887632604322 16.0 -18.525816096617902 0.55 0.55 0.55
v -5.1449121332314025 16.0 -19.30432381861089 0.55 0.55 0.55
v -5.1449121334990915 13.33333333333333 -19.304323818543843 0.55 0.55 0.55
v -5.1449121334990915 13.33333333333333 -19.304323818543843 0.55 0.55 0.55
v -5.1449121332314025 16.0 -19.30432381861089 0.55 0.55 0.55
v -2.6957598367927647 16.0 -19.79460569531306 0.55 0.55 0.55
v -2.695759837126207 13.33333333333333 -19.7946056952636 0.55 0.55 0.55
v -2.695759837126207 13.33333333333333 -19.7946056952636 0.55 0.55 0.55
v -2.6957598367927647 16.0 -19.79460569531306 0.55 0.55 0.55
v -0.20516940407549522 16.0 -19.989920669974563 0.55 0.55 0.55
v -0.20516940406776404 13.33333333333333 -19.989920669974946 0.55 0.55 0.55
v -0.20516940406776404 13.33333333333333 -19.989920669974946 0.55 0.55 0.55
v -0.20516940407549522 16.0 -19.989920669974563 0.55 0.55 0.55
v 2.2893728139127423 16.0 -19.854887511409686 0.55 0.55 0.55
v 2.2893728139242855 13.33333333333333 -19.854887511407973 0.55 0.55 0.55
v 2.2893728139242855 13.33333333333333 -19.854887511407973 0.55 0.55 0.55
v 2.2893728139127423 16.0 -19.854887511409686 0.55 0.55 0.55
v 4.746390627283417 16.0 -19.404148260833825 0.55 0.55 0.55
v 4.746390626815771 13.33333333333333 -19.404148260950965 0.55 0.55 0.55
v 4.746390626815771 13.33333333333333 -19.404148260950965 0.55 0.55 0.55
v 4.746390627283417 16.0 -19.404148260833825 0.55 0.55 0.55
v 7.1320696188050245 16.0 -18.664221781744455 0.55 0.55 0.55
v 7.13206961859593 13.33333333333333 -18.664221781819272 0.55 0.55 0.55
v 7.13206961859593 13.33333333333333 -18.664221781819272 0.55 0.55 0.55
v 7.1320696188050245 16.0 -18.664221781744455 0.55 0.55 0.55
v 9.413529178580998 16.0 -17.645238604466442 0.55 0.55 0.55
v 9.413529178575866 13.33333333333333 -17.645238604468872 0.55 0.55 0.55
v 9.413529178575866 13.33333333333333 -17.645238604468872 0.55 0.55 0.55
v 9.413529178580998 16.0 -17.645238604466442 0.55 0.55 0.55
v 11.530768572203723 16.0 -16.31837077154021 0.55 0.55 0.55
v 11.53076857203524 13.33333333333333 -16.318370771665162 0.55 0.55 0.55
v 11.53076857203524 13.33333333333333 -16.318370771665162 0.55 0.55 0.55
v 11.530768572203723 16.0 -16.31837077154021 0.55 0.55 0.55
v 13.473391383624383 16.0 -14.748250070142698 0.55 0.55 0.55
v 13.47339138317537 13.33333333333333 -14.748250070549659 0.55 0.55 0.55
v 13.47339138317537 13.33333333333333 -14.748250070549659 0.55 0.55 0.55
v 13.473391383624383 16.0 -14.748250070142698 0.55 0.55 0.55
v 15.215424964334249 16.0 -12.957943355378266 0.55 0.55 0.55
v 15.215424964327353 13.33333333333333 -12.95794335538588 0.55 0.55 0.55
v 15.215424964327353 13.33333333333333 -12.95794335538588 0.55 0.55 0.55
v 15.215424964334249 16.0 -12.957943355378266 0.55 0.55 0.55
v 16.718612579031273 16.0 -10.96254949248721 0.55 0.55 0.55
v 16.718612579014763 13.33333333333333 -10.962549492514754 0.55 0.55 0.55
v 16.718612579014763 13.33333333333333 -10.962549492514754 0.55 0.55 0.55
v 16.718612579031273 16.0 -10.96254949248721 0.55 0.55 0.55
v 17.942670427647823 16.0 -8.784662448694478 0.55 0.55 0.55
v 17.94267042735998 13.33333333333333 -8.784662449303065 0.55 0.55 0.55
v 17.94267042735998 13.33333333333333 -8.784662449303065 0.55 0.55 0.55
v 17.942670427647823 16.0 -8.784662448694478 0.55 0.55 0.55
v 18.898581640947448 16.0 -6.477077627917568 0.55 0.55 0.55
v 18.898581640715243 13.33333333333333 -6.477077628566545 0.55 0.55 0.55
v 18.898581640715243 13.33333333333333 -6.477077628566545 0.55 0.55 0.55
v 18.898581640947448 16.0 -6.477077627917568 0.55 0.55 0.55
v 19.573179194849317 16.000000000000007 -4.0715813233134455 0.55 0.55 0.55
v 19.573179194823577 13.33333333333334 -4.071581323416194 0.55 0.55 0.55
v 19.573179194823577 13.33333333333334 -4.071581323416194 0.55 0.55 0.55
v 19.573179194849317 16.000000000000007 -4.0715813233134455 0.55 0.55 0.55
v 19.921506229744875 16.000000000501785 -1.5977768389603408 0.55 0.55 0.55
v 19.92150621006958 13.333333333607612 -1.5977772394600074 0.55 0.55 0.55
v 19.92150621006958 13.333333333607612 -1.5977772394600074 0.55 0.55 0.55
v 19.921506229744875 16.000000000501785 -1.5977768389603408 0.55 0.55 0.55
v 19.927543844392506 16.00000000056495 1.4748784125603345 0.55 0.55 0.55
v 19.927543998283777 13.333333333654336 1.4748752800326532 0.55 0.55 0.55
v 19.927543844392506 16.00000000056495 1.4748784125603345 0.55 0.55 0.55
v 19.927543127639336 18.66666666685549 1.474893002401159 0.55 0.55 0.55
v 19.603080713135814 18.666666666666664 3.952207772785046 0.55 0.55 0.55
v 19.603080713095856 16.0 3.9522077729445964 0.55 0.55 0.55
v 19.603080713095856 16.0 3.9522077729445964 0.55 0.55 0.55
v 19.603080713135814 18.666666666666664 3.952207772785046 0.55 0.55 0.55
v 18.940039825357026 18.666666666666664 6.361209753455819 0.55 0.55 0.55
v 18.9400398250911 16.0 6.361209754199022 0.55 0.55 0.55
v 18.9400398250911 16.0 6.361209754199022 0.55 0.55 0.55
v 18.940039825357026 18.666666666666664 6.361209753455819 0.55 0.55 0.55
v 17.99528602224056 18.666666666666664 8.673416124886042 0.55 0.55 0.55
v 17.995286021903173 16.0 8.673416125599388 0.55 0.55 0.55
v 17.995286021903173 16.0 8.673416125599388 0.55 0.55 0.55
v 17.99528602224056 18.666666666666664 8.673416124886042 0.55 0.55 0.55
v 16.781878860410828 18.666666666666664 10.856996080300798 0.55 0.55 0.55
v 16.781878860118717 16.0 10.856996080788152 0.55 0.55 0.55
v 16.781878860118717 16.0 10.856996080788152 0.55 0.55 0.55
v 16.781878860410828 18.666666666666664 10.856996080300798 0.55 0.55 0.55
v 15.298068054286615 18.666666666666664 12.866760763390246 0.55 0.55 0.55
v 15.29806805398672 16.0 12.866760763721128 0.55 0.55 0.55
v 15.29806805398672 16.0 12.866760763721128 0.55 0.55 0.55
v 15.298068054286615 18.666666666666664 12.866760763390246 0.55 0.55 0.55
v 13.564573975411806 18.666666666666664 14.66560698037214 0.55 0.55 0.55
v 13.564573974960538 16.0 14.665606980781142 0.55 0.55 0.55
v 13.564573974960538 16.0 14.665606980781142 0.55 0.55 0.55
v 13.564573975411806 18.666666666666664 14.66560698037214 0.55 0.55 0.55
v 11.629612538613204 18.666666666666664 16.245063093733446 0.55 0.55 0.55
v 11.629612538093555 16.0 16.24506309411884 0.55 0.55 0.55
v 11.629612538093555 16.0 16.24506309411884 0.55 0.55 0.55
v 11.629612538613204 18.666666666666664 16.245063093733446 0.55 0.55 0.55
v 9.519819777648527 18.666666666666664 17.583351503173546 0.55 0.55 0.55
v 9.519819777510321 16.0 17.583351503256388 0.55 0.55 0.55
v 9.519819777510321 16.0 17.583351503256388 0.55 0.55 0.55
v 9.519819777648527 18.666666666666664 17.583351503173546 0.55 0.55 0.55
v 7.247937493032577 18.666666666666664 18.62276359741868 0.55 0.55 0.55
v 7.247937492507889 16.0 18.62276359760642 0.55 0.55 0.55
v 7.247937492507889 16.0 18.62276359760642 0.55 0.55 0.55
v 7.247937493032577 18.666666666666664 18.62276359741868 0.55 0.55 0.55
v 4.865764177522464 18.666666666666664 19.374246742619803 0.55 0.55 0.55
v 4.865764177048447 16.0 19.37424674273854 0.55 0.55 0.55
v 4.865764177048447 16.0 19.37424674273854 0.55 0.55 0.55
v 4.865764177522464 18.666666666666664 19.374246742619803 0.55 0.55 0.55
v 2.4111024092735667 18.666666666666664 19.83683063294675 0.55 0.55 0.55
v 2.4111024087884547 16.0 19.836830633018714 0.55 0.55 0.55
v 2.4111024087884547 16.0 19.836830633018714 0.55 0.55 0.55
v 2.4111024092735667 18.666666666666664 19.83683063294675 0.55 0.55 0.55
v -0.08225608644092522 18.666666666666664 19.9959590161819 0.55 0.55 0.55
v -0.08225608653352487 16.0 19.99595901617735 0.55 0.55 0.55
v -0.08225608653352487 16.0 19.99595901617735 0.55 0.55 0.55
v -0.08225608644092522 18.666666666666664 19.9959590161819 0.55 0.55 0.55
v -2.574030241317513 18.666666666666664 19.81266257379297 0.55 0.55 0.55
v -2.574030241697616 16.0 19.81266257373658 0.55 0.55 0.55
v -2.574030241697616 16.0 19.81266257373658 0.55 0.55 0.55
v -2.574030241317513 18.666666666666664 19.81266257379297 0.55 0.55 0.55
v -5.025538583117962 18.666666666666664 19.33422533679345 0.55 0.55 0.55
v -5.025538583488555 16.0 19.334225336700626 0.55 0.55 0.55
v -5.025538583488555 16.0 19.334225336700626 0.55 0.55 0.55
v -5.025538583117962 18.666666666666664 19.33422533679345 0.55 0.55 0.55
v -7.403019758970123 18.666666666666664 18.567274280731375 0.55 0.55 0.55
v -7.403019759172133 16.0 18.567274280659095 0.55 0.55 0.55
v -7.403019759172133 16.0 18.567274280659095 0.55 0.55 0.55
v -7.403019758970123 18.666666666666664 18.567274280731375 0.55 0.55 0.55
v -9.661096749109968 18.666666666666664 17.498673344090022 0.55 0.55 0.55
v -9.661096749283551 16.0 17.498673343985978 0.55 0.55 0.55
v -9.661096749283551 16.0 17.498673343985978 0.55 0.55 0.55
v -9.661096749109968 18.666666666666664 17.498673344090022 0.55 0.55 0.55
v -11.76190931557989 18.666666666666664 16.14694512201456 0.55 0.55 0.55
v -11.761909315765742 16.0 16.146945121876726 0.55 0.55 0.55
v -11.761909315765742 16.0 16.146945121876726 0.55 0.55 0.55
v -11.76190931557989 18.666666666666664 16.14694512201456 0.55 0.55 0.55
v -13.686616457532924 18.666666666666664 14.554994114384831 0.55 0.55 0.55
v -13.686616457734065 16.0 14.55499411420253 0.55 0.55 0.55
v -13.686616457734065 16.0 14.55499411420253 0.55 0.55 0.55
v -13.686616457532924 18.666666666666664 14.554994114384831 0.55 0.55 0.55
v -15.408680919771088 18.666666666666664 12.744718281823912 0.55 0.55 0.55
v -15.408680919792781 16.0 12.74471828179998 0.55 0.55 0.55
v -15.408680919792781 16.0 12.74471828179998 0.55 0.55 0.55
v -15.408680919771088 18.666666666666664 12.744718281823912 0.55 0.55 0.55
v -16.866557019645636 18.666666666666664 10.715719108586962 0.55 0.55 0.55
v -16.86655701971936 16.0 10.715719108463965 0.55 0.55 0.55
v -16.86655701971936 16.0 10.715719108463965 0.55 0.55 0.55
v -16.866557019645636 18.666666666666664 10.715719108586962 0.55 0.55 0.55
v -18.06570886971424 18.666666666666664 8.524519529604564 0.55 0.55 0.55
v -18.065708869759643 16.0 8.524519529508565 0.55 0.55 0.55
v -18.065708869759643 16.0 8.524519529508565 0.55 0.55 0.55
v -18.06570886971424 18.666666666666664 8.524519529604564 0.55 0.55 0.55
v -18.995529141992915 18.666666666666664 6.206127487661971 0.55 0.55 0.55
v -18.99552914203305 16.0 6.206127487549804 0.55 0.55 0.55
v -18.99552914203305 16.0 6.206127487549804 0.55 0.55 0.55
v -18.995529141992915 18.666666666666664 6.206127487661971 0.55 0.55 0.55
v -19.63224976348939 18.666666666666664 3.7902747013577853 0.55 0.55 0.55
v -19.632249763491632 16.0 3.790274701342696 0.55 0.55 0.55
v -19.632249763491632 16.0 3.790274701342696 0.55 0.55 0.55
v -19.63224976348939 18.666666666666664 3.7902747013577853 0.55 0.55 0.55
v -19.935627713045942 18.666666666666664 1.3103275435975352 0.55 0.55 0.55
v -19.93562771304571 16.0 1.3103275436022983 0.55 0.55 0.55
v -19.93562771304571 16.0 1.3103275436022983 0.55 0.55 0.55
v -19.935627713045942 18.666666666666664 1.3103275435975352 0.55 0.55 0.55
v -19.94166605923263 18.666666666666664 -1.187414226383206 0.55 0.55 0.55
v -19.941666059232396 16.0 -1.1874142263879852 0.55 0.55 0.55
v -19.941666059232396 16.0 -1.1874142263879852 0.55 0.55 0.55
v -19.94166605923263 18.666666666666664 -1.187414226383206 0.55 0.55 0.55
v -19.650306641910866 18.666666666666664 -3.6685451062764582 0.55 0.55 0.55
v -19.650306641915545 16.0 -3.6685451062449372 0.55 0.55 0.55
v -19.650306641915545 16.0 -3.6685451062449372 0.55 0.55 0.55
v -19.650306641910866 18.666666666666664 -3.6685451062764582 0.55 0.55 0.55
v -19.036987326099595 18.666666666666664 -6.090259614046744 0.55 0.55 0.55
v -19.036987326130404 16.0 -6.090259613960658 0.55 0.55 0.55
v -19.036987326130404 16.0 -6.090259613960658 0.55 0.55 0.55
v -19.036987326099595 18.666666666666664 -6.090259614046744 0.55 0.55 0.55
v -18.11832446399405 18.666666666666664 -8.413273206457747 0.55 0.55 0.55
v -18.11832446403953 16.0 -8.413273206361588 0.55 0.55 0.55
v -18.11832446403953 16.0 -8.413273206361588 0.55 0.55 0.55
v -18.11832446399405 18.666666666666664 -8.413273206457747 0.55 0.55 0.55
v -16.929823301001655 18.666666666666664 -10.610165696439813 0.55 0.55 0.55
v -16.92982330107547 16.0 -10.610165696316663 0.55 0.55 0.55
v -16.92982330107547 16.0 -10.610165696316663 0.55 0.55 0.55
v -16.929823301001655 18.666666666666664 -10.610165696439813 0.55 0.55 0.55
v -15.48780925070237 18.666666666666664 -12.650651202821239 0.55 0.55 0.55
v -15.487809250716694 16.0 -12.650651202801928 0.55 0.55 0.55
v -15.487809250716694 16.0 -12.650651202801928 0.55 0.55 0.55
v -15.48780925070237 18.666666666666664 -12.650651202821239 0.55 0.55 0.55
v -13.777799048820281 18.666666666666664 -14.472351025067507 0.55 0.55 0.55
v -13.777799049021045 16.0 -14.472351024885551 0.55 0.55 0.55
v -13.777799049021045 16.0 -14.472351024885551 0.55 0.55 0.55
v -13.777799048820281 18.666666666666664 -14.472351025067507 0.55 0.55 0.55
v -11.860753281525668 18.666666666666664 -16.073637444551704 0.55 0.55 0.55
v -11.86075328171089 16.0 -16.07363744441433 0.55 0.55 0.55
v -11.86075328171089 16.0 -16.07363744441433 0.55 0.55 0.55
v -11.860753281525668 18.666666666666664 -16.073637444551704 0.55 0.55 0.55
v -9.76665016133038 18.666666666666664 -17.43540706269009 0.55 0.55 0.55
v -9.766650161581747 16.0 -17.43540706253943 0.55 0.55 0.55
v -9.766650161581747 16.0 -17.43540706253943 0.55 0.55 0.55
v -9.76665016133038 18.666666666666664 -17.43540706269009 0.55 0.55 0.55
v -7.518887632495796 18.666666666666664 -18.52581609665673 0.55 0.55 0.55
v -7.518887632604322 16.0 -18.525816096617902 0.55 0.55 0.55
v -7.518887632604322 16.0 -18.525816096617902 0.55 0.55 0.55
v -7.518887632495796 18.666666666666664 -18.52581609665673 0.55 0.55 0.55
v -5.14491213285964 18.666666666666664 -19.30432381870401 0.55 0.55 0.55
v -5.1449121332314025 16.0 -19.30432381861089 0.55 0.55 0.55
v -5.1449121332314025 16.0 -19.30432381861089 0.55 0.55 0.55
v -5.14491213285964 18.666666666666664 -19.30432381870401 0.55 0.55 0.55
v -2.695759836413639 18.666666666666664 -19.794605695369295 0.55 0.55 0.55
v -2.6957598367927647 16.0 -19.79460569531306 0.55 0.55 0.55
v -2.6957598367927647 16.0 -19.79460569531306 0.55 0.55 0.55
v -2.695759836413639 18.666666666666664 -19.794605695369295 0.55 0.55 0.55
v -0.20516940384562402 18.666666666666664 -19.989920669985853 0.55 0.55 0.55
v -0.20516940407549522 16.0 -19.989920669974563 0.55 0.55 0.55
v -0.20516940407549522 16.0 -19.989920669974563 0.55 0.55 0.55
v -0.20516940384562402 18.666666666666664 -19.989920669985853 0.55 0.55 0.55
v 2.2893728143229337 18.666666666666664 -19.854887511348842 0.55 0.55 0.55
v 2.2893728139127423 16.0 -19.854887511409686 0.55 0.55 0.55
v 2.2893728139127423 16.0 -19.854887511409686 0.55 0.55 0.55
v 2.2893728143229337 18.666666666666664 -19.854887511348842 0.55 0.55 0.55
v 4.746390627758013 18.666666666666664 -19.404148260714944 0.55 0.55 0.55
v 4.746390627283417 16.0 -19.404148260833825 0.55 0.55 0.55
v 4.746390627283417 16.0 -19.404148260833825 0.55 0.55 0.55
v 4.746390627758013 18.666666666666664 -19.404148260714944 0.55 0.55 0.55
v 7.1320696193304345 18.666666666666664 -18.664221781556463 0.55 0.55 0.55
v 7.1320696188050245 16.0 -18.664221781744455 0.55 0.55 0.55
v 7.1320696188050245 16.0 -18.664221781744455 0.55 0.55 0.55
v 7.1320696193304345 18.666666666666664 -18.664221781556463 0.55 0.55 0.55
v 9.413529178604067 18.666666666666664 -17.645238604455532 0.55 0.55 0.55
v 9.413529178580998 16.0 -17.645238604466442 0.55 0.55 0.55
v 9.413529178580998 16.0 -17.645238604466442 0.55 0.55 0.55
v 9.413529178604067 18.666666666666664 -17.645238604455532 0.55 0.55 0.55
v 11.530768572722744 18.666666666666664 -16.318370771155276 0.55 0.55 0.55
v 11.530768572203723 16.0 -16.31837077154021 0.55 0.55 0.55
v 11.530768572203723 16.0 -16.31837077154021 0.55 0.55 0.55
v 11.530768572722744 18.666666666666664 -16.318370771155276 0.55 0.55 0.55
v 13.473391384074 18.666666666666664 -14.748250069735183 0.55 0.55 0.55
v 13.473391383624383 16.0 -14.748250070142698 0.55 0.55 0.55
v 13.473391383624383 16.0 -14.748250070142698 0.55 0.55 0.55
v 13.473391384074 18.666666666666664 -14.748250069735183 0.55 0.55 0.55
v 15.215424964782914 18.666666666666664 -12.957943354883241 0.55 0.55 0.55
v 15.215424964334249 16.0 -12.957943355378266 0.55 0.55 0.55
v 15.215424964334249 16.0 -12.957943355378266 0.55 0.55 0.55
v 15.215424964782914 18.666666666666664 -12.957943354883241 0.55 0.55 0.55
v 16.718612579206596 18.666666666666664 -10.962549492194698 0.55 0.55 0.55
v 16.718612579031273 16.0 -10.96254949248721 0.55 0.55 0.55
v 16.718612579031273 16.0 -10.96254949248721 0.55 0.55 0.55
v 16.718612579206596 18.666666666666664 -10.962549492194698 0.55 0.55 0.55
v 17.94267042798624 18.666666666666664 -8.78466244797895 0.55 0.55 0.55
v 17.942670427647823 16.0 -8.784662448694478 0.55 0.55 0.55
v 17.942670427647823 16.0 -8.784662448694478 0.55 0.55 0.55
v 17.94267042798624 18.666666666666664 -8.78466244797895 0.55 0.55 0.55
v 18.89858164121293 18.666666666666664 -6.477077627175599 0.55 0.55 0.55
v 18.898581640947448 16.0 -6.477077627917568 0.55 0.55 0.55
v 18.898581640947448 16.0 -6.477077627917568 0.55 0.55 0.55
v 18.89858164121293 18.666666666666664 -6.477077627175599 0.55 0.55 0.55
v 19.573179194950153 18.666666666666675 -4.071581322910872 0.55 0.55 0.55
v 19.573179194849317 16.000000000000007 -4.0715813233134455 0.55 0.55 0.55
v 19.573179194849317 16.000000000000007 -4.0715813233134455 0.55 0.55 0.55
v 19.573179194950153 18.666666666666675 -4.071581322910872 0.55 0.55 0.55
v 19.921505567911765 18.666666666834402 -1.597790310878062 0.55 0.55 0.55
v 19.921506229744875 16.000000000501785 -1.5977768389603408 0.55 0.55 0.55
v 19.921506229744875 16.000000000501785 -1.5977768389603408 0.55 0.55 0.55
v 19.921505567911765 18.666666666834402 -1.597790310878062 0.55 0.55 0.55
v 19.927543127639336 18.66666666685549 1.474893002401159 0.55 0.55 0.55
v 19.927543844392506 16.00000000056495 1.4748784125603345 0.55 0.55 0.55
v 19.927543127639336 18.66666666685549 1.474893002401159 0.55 0.55 0.55
v 19.927543127639336 21.333333333144516 1.474893002401147 0.55 0.55 0.55
v 19.60308071313582 21.333333333333332 3.952207772785034 0.55 0.55 0.55
v 19.603080713135814 18.666666666666664 3.952207772785046 0.55 0.55 0.55
v 19.603080713135814 18.666666666666664 3.952207772785046 0.55 0.55 0.55
v 19.60308071313582 21.333333333333332 3.952207772785034 0.55 0.55 0.55
v 18.94003982535703 21.333333333333332 6.361209753455808 0.55 0.55 0.55
v 18.940039825357026 18.666666666666664 6.361209753455819 0.55 0.55 0.55
v 18.940039825357026 18.666666666666664 6.361209753455819 0.55 0.55 0.55
v 18.94003982535703 21.333333333333332 6.361209753455808 0.55 0.55 0.55
v 17.995286022240567 21.333333333333332 8.673416124886032 0.55 0.55 0.55
v 17.99528602224056 18.666666666666664 8.673416124886042 0.55 0.55 0.55
v 17.99528602224056 18.666666666666664 8.673416124886042 0.55 0.55 0.55
v 17.995286022240567 21.333333333333332 8.673416124886032 0.55 0.55 0.55
v 16.78187886041083 21.333333333333332 10.856996080300785 0.55 0.55 0.55
v 16.781878860410828 18.666666666666664 10.856996080300798 0.55 0.55 0.55
v 16.781878860410828 18.666666666666664 10.856996080300798 0.55 0.55 0.55
v 16.78187886041083 21.333333333333332 10.856996080300785 0.55 0.55 0.55
v 15.298068054286626 21.333333333333332 12.866760763390232 0.55 0.55 0.55
v 15.298068054286615 18.666666666666664 12.866760763390246 0.55 0.55 0.55
v 15.298068054286615 18.666666666666664 12.866760763390246 0.55 0.55 0.55
v 15.298068054286626 21.333333333333332 12.866760763390232 0.55 0.55 0.55
v 13.564573975411816 21.333333333333332 14.665606980372127 0.55 0.55 0.55
v 13.564573975411806 18.666666666666664 14.66560698037214 0.55 0.55 0.55
v 13.564573975411806 18.666666666666664 14.66560698037214 0.55 0.55 0.55
v 13.564573975411816 21.333333333333332 14.665606980372127 0.55 0.55 0.55
v 11.629612538613214 21.333333333333332 16.245063093733435 0.55 0.55 0.55
v 11.629612538613204 18.666666666666664 16.245063093733446 0.55 0.55 0.55
v 11.629612538613204 18.666666666666664 16.245063093733446 0.55 0.55 0.55
v 11.629612538613214 21.333333333333332 16.245063093733435 0.55 0.55 0.55
v 9.51981977764854 21.333333333333332 17.58335150317354 0.55 0.55 0.55
v 9.519819777648527 18.666666666666664 17.583351503173546 0.55 0.55 0.55
v 9.519819777648527 18.666666666666664 17.583351503173546 0.55 0.55 0.55
v 9.51981977764854 21.333333333333332 17.58335150317354 0.55 0.55 0.55
v 7.247937493032594 21.333333333333332 18.622763597418672 0.55 0.55 0.55
v 7.247937493032577 18.666666666666664 18.62276359741868 0.55 0.55 0.55
v 7.247937493032577 18.666666666666664 18.62276359741868 0.55 0.55 0.55
v 7.247937493032594 21.333333333333332 18.622763597418672 0.55 0.55 0.55
v 4.865764177522486 21.333333333333332 19.374246742619793 0.55 0.55 0.55
v 4.865764177522464 18.666666666666664 19.374246742619803 0.55 0.55 0.55
v 4.865764177522464 18.666666666666664 19.374246742619803 0.55 0.55 0.55
v 4.865764177522486 21.333333333333332 19.374246742619793 0.55 0.55 0.55
v 2.411102409273594 21.333333333333332 19.836830632946743 0.55 0.55 0.55
v 2.4111024092735667 18.666666666666664 19.83683063294675 0.55 0.55 0.55
v 2.4111024092735667 18.666666666666664 19.83683063294675 0.55 0.55 0.55
v 2.411102409273594 21.333333333333332 19.836830632946743 0.55 0.55 0.55
v -0.08225608644089454 21.333333333333332 19.9959590161819 0.55 0.55 0.55
v -0.08225608644092522 18.666666666666664 19.9959590161819 0.55 0.55 0.55
v -0.08225608644092522 18.666666666666664 19.9959590161819 0.55 0.55 0.55
v -0.08225608644089454 21.333333333333332 19.9959590161819 0.55 0.55 0.55
v -2.5740302413174763 21.333333333333332 19.81266257379297 0.55 0.55 0.55
v -2.574030241317513 18.666666666666664 19.81266257379297 0.55 0.55 0.55
v -2.574030241317513 18.666666666666664 19.81266257379297 0.55 0.55 0.55
v -2.5740302413174763 21.333333333333332 19.81266257379297 0.55 0.55 0.55
v -5.025538583117919 21.333333333333332 19.33422533679346 0.55 0.55 0.55
v -5.025538583117962 18.666666666666664 19.33422533679345 0.55 0.55 0.55
v -5.025538583117962 18.666666666666664 19.33422533679345 0.55 0.55 0.55
v -5.025538583117919 21.333333333333332 19.33422533679346 0.55 0.55 0.55
v -7.4030197589700775 21.333333333333332 18.56727428073139 0.55 0.55 0.55
v -7.403019758970123 18.666666666666664 18.567274280731375 0.55 0.55 0.55
v -7.403019758970123 18.666666666666664 18.567274280731375 0.55 0.55 0.55
v -7.4030197589700775 21.333333333333332 18.56727428073139 0.55 0.55 0.55
v -9.661096749109925 21.333333333333332 17.498673344090044 0.55 0.55 0.55
v -9.661096749109968 18.666666666666664 17.498673344090022 0.55 0.55 0.55
v -9.661096749109968 18.666666666666664 17.498673344090022 0.55 0.55 0.55
v -9.661096749109925 21.333333333333332 17.498673344090044 0.55 0.55 0.55
v -11.761909315579853 21.333333333333332 16.14694512201459 0.55 0.55 0.55
v -11.76190931557989 18.666666666666664 16.14694512201456 0.55 0.55 0.55
v -11.76190931557989 18.666666666666664 16.14694512201456 0.55 0.55 0.55
v -11.761909315579853 21.333333333333332 16.14694512201459 0.55 0.55 0.55
v -13.68661645753289 21.333333333333332 14.554994114384861 0.55 0.55 0.55
v -13.686616457532924 18.666666666666664 14.554994114384831 0.55 0.55 0.55
v -13.686616457532924 18.666666666666664 14.554994114384831 0.55 0.55 0.55
v -13.68661645753289 21.333333333333332 14.554994114384861 0.55 0.55 0.55
v -15.40868091977106 21.333333333333332 12.744718281823946 0.55 0.55 0.55
v -15.408680919771088 18.666666666666664 12.744718281823912 0.55 0.55 0.55
v -15.408680919771088 18.666666666666664 12.744718281823912 0.55 0.55 0.55
v -15.40868091977106 21.333333333333332 12.744718281823946 0.55 0.55 0.55
v -16.866557019645615 21.333333333333332 10.715719108586997 0.55 0.55 0.55
v -16.866557019645636 18.666666666666664 10.715719108586962 0.55 0.55 0.55
v -16.866557019645636 18.666666666666664 10.715719108586962 0.55 0.55 0.55
v -16.866557019645615 21.333333333333332 10.715719108586997 0.55 0.55 0.55
v -18.065708869714225 21.333333333333332 8.524519529604593 0.55 0.55 0.55
v -18.06570886971424 18.666666666666664 8.524519529604564 0.55 0.55 0.55
v -18.06570886971424 18.666666666666664 8.524519529604564 0.55 0.55 0.55
v -18.065708869714225 21.333333333333332 8.524519529604593 0.55 0.55 0.55
v -18.995529141992904 21.333333333333332 6.206127487661994 0.55 0.55 0.55
v -18.995529141992915 18.666666666666664 6.206127487661971 0.55 0.55 0.55
v -18.995529141992915 18.666666666666664 6.206127487661971 0.55 0.55 0.55
v -18.995529141992904 21.333333333333332 6.206127487661994 0.55 0.55 0.55
v -19.632249763489387 21.333333333333332 3.790274701357814 0.55 0.55 0.55
v -19.63224976348939 18.666666666666664 3.7902747013577853 0.55 0.55 0.55
v -19.63224976348939 18.666666666666664 3.7902747013577853 0.55 0.55 0.55
v -19.632249763489387 21.333333333333332 3.790274701357814 0.55 0.55 0.55
v -19.93562771304594 21.333333333333332 1.3103275435975525 0.55 0.55 0.55
v -19.935627713045942 18.666666666666664 1.3103275435975352 0.55 0.55 0.55
v -19.935627713045942 18.666666666666664 1.3103275435975352 0.55 0.55 0.55
v -19.93562771304594 21.333333333333332 1.3103275435975525 0.55 0.55 0.55
v -19.94166605923263 21.333333333333332 -1.1874142263831864 0.55 0.55 0.55
v -19.94166605923263 18.666666666666664 -1.187414226383206 0.55 0.55 0.55
v -19.94166605923263 18.666666666666664 -1.187414226383206 0.55 0.55 0.55
v -19.94166605923263 21.333333333333332 -1.1874142263831864 0.55 0.55 0.55
v -19.650306641910873 21.333333333333332 -3.668545106276429 0.55 0.55 0.55
v -19.650306641910866 18.666666666666664 -3.6685451062764582 0.55 0.55 0.55
v -19.650306641910866 18.666666666666664 -3.6685451062764582 0.55 0.55 0.55
v -19.650306641910873 21.333333333333332 -3.668545106276429 0.55 0.55 0.55
v -19.03698732609961 21.333333333333332 -6.090259614046707 0.55 0.55 0.55
v -19.036987326099595 18.666666666666664 -6.090259614046744 0.55 0.55 0.55
v -19.036987326099595 18.666666666666664 -6.090259614046744 0.55 0.55 0.55
v -19.03698732609961 21.333333333333332 -6.090259614046707 0.55 0.55 0.55
v -18.11832446399407 21.333333333333332 -8.413273206457704 0.55 0.55 0.55
v -18.11832446399405 18.666666666666664 -8.413273206457747 0.55 0.55 0.55
v -18.11832446399405 18.666666666666664 -8.413273206457747 0.55 0.55 0.55
v -18.11832446399407 21.333333333333332 -8.413273206457704 0.55 0.55 0.55
v -16.929823301001672 21.333333333333332 -10.610165696439777 0.55 0.55 0.55
v -16.929823301001655 18.666666666666664 -10.610165696439813 0.55 0.55 0.55
v -16.929823301001655 18.666666666666664 -10.610165696439813 0.55 0.55 0.55
v -16.929823301001672 21.333333333333332 -10.610165696439777 0.55 0.55 0.55
v -15.487809250702384 21.333333333333332 -12.65065120282122 0.55 0.55 0.55
v -15.48780925070237 18.666666666666664 -12.650651202821239 0.55 0.55 0.55
v -15.48780925070237 18.666666666666664 -12.650651202821239 0.55 0.55 0.55
v -15.487809250702384 21.333333333333332 -12.65065120282122 0.55 0.55 0.55
v -13.777799048820286 21.333333333333332 -14.472351025067503 0.55 0.55 0.55
v -13.777799048820281 18.666666666666664 -14.472351025067507 0.55 0.55 0.55
v -13.777799048820281 18.666666666666664 -14.472351025067507 0.55 0.55 0.55
v -13.777799048820286 21.333333333333332 -14.472351025067503 0.55 0.55 0.55
v -11.86075328152567 21.333333333333332 -16.0736374445517 0.55 0.55 0.55
v -11.860753281525668 18.666666666666664 -16.073637444551704 0.55 0.55 0.55
v -11.860753281525668 18.666666666666664 -16.073637444551704 0.55 0.55 0.55
v -11.86075328152567 21.333333333333332 -16.0736374445517 0.55 0.55 0.55
v -9.766650161330391 21.333333333333332 -17.435407062690082 0.55 0.55 0.55
v -9.76665016133038 18.666666666666664 -17.43540706269009 0.55 0.55 0.55
v -9.76665016133038 18.666666666666664 -17.43540706269009 0.55 0.55 0.55
v -9.766650161330391 21.333333333333332 -17.435407062690082 0.55 0.55 0.55
v -7.5188876324958205 21.333333333333332 -18.525816096656722 0.55 0.55 0.55
v -7.518887632495796 18.666666666666664 -18.52581609665673 0.55 0.55 0.55
v -7.518887632495796 18.666666666666664 -18.52581609665673 0.55 0.55 0.55
v -7.5188876324958205 21.333333333333332 -18.525816096656722 0.55 0.55 0.55
v -5.144912132859676 21.333333333333332 -19.304323818704002 0.55 0.55 0.55
v -5.14491213285964 18.666666666666664 -19.30432381870401 0.55 0.55 0.55
v -5.14491213285964 18.666666666666664 -19.30432381870401 0.55 0.55 0.55
v -5.144912132859676 21.333333333333332 -19.304323818704002 0.55 0.55 0.55
v -2.695759836413678 21.333333333333332 -19.794605695369288 0.55 0.55 0.55
v -2.695759836413639 18.666666666666664 -19.794605695369295 0.55 0.55 0.55
v -2.695759836413639 18.666666666666664 -19.794605695369295 0.55 0.55 0.55
v -2.695759836413678 21.333333333333332 -19.794605695369288 0.55 0.55 0.55
v -0.2051694038456563 21.333333333333332 -19.989920669985857 0.55 0.55 0.55
v -0.20516940384562402 18.666666666666664 -19.989920669985853 0.55 0.55 0.55
v -0.20516940384562402 18.666666666666664 -19.989920669985853 0.55 0.55 0.55
v -0.2051694038456563 21.333333333333332 -19.989920669985857 0.55 0.55 0.55
v 2.289372814322904 21.333333333333332 -19.854887511348842 0.55 0.55 0.55
v 2.2893728143229337 18.666666666666664 -19.854887511348842 0.55 0.55 0.55
v 2.2893728143229337 18.666666666666664 -19.854887511348842 0.55 0.55 0.55
v 2.289372814322904 21.333333333333332 -19.854887511348842 0.55 0.55 0.55
v 4.7463906277579655 21.333333333333332 -19.404148260714955 0.55 0.55 0.55
v 4.746390627758013 18.666666666666664 -19.404148260714944 0.55 0.55 0.55
v 4.746390627758013 18.666666666666664 -19.404148260714944 0.55 0.55 0.55
v 4.7463906277579655 21.333333333333332 -19.404148260714955 0.55 0.55 0.55
v 7.132069619330374 21.333333333333332 -18.66422178155648 0.55 0.55 0.55
v 7.1320696193304345 18.666666666666664 -18.664221781556463 0.55 0.55 0.55
v 7.1320696193304345 18.666666666666664 -18.664221781556463 0.55 0.55 0.55
v 7.132069619330374 21.333333333333332 -18.66422178155648 0.55 0.55 0.55
v 9.413529178604012 21.333333333333332 -17.645238604455557 0.55 0.55 0.55
v 9.413529178604067 18.666666666666664 -17.645238604455532 0.55 0.55 0.55
v 9.413529178604067 18.666666666666664 -17.645238604455532 0.55 0.55 0.55
v 9.413529178604012 21.333333333333332 -17.645238604455557 0.55 0.55 0.55
v 11.530768572722701 21.333333333333332 -16.31837077115531 0.55 0.55 0.55
v 11.530768572722744 18.666666666666664 -16.318370771155276 0.55 0.55 0.55
v 11.530768572722744 18.666666666666664 -16.318370771155276 0.55 0.55 0.55
v 11.530768572722701 21.333333333333332 -16.31837077115531 0.55 0.55 0.55
v 13.473391384073958 21.333333333333332 -14.748250069735223 0.55 0.55 0.55
v 13.473391384074 18.666666666666664 -14.748250069735183 0.55 0.55 0.55
v 13.473391384074 18.666666666666664 -14.748250069735183 0.55 0.55 0.55
v 13.473391384073958 21.333333333333332 -14.748250069735223 0.55 0.55 0.55
v 15.215424964782887 21.333333333333332 -12.95794335488327 0.55 0.55 0.55
v 15.215424964782914 18.666666666666664 -12.957943354883241 0.55 0.55 0.55
v 15.215424964782914 18.666666666666664 -12.957943354883241 0.55 0.55 0.55
v 15.215424964782887 21.333333333333332 -12.95794335488327 0.55 0.55 0.55
v 16.718612579206585 21.333333333333332 -10.96254949219472 0.55 0.55 0.55
v 16.718612579206596 18.666666666666664 -10.962549492194698 0.55 0.55 0.55
v 16.718612579206596 18.666666666666664 -10.962549492194698 0.55 0.55 0.55
v 16.718612579206585 21.333333333333332 -10.96254949219472 0.55 0.55 0.55
v 17.94267042798623 21.333333333333332 -8.784662447978977 0.55 0.55 0.55
v 17.94267042798624 18.666666666666664 -8.78466244797895 0.55 0.55 0.55
v 17.94267042798624 18.666666666666664 -8.78466244797895 0.55 0.55 0.55
v 17.94267042798623 21.333333333333332 -8.784662447978977 0.55 0.55 0.55
v 18.898581641212914 21.333333333333332 -6.477077627175637 0.55 0.55 0.55
v 18.89858164121293 18.666666666666664 -6.477077627175599 0.55 0.55 0.55
v 18.89858164121293 18.666666666666664 -6.477077627175599 0.55 0.55 0.55
v 18.898581641212914 21.333333333333332 -6.477077627175637 0.55 0.55 0.55
v 19.573179194950143 21.333333333333343 -4.071581322910919 0.55 0.55 0.55
v 19.573179194950153 18.666666666666675 -4.071581322910872 0.55 0.55 0.55
v 19.573179194950153 18.666666666666675 -4.071581322910872 0.55 0.55 0.55
v 19.573179194950143 21.333333333333343 -4.071581322910919 0.55 0.55 0.55
v 19.921505567911762 21.333333333165573 -1.5977903108781089 0.55 0.55 0.55
v 19.921505567911765 18.666666666834402 -1.597790310878062 0.55 0.55 0.55
v 19.921505567911765 18.666666666834402 -1.597790310878062 0.55 0.55 0.55
v 19.921505567911762 21.333333333165573 -1.5977903108781089 0.55 0.55 0.55
v 19.927543127639336 21.333333333144516 1.474893002401147 0.55 0.55 0.55
v 19.927543127639336 18.66666666685549 1.474893002401159 0.55 0.55 0.55
v 19.927543127639336 21.333333333144516 1.474893002401147 0.55 0.55 0.55
v 19.92754384439251 23.99999999943506 1.4748784125602985 0.55 0.55 0.55
v 19.603080713095864 24.0 3.95220777294456 0.55 0.55 0.55
v 19.60308071313582 21.333333333333332 3.952207772785034 0.55 0.55 0.55
v 19.60308071313582 21.333333333333332 3.952207772785034 0.55 0.55 0.55
v 19.603080713095864 24.0 3.95220777294456 0.55 0.55 0.55
v 18.940039825091112 24.0 6.361209754198986 0.55 0.55 0.55
v 18.94003982535703 21.333333333333332 6.361209753455808 0.55 0.55 0.55
v 18.94003982535703 21.333333333333332 6.361209753455808 0.55 0.55 0.55
v 18.940039825091112 24.0 6.361209754198986 0.55 0.55 0.55
v 17.995286021903183 24.0 8.673416125599354 0.55 0.55 0.55
v 17.995286022240567 21.333333333333332 8.673416124886032 0.55 0.55 0.55
v 17.995286022240567 21.333333333333332 8.673416124886032 0.55 0.55 0.55
v 17.995286021903183 24.0 8.673416125599354 0.55 0.55 0.55
v 16.781878860118738 24.0 10.856996080788118 0.55 0.55 0.55
v 16.78187886041083 21.333333333333332 10.856996080300785 0.55 0.55 0.55
v 16.78187886041083 21.333333333333332 10.856996080300785 0.55 0.55 0.55
v 16.781878860118738 24.0 10.856996080788118 0.55 0.55 0.55
v 15.298068053986745 24.0 12.866760763721098 0.55 0.55 0.55
v 15.298068054286626 21.333333333333332 12.866760763390232 0.55 0.55 0.55
v 15.298068054286626 21.333333333333332 12.866760763390232 0.55 0.55 0.55
v 15.298068053986745 24.0 12.866760763721098 0.55 0.55 0.55
v 13.56457397496057 24.0 14.66560698078111 0.55 0.55 0.55
v 13.564573975411816 21.333333333333332 14.665606980372127 0.55 0.55 0.55
v 13.564573975411816 21.333333333333332 14.665606980372127 0.55 0.55 0.55
v 13.56457397496057 24.0 14.66560698078111 0.55 0.55 0.55
v 11.629612538093589 24.0 16.245063094118816 0.55 0.55 0.55
v 11.629612538613214 21.333333333333332 16.245063093733435 0.55 0.55 0.55
v 11.629612538613214 21.333333333333332 16.245063093733435 0.55 0.55 0.55
v 11.629612538093589 24.0 16.245063094118816 0.55 0.55 0.55
v 9.519819777510364 24.0 17.58335150325636 0.55 0.55 0.55
v 9.51981977764854 21.333333333333332 17.58335150317354 0.55 0.55 0.55
v 9.51981977764854 21.333333333333332 17.58335150317354 0.55 0.55 0.55
v 9.519819777510364 24.0 17.58335150325636 0.55 0.55 0.55
v 7.24793749250794 24.0 18.622763597606394 0.55 0.55 0.55
v 7.247937493032594 21.333333333333332 18.622763597418672 0.55 0.55 0.55
v 7.247937493032594 21.333333333333332 18.622763597418672 0.55 0.55 0.55
v 7.24793749250794 24.0 18.622763597606394 0.55 0.55 0.55
v 4.865764177048505 24.0 19.374246742738514 0.55 0.55 0.55
v 4.865764177522486 21.333333333333332 19.374246742619793 0.55 0.55 0.55
v 4.865764177522486 21.333333333333332 19.374246742619793 0.55 0.55 0.55
v 4.865764177048505 24.0 19.374246742738514 0.55 0.55 0.55
v 2.411102408788523 24.0 19.8368306330187 0.55 0.55 0.55
v 2.411102409273594 21.333333333333332 19.836830632946743 0.55 0.55 0.55
v 2.411102409273594 21.333333333333332 19.836830632946743 0.55 0.55 0.55
v 2.411102408788523 24.0 19.8368306330187 0.55 0.55 0.55
v -0.08225608653343841 24.0 19.995959016177352 0.55 0.55 0.55
v -0.08225608644089454 21.333333333333332 19.9959590161819 0.55 0.55 0.55
v -0.08225608644089454 21.333333333333332 19.9959590161819 0.55 0.55 0.55
v -0.08225608653343841 24.0 19.995959016177352 0.55 0.55 0.55
v -2.5740302416975163 24.0 19.8126625737366 0.55 0.55 0.55
v -2.5740302413174763 21.333333333333332 19.81266257379297 0.55 0.55 0.55
v -2.5740302413174763 21.333333333333332 19.81266257379297 0.55 0.55 0.55
v -2.5740302416975163 24.0 19.8126625737366 0.55 0.55 0.55
v -5.02553858348845 24.0 19.334225336700648 0.55 0.55 0.55
v -5.025538583117919 21.333333333333332 19.33422533679346 0.55 0.55 0.55
v -5.025538583117919 21.333333333333332 19.33422533679346 0.55 0.55 0.55
v -5.02553858348845 24.0 19.334225336700648 0.55 0.55 0.55
v -7.4030197591720235 24.0 18.56727428065913 0.55 0.55 0.55
v -7.4030197589700775 21.333333333333332 18.56727428073139 0.55 0.55 0.55
v -7.4030197589700775 21.333333333333332 18.56727428073139 0.55 0.55 0.55
v -7.4030197591720235 24.0 18.56727428065913 0.55 0.55 0.55
v -9.661096749283454 24.0 17.498673343986034 0.55 0.55 0.55
v -9.661096749109925 21.333333333333332 17.498673344090044 0.55 0.55 0.55
v -9.661096749109925 21.333333333333332 17.498673344090044 0.55 0.55 0.55
v -9.661096749283454 24.0 17.498673343986034 0.55 0.55 0.55
v -11.761909315765646 24.0 16.146945121876794 0.55 0.55 0.55
v -11.761909315579853 21.333333333333332 16.14694512201459 0.55 0.55 0.55
v -11.761909315579853 21.333333333333332 16.14694512201459 0.55 0.55 0.55
v -11.761909315765646 24.0 16.146945121876794 0.55 0.55 0.55
v -13.68661645773398 24.0 14.554994114202604 0.55 0.55 0.55
v -13.68661645753289 21.333333333333332 14.554994114384861 0.55 0.55 0.55
v -13.68661645753289 21.333333333333332 14.554994114384861 0.55 0.55 0.55
v -13.68661645773398 24.0 14.554994114202604 0.55 0.55 0.55
v -15.408680919792708 24.0 12.744718281800058 0.55 0.55 0.55
v -15.40868091977106 21.333333333333332 12.744718281823946 0.55 0.55 0.55
v -15.40868091977106 21.333333333333332 12.744718281823946 0.55 0.55 0.55
v -15.408680919792708 24.0 12.744718281800058 0.55 0.55 0.55
v -16.866557019719306 24.0 10.715719108464047 0.55 0.55 0.55
v -16.866557019645615 21.333333333333332 10.715719108586997 0.55 0.55 0.55
v -16.866557019645615 21.333333333333332 10.715719108586997 0.55 0.55 0.55
v -16.866557019719306 24.0 10.715719108464047 0.55 0.55 0.55
v -18.0657088697596 24.0 8.524519529508652 0.55 0.55 0.55
v -18.065708869714225 21.333333333333332 8.524519529604593 0.55 0.55 0.55
v -18.065708869714225 21.333333333333332 8.524519529604593 0.55 0.55 0.55
v -18.0657088697596 24.0 8.524519529508652 0.55 0.55 0.55
v -18.995529142033018 24.0 6.206127487549888 0.55 0.55 0.55
v -18.995529141992904 21.333333333333332 6.206127487661994 0.55 0.55 0.55
v -18.995529141992904 21.333333333333332 6.206127487661994 0.55 0.55 0.55
v -18.995529142033018 24.0 6.206127487549888 0.55 0.55 0.55
v -19.632249763491618 24.0 3.7902747013427747 0.55 0.55 0.55
v -19.632249763489387 21.333333333333332 3.790274701357814 0.55 0.55 0.55
v -19.632249763489387 21.333333333333332 3.790274701357814 0.55 0.55 0.55
v -19.632249763491618 24.0 3.7902747013427747 0.55 0.55 0.55
v -19.9356277130457 24.0 1.3103275436023705 0.55 0.55 0.55
v -19.93562771304594 21.333333333333332 1.3103275435975525 0.55 0.55 0.55
v -19.93562771304594 21.333333333333332 1.3103275435975525 0.55 0.55 0.55
v -19.9356277130457 24.0 1.3103275436023705 0.55 0.55 0.55
v -19.941666059232396 24.0 -1.1874142263879148 0.55 0.55 0.55
v -19.94166605923263 21.333333333333332 -1.1874142263831864 0.55 0.55 0.55
v -19.94166605923263 21.333333333333332 -1.1874142263831864 0.55 0.55 0.55
v -19.941666059232396 24.0 -1.1874142263879148 0.55 0.55 0.55
v -19.65030664191555 24.0 -3.668545106244869 0.55 0.55 0.55
v -19.650306641910873 21.333333333333332 -3.668545106276429 0.55 0.55 0.55
v -19.650306641910873 21.333333333333332 -3.668545106276429 0.55 0.55 0.55
v -19.65030664191555 24.0 -3.668545106244869 0.55 0.55 0.55
v -19.036987326130422 24.0 -6.0902596139605905 0.55 0.55 0.55
v -19.03698732609961 21.333333333333332 -6.090259614046707 0.55 0.55 0.55
v -19.03698732609961 21.333333333333332 -6.090259614046707 0.55 0.55 0.55
v -19.036987326130422 24.0 -6.0902596139605905 0.55 0.55 0.55
v -18.11832446403956 24.0 -8.41327320636152 0.55 0.55 0.55
v -18.11832446399407 21.333333333333332 -8.413273206457704 0.55 0.55 0.55
v -18.11832446399407 21.333333333333332 -8.413273206457704 0.55 0.55 0.55
v -18.11832446403956 24.0 -8.41327320636152 0.55 0.55 0.55
v -16.9298233010755 24.0 -10.610165696316601 0.55 0.55 0.55
v -16.929823301001672 21.333333333333332 -10.610165696439777 0.55 0.55 0.55
v -16.929823301001672 21.333333333333332 -10.610165696439777 0.55 0.55 0.55
v -16.9298233010755 24.0 -10.610165696316601 0.55 0.55 0.55
v -15.487809250716738 24.0 -12.650651202801862 0.55 0.55 0.55
v -15.487809250702384 21.333333333333332 -12.65065120282122 0.55 0.55 0.55
v -15.487809250702384 21.333333333333332 -12.65065120282122 0.55 0.55 0.55
v -15.487809250716738 24.0 -12.650651202801862 0.55 0.55 0.55
v -13.777799049021114 24.0 -14.472351024885484 0.55 0.55 0.55
v -13.777799048820286 21.333333333333332 -14.472351025067503 0.55 0.55 0.55
v -13.777799048820286 21.333333333333332 -14.472351025067503 0.55 0.55 0.55
v -13.777799049021114 24.0 -14.472351024885484 0.55 0.55 0.55
v -11.860753281710977 24.0 -16.073637444414267 0.55 0.55 0.55
v -11.86075328152567 21.333333333333332 -16.0736374445517 0.55 0.55 0.55
v -11.86075328152567 21.333333333333332 -16.0736374445517 0.55 0.55 0.55
v -11.860753281710977 24.0 -16.073637444414267 0.55 0.55 0.55
v -9.766650161581847 24.0 -17.435407062539365 0.55 0.55 0.55
v -9.766650161330391 21.333333333333332 -17.435407062690082 0.55 0.55 0.55
v -9.766650161330391 21.333333333333332 -17.435407062690082 0.55 0.55 0.55
v -9.766650161581847 24.0 -17.435407062539365 0.55 0.55 0.55
v -7.518887632604436 24.0 -18.52581609661786 0.55 0.55 0.55
v -7.5188876324958205 21.333333333333332 -18.525816096656722 0.55 0.55 0.55
v -7.5188876324958205 21.333333333333332 -18.525816096656722 0.55 0.55 0.55
v -7.518887632604436 24.0 -18.52581609661786 0.55 0.55 0.55
v -5.144912133231522 24.0 -19.30432381861086 0.55 0.55 0.55
v -5.144912132859676 21.333333333333332 -19.304323818704002 0.55 0.55 0.55
v -5.144912132859676 21.333333333333332 -19.304323818704002 0.55 0.55 0.55
v -5.144912133231522 24.0 -19.30432381861086 0.55 0.55 0.55
v -2.69575983679289 24.0 -19.794605695313038 0.55 0.55 0.55
v -2.695759836413678 21.333333333333332 -19.794605695369288 0.55 0.55 0.55
v -2.695759836413678 21.333333333333332 -19.794605695369288 0.55 0.55 0.55
v -2.69575983679289 24.0 -19.794605695313038 0.55 0.55 0.55
v -0.20516940407562184 24.0 -19.989920669974552 0.55 0.55 0.55
v -0.2051694038456563 21.333333333333332 -19.989920669985857 0.55 0.55 0.55
v -0.2051694038456563 21.333333333333332 -19.989920669985857 0.55 0.55 0.55
v -0.20516940407562184 24.0 -19.989920669974552 0.55 0.55 0.55
v 2.289372813912634 24.0 -19.8548875114097 0.55 0.55 0.55
v 2.289372814322904 21.333333333333332 -19.854887511348842 0.55 0.55 0.55
v 2.289372814322904 21.333333333333332 -19.854887511348842 0.55 0.55 0.55
v 2.289372813912634 24.0 -19.8548875114097 0.55 0.55 0.55
v 4.7463906272833345 24.0 -19.404148260833843 0.55 0.55 0.55
v 4.7463906277579655 21.333333333333332 -19.404148260714955 0.55 0.55 0.55
v 4.7463906277579655 21.333333333333332 -19.404148260714955 0.55 0.55 0.55
v 4.7463906272833345 24.0 -19.404148260833843 0.55 0.55 0.55
v 7.132069618804966 24.0 -18.664221781744477 0.55 0.55 0.55
v 7.132069619330374 21.333333333333332 -18.66422178155648 0.55 0.55 0.55
v 7.132069619330374 21.333333333333332 -18.66422178155648 0.55 0.55 0.55
v 7.132069618804966 24.0 -18.664221781744477 0.55 0.55 0.55
v 9.41352917858094 24.0 -17.645238604466467 0.55 0.55 0.55
v 9.413529178604012 21.333333333333332 -17.645238604455557 0.55 0.55 0.55
v 9.413529178604012 21.333333333333332 -17.645238604455557 0.55 0.55 0.55
v 9.41352917858094 24.0 -17.645238604466467 0.55 0.55 0.55
v 11.530768572203662 24.0 -16.318370771540252 0.55 0.55 0.55
v 11.530768572722701 21.333333333333332 -16.31837077115531 0.55 0.55 0.55
v 11.530768572722701 21.333333333333332 -16.31837077115531 0.55 0.55 0.55
v 11.530768572203662 24.0 -16.318370771540252 0.55 0.55 0.55
v 13.473391383624318 24.0 -14.748250070142749 0.55 0.55 0.55
v 13.473391384073958 21.333333333333332 -14.748250069735223 0.55 0.55 0.55
v 13.473391384073958 21.333333333333332 -14.748250069735223 0.55 0.55 0.55
v 13.473391383624318 24.0 -14.748250070142749 0.55 0.55 0.55
v 15.215424964334193 24.0 -12.957943355378319 0.55 0.55 0.55
v 15.215424964782887 21.333333333333332 -12.95794335488327 0.55 0.55 0.55
v 15.215424964782887 21.333333333333332 -12.95794335488327 0.55 0.55 0.55
v 15.215424964334193 24.0 -12.957943355378319 0.55 0.55 0.55
v 16.71861257903124 24.0 -10.962549492487266 0.55 0.55 0.55
v 16.718612579206585 21.333333333333332 -10.96254949219472 0.55 0.55 0.55
v 16.718612579206585 21.333333333333332 -10.96254949219472 0.55 0.55 0.55
v 16.71861257903124 24.0 -10.962549492487266 0.55 0.55 0.55
v 17.94267042764779 24.0 -8.784662448694545 0.55 0.55 0.55
v 17.94267042798623 21.333333333333332 -8.784662447978977 0.55 0.55 0.55
v 17.94267042798623 21.333333333333332 -8.784662447978977 0.55 0.55 0.55
v 17.94267042764779 24.0 -8.784662448694545 0.55 0.55 0.55
v 18.898581640947416 24.0 -6.477077627917662 0.55 0.55 0.55
v 18.898581641212914 21.333333333333332 -6.477077627175637 0.55 0.55 0.55
v 18.898581641212914 21.333333333333332 -6.477077627175637 0.55 0.55 0.55
v 18.898581640947416 24.0 -6.477077627917662 0.55 0.55 0.55
v 19.57317919484928 24.00000000000001 -4.071581323313562 0.55 0.55 0.55
v 19.573179194950143 21.333333333333343 -4.071581322910919 0.55 0.55 0.55
v 19.573179194950143 21.333333333333343 -4.071581322910919 0.55 0.55 0.55
v 19.57317919484928 24.00000000000001 -4.071581323313562 0.55 0.55 0.55
v 19.921506229744868 23.99999999949819 -1.5977768389604696 0.55 0.55 0.55
v 19.921505567911762 21.333333333165573 -1.5977903108781089 0.55 0.55 0.55
v 19.921505567911762 21.333333333165573 -1.5977903108781089 0.55 0.55 0.55
v 19.921506229744868 23.99999999949819 -1.5977768389604696 0.55 0.55 0.55
v 19.92754384439251 23.99999999943506 1.4748784125602985 0.55 0.55 0.55
v 19.927543127639336 21.333333333144516 1.474893002401147 0.55 0.55 0.55
v 19.92754384439251 23.99999999943506 1.4748784125602985 0.55 0.55 0.55
v 19.92754399828378 26.666666666345666 1.4748752800325942 0.55 0.55 0.55
v 19.6030807130678 26.666666666666664 3.9522077730565877 0.55 0.55 0.55
v 19.603080713095864 24.0 3.95220777294456 0.55 0.55 0.55
v 19.603080713095864 24.0 3.95220777294456 0.55 0.55 0.55
v 19.6030807130678 26.666666666666664 3.9522077730565877 0.55 0.55 0.55
v 18.940039824937642 26.666666666666664 6.361209754627905 0.55 0.55 0.55
v 18.940039825091112 24.0 6.361209754198986 0.55 0.55 0.55
v 18.940039825091112 24.0 6.361209754198986 0.55 0.55 0.55
v 18.940039824937642 26.666666666666664 6.361209754627905 0.55 0.55 0.55
v 17.995286021555692 26.666666666666664 8.673416126334072 0.55 0.55 0.55
v 17.995286021903183 24.0 8.673416125599354 0.55 0.55 0.55
v 17.995286021903183 24.0 8.673416125599354 0.55 0.55 0.55
v 17.995286021555692 26.666666666666664 8.673416126334072 0.55 0.55 0.55
v 16.78187886010472 26.666666666666664 10.856996080811507 0.55 0.55 0.55
v 16.781878860118738 24.0 10.856996080788118 0.55 0.55 0.55
v 16.781878860118738 24.0 10.856996080788118 0.55 0.55 0.55
v 16.78187886010472 26.666666666666664 10.856996080811507 0.55 0.55 0.55
v 15.298068053977204 26.666666666666664 12.866760763731623 0.55 0.55 0.55
v 15.298068053986745 24.0 12.866760763721098 0.55 0.55 0.55
v 15.298068053986745 24.0 12.866760763721098 0.55 0.55 0.55
v 15.298068053977204 26.666666666666664 12.866760763731623 0.55 0.55 0.55
v 13.564573974514678 26.666666666666664 14.665606981185242 0.55 0.55 0.55
v 13.56457397496057 24.0 14.66560698078111 0.55 0.55 0.55
v 13.56457397496057 24.0 14.66560698078111 0.55 0.55 0.55
v 13.564573974514678 26.666666666666664 14.665606981185242 0.55 0.55 0.55
v 11.629612537760424 26.666666666666664 16.245063094365904 0.55 0.55 0.55
v 11.629612538093589 24.0 16.245063094118816 0.55 0.55 0.55
v 11.629612538093589 24.0 16.245063094118816 0.55 0.55 0.55
v 11.629612537760424 26.666666666666664 16.245063094365904 0.55 0.55 0.55
v 9.519819777509055 26.666666666666664 17.583351503257138 0.55 0.55 0.55
v 9.519819777510364 24.0 17.58335150325636 0.55 0.55 0.55
v 9.519819777510364 24.0 17.58335150325636 0.55 0.55 0.55
v 9.519819777509055 26.666666666666664 17.583351503257138 0.55 0.55 0.55
v 7.247937492466417 26.666666666666664 18.62276359762125 0.55 0.55 0.55
v 7.24793749250794 24.0 18.622763597606394 0.55 0.55 0.55
v 7.24793749250794 24.0 18.622763597606394 0.55 0.55 0.55
v 7.247937492466417 26.666666666666664 18.62276359762125 0.55 0.55 0.55
v 4.865764176582047 26.666666666666664 19.374246742855355 0.55 0.55 0.55
v 4.865764177048505 24.0 19.374246742738514 0.55 0.55 0.55
v 4.865764177048505 24.0 19.374246742738514 0.55 0.55 0.55
v 4.865764176582047 26.666666666666664 19.374246742855355 0.55 0.55 0.55
v 2.411102408721144 26.666666666666664 19.836830633028693 0.55 0.55 0.55
v 2.411102408788523 24.0 19.8368306330187 0.55 0.55 0.55
v 2.411102408788523 24.0 19.8368306330187 0.55 0.55 0.55
v 2.411102408721144 26.666666666666664 19.836830633028693 0.55 0.55 0.55
v -0.0822560865310742 26.666666666666664 19.995959016177473 0.55 0.55 0.55
v -0.08225608653343841 24.0 19.995959016177352 0.55 0.55 0.55
v -0.08225608653343841 24.0 19.995959016177352 0.55 0.55 0.55
v -0.0822560865310742 26.666666666666664 19.995959016177473 0.55 0.55 0.55
v -2.57403024191233 26.666666666666664 19.81266257370473 0.55 0.55 0.55
v -2.5740302416975163 24.0 19.8126625737366 0.55 0.55 0.55
v -2.5740302416975163 24.0 19.8126625737366 0.55 0.55 0.55
v -2.57403024191233 26.666666666666664 19.81266257370473 0.55 0.55 0.55
v -5.025538583853291 26.666666666666664 19.33422533660926 0.55 0.55 0.55
v -5.02553858348845 24.0 19.334225336700648 0.55 0.55 0.55
v -5.02553858348845 24.0 19.334225336700648 0.55 0.55 0.55
v -5.025538583853291 26.666666666666664 19.33422533660926 0.55 0.55 0.55
v -7.403019759165152 26.666666666666664 18.56727428066159 0.55 0.55 0.55
v -7.4030197591720235 24.0 18.56727428065913 0.55 0.55 0.55
v -7.4030197591720235 24.0 18.56727428065913 0.55 0.55 0.55
v -7.403019759165152 26.666666666666664 18.56727428066159 0.55 0.55 0.55
v -9.661096749277506 26.666666666666664 17.498673343989598 0.55 0.55 0.55
v -9.661096749283454 24.0 17.498673343986034 0.55 0.55 0.55
v -9.661096749283454 24.0 17.498673343986034 0.55 0.55 0.55
v -9.661096749277506 26.666666666666664 17.498673343989598 0.55 0.55 0.55
v -11.761909315948477 26.666666666666664 16.146945121741197 0.55 0.55 0.55
v -11.761909315765646 24.0 16.146945121876794 0.55 0.55 0.55
v -11.761909315765646 24.0 16.146945121876794 0.55 0.55 0.55
v -11.761909315948477 26.666666666666664 16.146945121741197 0.55 0.55 0.55
v -13.686616457844487 26.666666666666664 14.554994114102447 0.55 0.55 0.55
v -13.68661645773398 24.0 14.554994114202604 0.55 0.55 0.55
v -13.68661645773398 24.0 14.554994114202604 0.55 0.55 0.55
v -13.686616457844487 26.666666666666664 14.554994114102447 0.55 0.55 0.55
v -15.408680919791944 26.666666666666664 12.744718281800901 0.55 0.55 0.55
v -15.408680919792708 24.0 12.744718281800058 0.55 0.55 0.55
v -15.408680919792708 24.0 12.744718281800058 0.55 0.55 0.55
v -15.408680919791944 26.666666666666664 12.744718281800901 0.55 0.55 0.55
v -16.866557019730372 26.666666666666664 10.71571910844559 0.55 0.55 0.55
v -16.866557019719306 24.0 10.715719108464047 0.55 0.55 0.55
v -16.866557019719306 24.0 10.715719108464047 0.55 0.55 0.55
v -16.866557019730372 26.666666666666664 10.71571910844559 0.55 0.55 0.55
v -18.065708869804105 26.666666666666664 8.524519529414551 0.55 0.55 0.55
v -18.0657088697596 24.0 8.524519529508652 0.55 0.55 0.55
v -18.0657088697596 24.0 8.524519529508652 0.55 0.55 0.55
v -18.065708869804105 26.666666666666664 8.524519529414551 0.55 0.55 0.55
v -18.995529142035274 26.666666666666664 6.2061274875435855 0.55 0.55 0.55
v -18.995529142033018 24.0 6.206127487549888 0.55 0.55 0.55
v -18.995529142033018 24.0 6.206127487549888 0.55 0.55 0.55
v -18.995529142035274 26.666666666666664 6.2061274875435855 0.55 0.55 0.55
v -19.632249763491533 26.666666666666664 3.790274701343336 0.55 0.55 0.55
v -19.632249763491618 24.0 3.7902747013427747 0.55 0.55 0.55
v -19.632249763491618 24.0 3.7902747013427747 0.55 0.55 0.55
v -19.632249763491533 26.666666666666664 3.790274701343336 0.55 0.55 0.55
v -19.935627713045545 26.666666666666664 1.3103275436054709 0.55 0.55 0.55
v -19.9356277130457 24.0 1.3103275436023705 0.55 0.55 0.55
v -19.9356277130457 24.0 1.3103275436023705 0.55 0.55 0.55
v -19.935627713045545 26.666666666666664 1.3103275436054709 0.55 0.55 0.55
v -19.941666059232176 26.666666666666664 -1.187414226392427 0.55 0.55 0.55
v -19.941666059232396 24.0 -1.1874142263879148 0.55 0.55 0.55
v -19.941666059232396 24.0 -1.1874142263879148 0.55 0.55 0.55
v -19.941666059232176 26.666666666666664 -1.187414226392427 0.55 0.55 0.55
v -19.650306641915392 26.666666666666664 -3.6685451062459555 0.55 0.55 0.55
v -19.65030664191555 24.0 -3.668545106244869 0.55 0.55 0.55
v -19.65030664191555 24.0 -3.668545106244869 0.55 0.55 0.55
v -19.650306641915392 26.666666666666664 -3.6685451062459555 0.55 0.55 0.55
v -19.036987326129395 26.666666666666664 -6.09025961396346 0.55 0.55 0.55
v -19.036987326130422 24.0 -6.0902596139605905 0.55 0.55 0.55
v -19.036987326130422 24.0 -6.0902596139605905 0.55 0.55 0.55
v -19.036987326129395 26.666666666666664 -6.09025961396346 0.55 0.55 0.55
v -18.1183244640843 26.666666666666664 -8.413273206266927 0.55 0.55 0.55
v -18.11832446403956 24.0 -8.41327320636152 0.55 0.55 0.55
v -18.11832446403956 24.0 -8.41327320636152 0.55 0.55 0.55
v -18.1183244640843 26.666666666666664 -8.413273206266927 0.55 0.55 0.55
v -16.92982330111027 26.666666666666664 -10.610165696258594 0.55 0.55 0.55
v -16.9298233010755 24.0 -10.610165696316601 0.55 0.55 0.55
v -16.9298233010755 24.0 -10.610165696316601 0.55 0.55 0.55
v -16.92982330111027 26.666666666666664 -10.610165696258594 0.55 0.55 0.55
v -15.487809250716287 26.666666666666664 -12.650651202802472 0.55 0.55 0.55
v -15.487809250716738 24.0 -12.650651202801862 0.55 0.55 0.55
v -15.487809250716738 24.0 -12.650651202801862 0.55 0.55 0.55
v -15.487809250716287 26.666666666666664 -12.650651202802472 0.55 0.55 0.55
v -13.777799049067252 26.666666666666664 -14.472351024843666 0.55 0.55 0.55
v -13.777799049021114 24.0 -14.472351024885484 0.55 0.55 0.55
v -13.777799049021114 24.0 -14.472351024885484 0.55 0.55 0.55
v -13.777799049067252 26.666666666666664 -14.472351024843666 0.55 0.55 0.55
v -11.86075328189277 26.666666666666664 -16.073637444279438 0.55 0.55 0.55
v -11.860753281710977 24.0 -16.073637444414267 0.55 0.55 0.55
v -11.860753281710977 24.0 -16.073637444414267 0.55 0.55 0.55
v -11.86075328189277 26.666666666666664 -16.073637444279438 0.55 0.55 0.55
v -9.766650161576473 26.666666666666664 -17.435407062542584 0.55 0.55 0.55
v -9.766650161581847 24.0 -17.435407062539365 0.55 0.55 0.55
v -9.766650161581847 24.0 -17.435407062539365 0.55 0.55 0.55
v -9.766650161576473 26.666666666666664 -17.435407062542584 0.55 0.55 0.55
v -7.518887632600754 26.666666666666664 -18.525816096619174 0.55 0.55 0.55
v -7.518887632604436 24.0 -18.52581609661786 0.55 0.55 0.55
v -7.518887632604436 24.0 -18.52581609661786 0.55 0.55 0.55
v -7.518887632600754 26.666666666666664 -18.525816096619174 0.55 0.55 0.55
v -5.1449121334993455 26.666666666666664 -19.30432381854377 0.55 0.55 0.55
v -5.144912133231522 24.0 -19.30432381861086 0.55 0.55 0.55
v -5.144912133231522 24.0 -19.30432381861086 0.55 0.55 0.55
v -5.1449121334993455 26.666666666666664 -19.30432381854377 0.55 0.55 0.55
v -2.6957598371264635 26.666666666666664 -19.794605695263556 0.55 0.55 0.55
v -2.69575983679289 24.0 -19.794605695313038 0.55 0.55 0.55
v -2.69575983679289 24.0 -19.794605695313038 0.55 0.55 0.55
v -2.6957598371264635 26.666666666666664 -19.794605695263556 0.55 0.55 0.55
v -0.20516940406801693 26.666666666666664 -19.98992066997493 0.55 0.55 0.55
v -0.20516940407562184 24.0 -19.989920669974552 0.55 0.55 0.55
v -0.20516940407562184 24.0 -19.989920669974552 0.55 0.55 0.55
v -0.20516940406801693 26.666666666666664 -19.98992066997493 0.55 0.55 0.55
v 2.289372813924049 26.666666666666664 -19.854887511408005 0.55 0.55 0.55
v 2.289372813912634 24.0 -19.8548875114097 0.55 0.55 0.55
v 2.289372813912634 24.0 -19.8548875114097 0.55 0.55 0.55
v 2.289372813924049 26.666666666666664 -19.854887511408005 0.55 0.55 0.55
v 4.746390626815558 26.666666666666664 -19.404148260951015 0.55 0.55 0.55
v 4.7463906272833345 24.0 -19.404148260833843 0.55 0.55 0.55
v 4.7463906272833345 24.0 -19.404148260833843 0.55 0.55 0.55
v 4.746390626815558 26.666666666666664 -19.404148260951015 0.55 0.55 0.55
v 7.13206961859573 26.666666666666664 -18.664221781819343 0.55 0.55 0.55
v 7.132069618804966 24.0 -18.664221781744477 0.55 0.55 0.55
v 7.132069618804966 24.0 -18.664221781744477 0.55 0.55 0.55
v 7.13206961859573 26.666666666666664 -18.664221781819343 0.55 0.55 0.55
v 9.413529178575688 26.666666666666664 -17.645238604468954 0.55 0.55 0.55
v 9.41352917858094 24.0 -17.645238604466467 0.55 0.55 0.55
v 9.41352917858094 24.0 -17.645238604466467 0.55 0.55 0.55
v 9.413529178575688 26.666666666666664 -17.645238604468954 0.55 0.55 0.55
v 11.530768572035091 26.666666666666664 -16.318370771665272 0.55 0.55 0.55
v 11.530768572203662 24.0 -16.318370771540252 0.55 0.55 0.55
v 11.530768572203662 24.0 -16.318370771540252 0.55 0.55 0.55
v 11.530768572035091 26.666666666666664 -16.318370771665272 0.55 0.55 0.55
v 13.473391383175233 26.666666666666664 -14.748250070549778 0.55 0.55 0.55
v 13.473391383624318 24.0 -14.748250070142749 0.55 0.55 0.55
v 13.473391383624318 24.0 -14.748250070142749 0.55 0.55 0.55
v 13.473391383175233 26.666666666666664 -14.748250070549778 0.55 0.55 0.55
v 15.215424964327214 26.666666666666664 -12.957943355386025 0.55 0.55 0.55
v 15.215424964334193 24.0 -12.957943355378319 0.55 0.55 0.55
v 15.215424964334193 24.0 -12.957943355378319 0.55 0.55 0.55
v 15.215424964327214 26.666666666666664 -12.957943355386025 0.55 0.55 0.55
v 16.718612579014653 26.666666666666664 -10.962549492514933 0.55 0.55 0.55
v 16.71861257903124 24.0 -10.962549492487266 0.55 0.55 0.55
v 16.71861257903124 24.0 -10.962549492487266 0.55 0.55 0.55
v 16.718612579014653 26.666666666666664 -10.962549492514933 0.55 0.55 0.55
v 17.94267042735989 26.666666666666664 -8.784662449303253 0.55 0.55 0.55
v 17.94267042764779 24.0 -8.784662448694545 0.55 0.55 0.55
v 17.94267042764779 24.0 -8.784662448694545 0.55 0.55 0.55
v 17.94267042735989 26.666666666666664 -8.784662449303253 0.55 0.55 0.55
v 18.898581640715168 26.666666666666664 -6.47707762856674 0.55 0.55 0.55
v 18.898581640947416 24.0 -6.477077627917662 0.55 0.55 0.55
v 18.898581640947416 24.0 -6.477077627917662 0.55 0.55 0.55
v 18.898581640715168 26.666666666666664 -6.47707762856674 0.55 0.55 0.55
v 19.57317919482352 26.66666666666668 -4.071581323416394 0.55 0.55 0.55
v 19.57317919484928 24.00000000000001 -4.071581323313562 0.55 0.55 0.55
v 19.57317919484928 24.00000000000001 -4.071581323313562 0.55 0.55 0.55
v 19.57317919482352 26.66666666666668 -4.071581323416394 0.55 0.55 0.55
v 19.921506210069566 26.666666666392363 -1.5977772394602237 0.55 0.55 0.55
v 19.921506229744868 23.99999999949819 -1.5977768389604696 0.55 0.55 0.55
v 19.921506229744868 23.99999999949819 -1.5977768389604696 0.55 0.55 0.55
v 19.921506210069566 26.666666666392363 -1.5977772394602237 0.55 0.55 0.55
v 19.92754399828378 26.666666666345666 1.4748752800325942 0.55 0.55 0.55
v 19.92754384439251 23.99999999943506 1.4748784125602985 0.55 0.55 0.55
v 19.92754399828378 26.666666666345666 1.4748752800325942 0.55 0.55 0.55
v 19.927544056103677 29.333333333274936 1.4748741030819374 0.55 0.55 0.55
v 19.60308071302408 29.333333333333332 3.9522077732311045 0.55 0.55 0.55
v 19.6030807130678 26.666666666666664 3.9522077730565877 0.55 0.55 0.55
v 19.6030807130678 26.666666666666664 3.9522077730565877 0.55 0.55 0.55
v 19.60308071302408 29.333333333333332 3.9522077732311045 0.55 0.55 0.55
v 18.940039824833995 29.333333333333332 6.36120975491758 0.55 0.55 0.55
v 18.940039824937642 26.666666666666664 6.361209754627905 0.55 0.55 0.55
v 18.940039824937642 26.666666666666664 6.361209754627905 0.55 0.55 0.55
v 18.940039824833995 29.333333333333332 6.36120975491758 0.55 0.55 0.55
v 17.995286021363285 29.333333333333332 8.673416126740877 0.55 0.55 0.55
v 17.995286021555692 26.666666666666664 8.673416126334072 0.55 0.55 0.55
v 17.995286021555692 26.666666666666664 8.673416126334072 0.55 0.55 0.55
v 17.995286021363285 29.333333333333332 8.673416126740877 0.55 0.55 0.55
v 16.78187886008651 29.333333333333332 10.856996080841883 0.55 0.55 0.55
v 16.78187886010472 26.666666666666664 10.856996080811507 0.55 0.55 0.55
v 16.78187886010472 26.666666666666664 10.856996080811507 0.55 0.55 0.55
v 16.78187886008651 29.333333333333332 10.856996080841883 0.55 0.55 0.55
v 15.298068053966137 29.333333333333332 12.866760763743835 0.55 0.55 0.55
v 15.298068053977204 26.666666666666664 12.866760763731623 0.55 0.55 0.55
v 15.298068053977204 26.666666666666664 12.866760763731623 0.55 0.55 0.55
v 15.298068053966137 29.333333333333332 12.866760763743835 0.55 0.55 0.55
v 13.564573974291728 29.333333333333332 14.665606981387315 0.55 0.55 0.55
v 13.564573974514678 26.666666666666664 14.665606981185242 0.55 0.55 0.55
v 13.564573974514678 26.666666666666664 14.665606981185242 0.55 0.55 0.55
v 13.564573974291728 29.333333333333332 14.665606981387315 0.55 0.55 0.55
v 11.629612537597376 29.333333333333332 16.24506309448683 0.55 0.55 0.55
v 11.629612537760424 26.666666666666664 16.245063094365904 0.55 0.55 0.55
v 11.629612537760424 26.666666666666664 16.245063094365904 0.55 0.55 0.55
v 11.629612537597376 29.333333333333332 16.24506309448683 0.55 0.55 0.55
v 9.519819777508342 29.333333333333332 17.583351503257568 0.55 0.55 0.55
v 9.519819777509055 26.666666666666664 17.583351503257138 0.55 0.55 0.55
v 9.519819777509055 26.666666666666664 17.583351503257138 0.55 0.55 0.55
v 9.519819777508342 29.333333333333332 17.583351503257568 0.55 0.55 0.55
v 7.247937492456772 29.333333333333332 18.622763597624708 0.55 0.55 0.55
v 7.247937492466417 26.666666666666664 18.62276359762125 0.55 0.55 0.55
v 7.247937492466417 26.666666666666664 18.62276359762125 0.55 0.55 0.55
v 7.247937492456772 29.333333333333332 18.622763597624708 0.55 0.55 0.55
v 4.8657641763643795 29.333333333333332 19.374246742909882 0.55 0.55 0.55
v 4.865764176582047 26.666666666666664 19.374246742855355 0.55 0.55 0.55
v 4.865764176582047 26.666666666666664 19.374246742855355 0.55 0.55 0.55
v 4.8657641763643795 29.333333333333332 19.374246742909882 0.55 0.55 0.55
v 2.4111024086993345 29.333333333333332 19.836830633031926 0.55 0.55 0.55
v 2.411102408721144 26.666666666666664 19.836830633028693 0.55 0.55 0.55
v 2.411102408721144 26.666666666666664 19.836830633028693 0.55 0.55 0.55
v 2.4111024086993345 29.333333333333332 19.836830633031926 0.55 0.55 0.55
v -0.08225608652738657 29.333333333333332 19.99595901617765 0.55 0.55 0.55
v -0.0822560865310742 26.666666666666664 19.995959016177473 0.55 0.55 0.55
v -0.0822560865310742 26.666666666666664 19.995959016177473 0.55 0.55 0.55
v -0.08225608652738657 29.333333333333332 19.99595901617765 0.55 0.55 0.55
v -2.574030242011477 29.333333333333332 19.812662573690027 0.55 0.55 0.55
v -2.57403024191233 26.666666666666664 19.81266257370473 0.55 0.55 0.55
v -2.57403024191233 26.666666666666664 19.81266257370473 0.55 0.55 0.55
v -2.574030242011477 29.333333333333332 19.812662573690027 0.55 0.55 0.55
v -5.02553858402421 29.333333333333332 19.334225336566444 0.55 0.55 0.55
v -5.025538583853291 26.666666666666664 19.33422533660926 0.55 0.55 0.55
v -5.025538583853291 26.666666666666664 19.33422533660926 0.55 0.55 0.55
v -5.02553858402421 29.333333333333332 19.334225336566444 0.55 0.55 0.55
v -7.403019759154818 29.333333333333332 18.567274280665284 0.55 0.55 0.55
v -7.403019759165152 26.666666666666664 18.56727428066159 0.55 0.55 0.55
v -7.403019759165152 26.666666666666664 18.56727428066159 0.55 0.55 0.55
v -7.403019759154818 29.333333333333332 18.567274280665284 0.55 0.55 0.55
v -9.661096749268586 29.333333333333332 17.498673343994945 0.55 0.55 0.55
v -9.661096749277506 26.666666666666664 17.498673343989598 0.55 0.55 0.55
v -9.661096749277506 26.666666666666664 17.498673343989598 0.55 0.55 0.55
v -9.661096749268586 29.333333333333332 17.498673343994945 0.55 0.55 0.55
v -11.761909316033929 29.333333333333332 16.14694512167782 0.55 0.55 0.55
v -11.761909315948477 26.666666666666664 16.146945121741197 0.55 0.55 0.55
v -11.761909315948477 26.666666666666664 16.146945121741197 0.55 0.55 0.55
v -11.761909316033929 29.333333333333332 16.14694512167782 0.55 0.55 0.55
v -13.686616457895086 29.333333333333332 14.554994114056585 0.55 0.55 0.55
v -13.686616457844487 26.666666666666664 14.554994114102447 0.55 0.55 0.55
v -13.686616457844487 26.666666666666664 14.554994114102447 0.55 0.55 0.55
v -13.686616457895086 29.333333333333332 14.554994114056585 0.55 0.55 0.55
v -15.408680919790815 29.333333333333332 12.744718281802148 0.55 0.55 0.55
v -15.408680919791944 26.666666666666664 12.744718281800901 0.55 0.55 0.55
v -15.408680919791944 26.666666666666664 12.744718281800901 0.55 0.55 0.55
v -15.408680919790815 29.333333333333332 12.744718281802148 0.55 0.55 0.55
v -16.86655701973389 29.333333333333332 10.715719108439718 0.55 0.55 0.55
v -16.866557019730372 26.666666666666664 10.71571910844559 0.55 0.55 0.55
v -16.866557019730372 26.666666666666664 10.71571910844559 0.55 0.55 0.55
v -16.86655701973389 29.333333333333332 10.715719108439718 0.55 0.55 0.55
v -18.06570886982461 29.333333333333332 8.524519529371197 0.55 0.55 0.55
v -18.065708869804105 26.666666666666664 8.524519529414551 0.55 0.55 0.55
v -18.065708869804105 26.666666666666664 8.524519529414551 0.55 0.55 0.55
v -18.06570886982461 29.333333333333332 8.524519529371197 0.55 0.55 0.55
v -18.995529142035267 29.333333333333332 6.2061274875436006 0.55 0.55 0.55
v -18.995529142035274 26.666666666666664 6.2061274875435855 0.55 0.55 0.55
v -18.995529142035274 26.666666666666664 6.2061274875435855 0.55 0.55 0.55
v -18.995529142035267 29.333333333333332 6.2061274875436006 0.55 0.55 0.55
v -19.63224976349141 29.333333333333332 3.790274701344173 0.55 0.55 0.55
v -19.632249763491533 26.666666666666664 3.790274701343336 0.55 0.55 0.55
v -19.632249763491533 26.666666666666664 3.790274701343336 0.55 0.55 0.55
v -19.63224976349141 29.333333333333332 3.790274701344173 0.55 0.55 0.55
v -19.935627713045474 29.333333333333332 1.3103275436069481 0.55 0.55 0.55
v -19.935627713045545 26.666666666666664 1.3103275436054709 0.55 0.55 0.55
v -19.935627713045545 26.666666666666664 1.3103275436054709 0.55 0.55 0.55
v -19.935627713045474 29.333333333333332 1.3103275436069481 0.55 0.55 0.55
v -19.941666059232073 29.333333333333332 -1.1874142263944971 0.55 0.55 0.55
v -19.941666059232176 26.666666666666664 -1.187414226392427 0.55 0.55 0.55
v -19.941666059232176 26.666666666666664 -1.187414226392427 0.55 0.55 0.55
v -19.941666059232073 29.333333333333332 -1.1874142263944971 0.55 0.55 0.55
v -19.650306641915147 29.333333333333332 -3.6685451062475862 0.55 0.55 0.55
v -19.650306641915392 26.666666666666664 -3.6685451062459555 0.55 0.55 0.55
v -19.650306641915392 26.666666666666664 -3.6685451062459555 0.55 0.55 0.55
v -19.650306641915147 29.333333333333332 -3.6685451062475862 0.55 0.55 0.55
v -19.036987326127857 29.333333333333332 -6.0902596139677625 0.55 0.55 0.55
v -19.036987326129395 26.666666666666664 -6.09025961396346 0.55 0.55 0.55
v -19.036987326129395 26.666666666666664 -6.09025961396346 0.55 0.55 0.55
v -19.036987326127857 29.333333333333332 -6.0902596139677625 0.55 0.55 0.55
v -18.118324464105136 29.333333333333332 -8.413273206222875 0.55 0.55 0.55
v -18.1183244640843 26.666666666666664 -8.413273206266927 0.55 0.55 0.55
v -18.1183244640843 26.666666666666664 -8.413273206266927 0.55 0.55 0.55
v -18.118324464105136 29.333333333333332 -8.413273206222875 0.55 0.55 0.55
v -16.929823301125897 29.333333333333332 -10.61016569623252 0.55 0.55 0.55
v -16.92982330111027 26.666666666666664 -10.610165696258594 0.55 0.55 0.55
v -16.92982330111027 26.666666666666664 -10.610165696258594 0.55 0.55 0.55
v -16.929823301125897 29.333333333333332 -10.61016569623252 0.55 0.55 0.55
v -15.487809250715593 29.333333333333332 -12.650651202803408 0.55 0.55 0.55
v -15.487809250716287 26.666666666666664 -12.650651202802472 0.55 0.55 0.55
v -15.487809250716287 26.666666666666664 -12.650651202802472 0.55 0.55 0.55
v -15.487809250715593 29.333333333333332 -12.650651202803408 0.55 0.55 0.55
v -13.77779904908504 29.333333333333332 -14.47235102482754 0.55 0.55 0.55
v -13.777799049067252 26.666666666666664 -14.472351024843666 0.55 0.55 0.55
v -13.777799049067252 26.666666666666664 -14.472351024843666 0.55 0.55 0.55
v -13.77779904908504 29.333333333333332 -14.47235102482754 0.55 0.55 0.55
v -11.860753281976615 29.333333333333332 -16.07363744421725 0.55 0.55 0.55
v -11.86075328189277 26.666666666666664 -16.073637444279438 0.55 0.55 0.55
v -11.86075328189277 26.666666666666664 -16.073637444279438 0.55 0.55 0.55
v -11.860753281976615 29.333333333333332 -16.07363744421725 0.55 0.55 0.55
v -9.76665016156683 29.333333333333332 -17.435407062548364 0.55 0.55 0.55
v -9.766650161576473 26.666666666666664 -17.435407062542584 0.55 0.55 0.55
v -9.766650161576473 26.666666666666664 -17.435407062542584 0.55 0.55 0.55
v -9.76665016156683 29.333333333333332 -17.435407062548364 0.55 0.55 0.55
v -7.51888763259517 29.333333333333332 -18.525816096621174 0.55 0.55 0.55
v -7.518887632600754 26.666666666666664 -18.525816096619174 0.55 0.55 0.55
v -7.518887632600754 26.666666666666664 -18.525816096619174 0.55 0.55 0.55
v -7.51888763259517 29.333333333333332 -18.525816096621174 0.55 0.55 0.55
v -5.144912133624287 29.333333333333332 -19.304323818512476 0.55 0.55 0.55
v -5.1449121334993455 26.666666666666664 -19.30432381854377 0.55 0.55 0.55
v -5.1449121334993455 26.666666666666664 -19.30432381854377 0.55 0.55 0.55
v -5.144912133624287 29.333333333333332 -19.304323818512476 0.55 0.55 0.55
v -2.695759837283298 29.333333333333332 -19.794605695240293 0.55 0.55 0.55
v -2.6957598371264635 26.666666666666664 -19.794605695263556 0.55 0.55 0.55
v -2.6957598371264635 26.666666666666664 -19.794605695263556 0.55 0.55 0.55
v -2.695759837283298 29.333333333333332 -19.794605695240293 0.55 0.55 0.55
v -0.20516940405644365 29.333333333333332 -19.989920669975493 0.55 0.55 0.55
v -0.20516940406801693 26.666666666666664 -19.98992066997493 0.55 0.55 0.55
v -0.20516940406801693 26.666666666666664 -19.98992066997493 0.55 0.55 0.55
v -0.20516940405644365 29.333333333333332 -19.989920669975493 0.55 0.55 0.55
v 2.2893728139414717 29.333333333333332 -19.854887511405423 0.55 0.55 0.55
v 2.289372813924049 26.666666666666664 -19.854887511408005 0.55 0.55 0.55
v 2.289372813924049 26.666666666666664 -19.854887511408005 0.55 0.55 0.55
v 2.2893728139414717 29.333333333333332 -19.854887511405423 0.55 0.55 0.55
v 4.746390626595912 29.333333333333332 -19.404148261006032 0.55 0.55 0.55
v 4.746390626815558 26.666666666666664 -19.404148260951015 0.55 0.55 0.55
v 4.746390626815558 26.666666666666664 -19.404148260951015 0.55 0.55 0.55
v 4.746390626595912 29.333333333333332 -19.404148261006032 0.55 0.55 0.55
v 7.132069618500492 29.333333333333332 -18.664221781853417 0.55 0.55 0.55
v 7.13206961859573 26.666666666666664 -18.664221781819343 0.55 0.55 0.55
v 7.13206961859573 26.666666666666664 -18.664221781819343 0.55 0.55 0.55
v 7.132069618500492 29.333333333333332 -18.664221781853417 0.55 0.55 0.55
v 9.41352917856902 29.333333333333332 -17.645238604472105 0.55 0.55 0.55
v 9.413529178575688 26.666666666666664 -17.645238604468954 0.55 0.55 0.55
v 9.413529178575688 26.666666666666664 -17.645238604468954 0.55 0.55 0.55
v 9.41352917856902 29.333333333333332 -17.645238604472105 0.55 0.55 0.55
v 11.530768571955827 29.333333333333332 -16.318370771724062 0.55 0.55 0.55
v 11.530768572035091 26.666666666666664 -16.318370771665272 0.55 0.55 0.55
v 11.530768572035091 26.666666666666664 -16.318370771665272 0.55 0.55 0.55
v 11.530768571955827 29.333333333333332 -16.318370771724062 0.55 0.55 0.55
v 13.47339138295389 29.333333333333332 -14.748250070750391 0.55 0.55 0.55
v 13.473391383175233 26.666666666666664 -14.748250070549778 0.55 0.55 0.55
v 13.473391383175233 26.666666666666664 -14.748250070549778 0.55 0.55 0.55
v 13.47339138295389 29.333333333333332 -14.748250070750391 0.55 0.55 0.55
v 15.215424964319983 29.333333333333332 -12.957943355394 0.55 0.55 0.55
v 15.215424964327214 26.666666666666664 -12.957943355386025 0.55 0.55 0.55
v 15.215424964327214 26.666666666666664 -12.957943355386025 0.55 0.55 0.55
v 15.215424964319983 29.333333333333332 -12.957943355394 0.55 0.55 0.55
v 16.718612578992627 29.333333333333332 -10.96254949255169 0.55 0.55 0.55
v 16.718612579014653 26.666666666666664 -10.962549492514933 0.55 0.55 0.55
v 16.718612579014653 26.666666666666664 -10.962549492514933 0.55 0.55 0.55
v 16.718612578992627 29.333333333333332 -10.96254949255169 0.55 0.55 0.55
v 17.94267042719574 29.333333333333332 -8.78466244965032 0.55 0.55 0.55
v 17.94267042735989 26.666666666666664 -8.784662449303253 0.55 0.55 0.55
v 17.94267042735989 26.666666666666664 -8.784662449303253 0.55 0.55 0.55
v 17.94267042719574 29.333333333333332 -8.78466244965032 0.55 0.55 0.55
v 18.898581640572576 29.333333333333332 -6.477077628965264 0.55 0.55 0.55
v 18.898581640715168 26.666666666666664 -6.47707762856674 0.55 0.55 0.55
v 18.898581640715168 26.666666666666664 -6.47707762856674 0.55 0.55 0.55
v 18.898581640572576 29.333333333333332 -6.477077628965264 0.55 0.55 0.55
v 19.57317919478325 29.333333333333346 -4.071581323577171 0.55 0.55 0.55
v 19.57317919482352 26.66666666666668 -4.071581323416394 0.55 0.55 0.55
v 19.57317919482352 26.66666666666668 -4.071581323416394 0.55 0.55 0.55
v 19.57317919478325 29.333333333333346 -4.071581323577171 0.55 0.55 0.55
v 19.921506180570518 29.333333333286504 -1.5977778399269278 0.55 0.55 0.55
v 19.921506210069566 26.666666666392363 -1.5977772394602237 0.55 0.55 0.55
v 19.921506210069566 26.666666666392363 -1.5977772394602237 0.55 0.55 0.55
v 19.921506180570518 29.333333333286504 -1.5977778399269278 0.55 0.55 0.55
v 19.927544056103677 29.333333333274936 1.4748741030819374 0.55 0.55 0.55
v 19.92754399828378 26.666666666345666 1.4748752800325942 0.55 0.55 0.55
v 19.927544056103677 29.333333333274936 1.4748741030819374 0.55 0.55 0.55
v 19.927544017851332 32.0000000002225 1.4748748817260615 0.55 0.55 0.55
v 19.603080712962626 32.0 3.9522077734764487 0.55 0.55 0.55
v 19.60308071302408 29.333333333333332 3.9522077732311045 0.55 0.55 0.55
v 19.60308071302408 29.333333333333332 3.9522077732311045 0.55 0.55 0.55
v 19.603080712962626 32.0 3.9522077734764487 0.55 0.55 0.55
v 18.94003982478121 32.0 6.361209755065099 0.55 0.55 0.55
v 18.940039824833995 29.333333333333332 6.36120975491758 0.55 0.55 0.55
v 18.940039824833995 29.333333333333332 6.36120975491758 0.55 0.55 0.55
v 18.94003982478121 32.0 6.361209755065099 0.55 0.55 0.55
v 17.99528602133067 32.0 8.673416126809839 0.55 0.55 0.55
v 17.995286021363285 29.333333333333332 8.673416126740877 0.55 0.55 0.55
v 17.995286021363285 29.333333333333332 8.673416126740877 0.55 0.55 0.55
v 17.99528602133067 32.0 8.673416126809839 0.55 0.55 0.55
v 16.78187886006811 32.0 10.856996080872584 0.55 0.55 0.55
v 16.78187886008651 29.333333333333332 10.856996080841883 0.55 0.55 0.55
v 16.78187886008651 29.333333333333332 10.856996080841883 0.55 0.55 0.55
v 16.78187886006811 32.0 10.856996080872584 0.55 0.55 0.55
v 15.298068053957333 32.0 12.866760763753549 0.55 0.55 0.55
v 15.298068053966137 29.333333333333332 12.866760763743835 0.55 0.55 0.55
v 15.298068053966137 29.333333333333332 12.866760763743835 0.55 0.55 0.55
v 15.298068053957333 32.0 12.866760763753549 0.55 0.55 0.55
v 13.564573974295676 32.0 14.665606981383736 0.55 0.55 0.55
v 13.564573974291728 29.333333333333332 14.665606981387315 0.55 0.55 0.55
v 13.564573974291728 29.333333333333332 14.665606981387315 0.55 0.55 0.55
v 13.564573974295676 32.0 14.665606981383736 0.55 0.55 0.55
v 11.62961253760697 32.0 16.24506309447972 0.55 0.55 0.55
v 11.629612537597376 29.333333333333332 16.24506309448683 0.55 0.55 0.55
v 11.629612537597376 29.333333333333332 16.24506309448683 0.55 0.55 0.55
v 11.62961253760697 32.0 16.24506309447972 0.55 0.55 0.55
v 9.51981977750934 32.0 17.58335150325697 0.55 0.55 0.55
v 9.519819777508342 29.333333333333332 17.583351503257568 0.55 0.55 0.55
v 9.519819777508342 29.333333333333332 17.583351503257568 0.55 0.55 0.55
v 9.51981977750934 32.0 17.58335150325697 0.55 0.55 0.55
v 7.247937492479876 32.0 18.62276359761644 0.55 0.55 0.55
v 7.247937492456772 29.333333333333332 18.622763597624708 0.55 0.55 0.55
v 7.247937492456772 29.333333333333332 18.622763597624708 0.55 0.55 0.55
v 7.247937492479876 32.0 18.62276359761644 0.55 0.55 0.55
v 4.865764176396423 32.0 19.374246742901853 0.55 0.55 0.55
v 4.8657641763643795 29.333333333333332 19.374246742909882 0.55 0.55 0.55
v 4.8657641763643795 29.333333333333332 19.374246742909882 0.55 0.55 0.55
v 4.865764176396423 32.0 19.374246742901853 0.55 0.55 0.55
v 2.4111024087234467 32.0 19.836830633028352 0.55 0.55 0.55
v 2.4111024086993345 29.333333333333332 19.836830633031926 0.55 0.55 0.55
v 2.4111024086993345 29.333333333333332 19.836830633031926 0.55 0.55 0.55
v 2.4111024087234467 32.0 19.836830633028352 0.55 0.55 0.55
v -0.08225608652223611 32.0 19.995959016177903 0.55 0.55 0.55
v -0.08225608652738657 29.333333333333332 19.99595901617765 0.55 0.55 0.55
v -0.08225608652738657 29.333333333333332 19.99595901617765 0.55 0.55 0.55
v -0.08225608652223611 32.0 19.995959016177903 0.55 0.55 0.55
v -2.574030241994808 32.0 19.8126625736925 0.55 0.55 0.55
v -2.574030242011477 29.333333333333332 19.812662573690027 0.55 0.55 0.55
v -2.574030242011477 29.333333333333332 19.812662573690027 0.55 0.55 0.55
v -2.574030241994808 32.0 19.8126625736925 0.55 0.55 0.55
v -5.025538584001094 32.0 19.33422533657224 0.55 0.55 0.55
v -5.02553858402421 29.333333333333332 19.334225336566444 0.55 0.55 0.55
v -5.02553858402421 29.333333333333332 19.334225336566444 0.55 0.55 0.55
v -5.025538584001094 32.0 19.33422533657224 0.55 0.55 0.55
v -7.40301975914103 32.0 18.56727428067022 0.55 0.55 0.55
v -7.403019759154818 29.333333333333332 18.567274280665284 0.55 0.55 0.55
v -7.403019759154818 29.333333333333332 18.567274280665284 0.55 0.55 0.55
v -7.40301975914103 32.0 18.56727428067022 0.55 0.55 0.55
v -9.661096749256698 32.0 17.49867334400207 0.55 0.55 0.55
v -9.661096749268586 29.333333333333332 17.498673343994945 0.55 0.55 0.55
v -9.661096749268586 29.333333333333332 17.498673343994945 0.55 0.55 0.55
v -9.661096749256698 32.0 17.49867334400207 0.55 0.55 0.55
v -11.761909316021985 32.0 16.146945121686677 0.55 0.55 0.55
v -11.761909316033929 29.333333333333332 16.14694512167782 0.55 0.55 0.55
v -11.761909316033929 29.333333333333332 16.14694512167782 0.55 0.55 0.55
v -11.761909316021985 32.0 16.146945121686677 0.55 0.55 0.55
v -13.68661645788577 32.0 14.554994114065034 0.55 0.55 0.55
v -13.686616457895086 29.333333333333332 14.554994114056585 0.55 0.55 0.55
v -13.686616457895086 29.333333333333332 14.554994114056585 0.55 0.55 0.55
v -13.68661645788577 32.0 14.554994114065034 0.55 0.55 0.55
v -15.408680919789319 32.0 12.744718281803795 0.55 0.55 0.55
v -15.408680919790815 29.333333333333332 12.744718281802148 0.55 0.55 0.55
v -15.408680919790815 29.333333333333332 12.744718281802148 0.55 0.55 0.55
v -15.408680919789319 32.0 12.744718281803795 0.55 0.55 0.55
v -16.86655701972986 32.0 10.71571910844644 0.55 0.55 0.55
v -16.86655701973389 29.333333333333332 10.715719108439718 0.55 0.55 0.55
v -16.86655701973389 29.333333333333332 10.715719108439718 0.55 0.55 0.55
v -16.86655701972986 32.0 10.71571910844644 0.55 0.55 0.55
v -18.065708869821105 32.0 8.524519529378612 0.55 0.55 0.55
v -18.06570886982461 29.333333333333332 8.524519529371197 0.55 0.55 0.55
v -18.06570886982461 29.333333333333332 8.524519529371197 0.55 0.55 0.55
v -18.065708869821105 32.0 8.524519529378612 0.55 0.55 0.55
v -18.995529142033 32.0 6.206127487549937 0.55 0.55 0.55
v -18.995529142035267 29.333333333333332 6.2061274875436006 0.55 0.55 0.55
v -18.995529142035267 29.333333333333332 6.2061274875436006 0.55 0.55 0.55
v -18.995529142033 32.0 6.206127487549937 0.55 0.55 0.55
v -19.632249763491245 32.0 3.7902747013452593 0.55 0.55 0.55
v -19.63224976349141 29.333333333333332 3.790274701344173 0.55 0.55 0.55
v -19.63224976349141 29.333333333333332 3.790274701344173 0.55 0.55 0.55
v -19.632249763491245 32.0 3.7902747013452593 0.55 0.55 0.55
v -19.935627713045484 32.0 1.3103275436067543 0.55 0.55 0.55
v -19.935627713045474 29.333333333333332 1.3103275436069481 0.55 0.55 0.55
v -19.935627713045474 29.333333333333332 1.3103275436069481 0.55 0.55 0.55
v -19.935627713045484 32.0 1.3103275436067543 0.55 0.55 0.55
v -19.94166605923209 32.0 -1.1874142263941585 0.55 0.55 0.55
v -19.941666059232073 29.333333333333332 -1.1874142263944971 0.55 0.55 0.55
v -19.941666059232073 29.333333333333332 -1.1874142263944971 0.55 0.55 0.55
v -19.94166605923209 32.0 -1.1874142263941585 0.55 0.55 0.55
v -19.650306641914824 32.0 -3.6685451062497703 0.55 0.55 0.55
v -19.650306641915147 29.333333333333332 -3.6685451062475862 0.55 0.55 0.55
v -19.650306641915147 29.333333333333332 -3.6685451062475862 0.55 0.55 0.55
v -19.650306641914824 32.0 -3.6685451062497703 0.55 0.55 0.55
v -19.036987326125804 32.0 -6.090259613973499 0.55 0.55 0.55
v -19.036987326127857 29.333333333333332 -6.0902596139677625 0.55 0.55 0.55
v -19.036987326127857 29.333333333333332 -6.0902596139677625 0.55 0.55 0.55
v -19.036987326125804 32.0 -6.090259613973499 0.55 0.55 0.55
v -18.11832446410208 32.0 -8.413273206229341 0.55 0.55 0.55
v -18.118324464105136 29.333333333333332 -8.413273206222875 0.55 0.55 0.55
v -18.118324464105136 29.333333333333332 -8.413273206222875 0.55 0.55 0.55
v -18.11832446410208 32.0 -8.413273206229341 0.55 0.55 0.55
v -16.929823301122404 32.0 -10.610165696238345 0.55 0.55 0.55
v -16.929823301125897 29.333333333333332 -10.61016569623252 0.55 0.55 0.55
v -16.929823301125897 29.333333333333332 -10.61016569623252 0.55 0.55 0.55
v -16.929823301122404 32.0 -10.610165696238345 0.55 0.55 0.55
v -15.487809250714674 32.0 -12.650651202804646 0.55 0.55 0.55
v -15.487809250715593 29.333333333333332 -12.650651202803408 0.55 0.55 0.55
v -15.487809250715593 29.333333333333332 -12.650651202803408 0.55 0.55 0.55
v -15.487809250714674 32.0 -12.650651202804646 0.55 0.55 0.55
v -13.77779904907449 32.0 -14.472351024837103 0.55 0.55 0.55
v -13.77779904908504 29.333333333333332 -14.47235102482754 0.55 0.55 0.55
v -13.77779904908504 29.333333333333332 -14.47235102482754 0.55 0.55 0.55
v -13.77779904907449 32.0 -14.472351024837103 0.55 0.55 0.55
v -11.86075328196253 32.0 -16.0736374442277 0.55 0.55 0.55
v -11.860753281976615 29.333333333333332 -16.07363744421725 0.55 0.55 0.55
v -11.860753281976615 29.333333333333332 -16.07363744421725 0.55 0.55 0.55
v -11.86075328196253 32.0 -16.0736374442277 0.55 0.55 0.55
v -9.766650161552938 32.0 -17.435407062556692 0.55 0.55 0.55
v -9.76665016156683 29.333333333333332 -17.435407062548364 0.55 0.55 0.55
v -9.76665016156683 29.333333333333332 -17.435407062548364 0.55 0.55 0.55
v -9.766650161552938 32.0 -17.435407062556692 0.55 0.55 0.55
v -7.518887632587684 32.0 -18.525816096623853 0.55 0.55 0.55
v -7.51888763259517 29.333333333333332 -18.525816096621174 0.55 0.55 0.55
v -7.51888763259517 29.333333333333332 -18.525816096621174 0.55 0.55 0.55
v -7.518887632587684 32.0 -18.525816096623853 0.55 0.55 0.55
v -5.144912133606239 32.0 -19.304323818517 0.55 0.55 0.55
v -5.144912133624287 29.333333333333332 -19.304323818512476 0.55 0.55 0.55
v -5.144912133624287 29.333333333333332 -19.304323818512476 0.55 0.55 0.55
v -5.144912133606239 32.0 -19.304323818517 0.55 0.55 0.55
v -2.6957598372632137 32.0 -19.79460569524327 0.55 0.55 0.55
v -2.695759837283298 29.333333333333332 -19.794605695240293 0.55 0.55 0.55
v -2.695759837283298 29.333333333333332 -19.794605695240293 0.55 0.55 0.55
v -2.6957598372632137 32.0 -19.79460569524327 0.55 0.55 0.55
v -0.20516940404078865 32.0 -19.989920669976264 0.55 0.55 0.55
v -0.20516940405644365 29.333333333333332 -19.989920669975493 0.55 0.55 0.55
v -0.20516940405644365 29.333333333333332 -19.989920669975493 0.55 0.55 0.55
v -0.20516940404078865 32.0 -19.989920669976264 0.55 0.55 0.55
v 2.2893728139651532 32.0 -19.85488751140191 0.55 0.55 0.55
v 2.2893728139414717 29.333333333333332 -19.854887511405423 0.55 0.55 0.55
v 2.2893728139414717 29.333333333333332 -19.854887511405423 0.55 0.55 0.55
v 2.2893728139651532 32.0 -19.85488751140191 0.55 0.55 0.55
v 4.746390626625261 32.0 -19.404148260998678 0.55 0.55 0.55
v 4.746390626595912 29.333333333333332 -19.404148261006032 0.55 0.55 0.55
v 4.746390626595912 29.333333333333332 -19.404148261006032 0.55 0.55 0.55
v 4.746390626625261 32.0 -19.404148260998678 0.55 0.55 0.55
v 7.132069618520219 32.0 -18.664221781846358 0.55 0.55 0.55
v 7.132069618500492 29.333333333333332 -18.664221781853417 0.55 0.55 0.55
v 7.132069618500492 29.333333333333332 -18.664221781853417 0.55 0.55 0.55
v 7.132069618520219 32.0 -18.664221781846358 0.55 0.55 0.55
v 9.413529178562072 32.0 -17.645238604475395 0.55 0.55 0.55
v 9.41352917856902 29.333333333333332 -17.645238604472105 0.55 0.55 0.55
v 9.41352917856902 29.333333333333332 -17.645238604472105 0.55 0.55 0.55
v 9.413529178562072 32.0 -17.645238604475395 0.55 0.55 0.55
v 11.530768571968055 32.0 -16.31837077171499 0.55 0.55 0.55
v 11.530768571955827 29.333333333333332 -16.318370771724062 0.55 0.55 0.55
v 11.530768571955827 29.333333333333332 -16.318370771724062 0.55 0.55 0.55
v 11.530768571968055 32.0 -16.31837077171499 0.55 0.55 0.55
v 13.473391382964257 32.0 -14.748250070740994 0.55 0.55 0.55
v 13.47339138295389 29.333333333333332 -14.748250070750391 0.55 0.55 0.55
v 13.47339138295389 29.333333333333332 -14.748250070750391 0.55 0.55 0.55
v 13.473391382964257 32.0 -14.748250070740994 0.55 0.55 0.55
v 15.215424964316282 32.0 -12.957943355398085 0.55 0.55 0.55
v 15.215424964319983 29.333333333333332 -12.957943355394 0.55 0.55 0.55
v 15.215424964319983 29.333333333333332 -12.957943355394 0.55 0.55 0.55
v 15.215424964316282 32.0 -12.957943355398085 0.55 0.55 0.55
v 16.71861257896911 32.0 -10.962549492590922 0.55 0.55 0.55
v 16.718612578992627 29.333333333333332 -10.96254949255169 0.55 0.55 0.55
v 16.718612578992627 29.333333333333332 -10.96254949255169 0.55 0.55 0.55
v 16.71861257896911 32.0 -10.962549492590922 0.55 0.55 0.55
v 17.94267042715987 32.0 -8.784662449726152 0.55 0.55 0.55
v 17.94267042719574 29.333333333333332 -8.78466244965032 0.55 0.55 0.55
v 17.94267042719574 29.333333333333332 -8.78466244965032 0.55 0.55 0.55
v 17.94267042715987 32.0 -8.784662449726152 0.55 0.55 0.55
v 18.89858164052096 32.0 -6.477077629109527 0.55 0.55 0.55
v 18.898581640572576 29.333333333333332 -6.477077628965264 0.55 0.55 0.55
v 18.898581640572576 29.333333333333332 -6.477077628965264 0.55 0.55 0.55
v 18.89858164052096 32.0 -6.477077629109527 0.55 0.55 0.55
v 19.573179194726386 32.000000000000014 -4.071581323804188 0.55 0.55 0.55
v 19.57317919478325 29.333333333333346 -4.071581323577171 0.55 0.55 0.55
v 19.57317919478325 29.333333333333346 -4.071581323577171 0.55 0.55 0.55
v 19.573179194726386 32.000000000000014 -4.071581323804188 0.55 0.55 0.55
v 19.92150614124686 32.00000000018059 -1.5977786403781449 0.55 0.55 0.55
v 19.921506180570518 29.333333333286504 -1.5977778399269278 0.55 0.55 0.55
v 19.921506180570518 29.333333333286504 -1.5977778399269278 0.55 0.55 0.55
v 19.92150614124686 32.00000000018059 -1.5977786403781449 0.55 0.55 0.55
v 19.927544017851332 32.0000000002225 1.4748748817260615 0.55 0.55 0.55
v 19.927544056103677 29.333333333274936 1.4748741030819374 0.55 0.55 0.55
v 19.927544017851332 32.0000000002225 1.4748748817260615 0.55 0.55 0.55
v 19.92754379698164 34.66666666713127 1.4748793776303115 0.55 0.55 0.55
v 19.60308071288226 34.666666666666664 3.9522077737972956 0.55 0.55 0.55
v 19.603080712962626 32.0 3.9522077734764487 0.55 0.55 0.55
v 19.603080712962626 32.0 3.9522077734764487 0.55 0.55 0.55
v 19.60308071288226 34.666666666666664 3.9522077737972956 0.55 0.55 0.55
v 18.940039824852395 34.666666666666664 6.361209754866157 0.55 0.55 0.55
v 18.94003982478121 32.0 6.361209755065099 0.55 0.55 0.55
v 18.94003982478121 32.0 6.361209755065099 0.55 0.55 0.55
v 18.940039824852395 34.666666666666664 6.361209754866157 0.55 0.55 0.55
v 17.99528602163553 34.666666666666664 8.673416126165264 0.55 0.55 0.55
v 17.99528602133067 32.0 8.673416126809839 0.55 0.55 0.55
v 17.99528602133067 32.0 8.673416126809839 0.55 0.55 0.55
v 17.99528602163553 34.666666666666664 8.673416126165264 0.55 0.55 0.55
v 16.781878860055123 34.666666666666664 10.856996080894248 0.55 0.55 0.55
v 16.78187886006811 32.0 10.856996080872584 0.55 0.55 0.55
v 16.78187886006811 32.0 10.856996080872584 0.55 0.55 0.55
v 16.781878860055123 34.666666666666664 10.856996080894248 0.55 0.55 0.55
v 15.298068053955038 34.666666666666664 12.866760763756082 0.55 0.55 0.55
v 15.298068053957333 32.0 12.866760763753549 0.55 0.55 0.55
v 15.298068053957333 32.0 12.866760763753549 0.55 0.55 0.55
v 15.298068053955038 34.666666666666664 12.866760763756082 0.55 0.55 0.55
v 13.56457397475535 34.666666666666664 14.66560698096711 0.55 0.55 0.55
v 13.564573974295676 32.0 14.665606981383736 0.55 0.55 0.55
v 13.564573974295676 32.0 14.665606981383736 0.55 0.55 0.55
v 13.56457397475535 34.666666666666664 14.66560698096711 0.55 0.55 0.55
v 11.629612537960362 34.666666666666664 16.24506309421762 0.55 0.55 0.55
v 11.62961253760697 32.0 16.24506309447972 0.55 0.55 0.55
v 11.62961253760697 32.0 16.24506309447972 0.55 0.55 0.55
v 11.629612537960362 34.666666666666664 16.24506309421762 0.55 0.55 0.55
v 9.51981977751306 34.666666666666664 17.58335150325474 0.55 0.55 0.55
v 9.51981977750934 32.0 17.58335150325697 0.55 0.55 0.55
v 9.51981977750934 32.0 17.58335150325697 0.55 0.55 0.55
v 9.51981977751306 34.666666666666664 17.58335150325474 0.55 0.55 0.55
v 7.247937492562507 34.666666666666664 18.62276359758687 0.55 0.55 0.55
v 7.247937492479876 32.0 18.62276359761644 0.55 0.55 0.55
v 7.247937492479876 32.0 18.62276359761644 0.55 0.55 0.55
v 7.247937492562507 34.666666666666664 18.62276359758687 0.55 0.55 0.55
v 4.865764176920557 34.666666666666664 19.374246742770566 0.55 0.55 0.55
v 4.865764176396423 32.0 19.374246742901853 0.55 0.55 0.55
v 4.865764176396423 32.0 19.374246742901853 0.55 0.55 0.55
v 4.865764176920557 34.666666666666664 19.374246742770566 0.55 0.55 0.55
v 2.411102408833369 34.666666666666664 19.836830633012045 0.55 0.55 0.55
v 2.4111024087234467 32.0 19.836830633028352 0.55 0.55 0.55
v 2.4111024087234467 32.0 19.836830633028352 0.55 0.55 0.55
v 2.411102408833369 34.666666666666664 19.836830633012045 0.55 0.55 0.55
v -0.08225608651548945 34.666666666666664 19.995959016178233 0.55 0.55 0.55
v -0.08225608652223611 32.0 19.995959016177903 0.55 0.55 0.55
v -0.08225608652223611 32.0 19.995959016177903 0.55 0.55 0.55
v -0.08225608651548945 34.666666666666664 19.995959016178233 0.55 0.55 0.55
v -2.574030241750519 34.666666666666664 19.812662573728733 0.55 0.55 0.55
v -2.574030241994808 32.0 19.8126625736925 0.55 0.55 0.55
v -2.574030241994808 32.0 19.8126625736925 0.55 0.55 0.55
v -2.574030241750519 34.666666666666664 19.812662573728733 0.55 0.55 0.55
v -5.025538583595479 34.666666666666664 19.334225336673835 0.55 0.55 0.55
v -5.025538584001094 32.0 19.33422533657224 0.55 0.55 0.55
v -5.025538584001094 32.0 19.33422533657224 0.55 0.55 0.55
v -5.025538583595479 34.666666666666664 19.334225336673835 0.55 0.55 0.55
v -7.403019759123748 34.666666666666664 18.5672742806764 0.55 0.55 0.55
v -7.40301975914103 32.0 18.56727428067022 0.55 0.55 0.55
v -7.40301975914103 32.0 18.56727428067022 0.55 0.55 0.55
v -7.403019759123748 34.666666666666664 18.5672742806764 0.55 0.55 0.55
v -9.661096749241832 34.666666666666664 17.49867334401098 0.55 0.55 0.55
v -9.661096749256698 32.0 17.49867334400207 0.55 0.55 0.55
v -9.661096749256698 32.0 17.49867334400207 0.55 0.55 0.55
v -9.661096749241832 34.666666666666664 17.49867334401098 0.55 0.55 0.55
v -11.761909315818189 34.666666666666664 16.146945121837827 0.55 0.55 0.55
v -11.761909316021985 32.0 16.146945121686677 0.55 0.55 0.55
v -11.761909316021985 32.0 16.146945121686677 0.55 0.55 0.55
v -11.761909315818189 34.666666666666664 16.146945121837827 0.55 0.55 0.55
v -13.686616457758934 34.666666666666664 14.554994114179989 0.55 0.55 0.55
v -13.68661645788577 32.0 14.554994114065034 0.55 0.55 0.55
v -13.68661645788577 32.0 14.554994114065034 0.55 0.55 0.55
v -13.686616457758934 34.666666666666664 14.554994114179989 0.55 0.55 0.55
v -15.40868091978748 34.666666666666664 12.744718281805829 0.55 0.55 0.55
v -15.408680919789319 32.0 12.744718281803795 0.55 0.55 0.55
v -15.408680919789319 32.0 12.744718281803795 0.55 0.55 0.55
v -15.40868091978748 34.666666666666664 12.744718281805829 0.55 0.55 0.55
v -16.866557019711752 34.666666666666664 10.715719108476655 0.55 0.55 0.55
v -16.86655701972986 32.0 10.71571910844644 0.55 0.55 0.55
v -16.86655701972986 32.0 10.71571910844644 0.55 0.55 0.55
v -16.866557019711752 34.666666666666664 10.715719108476655 0.55 0.55 0.55
v -18.065708869770454 34.666666666666664 8.524519529485698 0.55 0.55 0.55
v -18.065708869821105 32.0 8.524519529378612 0.55 0.55 0.55
v -18.065708869821105 32.0 8.524519529378612 0.55 0.55 0.55
v -18.065708869770454 34.666666666666664 8.524519529485698 0.55 0.55 0.55
v -18.995529142026772 34.666666666666664 6.206127487567336 0.55 0.55 0.55
v -18.995529142033 32.0 6.206127487549937 0.55 0.55 0.55
v -18.995529142033 32.0 6.206127487549937 0.55 0.55 0.55
v -18.995529142026772 34.666666666666664 6.206127487567336 0.55 0.55 0.55
v -19.632249763491046 34.666666666666664 3.7902747013466227 0.55 0.55 0.55
v -19.632249763491245 32.0 3.7902747013452593 0.55 0.55 0.55
v -19.632249763491245 32.0 3.7902747013452593 0.55 0.55 0.55
v -19.632249763491046 34.666666666666664 3.7902747013466227 0.55 0.55 0.55
v -19.93562771304565 34.666666666666664 1.3103275436033586 0.55 0.55 0.55
v -19.935627713045484 32.0 1.3103275436067543 0.55 0.55 0.55
v -19.935627713045484 32.0 1.3103275436067543 0.55 0.55 0.55
v -19.93562771304565 34.666666666666664 1.3103275436033586 0.55 0.55 0.55
v -19.94166605923234 34.666666666666664 -1.1874142263890342 0.55 0.55 0.55
v -19.94166605923209 32.0 -1.1874142263941585 0.55 0.55 0.55
v -19.94166605923209 32.0 -1.1874142263941585 0.55 0.55 0.55
v -19.94166605923234 34.666666666666664 -1.1874142263890342 0.55 0.55 0.55
v -19.65030664191442 34.666666666666664 -3.6685451062525014 0.55 0.55 0.55
v -19.650306641914824 32.0 -3.6685451062497703 0.55 0.55 0.55
v -19.650306641914824 32.0 -3.6685451062497703 0.55 0.55 0.55
v -19.65030664191442 34.666666666666664 -3.6685451062525014 0.55 0.55 0.55
v -19.03698732612324 34.666666666666664 -6.090259613980675 0.55 0.55 0.55
v -19.036987326125804 32.0 -6.090259613973499 0.55 0.55 0.55
v -19.036987326125804 32.0 -6.090259613973499 0.55 0.55 0.55
v -19.03698732612324 34.666666666666664 -6.090259613980675 0.55 0.55 0.55
v -18.118324464051966 34.666666666666664 -8.413273206335292 0.55 0.55 0.55
v -18.11832446410208 32.0 -8.413273206229341 0.55 0.55 0.55
v -18.11832446410208 32.0 -8.413273206229341 0.55 0.55 0.55
v -18.118324464051966 34.666666666666664 -8.413273206335292 0.55 0.55 0.55
v -16.92982330108151 34.666666666666664 -10.610165696306579 0.55 0.55 0.55
v -16.929823301122404 32.0 -10.610165696238345 0.55 0.55 0.55
v -16.929823301122404 32.0 -10.610165696238345 0.55 0.55 0.55
v -16.92982330108151 34.666666666666664 -10.610165696306579 0.55 0.55 0.55
v -15.487809250713523 34.666666666666664 -12.650651202806195 0.55 0.55 0.55
v -15.487809250714674 32.0 -12.650651202804646 0.55 0.55 0.55
v -15.487809250714674 32.0 -12.650651202804646 0.55 0.55 0.55
v -15.487809250713523 34.666666666666664 -12.650651202806195 0.55 0.55 0.55
v -13.777799049009882 34.666666666666664 -14.47235102489566 0.55 0.55 0.55
v -13.77779904907449 32.0 -14.472351024837103 0.55 0.55 0.55
v -13.77779904907449 32.0 -14.472351024837103 0.55 0.55 0.55
v -13.777799049009882 34.666666666666664 -14.47235102489566 0.55 0.55 0.55
v -11.860753281756017 34.666666666666664 -16.07363744438086 0.55 0.55 0.55
v -11.86075328196253 32.0 -16.0736374442277 0.55 0.55 0.55
v -11.86075328196253 32.0 -16.0736374442277 0.55 0.55 0.55
v -11.860753281756017 34.666666666666664 -16.07363744438086 0.55 0.55 0.55
v -9.766650161534015 34.666666666666664 -17.435407062568032 0.55 0.55 0.55
v -9.766650161552938 32.0 -17.435407062556692 0.55 0.55 0.55
v -9.766650161552938 32.0 -17.435407062556692 0.55 0.55 0.55
v -9.766650161534015 34.666666666666664 -17.435407062568032 0.55 0.55 0.55
v -7.518887632578301 34.666666666666664 -18.52581609662721 0.55 0.55 0.55
v -7.518887632587684 32.0 -18.525816096623853 0.55 0.55 0.55
v -7.518887632587684 32.0 -18.525816096623853 0.55 0.55 0.55
v -7.518887632578301 34.666666666666664 -18.52581609662721 0.55 0.55 0.55
v -5.144912133306675 34.666666666666664 -19.304323818592035 0.55 0.55 0.55
v -5.144912133606239 32.0 -19.304323818517 0.55 0.55 0.55
v -5.144912133606239 32.0 -19.304323818517 0.55 0.55 0.55
v -5.144912133306675 34.666666666666664 -19.304323818592035 0.55 0.55 0.55
v -2.6957598368941222 34.666666666666664 -19.79460569529802 0.55 0.55 0.55
v -2.6957598372632137 32.0 -19.79460569524327 0.55 0.55 0.55
v -2.6957598372632137 32.0 -19.79460569524327 0.55 0.55 0.55
v -2.6957598368941222 34.666666666666664 -19.79460569529802 0.55 0.55 0.55
v -0.20516940402088613 34.666666666666664 -19.989920669977245 0.55 0.55 0.55
v -0.20516940404078865 32.0 -19.989920669976264 0.55 0.55 0.55
v -0.20516940404078865 32.0 -19.989920669976264 0.55 0.55 0.55
v -0.20516940402088613 34.666666666666664 -19.989920669977245 0.55 0.55 0.55
v 2.2893728139954197 34.666666666666664 -19.85488751139742 0.55 0.55 0.55
v 2.2893728139651532 32.0 -19.85488751140191 0.55 0.55 0.55
v 2.2893728139651532 32.0 -19.85488751140191 0.55 0.55 0.55
v 2.2893728139954197 34.666666666666664 -19.85488751139742 0.55 0.55 0.55
v 4.7463906271460345 34.666666666666664 -19.40414826086823 0.55 0.55 0.55
v 4.746390626625261 32.0 -19.404148260998678 0.55 0.55 0.55
v 4.746390626625261 32.0 -19.404148260998678 0.55 0.55 0.55
v 4.7463906271460345 34.666666666666664 -19.40414826086823 0.55 0.55 0.55
v 7.132069618765267 34.666666666666664 -18.66422178175868 0.55 0.55 0.55
v 7.132069618520219 32.0 -18.664221781846358 0.55 0.55 0.55
v 7.132069618520219 32.0 -18.664221781846358 0.55 0.55 0.55
v 7.132069618765267 34.666666666666664 -18.66422178175868 0.55 0.55 0.55
v 9.413529178555862 34.666666666666664 -17.64523860447833 0.55 0.55 0.55
v 9.413529178562072 32.0 -17.645238604475395 0.55 0.55 0.55
v 9.413529178562072 32.0 -17.645238604475395 0.55 0.55 0.55
v 9.413529178555862 34.666666666666664 -17.64523860447833 0.55 0.55 0.55
v 11.530768572160357 34.666666666666664 -16.318370771572372 0.55 0.55 0.55
v 11.530768571968055 32.0 -16.31837077171499 0.55 0.55 0.55
v 11.530768571968055 32.0 -16.31837077171499 0.55 0.55 0.55
v 11.530768572160357 34.666666666666664 -16.318370771572372 0.55 0.55 0.55
v 13.47339138343815 34.666666666666664 -14.748250070311483 0.55 0.55 0.55
v 13.473391382964257 32.0 -14.748250070740994 0.55 0.55 0.55
v 13.473391382964257 32.0 -14.748250070740994 0.55 0.55 0.55
v 13.47339138343815 34.666666666666664 -14.748250070311483 0.55 0.55 0.55
v 15.215424964320341 34.666666666666664 -12.957943355393606 0.55 0.55 0.55
v 15.215424964316282 32.0 -12.957943355398085 0.55 0.55 0.55
v 15.215424964316282 32.0 -12.957943355398085 0.55 0.55 0.55
v 15.215424964320341 34.666666666666664 -12.957943355393606 0.55 0.55 0.55
v 16.71861257894947 34.666666666666664 -10.962549492623682 0.55 0.55 0.55
v 16.71861257896911 32.0 -10.962549492590922 0.55 0.55 0.55
v 16.71861257896911 32.0 -10.962549492590922 0.55 0.55 0.55
v 16.71861257894947 34.666666666666664 -10.962549492623682 0.55 0.55 0.55
v 17.94267042739779 34.666666666666664 -8.784662449223122 0.55 0.55 0.55
v 17.94267042715987 32.0 -8.784662449726152 0.55 0.55 0.55
v 17.94267042715987 32.0 -8.784662449726152 0.55 0.55 0.55
v 17.94267042739779 34.666666666666664 -8.784662449223122 0.55 0.55 0.55
v 18.898581640675346 34.666666666666664 -6.477077628678047 0.55 0.55 0.55
v 18.89858164052096 32.0 -6.477077629109527 0.55 0.55 0.55
v 18.89858164052096 32.0 -6.477077629109527 0.55 0.55 0.55
v 18.898581640675346 34.666666666666664 -6.477077628678047 0.55 0.55 0.55
v 19.57317919465175 34.66666666666668 -4.071581324102145 0.55 0.55 0.55
v 19.573179194726386 32.000000000000014 -4.071581323804188 0.55 0.55 0.55
v 19.573179194726386 32.000000000000014 -4.071581323804188 0.55 0.55 0.55
v 19.57317919465175 34.66666666666668 -4.071581324102145 0.55 0.55 0.55
v 19.921506092067954 34.666666667074615 -1.59777964143734 0.55 0.55 0.55
v 19.92150614124686 32.00000000018059 -1.5977786403781449 0.55 0.55 0.55
v 19.92150614124686 32.00000000018059 -1.5977786403781449 0.55 0.55 0.55
v 19.921506092067954 34.666666667074615 -1.59777964143734 0.55 0.55 0.55
v 19.92754379698164 34.66666666713127 1.4748793776303115 0.55 0.55 0.55
v 19.927544017851332 32.0000000002225 1.4748748817260615 0.55 0.55 0.55
v 19.92754379698164 34.66666666713127 1.4748793776303115 0.55 0.55 0.55
v 19.927543289910062 37.33333333372676 1.474889699305832 0.55 0.55 0.55
v 19.6030807128109 37.33333333333333 3.9522077740821793 0.55 0.55 0.55
v 19.60308071288226 34.666666666666664 3.9522077737972956 0.55 0.55 0.55
v 19.60308071288226 34.666666666666664 3.9522077737972956 0.55 0.55 0.55
v 19.6030807128109 37.33333333333333 3.9522077740821793 0.55 0.55 0.55
v 18.940039825004103 37.33333333333333 6.361209754442169 0.55 0.55 0.55
v 18.940039824852395 34.666666666666664 6.361209754866157 0.55 0.55 0.55
v 18.940039824852395 34.666666666666664 6.361209754866157 0.55 0.55 0.55
v 18.940039825004103 37.33333333333333 6.361209754442169 0.55 0.55 0.55
v 17.995286021959203 37.33333333333333 8.673416125480916 0.55 0.55 0.55
v 17.99528602163553 34.666666666666664 8.673416126165264 0.55 0.55 0.55
v 17.99528602163553 34.666666666666664 8.673416126165264 0.55 0.55 0.55
v 17.995286021959203 37.33333333333333 8.673416125480916 0.55 0.55 0.55
v 16.78187886019817 37.33333333333333 10.856996080655593 0.55 0.55 0.55
v 16.781878860055123 34.666666666666664 10.856996080894248 0.55 0.55 0.55
v 16.781878860055123 34.666666666666664 10.856996080894248 0.55 0.55 0.55
v 16.78187886019817 37.33333333333333 10.856996080655593 0.55 0.55 0.55
v 15.298068054111576 37.33333333333333 12.866760763583368 0.55 0.55 0.55
v 15.298068053955038 34.666666666666664 12.866760763756082 0.55 0.55 0.55
v 15.298068053955038 34.666666666666664 12.866760763756082 0.55 0.55 0.55
v 15.298068054111576 37.33333333333333 12.866760763583368 0.55 0.55 0.55
v 13.564573975229992 37.33333333333333 14.665606980536923 0.55 0.55 0.55
v 13.56457397475535 34.666666666666664 14.66560698096711 0.55 0.55 0.55
v 13.56457397475535 34.666666666666664 14.66560698096711 0.55 0.55 0.55
v 13.564573975229992 37.33333333333333 14.665606980536923 0.55 0.55 0.55
v 11.629612538416294 37.33333333333333 16.24506309387948 0.55 0.55 0.55
v 11.629612537960362 34.666666666666664 16.24506309421762 0.55 0.55 0.55
v 11.629612537960362 34.666666666666664 16.24506309421762 0.55 0.55 0.55
v 11.629612538416294 37.33333333333333 16.24506309387948 0.55 0.55 0.55
v 9.51981977758925 37.33333333333333 17.583351503209073 0.55 0.55 0.55
v 9.51981977751306 34.666666666666664 17.58335150325474 0.55 0.55 0.55
v 9.51981977751306 34.666666666666664 17.58335150325474 0.55 0.55 0.55
v 9.51981977758925 37.33333333333333 17.583351503209073 0.55 0.55 0.55
v 7.247937492893076 37.33333333333333 18.622763597468595 0.55 0.55 0.55
v 7.247937492562507 34.666666666666664 18.62276359758687 0.55 0.55 0.55
v 7.247937492562507 34.666666666666664 18.62276359758687 0.55 0.55 0.55
v 7.247937492893076 37.33333333333333 18.622763597468595 0.55 0.55 0.55
v 4.865764177454765 37.33333333333333 19.374246742636757 0.55 0.55 0.55
v 4.865764176920557 34.666666666666664 19.374246742770566 0.55 0.55 0.55
v 4.865764176920557 34.666666666666664 19.374246742770566 0.55 0.55 0.55
v 4.865764177454765 37.33333333333333 19.374246742636757 0.55 0.55 0.55
v 2.41110240915662 37.33333333333333 19.836830632964098 0.55 0.55 0.55
v 2.411102408833369 34.666666666666664 19.836830633012045 0.55 0.55 0.55
v 2.411102408833369 34.666666666666664 19.836830633012045 0.55 0.55 0.55
v 2.41110240915662 37.33333333333333 19.836830632964098 0.55 0.55 0.55
v -0.08225608646013617 37.33333333333333 19.995959016180954 0.55 0.55 0.55
v -0.08225608651548945 34.666666666666664 19.995959016178233 0.55 0.55 0.55
v -0.08225608651548945 34.666666666666664 19.995959016178233 0.55 0.55 0.55
v -0.08225608646013617 37.33333333333333 19.995959016180954 0.55 0.55 0.55
v -2.574030241421004 37.33333333333333 19.812662573777615 0.55 0.55 0.55
v -2.574030241750519 34.666666666666664 19.812662573728733 0.55 0.55 0.55
v -2.574030241750519 34.666666666666664 19.812662573728733 0.55 0.55 0.55
v -2.574030241421004 37.33333333333333 19.812662573777615 0.55 0.55 0.55
v -5.02553858318379 37.33333333333333 19.334225336776964 0.55 0.55 0.55
v -5.025538583595479 34.666666666666664 19.334225336673835 0.55 0.55 0.55
v -5.025538583595479 34.666666666666664 19.334225336673835 0.55 0.55 0.55
v -5.02553858318379 37.33333333333333 19.334225336776964 0.55 0.55 0.55
v -7.403019759000171 37.33333333333333 18.567274280720618 0.55 0.55 0.55
v -7.403019759123748 34.666666666666664 18.5672742806764 0.55 0.55 0.55
v -7.403019759123748 34.666666666666664 18.5672742806764 0.55 0.55 0.55
v -7.403019759000171 37.33333333333333 18.567274280720618 0.55 0.55 0.55
v -9.661096749135666 37.33333333333333 17.498673344074614 0.55 0.55 0.55
v -9.661096749241832 34.666666666666664 17.49867334401098 0.55 0.55 0.55
v -9.661096749241832 34.666666666666664 17.49867334401098 0.55 0.55 0.55
v -9.661096749135666 37.33333333333333 17.498673344074614 0.55 0.55 0.55
v -11.761909315611359 37.33333333333333 16.14694512199122 0.55 0.55 0.55
v -11.761909315818189 34.666666666666664 16.146945121837827 0.55 0.55 0.55
v -11.761909315818189 34.666666666666664 16.146945121837827 0.55 0.55 0.55
v -11.761909315611359 37.33333333333333 16.14694512199122 0.55 0.55 0.55
v -13.686616457585615 37.33333333333333 14.55499411433708 0.55 0.55 0.55
v -13.686616457758934 34.666666666666664 14.554994114179989 0.55 0.55 0.55
v -13.686616457758934 34.666666666666664 14.554994114179989 0.55 0.55 0.55
v -13.686616457585615 37.33333333333333 14.55499411433708 0.55 0.55 0.55
v -15.408680919774254 37.33333333333333 12.744718281820424 0.55 0.55 0.55
v -15.40868091978748 34.666666666666664 12.744718281805829 0.55 0.55 0.55
v -15.40868091978748 34.666666666666664 12.744718281805829 0.55 0.55 0.55
v -15.408680919774254 37.33333333333333 12.744718281820424 0.55 0.55 0.55
v -16.86655701966183 37.33333333333333 10.71571910855994 0.55 0.55 0.55
v -16.866557019711752 34.666666666666664 10.715719108476655 0.55 0.55 0.55
v -16.866557019711752 34.666666666666664 10.715719108476655 0.55 0.55 0.55
v -16.86655701966183 37.33333333333333 10.71571910855994 0.55 0.55 0.55
v -18.065708869718943 37.33333333333333 8.524519529594611 0.55 0.55 0.55
v -18.065708869770454 34.666666666666664 8.524519529485698 0.55 0.55 0.55
v -18.065708869770454 34.666666666666664 8.524519529485698 0.55 0.55 0.55
v -18.065708869718943 37.33333333333333 8.524519529594611 0.55 0.55 0.55
v -18.995529142001345 37.33333333333333 6.206127487638416 0.55 0.55 0.55
v -18.995529142026772 34.666666666666664 6.206127487567336 0.55 0.55 0.55
v -18.995529142026772 34.666666666666664 6.206127487567336 0.55 0.55 0.55
v -18.995529142001345 37.33333333333333 6.206127487638416 0.55 0.55 0.55
v -19.632249763489668 37.33333333333333 3.790274701355913 0.55 0.55 0.55
v -19.632249763491046 34.666666666666664 3.7902747013466227 0.55 0.55 0.55
v -19.632249763491046 34.666666666666664 3.7902747013466227 0.55 0.55 0.55
v -19.632249763489668 37.33333333333333 3.790274701355913 0.55 0.55 0.55
v -19.93562771304586 37.33333333333333 1.3103275435990767 0.55 0.55 0.55
v -19.93562771304565 34.666666666666664 1.3103275436033586 0.55 0.55 0.55
v -19.93562771304565 34.666666666666664 1.3103275436033586 0.55 0.55 0.55
v -19.93562771304586 37.33333333333333 1.3103275435990767 0.55 0.55 0.55
v -19.9416660592326 37.33333333333333 -1.187414226383759 0.55 0.55 0.55
v -19.94166605923234 34.666666666666664 -1.1874142263890342 0.55 0.55 0.55
v -19.94166605923234 34.666666666666664 -1.1874142263890342 0.55 0.55 0.55
v -19.9416660592326 37.33333333333333 -1.187414226383759 0.55 0.55 0.55
v -19.65030664191155 37.33333333333333 -3.6685451062718486 0.55 0.55 0.55
v -19.65030664191442 34.666666666666664 -3.6685451062525014 0.55 0.55 0.55
v -19.65030664191442 34.666666666666664 -3.6685451062525014 0.55 0.55 0.55
v -19.65030664191155 37.33333333333333 -3.6685451062718486 0.55 0.55 0.55
v -19.036987326104477 37.33333333333333 -6.0902596140331084 0.55 0.55 0.55
v -19.03698732612324 34.666666666666664 -6.090259613980675 0.55 0.55 0.55
v -19.03698732612324 34.666666666666664 -6.090259613980675 0.55 0.55 0.55
v -19.036987326104477 37.33333333333333 -6.0902596140331084 0.55 0.55 0.55
v -18.118324464001073 37.33333333333333 -8.413273206442902 0.55 0.55 0.55
v -18.118324464051966 34.666666666666664 -8.413273206335292 0.55 0.55 0.55
v -18.118324464051966 34.666666666666664 -8.413273206335292 0.55 0.55 0.55
v -18.118324464001073 37.33333333333333 -8.413273206442902 0.55 0.55 0.55
v -16.929823301020612 37.33333333333333 -10.610165696408183 0.55 0.55 0.55
v -16.92982330108151 34.666666666666664 -10.610165696306579 0.55 0.55 0.55
v -16.92982330108151 34.666666666666664 -10.610165696306579 0.55 0.55 0.55
v -16.929823301020612 37.33333333333333 -10.610165696408183 0.55 0.55 0.55
v -15.487809250704833 37.33333333333333 -12.650651202817917 0.55 0.55 0.55
v -15.487809250713523 34.666666666666664 -12.650651202806195 0.55 0.55 0.55
v -15.487809250713523 34.666666666666664 -12.650651202806195 0.55 0.55 0.55
v -15.487809250704833 37.33333333333333 -12.650651202817917 0.55 0.55 0.55
v -13.777799048866564 37.33333333333333 -14.472351025025558 0.55 0.55 0.55
v -13.777799049009882 34.666666666666664 -14.47235102489566 0.55 0.55 0.55
v -13.777799049009882 34.666666666666664 -14.47235102489566 0.55 0.55 0.55
v -13.777799048866564 37.33333333333333 -14.472351025025558 0.55 0.55 0.55
v -11.86075328154593 37.33333333333333 -16.073637444536672 0.55 0.55 0.55
v -11.860753281756017 34.666666666666664 -16.07363744438086 0.55 0.55 0.55
v -11.860753281756017 34.666666666666664 -16.07363744438086 0.55 0.55 0.55
v -11.86075328154593 37.33333333333333 -16.073637444536672 0.55 0.55 0.55
v -9.766650161384852 37.33333333333333 -17.43540706265744 0.55 0.55 0.55
v -9.766650161534015 34.666666666666664 -17.435407062568032 0.55 0.55 0.55
v -9.766650161534015 34.666666666666664 -17.435407062568032 0.55 0.55 0.55
v -9.766650161384852 37.33333333333333 -17.43540706265744 0.55 0.55 0.55
v -7.5188876325117295 37.33333333333333 -18.52581609665103 0.55 0.55 0.55
v -7.518887632578301 34.666666666666664 -18.52581609662721 0.55 0.55 0.55
v -7.518887632578301 34.666666666666664 -18.52581609662721 0.55 0.55 0.55
v -7.5188876325117295 37.33333333333333 -18.52581609665103 0.55 0.55 0.55
v -5.144912132952507 37.33333333333333 -19.30432381868075 0.55 0.55 0.55
v -5.144912133306675 34.666666666666664 -19.304323818592035 0.55 0.55 0.55
v -5.144912133306675 34.666666666666664 -19.304323818592035 0.55 0.55 0.55
v -5.144912132952507 37.33333333333333 -19.30432381868075 0.55 0.55 0.55
v -2.6957598364991795 37.33333333333333 -19.79460569535661 0.55 0.55 0.55
v -2.6957598368941222 34.666666666666664 -19.79460569529802 0.55 0.55 0.55
v -2.6957598368941222 34.666666666666664 -19.79460569529802 0.55 0.55 0.55
v -2.6957598364991795 37.33333333333333 -19.79460569535661 0.55 0.55 0.55
v -0.20516940387962257 37.33333333333333 -19.989920669984183 0.55 0.55 0.55
v -0.20516940402088613 34.666666666666664 -19.989920669977245 0.55 0.55 0.55
v -0.20516940402088613 34.666666666666664 -19.989920669977245 0.55 0.55 0.55
v -0.20516940387962257 37.33333333333333 -19.989920669984183 0.55 0.55 0.55
v 2.289372814240819 37.33333333333333 -19.854887511361017 0.55 0.55 0.55
v 2.2893728139954197 34.666666666666664 -19.85488751139742 0.55 0.55 0.55
v 2.2893728139954197 34.666666666666664 -19.85488751139742 0.55 0.55 0.55
v 2.289372814240819 37.33333333333333 -19.854887511361017 0.55 0.55 0.55
v 4.746390627676201 37.33333333333333 -19.404148260735433 0.55 0.55 0.55
v 4.7463906271460345 34.666666666666664 -19.40414826086823 0.55 0.55 0.55
v 4.7463906271460345 34.666666666666664 -19.40414826086823 0.55 0.55 0.55
v 4.746390627676201 37.33333333333333 -19.404148260735433 0.55 0.55 0.55
v 7.132069619174361 37.33333333333333 -18.664221781612305 0.55 0.55 0.55
v 7.132069618765267 34.666666666666664 -18.66422178175868 0.55 0.55 0.55
v 7.132069618765267 34.666666666666664 -18.66422178175868 0.55 0.55 0.55
v 7.132069619174361 37.33333333333333 -18.664221781612305 0.55 0.55 0.55
v 9.413529178561236 37.33333333333333 -17.64523860447579 0.55 0.55 0.55
v 9.413529178555862 34.666666666666664 -17.64523860447833 0.55 0.55 0.55
v 9.413529178555862 34.666666666666664 -17.64523860447833 0.55 0.55 0.55
v 9.413529178561236 37.33333333333333 -17.64523860447579 0.55 0.55 0.55
v 11.53076857253736 37.33333333333333 -16.31837077129277 0.55 0.55 0.55
v 11.530768572160357 34.666666666666664 -16.318370771572372 0.55 0.55 0.55
v 11.530768572160357 34.666666666666664 -16.318370771572372 0.55 0.55 0.55
v 11.53076857253736 37.33333333333333 -16.31837077129277 0.55 0.55 0.55
v 13.473391383925298 37.33333333333333 -14.74825006986996 0.55 0.55 0.55
v 13.47339138343815 34.666666666666664 -14.748250070311483 0.55 0.55 0.55
v 13.47339138343815 34.666666666666664 -14.748250070311483 0.55 0.55 0.55
v 13.473391383925298 37.33333333333333 -14.74825006986996 0.55 0.55 0.55
v 15.215424964560711 37.33333333333333 -12.9579433551284 0.55 0.55 0.55
v 15.215424964320341 34.666666666666664 -12.957943355393606 0.55 0.55 0.55
v 15.215424964320341 34.666666666666664 -12.957943355393606 0.55 0.55 0.55
v 15.215424964560711 37.33333333333333 -12.9579433551284 0.55 0.55 0.55
v 16.718612579023574 37.33333333333333 -10.962549492500056 0.55 0.55 0.55
v 16.71861257894947 34.666666666666664 -10.962549492623682 0.55 0.55 0.55
v 16.71861257894947 34.666666666666664 -10.962549492623682 0.55 0.55 0.55
v 16.718612579023574 37.33333333333333 -10.962549492500056 0.55 0.55 0.55
v 17.94267042768365 37.33333333333333 -8.784662448618718 0.55 0.55 0.55
v 17.94267042739779 34.666666666666664 -8.784662449223122 0.55 0.55 0.55
v 17.94267042739779 34.666666666666664 -8.784662449223122 0.55 0.55 0.55
v 17.94267042768365 37.33333333333333 -8.784662448618718 0.55 0.55 0.55
v 18.898581640870837 37.33333333333333 -6.47707762813168 0.55 0.55 0.55
v 18.898581640675346 34.666666666666664 -6.477077628678047 0.55 0.55 0.55
v 18.898581640675346 34.666666666666664 -6.477077628678047 0.55 0.55 0.55
v 18.898581640870837 37.33333333333333 -6.47707762813168 0.55 0.55 0.55
v 19.573179194619893 37.33333333333335 -4.071581324229332 0.55 0.55 0.55
v 19.57317919465175 34.66666666666668 -4.071581324102145 0.55 0.55 0.55
v 19.57317919465175 34.66666666666668 -4.071581324102145 0.55 0.55 0.55
v 19.573179194619893 37.33333333333335 -4.071581324229332 0.55 0.55 0.55
v 19.921505697230668 37.333333333684145 -1.5977876785321887 0.55 0.55 0.55
v 19.921506092067954 34.666666667074615 -1.59777964143734 0.55 0.55 0.55
v 19.921506092067954 34.666666667074615 -1.59777964143734 0.55 0.55 0.55
v 19.921505697230668 37.333333333684145 -1.5977876785321887 0.55 0.55 0.55
v 19.927543289910062 37.33333333372676 1.474889699305832 0.55 0.55 0.55
v 19.92754379698164 34.66666666713127 1.4748793776303115 0.55 0.55 0.55
v 19.927543289910062 37.33333333372676 1.474889699305832 0.55 0.55 0.55
v 19.92754249664224 40.00000000000788 1.474905846637646 0.55 0.55 0.55
v 19.603080712786863 40.0 3.9522077741781483 0.55 0.55 0.55
v 19.6030807128109 37.33333333333333 3.9522077740821793 0.55 0.55 0.55
v 19.6030807128109 37.33333333333333 3.9522077740821793 0.55 0.55 0.55
v 19.603080712786863 40.0 3.9522077741781483 0.55 0.55 0.55
v 18.940039825249652 40.0 6.361209753755913 0.55 0.55 0.55
v 18.940039825004103 37.33333333333333 6.361209754442169 0.55 0.55 0.55
v 18.940039825004103 37.33333333333333 6.361209754442169 0.55 0.55 0.55
v 18.940039825249652 40.0 6.361209753755913 0.55 0.55 0.55
v 17.995286022304644 40.0 8.673416124750538 0.55 0.55 0.55
v 17.995286021959203 37.33333333333333 8.673416125480916 0.55 0.55 0.55
v 17.995286021959203 37.33333333333333 8.673416125480916 0.55 0.55 0.55
v 17.995286022304644 40.0 8.673416124750538 0.55 0.55 0.55
v 16.781878860500626 40.0 10.85699608015097 0.55 0.55 0.55
v 16.78187886019817 37.33333333333333 10.856996080655593 0.55 0.55 0.55
v 16.78187886019817 37.33333333333333 10.856996080655593 0.55 0.55 0.55
v 16.781878860500626 40.0 10.85699608015097 0.55 0.55 0.55
v 15.298068054428494 40.0 12.866760763233705 0.55 0.55 0.55
v 15.298068054111576 37.33333333333333 12.866760763583368 0.55 0.55 0.55
v 15.298068054111576 37.33333333333333 12.866760763583368 0.55 0.55 0.55
v 15.298068054428494 40.0 12.866760763233705 0.55 0.55 0.55
v 13.564573975719512 40.0 14.665606980093248 0.55 0.55 0.55
v 13.564573975229992 37.33333333333333 14.665606980536923 0.55 0.55 0.55
v 13.564573975229992 37.33333333333333 14.665606980536923 0.55 0.55 0.55
v 13.564573975719512 40.0 14.665606980093248 0.55 0.55 0.55
v 11.629612538975104 40.0 16.245063093465042 0.55 0.55 0.55
v 11.629612538416294 37.33333333333333 16.24506309387948 0.55 0.55 0.55
v 11.629612538416294 37.33333333333333 16.24506309387948 0.55 0.55 0.55
v 11.629612538975104 40.0 16.245063093465042 0.55 0.55 0.55
v 9.519819777738384 40.0 17.583351503119687 0.55 0.55 0.55
v 9.51981977758925 37.33333333333333 17.583351503209073 0.55 0.55 0.55
v 9.51981977758925 37.33333333333333 17.583351503209073 0.55 0.55 0.55
v 9.519819777738384 40.0 17.583351503119687 0.55 0.55 0.55
v 7.247937493472017 40.0 18.622763597261446 0.55 0.55 0.55
v 7.247937492893076 37.33333333333333 18.622763597468595 0.55 0.55 0.55
v 7.247937492893076 37.33333333333333 18.622763597468595 0.55 0.55 0.55
v 7.247937493472017 40.0 18.622763597261446 0.55 0.55 0.55
v 4.86576417799897 40.0 19.37424674250044 0.55 0.55 0.55
v 4.865764177454765 37.33333333333333 19.374246742636757 0.55 0.55 0.55
v 4.865764177454765 37.33333333333333 19.374246742636757 0.55 0.55 0.55
v 4.86576417799897 40.0 19.37424674250044 0.55 0.55 0.55
v 2.411102409693382 40.0 19.836830632884478 0.55 0.55 0.55
v 2.41110240915662 37.33333333333333 19.836830632964098 0.55 0.55 0.55
v 2.41110240915662 37.33333333333333 19.836830632964098 0.55 0.55 0.55
v 2.411102409693382 40.0 19.836830632884478 0.55 0.55 0.55
v -0.08225608635611682 40.0 19.99595901618606 0.55 0.55 0.55
v -0.08225608646013617 37.33333333333333 19.995959016180954 0.55 0.55 0.55
v -0.08225608646013617 37.33333333333333 19.995959016180954 0.55 0.55 0.55
v -0.08225608635611682 40.0 19.99595901618606 0.55 0.55 0.55
v -2.5740302410062657 40.0 19.812662573839134 0.55 0.55 0.55
v -2.574030241421004 37.33333333333333 19.812662573777615 0.55 0.55 0.55
v -2.574030241421004 37.33333333333333 19.812662573777615 0.55 0.55 0.55
v -2.5740302410062657 40.0 19.812662573839134 0.55 0.55 0.55
v -5.025538582766091 40.0 19.33422533688159 0.55 0.55 0.55
v -5.02553858318379 37.33333333333333 19.334225336776964 0.55 0.55 0.55
v -5.02553858318379 37.33333333333333 19.334225336776964 0.55 0.55 0.55
v -5.025538582766091 40.0 19.33422533688159 0.55 0.55 0.55
v -7.403019758770299 40.0 18.56727428080287 0.55 0.55 0.55
v -7.403019759000171 37.33333333333333 18.567274280720618 0.55 0.55 0.55
v -7.403019759000171 37.33333333333333 18.567274280720618 0.55 0.55 0.55
v -7.403019758770299 40.0 18.56727428080287 0.55 0.55 0.55
v -9.66109674893821 40.0 17.498673344192966 0.55 0.55 0.55
v -9.661096749135666 37.33333333333333 17.498673344074614 0.55 0.55 0.55
v -9.661096749135666 37.33333333333333 17.498673344074614 0.55 0.55 0.55
v -9.66109674893821 40.0 17.498673344192966 0.55 0.55 0.55
v -11.761909315401521 40.0 16.14694512214685 0.55 0.55 0.55
v -11.761909315611359 37.33333333333333 16.14694512199122 0.55 0.55 0.55
v -11.761909315611359 37.33333333333333 16.14694512199122 0.55 0.55 0.55
v -11.761909315401521 40.0 16.14694512214685 0.55 0.55 0.55
v -13.686616457365819 40.0 14.554994114536292 0.55 0.55 0.55
v -13.686616457585615 37.33333333333333 14.55499411433708 0.55 0.55 0.55
v -13.686616457585615 37.33333333333333 14.55499411433708 0.55 0.55 0.55
v -13.686616457365819 40.0 14.554994114536292 0.55 0.55 0.55
v -15.408680919749639 40.0 12.744718281847582 0.55 0.55 0.55
v -15.408680919774254 37.33333333333333 12.744718281820424 0.55 0.55 0.55
v -15.408680919774254 37.33333333333333 12.744718281820424 0.55 0.55 0.55
v -15.408680919749639 40.0 12.744718281847582 0.55 0.55 0.55
v -16.866557019580092 40.0 10.715719108696312 0.55 0.55 0.55
v -16.86655701966183 37.33333333333333 10.71571910855994 0.55 0.55 0.55
v -16.86655701966183 37.33333333333333 10.71571910855994 0.55 0.55 0.55
v -16.866557019580092 40.0 10.715719108696312 0.55 0.55 0.55
v -18.065708869666558 40.0 8.524519529705373 0.55 0.55 0.55
v -18.065708869718943 37.33333333333333 8.524519529594611 0.55 0.55 0.55
v -18.065708869718943 37.33333333333333 8.524519529594611 0.55 0.55 0.55
v -18.065708869666558 40.0 8.524519529705373 0.55 0.55 0.55
v -18.995529141956702 40.0 6.2061274877631885 0.55 0.55 0.55
v -18.995529142001345 37.33333333333333 6.206127487638416 0.55 0.55 0.55
v -18.995529142001345 37.33333333333333 6.206127487638416 0.55 0.55 0.55
v -18.995529141956702 40.0 6.2061274877631885 0.55 0.55 0.55
v -19.632249763487117 40.0 3.7902747013731295 0.55 0.55 0.55
v -19.632249763489668 37.33333333333333 3.790274701355913 0.55 0.55 0.55
v -19.632249763489668 37.33333333333333 3.790274701355913 0.55 0.55 0.55
v -19.632249763487117 40.0 3.7902747013731295 0.55 0.55 0.55
v -19.935627713046117 40.0 1.3103275435939037 0.55 0.55 0.55
v -19.93562771304586 37.33333333333333 1.3103275435990767 0.55 0.55 0.55
v -19.93562771304586 37.33333333333333 1.3103275435990767 0.55 0.55 0.55
v -19.935627713046117 40.0 1.3103275435939037 0.55 0.55 0.55
v -19.941666059232865 40.0 -1.1874142263783487 0.55 0.55 0.55
v -19.9416660592326 37.33333333333333 -1.187414226383759 0.55 0.55 0.55
v -19.9416660592326 37.33333333333333 -1.187414226383759 0.55 0.55 0.55
v -19.941666059232865 40.0 -1.1874142263783487 0.55 0.55 0.55
v -19.650306641906212 40.0 -3.66854510630782 0.55 0.55 0.55
v -19.65030664191155 37.33333333333333 -3.6685451062718486 0.55 0.55 0.55
v -19.65030664191155 37.33333333333333 -3.6685451062718486 0.55 0.55 0.55
v -19.650306641906212 40.0 -3.66854510630782 0.55 0.55 0.55
v -19.03698732606953 40.0 -6.090259614130783 0.55 0.55 0.55
v -19.036987326104477 37.33333333333333 -6.0902596140331084 0.55 0.55 0.55
v -19.036987326104477 37.33333333333333 -6.0902596140331084 0.55 0.55 0.55
v -19.03698732606953 40.0 -6.090259614130783 0.55 0.55 0.55
v -18.118324463949392 40.0 -8.413273206552162 0.55 0.55 0.55
v -18.118324464001073 37.33333333333333 -8.413273206442902 0.55 0.55 0.55
v -18.118324464001073 37.33333333333333 -8.413273206442902 0.55 0.55 0.55
v -18.118324463949392 40.0 -8.413273206552162 0.55 0.55 0.55
v -16.92982330093971 40.0 -10.61016569654316 0.55 0.55 0.55
v -16.929823301020612 37.33333333333333 -10.610165696408183 0.55 0.55 0.55
v -16.929823301020612 37.33333333333333 -10.610165696408183 0.55 0.55 0.55
v -16.92982330093971 40.0 -10.61016569654316 0.55 0.55 0.55
v -15.487809250688588 40.0 -12.65065120283982 0.55 0.55 0.55
v -15.487809250704833 37.33333333333333 -12.650651202817917 0.55 0.55 0.55
v -15.487809250704833 37.33333333333333 -12.650651202817917 0.55 0.55 0.55
v -15.487809250688588 40.0 -12.65065120283982 0.55 0.55 0.55
v -13.77779904864453 40.0 -14.4723510252268 0.55 0.55 0.55
v -13.777799048866564 37.33333333333333 -14.472351025025558 0.55 0.55 0.55
v -13.777799048866564 37.33333333333333 -14.472351025025558 0.55 0.55 0.55
v -13.77779904864453 40.0 -14.4723510252268 0.55 0.55 0.55
v -11.860753281332276 40.0 -16.073637444695134 0.55 0.55 0.55
v -11.86075328154593 37.33333333333333 -16.073637444536672 0.55 0.55 0.55
v -11.86075328154593 37.33333333333333 -16.073637444536672 0.55 0.55 0.55
v -11.860753281332276 40.0 -16.073637444695134 0.55 0.55 0.55
v -9.766650161105424 40.0 -17.435407062824922 0.55 0.55 0.55
v -9.766650161384852 37.33333333333333 -17.43540706265744 0.55 0.55 0.55
v -9.766650161384852 37.33333333333333 -17.43540706265744 0.55 0.55 0.55
v -9.766650161105424 40.0 -17.435407062824922 0.55 0.55 0.55
v -7.518887632387926 40.0 -18.52581609669533 0.55 0.55 0.55
v -7.5188876325117295 37.33333333333333 -18.52581609665103 0.55 0.55 0.55
v -7.5188876325117295 37.33333333333333 -18.52581609665103 0.55 0.55 0.55
v -7.518887632387926 40.0 -18.52581609669533 0.55 0.55 0.55
v -5.144912132543737 40.0 -19.30432381878314 0.55 0.55 0.55
v -5.144912132952507 37.33333333333333 -19.30432381868075 0.55 0.55 0.55
v -5.144912132952507 37.33333333333333 -19.30432381868075 0.55 0.55 0.55
v -5.144912132543737 40.0 -19.30432381878314 0.55 0.55 0.55
v -2.695759836078376 40.0 -19.79460569541903 0.55 0.55 0.55
v -2.6957598364991795 37.33333333333333 -19.79460569535661 0.55 0.55 0.55
v -2.6957598364991795 37.33333333333333 -19.79460569535661 0.55 0.55 0.55
v -2.695759836078376 40.0 -19.79460569541903 0.55 0.55 0.55
v -0.20516940361685376 40.0 -19.98992066999709 0.55 0.55 0.55
v -0.20516940387962257 37.33333333333333 -19.989920669984183 0.55 0.55 0.55
v -0.20516940387962257 37.33333333333333 -19.989920669984183 0.55 0.55 0.55
v -0.20516940361685376 40.0 -19.98992066999709 0.55 0.55 0.55
v 2.289372814701619 40.0 -19.854887511292663 0.55 0.55 0.55
v 2.289372814240819 37.33333333333333 -19.854887511361017 0.55 0.55 0.55
v 2.289372814240819 37.33333333333333 -19.854887511361017 0.55 0.55 0.55
v 2.289372814701619 40.0 -19.854887511292663 0.55 0.55 0.55
v 4.746390628215724 40.0 -19.40414826060029 0.55 0.55 0.55
v 4.746390627676201 37.33333333333333 -19.404148260735433 0.55 0.55 0.55
v 4.746390627676201 37.33333333333333 -19.404148260735433 0.55 0.55 0.55
v 4.746390628215724 40.0 -19.40414826060029 0.55 0.55 0.55
v 7.132069619747774 40.0 -18.664221781407136 0.55 0.55 0.55
v 7.132069619174361 37.33333333333333 -18.664221781612305 0.55 0.55 0.55
v 7.132069619174361 37.33333333333333 -18.664221781612305 0.55 0.55 0.55
v 7.132069619747774 40.0 -18.664221781407136 0.55 0.55 0.55
v 9.413529178578566 40.0 -17.645238604467593 0.55 0.55 0.55
v 9.413529178561236 37.33333333333333 -17.64523860447579 0.55 0.55 0.55
v 9.413529178561236 37.33333333333333 -17.64523860447579 0.55 0.55 0.55
v 9.413529178578566 40.0 -17.645238604467593 0.55 0.55 0.55
v 11.530768573099824 40.0 -16.318370770875617 0.55 0.55 0.55
v 11.53076857253736 37.33333333333333 -16.31837077129277 0.55 0.55 0.55
v 11.53076857253736 37.33333333333333 -16.31837077129277 0.55 0.55 0.55
v 11.530768573099824 40.0 -16.318370770875617 0.55 0.55 0.55
v 13.47339138442556 40.0 -14.74825006941655 0.55 0.55 0.55
v 13.473391383925298 37.33333333333333 -14.74825006986996 0.55 0.55 0.55
v 13.473391383925298 37.33333333333333 -14.74825006986996 0.55 0.55 0.55
v 13.47339138442556 40.0 -14.74825006941655 0.55 0.55 0.55
v 15.215424965039274 40.0 -12.957943354600388 0.55 0.55 0.55
v 15.215424964560711 37.33333333333333 -12.9579433551284 0.55 0.55 0.55
v 15.215424964560711 37.33333333333333 -12.9579433551284 0.55 0.55 0.55
v 15.215424965039274 40.0 -12.957943354600388 0.55 0.55 0.55
v 16.71861257919375 40.0 -10.962549492216137 0.55 0.55 0.55
v 16.718612579023574 37.33333333333333 -10.962549492500056 0.55 0.55 0.55
v 16.718612579023574 37.33333333333333 -10.962549492500056 0.55 0.55 0.55
v 16.71861257919375 40.0 -10.962549492216137 0.55 0.55 0.55
v 17.94267042802107 40.0 -8.784662447905312 0.55 0.55 0.55
v 17.94267042768365 37.33333333333333 -8.784662448618718 0.55 0.55 0.55
v 17.94267042768365 37.33333333333333 -8.784662448618718 0.55 0.55 0.55
v 17.94267042802107 40.0 -8.784662447905312 0.55 0.55 0.55
v 18.898581641118906 40.0 -6.477077627438382 0.55 0.55 0.55
v 18.898581640870837 37.33333333333333 -6.47707762813168 0.55 0.55 0.55
v 18.898581640870837 37.33333333333333 -6.47707762813168 0.55 0.55 0.55
v 18.898581641118906 40.0 -6.477077627438382 0.55 0.55 0.55
v 19.57317919467051 40.000000000000014 -4.071581324027275 0.55 0.55 0.55
v 19.573179194619893 37.33333333333335 -4.071581324229332 0.55 0.55 0.55
v 19.573179194619893 37.33333333333335 -4.071581324229332 0.55 0.55 0.55
v 19.57317919467051 40.000000000000014 -4.071581324027275 0.55 0.55 0.55
v 19.921504956742965 40.00000000000776 -1.5978027515003457 0.55 0.55 0.55
v 19.921505697230668 37.333333333684145 -1.5977876785321887 0.55 0.55 0.55
v 19.921505697230668 37.333333333684145 -1.5977876785321887 0.55 0.55 0.55
v 19.921504956742965 40.00000000000776 -1.5978027515003457 0.55 0.55 0.55
v 19.92754249664224 40.00000000000788 1.474905846637646 0.55 0.55 0.55
v 19.927543289910062 37.33333333372676 1.474889699305832 0.55 0.55 0.55
f 1 2 3 4
f 5 6 7 8
f 9 10 11 12
f 13 14 15 16
f 17 18 19 20
f 21 22 23 24
f 25 26 27 28
f 29 30 31 32
f 33 34 35 36
f 37 38 39 40
f 41 42 43 44
f 45 46 47 48
f 49 50 51 52
f 53 54 55 56
f 57 58 59 60
f 61 62 63 64
f 65 66 67 68
f 69 70 71 72
f 73 74 75 76
f 77 78 79 80
f 81 82 83 84
f 85 86 87 88
f 89 90 91 92
f 93 94 95 96
f 97 98 99 100
f 101 102 103 104
f 105 106 107 108
f 109 110 111 112
f 113 114 115 116
f 117 118 119 120
f 121 122 123 124
f 125 126 127 128
f 129 130 131 132
f 133 134 135 136
f 137 138 139 140
f 141 142 143 144
f 145 146 147 148
f 149 150 151 152
f 153 154 155 156
f 157 158 159 160
f 161 162 163 164
f 165 166 167 168
f 169 170 171 172
f 173 174 175 176
f 177 178 179 180
f 181 182 183 184
f 185 186 187 188
f 189 190 191 192
f 193 194 195 196
f 197 198 199 200
f 201 202 203 204
f 205 206 207 208
f 209 210 211 212
f 213 214 215 216
f 217 218 219 220
f 221 222 223 224
f 225 226 227 228
f 229 230 231 232
f 233 234 235 236
f 237 238 239 240
f 241 242 243 244
f 245 246 247 248
f 249 250 251 252
f 253 254 255 256
f 257 258 259 260
f 261 262 263 264
f 265 266 267 268
f 269 270 271 272
f 273 274 275 276
f 277 278 279 280
f 281 282 283 284
f 285 286 287 288
f 289 290 291 292
f 293 294 295 296
f 297 298 299 300
f 301 302 303 304
f 305 306 307 308
f 309 310 311 312
f 313 314 315 316
f 317 318 319 320
f 321 322 323 324
f 325 326 327 328
f 329 330 331 332
f 333 334 335 336
f 337 338 339 340
f 341 342 343 344
f 345 346 347 348
f 349 350 351 352
f 353 354 355 356
f 357 358 359 360
f 361 362 363 364
f 365 366 367 368
f 369 370 371 372
f 373 374 375 376
f 377 378 379 380
f 381 382 383 384
f 385 386 387 388
f 389 390 391 392
f 393 394 395 396
f 397 398 399 400
f 401 402 403 404
f 405 406 407 408
f 409 410 411 412
f 413 414 415 416
f 417 418 419 420
f 421 422 423 424
f 425 426 427 428
f 429 430 431 432
f 433 434 435 436
f 437 438 439 440
f 441 442 443 444
f 445 446 447 448
f 449 450 451 452
f 453 454 455 456
f 457 458 459 460
f 461 462 463 464
f 465 466 467 468
f 469 470 471 472
f 473 474 475 476
f 477 478 479 480
f 481 482 483 484
f 485 486 487 488
f 489 490 491 492
f 493 494 495 496
f 497 498 499 500
f 501 502 503 504
f 505 506 507 508
f 509 510 511 512
f 513 514 515 516
f 517 518 519 520
f 521 522 523 524
f 525 526 527 528
f 529 530 531 532
f 533 534 535 536
f 537 538 539 540
f 541 542 543 544
f 545 546 547 548
f 549 550 551 552
f 553 554 555 556
f 557 558 559 560
f 561 562 563 564
f 565 566 567 568
f 569 570 571 572
f 573 574 575 576
f 577 578 579 580
f 581 582 583 584
f 585 586 587 588
f 589 590 591 592
f 593 594 595 596
f 597 598 599 600
f 601 602 603 604
f 605 606 607 608
f 609 610 611 612
f 613 614 615 616
f 617 618 619 620
f 621 622 623 624
f 625 626 627 628
f 629 630 631 632
f 633 634 635 636
f 637 638 639 640
f 641 642 643 644
f 645 646 647 648
f 649 650 651 652
f 653 654 655 656
f 657 658 659 660
f 661 662 663 664
f 665 666 667 668
f 669 670 671 672
f 673 674 675 676
f 677 678 679 680
f 681 682 683 684
f 685 686 687 688
f 689 690 691 692
f 693 694 695 696
f 697 698 699 700
f 701 702 703 704
f 705 706 707 708
f 709 710 711 712
f 713 714 715 716
f 717 718 719 720
f 721 722 723 724
f 725 726 727 728
f 729 730 731 732
f 733 734 735 736
f 737 738 739 740
f 741 742 743 744
f 745 746 747 748
f 749 750 751 752
f 753 754 755 756
f 757 758 759 760
f 761 762 763 764
f 765 766 767 768
f 769 770 771 772
f 773 774 775 776
f 777 778 779 780
f 781 782 783 784
f 785 786 787 788
f 789 790 791 792
f 793 794 795 796
f 797 798 799 800
f 801 802 803 804
f 805 806 807 808
f 809 810 811 812
f 813 814 815 816
f 817 818 819 820
f 821 822 823 824
f 825 826 827 828
f 829 830 831 832
f 833 834 835 836
f 837 838 839 840
f 841 842 843 844
f 845 846 847 848
f 849 850 851 852
f 853 854 855 856
f 857 858 859 860
f 861 862 863 864
f 865 866 867 868
f 869 870 871 872
f 873 874 875 876
f 877 878 879 880
f 881 882 883 884
f 885 886 887 888
f 889 890 891 892
f 893 894 895 896
f 897 898 899 900
f 901 902 903 904
f 905 906 907 908
f 909 910 911 912
f 913 914 915 916
f 917 918 919 920
f 921 922 923 924
f 925 926 927 928
f 929 930 931 932
f 933 934 935 936
f 937 938 939 940
f 941 942 943 944
f 945 946 947 948
f 949 950 951 952
f 953 954 955 956
f 957 958 959 960
f 961 962 963 964
f 965 966 967 968
f 969 970 971 972
f 973 974 975 976
f 977 978 979 980
f 981 982 983 984
f 985 986 987 988
f 989 990 991 992
f 993 994 995 996
f 997 998 999 1000
f 1001 1002 1003 1004
f 1005 1006 1007 1008
f 1009 1010 1011 1012
f 1013 1014 1015 1016
f 1017 1018 1019 1020
f 1021 1022 1023 1024
f 1025 1026 1027 1028
f 1029 1030 1031 1032
f 1033 1034 1035 1036
f 1037 1038 1039 1040
f 1041 1042 1043 1044
f 1045 1046 1047 1048
f 1049 1050 1051 1052
f 1053 1054 1055 1056
f 1057 1058 1059 1060
f 1061 1062 1063 1064
f 1065 1066 1067 1068
f 1069 1070 1071 1072
f 1073 1074 1075 1076
f 1077 1078 1079 1080
f 1081 1082 1083 1084
f 1085 1086 1087 1088
f 1089 1090 1091 1092
f 1093 1094 1095 1096
f 1097 1098 1099 1100
f 1101 1102 1103 1104
f 1105 1106 1107 1108
f 1109 1110 1111 1112
f 1113 1114 1115 1116
f 1117 1118 1119 1120
f 1121 1122 1123 1124
f 1125 1126 1127 1128
f 1129 1130 1131 1132
f 1133 1134 1135 1136
f 1137 1138 1139 1140
f 1141 1142 1143 1144
f 1145 1146 1147 1148
f 1149 1150 1151 1152
f 1153 1154 1155 1156
f 1157 1158 1159 1160
f 1161 1162 1163 1164
f 1165 1166 1167 1168
f 1169 1170 1171 1172
f 1173 1174 1175 1176
f 1177 1178 1179 1180
f 1181 1182 1183 1184
f 1185 1186 1187 1188
f 1189 1190 1191 1192
f 1193 1194 1195 1196
f 1197 1198 1199 1200
f 1201 1202 1203 1204
f 1205 1206 1207 1208
f 1209 1210 1211 1212
f 1213 1214 1215 1216
f 1217 1218 1219 1220
f 1221 1222 1223 1224
f 1225 1226 1227 1228
f 1229 1230 1231 1232
f 1233 1234 1235 1236
f 1237 1238 1239 1240
f 1241 1242 1243 1244
f 1245 1246 1247 1248
f 1249 1250 1251 1252
f 1253 1254 1255 1256
f 1257 1258 1259 1260
f 1261 1262 1263 1264
f 1265 1266 1267 1268
f 1269 1270 1271 1272
f 1273 1274 1275 1276
f 1277 1278 1279 1280
f 1281 1282 1283 1284
f 1285 1286 1287 1288
f 1289 1290 1291 1292
f 1293 1294 1295 1296
f 1297 1298 1299 1300
f 1301 1302 1303 1304
f 1305 1306 1307 1308
f 1309 1310 1311 1312
f 1313 1314 1315 1316
f 1317 1318 1319 1320
f 1321 1322 1323 1324
f 1325 1326 1327 1328
f 1329 1330 1331 1332
f 1333 1334 1335 1336
f 1337 1338 1339 1340
f 1341 1342 1343 1344
f 1345 1346 1347 1348
f 1349 1350 1351 1352
f 1353 1354 1355 1356
f 1357 1358 1359 1360
f 1361 1362 1363 1364
f 1365 1366 1367 1368
f 1369 1370 1371 1372
f 1373 1374 1375 1376
f 1377 1378 1379 1380
f 1381 1382 1383 1384
f 1385 1386 1387 1388
f 1389 1390 1391 1392
f 1393 1394 1395 1396
f 1397 1398 1399 1400
f 1401 1402 1403 1404
f 1405 1406 1407 1408
f 1409 1410 1411 1412
f 1413 1414 1415 1416
f 1417 1418 1419 1420
f 1421 1422 1423 1424
f 1425 1426 1427 1428
f 1429 1430 1431 1432
f 1433 1434 1435 1436
f 1437 1438 1439 1440
f 1441 1442 1443 1444
f 1445 1446 1447 1448
f 1449 1450 1451 1452
f 1453 1454 1455 1456
f 1457 1458 1459 1460
f 1461 1462 1463 1464
f 1465 1466 1467 1468
f 1469 1470 1471 1472
f 1473 1474 1475 1476
f 1477 1478 1479 1480
f 1481 1482 1483 1484
f 1485 1486 1487 1488
f 1489 1490 1491 1492
f 1493 1494 1495 1496
f 1497 1498 1499 1500
f 1501 1502 1503 1504
f 1505 1506 1507 1508
f 1509 1510 1511 1512
f 1513 1514 1515 1516
f 1517 1518 1519 1520
f 1521 1522 1523 1524
f 1525 1526 1527 1528
f 1529 1530 1531 1532
f 1533 1534 1535 1536
f 1537 1538 1539 1540
f 1541 1542 1543 1544
f 1545 1546 1547 1548
f 1549 1550 1551 1552
f 1553 1554 1555 1556
f 1557 1558 1559 1560
f 1561 1562 1563 1564
f 1565 1566 1567 1568
f 1569 1570 1571 1572
f 1573 1574 1575 1576
f 1577 1578 1579 1580
f 1581 1582 1583 1584
f 1585 1586 1587 1588
f 1589 1590 1591 1592
f 1593 1594 1595 1596
f 1597 1598 1599 1600
f 1601 1602 1603 1604
f 1605 1606 1607 1608
f 1609 1610 1611 1612
f 1613 1614 1615 1616
f 1617 1618 1619 1620
f 1621 1622 1623 1624
f 1625 1626 1627 1628
f 1629 1630 1631 1632
f 1633 1634 1635 1636
f 1637 1638 1639 1640
f 1641 1642 1643 1644
f 1645 1646 1647 1648
f 1649 1650 1651 1652
f 1653 1654 1655 1656
f 1657 1658 1659 1660
f 1661 1662 1663 1664
f 1665 1666 1667 1668
f 1669 1670 1671 1672
f 1673 1674 1675 1676
f 1677 1678 1679 1680
f 1681 1682 1683 1684
f 1685 1686 1687 1688
f 1689 1690 1691 1692
f 1693 1694 1695 1696
f 1697 1698 1699 1700
f 1701 1702 1703 1704
f 1705 1706 1707 1708
f 1709 1710 1711 1712
f 1713 1714 1715 1716
f 1717 1718 1719 1720
f 1721 1722 1723 1724
f 1725 1726 1727 1728
f 1729 1730 1731 1732
f 1733 1734 1735 1736
f 1737 1738 1739 1740
f 1741 1742 1743 1744
f 1745 1746 1747 1748
f 1749 1750 1751 1752
f 1753 1754 1755 1756
f 1757 1758 1759 1760
f 1761 1762 1763 1764
f 1765 1766 1767 1768
f 1769 1770 1771 1772
f 1773 1774 1775 1776
f 1777 1778 1779 1780
f 1781 1782 1783 1784
f 1785 1786 1787 1788
f 1789 1790 1791 1792
f 1793 1794 1795 1796
f 1797 1798 1799 1800
f 1801 1802 1803 1804
f 1805 1806 1807 1808
f 1809 1810 1811 1812
f 1813 1814 1815 1816
f 1817 1818 1819 1820
f 1821 1822 1823 1824
f 1825 1826 1827 1828
f 1829 1830 1831 1832
f 1833 1834 1835 1836
f 1837 1838 1839 1840
f 1841 1842 1843 1844
f 1845 1846 1847 1848
f 1849 1850 1851 1852
f 1853 1854 1855 1856
f 1857 1858 1859 1860
f 1861 1862 1863 1864
f 1865 1866 1867 1868
f 1869 1870 1871 1872
f 1873 1874 1875 1876
f 1877 1878 1879 1880
f 1881 1882 1883 1884
f 1885 1886 1887 1888
f 1889 1890 1891 1892
f 1893 1894 1895 1896
f 1897 1898 1899 1900
f 1901 1902 1903 1904
f 1905 1906 1907 1908
f 1909 1910 1911 1912
f 1913 1914 1915 1916
f 1917 1918 1919 1920
f 1921 1922 1923 1924
f 1925 1926 1927 1928
f 1929 1930 1931 1932
f 1933 1934 1935 1936
f 1937 1938 1939 1940
f 1941 1942 1943 1944
f 1945 1946 1947 1948
f 1949 1950 1951 1952
f 1953 1954 1955 1956
f 1957 1958 1959 1960
f 1961 1962 1963 1964
f 1965 1966 1967 1968
f 1969 1970 1971 1972
f 1973 1974 1975 1976
f 1977 1978 1979 1980
f 1981 1982 1983 1984
f 1985 1986 1987 1988
f 1989 1990 1991 1992
f 1993 1994 1995 1996
f 1997 1998 1999 2000
f 2001 2002 2003 2004
f 2005 2006 2007 2008
f 2009 2010 2011 2012
f 2013 2014 2015 2016
f 2017 2018 2019 2020
f 2021 2022 2023 2024
f 2025 2026 2027 2028
f 2029 2030 2031 2032
f 2033 2034 2035 2036
f 2037 2038 2039 2040
f 2041 2042 2043 2044
f 2045 2046 2047 2048
f 2049 2050 2051 2052
f 2053 2054 2055 2056
f 2057 2058 2059 2060
f 2061 2062 2063 2064
f 2065 2066 2067 2068
f 2069 2070 2071 2072
f 2073 2074 2075 2076
f 2077 2078 2079 2080
f 2081 2082 2083 2084
f 2085 2086 2087 2088
f 2089 2090 2091 2092
f 2093 2094 2095 2096
f 2097 2098 2099 2100
f 2101 2102 2103 2104
f 2105 2106 2107 2108
f 2109 2110 2111 2112
f 2113 2114 2115 2116
f 2117 2118 2119 2120
f 2121 2122 2123 2124
f 2125 2126 2127 2128
f 2129 2130 2131 2132
f 2133 2134 2135 2136
f 2137 2138 2139 2140
f 2141 2142 2143 2144
f 2145 2146 2147 2148
f 2149 2150 2151 2152
f 2153 2154 2155 2156
f 2157 2158 2159 2160
f 2161 2162 2163 2164
f 2165 2166 2167 2168
f 2169 2170 2171 2172
f 2173 2174 2175 2176
f 2177 2178 2179 2180
f 2181 2182 2183 2184
f 2185 2186 2187 2188
f 2189 2190 2191 2192
f 2193 2194 2195 2196
f 2197 2198 2199 2200
f 2201 2202 2203 2204
f 2205 2206 2207 2208
f 2209 2210 2211 2212
f 2213 2214 2215 2216
f 2217 2218 2219 2220
f 2221 2222 2223 2224
f 2225 2226 2227 2228
f 2229 2230 2231 2232
f 2233 2234 2235 2236
f 2237 2238 2239 2240
f 2241 2242 2243 2244
f 2245 2246 2247 2248
f 2249 2250 2251 2252
f 2253 2254 2255 2256
f 2257 2258 2259 2260
f 2261 2262 2263 2264
f 2265 2266 2267 2268
f 2269 2270 2271 2272
f 2273 2274 2275 2276
f 2277 2278 2279 2280
f 2281 2282 2283 2284
f 2285 2286 2287 2288
f 2289 2290 2291 2292
f 2293 2294 2295 2296
f 2297 2298 2299 2300
f 2301 2302 2303 2304
f 2305 2306 2307 2308
f 2309 2310 2311 2312
f 2313 2314 2315 2316
f 2317 2318 2319 2320
f 2321 2322 2323 2324
f 2325 2326 2327 2328
f 2329 2330 2331 2332
f 2333 2334 2335 2336
f 2337 2338 2339 2340
f 2341 2342 2343 2344
f 2345 2346 2347 2348
f 2349 2350 2351 2352
f 2353 2354 2355 2356
f 2357 2358 2359 2360
f 2361 2362 2363 2364
f 2365 2366 2367 2368
f 2369 2370 2371 2372
f 2373 2374 2375 2376
f 2377 2378 2379 2380
f 2381 2382 2383 2384
f 2385 2386 2387 2388
f 2389 2390 2391 2392
f 2393 2394 2395 2396
f 2397 2398 2399 2400
f 2401 2402 2403 2404
f 2405 2406 2407 2408
f 2409 2410 2411 2412
f 2413 2414 2415 2416
f 2417 2418 2419 2420
f 2421 2422 2423 2424
f 2425 2426 2427 2428
f 2429 2430 2431 2432
f 2433 2434 2435 2436
f 2437 2438 2439 2440
f 2441 2442 2443 2444
f 2445 2446 2447 2448
f 2449 2450 2451 2452
f 2453 2454 2455 2456
f 2457 2458 2459 2460
f 2461 2462 2463 2464
f 2465 2466 2467 2468
f 2469 2470 2471 2472
f 2473 2474 2475 2476
f 2477 2478 2479 2480
f 2481 2482 2483 2484
f 2485 2486 2487 2488
f 2489 2490 2491 2492
f 2493 2494 2495 2496
f 2497 2498 2499 2500
f 2501 2502 2503 2504
f 2505 2506 2507 2508
f 2509 2510 2511 2512
f 2513 2514 2515 2516
f 2517 2518 2519 2520
f 2521 2522 2523 2524
f 2525 2526 2527 2528
f 2529 2530 2531 2532
f 2533 2534 2535 2536
f 2537 2538 2539 2540
f 2541 2542 2543 2544
f 2545 2546 2547 2548
f 2549 2550 2551 2552
f 2553 2554 2555 2556
f 2557 2558 2559 2560
f 2561 2562 2563 2564
f 2565 2566 2567 2568
f 2569 2570 2571 2572
f 2573 2574 2575 2576
f 2577 2578 2579 2580
f 2581 2582 2583 2584
f 2585 2586 2587 2588
f 2589 2590 2591 2592
f 2593 2594 2595 2596
f 2597 2598 2599 2600
f 2601 2602 2603 2604
f 2605 2606 2607 2608
f 2609 2610 2611 2612
f 2613 2614 2615 2616
f 2617 2618 2619 2620
f 2621 2622 2623 2624
f 2625 2626 2627 2628
f 2629 2630 2631 2632
f 2633 2634 2635 2636
f 2637 2638 2639 2640
f 2641 2642 2643 2644
f 2645 2646 2647 2648
f 2649 2650 2651 2652
f 2653 2654 2655 2656
f 2657 2658 2659 2660
f 2661 2662 2663 2664
f 2665 2666 2667 2668
f 2669 2670 2671 2672
f 2673 2674 2675 2676
f 2677 2678 2679 2680
f 2681 2682 2683 2684
f 2685 2686 2687 2688
f 2689 2690 2691 2692
f 2693 2694 2695 2696
f 2697 2698 2699 2700
f 2701 2702 2703 2704
f 2705 2706 2707 2708
f 2709 2710 2711 2712
f 2713 2714 2715 2716
f 2717 2718 2719 2720
f 2721 2722 2723 2724
f 2725 2726 2727 2728
f 2729 2730 2731 2732
f 2733 2734 2735 2736
f 2737 2738 2739 2740
f 2741 2742 2743 2744
f 2745 2746 2747 2748
f 2749 2750 2751 2752
f 2753 2754 2755 2756
f 2757 2758 2759 2760
f 2761 2762 2763 2764
f 2765 2766 2767 2768
f 2769 2770 2771 2772
f 2773 2774 2775 2776
f 2777 2778 2779 2780
f 2781 2782 2783 2784
f 2785 2786 2787 2788
f 2789 2790 2791 2792
f 2793 2794 2795 2796
f 2797 2798 2799 2800
f 2801 2802 2803 2804
f 2805 2806 2807 2808
f 2809 2810 2811 2812
f 2813 2814 2815 2816
f 2817 2818 2819 2820
f 2821 2822 2823 2824
f 2825 2826 2827 2828
f 2829 2830 2831 2832
f 2833 2834 2835 2836
f 2837 2838 2839 2840
f 2841 2842 2843 2844
f 2845 2846 2847 2848
f 2849 2850 2851 2852
f 2853 2854 2855 2856
f 2857 2858 2859 2860
f 2861 2862 2863 2864
f 2865 2866 2867 2868
f 2869 2870 2871 2872
f 2873 2874 2875 2876
f 2877 2878 2879 2880
f 2881 2882 2883 2884
f 2885 2886 2887 2888
f 2889 2890 2891 2892
f 2893 2894 2895 2896
f 2897 2898 2899 2900
f 2901 2902 2903 2904
f 2905 2906 2907 2908
f 2909 2910 2911 2912
f 2913 2914 2915 2916
f 2917 2918 2919 2920
f 2921 2922 2923 2924
f 2925 2926 2927 2928
f 2929 2930 2931 2932
f 2933 2934 2935 2936
f 2937 2938 2939 2940
f 2941 2942 2943 2944
f 2945 2946 2947 2948
f 2949 2950 2951 2952
f 2953 2954 2955 2956
f 2957 2958 2959 2960
f 2961 2962 2963 2964
f 2965 2966 2967 2968
f 2969 2970 2971 2972
f 2973 2974 2975 2976
f 2977 2978 2979 2980
f 2981 2982 2983 2984
f 2985 2986 2987 2988
f 2989 2990 2991 2992
f 2993 2994 2995 2996
f 2997 2998 2999 3000
